wikidata_id,name,category,image_url,country,wikipedia_url,latitude,longitude
Q76269,Oslo Airport,airports,http://commons.wikimedia.org/wiki/Special:FilePath/Fornebu%20opening.jpeg,Norway,"https://en.wikipedia.org/wiki/Oslo_Airport,_Fornebu",59.889722222,10.597777777
Q86446,Ninoy Aquino International Airport,airports,http://commons.wikimedia.org/wiki/Special:FilePath/Ninoy%20Aquino%20International%20Airport%20aerial%20view.jpg,Philippines,https://en.wikipedia.org/wiki/Ninoy_Aquino_International_Airport,14.508611,121.019444
Q385406,São Paulo-Guarulhos International Airport,airports,http://commons.wikimedia.org/wiki/Special:FilePath/ViewfromAir-SaoPaulo.jpg,Brazil,https://en.wikipedia.org/wiki/S%C3%A3o_Paulo/Guarulhos_International_Airport,-23.435555555,-46.473055555
Q580409,Bournemouth Airport,airports,http://commons.wikimedia.org/wiki/Special:FilePath/Bournemouth%20Airport%20control%20tower%20geograph.org.uk%20130727%201e343629-by-Pierre-Terre.jpg,United Kingdom,https://en.wikipedia.org/wiki/Bournemouth_Airport,50.78,-1.8425
Q581545,John Paul II International Airport Kraków-Balice,airports,http://commons.wikimedia.org/wiki/Special:FilePath/John%20Paul%20II%20Airport%20in%20Balice-Krak%C3%B3w%20night%20november%202017%283%29.jpg,Poland,https://en.wikipedia.org/wiki/Krak%C3%B3w_John_Paul_II_International_Airport,50.077777777,19.784722222
Q583424,Hermanos Serdán International Airport,airports,http://commons.wikimedia.org/wiki/Special:FilePath/Terminal%20AIP.JPG,Mexico,https://en.wikipedia.org/wiki/Puebla_International_Airport,19.158055555,-98.371388888
Q583587,"Bocas del Toro ""Isla Colón"" International Airport",airports,http://commons.wikimedia.org/wiki/Special:FilePath/Aeropuerto%20de%20Bocas%20del%20Toro.jpg,Panama,https://en.wikipedia.org/wiki/Jos%C3%A9_Ezequiel_Hall_International_Airport,9.340833333,-82.250833333
Q584102,Shannon Airport,airports,http://commons.wikimedia.org/wiki/Special:FilePath/Ryanair%20EI-DAD%20Boeing%20737-800%20Shannon%20NEIN%20zum%20Lufthansa%20Kerosinzuschlag.jpg,Ireland,https://en.wikipedia.org/wiki/Shannon_Airport,52.701944444,-8.924722222
Q586065,Entebbe International Airport,airports,http://commons.wikimedia.org/wiki/Special:FilePath/Fly540%20ATR42%20at%20Entebbe.jpg,Uganda,https://en.wikipedia.org/wiki/Entebbe_International_Airport,0.044722222,32.443055555
Q587675,El Salvador International Airport,airports,http://commons.wikimedia.org/wiki/Special:FilePath/San%20salvador%20airport%204.jpg,El Salvador,https://en.wikipedia.org/wiki/El_Salvador_International_Airport,13.443019444,-89.056447222
Q587801,Marechal Cunha Machado International Airport,airports,http://commons.wikimedia.org/wiki/Special:FilePath/Slz.jpg,Brazil,https://en.wikipedia.org/wiki/Marechal_Cunha_Machado_International_Airport,-2.586944444,-44.236111111
Q588038,Ilopango International Airport,airports,http://commons.wikimedia.org/wiki/Special:FilePath/32-0001%20Aeropuerto%20de%20Ilopango.jpg,El Salvador,https://en.wikipedia.org/wiki/Ilopango_International_Airport,13.694572222,-89.117297222
Q589550,Mundo Maya International Airport,airports,http://commons.wikimedia.org/wiki/Special:FilePath/Aeropuerto%20Internacional%20Mundo%20Maya%20-%20Guatemala%203.jpg,Guatemala,https://en.wikipedia.org/wiki/Mundo_Maya_International_Airport,16.9138,-89.866383
Q591971,Bangor International Airport,airports,http://commons.wikimedia.org/wiki/Special:FilePath/BGRAcrossField.jpg,United States,https://en.wikipedia.org/wiki/Bangor_International_Airport,44.807222222,-68.828055555
Q592172,Cochin International Airport,airports,http://commons.wikimedia.org/wiki/Special:FilePath/AIX%20at%20COK.jpg,India,https://en.wikipedia.org/wiki/Cochin_International_Airport,10.15194444,76.40194444
Q592206,Alexandria International Airport,airports,http://commons.wikimedia.org/wiki/Special:FilePath/Englandafb-mar83.jpg,United States,https://en.wikipedia.org/wiki/Alexandria_International_Airport_(Louisiana),31.3275,-92.5486
Q597139,Reno–Tahoe International Airport,airports,http://commons.wikimedia.org/wiki/Special:FilePath/RNO%20-%20FAA%20airport%20diagram.gif,United States,https://en.wikipedia.org/wiki/Reno%E2%80%93Tahoe_International_Airport,39.499166666,-119.768055555
Q597308,Blaise Diagne International Airport,airports,http://commons.wikimedia.org/wiki/Special:FilePath/Blaise%20Diagne1.jpg,Senegal,https://en.wikipedia.org/wiki/Blaise_Diagne_International_Airport,14.670833333,-17.068888888
Q597396,Bishop International Airport,airports,http://commons.wikimedia.org/wiki/Special:FilePath/Bishop%20International%20Airport%20Air%20Traffic%20Control%20Tower.JPG,United States,https://en.wikipedia.org/wiki/Bishop_International_Airport,42.965555555,-83.743611111
Q919952,Presidente Carlos Ibáñez del Campo International Airport,airports,http://commons.wikimedia.org/wiki/Special:FilePath/A%C3%A9roport%20Punta%20Arenas.jpg,Chile,https://en.wikipedia.org/wiki/Presidente_Carlos_Ib%C3%A1%C3%B1ez_del_Campo_International_Airport,-53.0025,-70.854444444
Q922954,Leoš Janáček Airport Ostrava,airports,http://commons.wikimedia.org/wiki/Special:FilePath/OSRintl.jpg,Czech Republic,https://en.wikipedia.org/wiki/Leo%C5%A1_Jan%C3%A1%C4%8Dek_Airport_Ostrava,49.696111111,18.110833333
Q924954,"Kalamata International Airport ""Captain Vasilis Konstantakopoulos""",airports,http://commons.wikimedia.org/wiki/Special:FilePath/Kalamata%20Airport.jpg,Greece,https://en.wikipedia.org/wiki/Kalamata_International_Airport,37.068383333,22.025636111
Q926029,Deputado Luís Eduardo Magalhães International Airport,airports,http://commons.wikimedia.org/wiki/Special:FilePath/Fachada%20Aeroporto%20de%20Salvador2.jpg,Brazil,https://en.wikipedia.org/wiki/Salvador_Bahia_Airport,-12.90861,-38.3225
Q929859,Orlando International Airport,airports,http://commons.wikimedia.org/wiki/Special:FilePath/Orlando%20International%20Airport%20terminal%20from%20arriving%20airplane.jpg,United States,https://en.wikipedia.org/wiki/Orlando_International_Airport,28.429444,-81.308889
Q930733,Toncontín International Airport,airports,http://commons.wikimedia.org/wiki/Special:FilePath/ToncontinTerminal.jpg,Honduras,https://en.wikipedia.org/wiki/Toncont%C3%ADn_International_Airport,14.061094444,-87.217588888
Q932025,Guadalajara-M. Hidalgo y Costilla,airports,http://commons.wikimedia.org/wiki/Special:FilePath/Fachada%20del%20Aeropuerto%20de%20Guadalajara.jpg,Mexico,https://en.wikipedia.org/wiki/Guadalajara_International_Airport,20.521837,-103.311145
Q1547,Lyon–Saint-Exupéry Airport,airports,http://commons.wikimedia.org/wiki/Special:FilePath/Vue%20a%C3%A9rienne%20d%27une%20partie%20de%20l%27a%C3%A9roport%20de%20Lyon%20Saint-Exup%C3%A9ry%20et%20de%20la%20gare%20TGV%20%28septembre%202022%29.jpg,France,https://en.wikipedia.org/wiki/Lyon%E2%80%93Saint-Exup%C3%A9ry_Airport,45.725555555,5.081111111
Q8685,John F. Kennedy International Airport,airports,http://commons.wikimedia.org/wiki/Special:FilePath/JFK%20Aerial%20Nov%2014%202018.jpg,United States,https://en.wikipedia.org/wiki/John_F._Kennedy_International_Airport,40.64,-73.78
Q8691,London Heathrow Airport,airports,http://commons.wikimedia.org/wiki/Special:FilePath/London%20-%20Heathrow%20%28LHR%20-%20EGLL%29%20AN1572653.jpg,United Kingdom,https://en.wikipedia.org/wiki/Heathrow_Airport,51.4775,-0.461389
Q8688,San Francisco International Airport,airports,http://commons.wikimedia.org/wiki/Special:FilePath/Aerial%20view%20of%20San%20Francisco%20International%20Airport%202010.jpg,United States,https://en.wikipedia.org/wiki/San_Francisco_International_Airport,37.618888888,-122.375
Q8694,Manchester Airport,airports,http://commons.wikimedia.org/wiki/Special:FilePath/Manchester%20Airport.jpg,United Kingdom,https://en.wikipedia.org/wiki/Manchester_Airport,53.353889,-2.275
Q8699,Leeds Bradford Airport,airports,http://commons.wikimedia.org/wiki/Special:FilePath/LBIA%20Airside%202.jpg,United Kingdom,https://en.wikipedia.org/wiki/Leeds_Bradford_Airport,53.865833333,-1.660555555
Q8703,London Gatwick Airport,airports,http://commons.wikimedia.org/wiki/Special:FilePath/Gatwick%20Airport%20%2850850159593%29.jpg,United Kingdom,https://en.wikipedia.org/wiki/Gatwick_Airport,51.147222222,-0.190277777
Q8709,London Stansted Airport,airports,http://commons.wikimedia.org/wiki/Special:FilePath/Stansted%20Airport%20-%20geograph.org.uk%20-%201710808.jpg,United Kingdom,https://en.wikipedia.org/wiki/London_Stansted_Airport,51.885,0.235
Q8712,London Luton Airport,airports,http://commons.wikimedia.org/wiki/Special:FilePath/Luton%20Airport%20from%20the%20air%20%28geograph%207106190%29.jpg,United Kingdom,https://en.wikipedia.org/wiki/Luton_Airport,51.874722,-0.368333
Q8719,Birmingham Airport,airports,http://commons.wikimedia.org/wiki/Special:FilePath/Birmingham%20Airport%2C%20England%2C%20Feb.%202008.jpg,United Kingdom,https://en.wikipedia.org/wiki/Birmingham_Airport,52.453888888,-1.748055555
Q8716,Edinburgh Airport,airports,http://commons.wikimedia.org/wiki/Special:FilePath/Edinburgh%20Airport%201.jpg,United Kingdom,https://en.wikipedia.org/wiki/Edinburgh_Airport,55.95,-3.3725
Q8721,Glasgow Airport,airports,http://commons.wikimedia.org/wiki/Special:FilePath/GlasgowAirportFromAir.jpg,United Kingdom,https://en.wikipedia.org/wiki/Glasgow_Airport,55.871944444,-4.433055555
Q8727,Liverpool John Lennon Airport,airports,http://commons.wikimedia.org/wiki/Special:FilePath/John%20Lennon%20Airport%20Lpool.jpg,United Kingdom,https://en.wikipedia.org/wiki/Liverpool_John_Lennon_Airport,53.333611111,-2.849722222
Q8725,Bristol Airport,airports,http://commons.wikimedia.org/wiki/Special:FilePath/N%20Side%20Road%2C%20Bristol%20Airport%20-%20geograph.org.uk%20-%203737093.jpg,United Kingdom,https://en.wikipedia.org/wiki/Bristol_Airport,51.382778,-2.719167
Q8731,Los Angeles International Airport,airports,http://commons.wikimedia.org/wiki/Special:FilePath/LAX%20LA.jpg,United States,https://en.wikipedia.org/wiki/Los_Angeles_International_Airport,33.9425,-118.408056
Q8975,Newcastle International Airport,airports,http://commons.wikimedia.org/wiki/Special:FilePath/Newcastle%20International%20Airport%20-%20geograph.org.uk%20-%20308047.jpg,United Kingdom,https://en.wikipedia.org/wiki/Newcastle_International_Airport,55.0375,-1.691666666
Q8979,Belfast International Airport,airports,http://commons.wikimedia.org/wiki/Special:FilePath/Belfast%20International%20Airport%20-%20geograph.org.uk%20-%20119152.jpg,United Kingdom,https://en.wikipedia.org/wiki/Belfast_International_Airport,54.6575,-6.215833
Q8977,East Midlands Airport,airports,http://commons.wikimedia.org/wiki/Special:FilePath/East%20Midlands2.JPG,United Kingdom,https://en.wikipedia.org/wiki/East_Midlands_Airport,52.830555555,-1.327777777
Q8982,London City Airport,airports,http://commons.wikimedia.org/wiki/Special:FilePath/London%20City%20Airport%20Zwart.jpg,United Kingdom,https://en.wikipedia.org/wiki/London_City_Airport,51.505278,0.055278
Q8981,Aberdeen Airport,airports,http://commons.wikimedia.org/wiki/Special:FilePath/Aberdeen%20Airport%20-%20geograph.org.uk%20-%201470090.jpg,United Kingdom,https://en.wikipedia.org/wiki/Aberdeen_Airport,57.201944,-2.197778
Q8987,George Best Belfast City Airport,airports,http://commons.wikimedia.org/wiki/Special:FilePath/George%20Best%20Belfast%20City%20Airport%20-%20geograph.org.uk%20-%20714574.jpg,United Kingdom,https://en.wikipedia.org/wiki/Belfast_City_Airport,54.615486,-5.871233
Q8988,Southampton Airport,airports,http://commons.wikimedia.org/wiki/Special:FilePath/Southampton%20Airport%20Control%20Tower%20-%20geograph.org.uk%20-%2028103.jpg,United Kingdom,https://en.wikipedia.org/wiki/Southampton_Airport,50.950277777,-1.356666666
Q8994,Cardiff Airport,airports,http://commons.wikimedia.org/wiki/Special:FilePath/CardiffInternationalAirport.jpg,United Kingdom,https://en.wikipedia.org/wiki/Cardiff_Airport,51.396666666,-3.343333333
Q8992,Glasgow Prestwick Airport,airports,http://commons.wikimedia.org/wiki/Special:FilePath/GPAirport.jpg,United Kingdom,https://en.wikipedia.org/wiki/Glasgow_Prestwick_Airport,55.509444444,-4.594444444
Q8999,Exeter Airport,airports,http://commons.wikimedia.org/wiki/Special:FilePath/ExeterAirportUK.jpg,United Kingdom,https://en.wikipedia.org/wiki/Exeter_Airport,50.734444444,-3.413888888
Q8996,Doncaster Sheffield Airport,airports,http://commons.wikimedia.org/wiki/Special:FilePath/Robin%20Hood%20Airport%202006-04-02.jpg,United Kingdom,https://en.wikipedia.org/wiki/Doncaster_Sheffield_Airport,53.475277777,-1.004166666
Q9064,Carrasco International Airport,airports,http://commons.wikimedia.org/wiki/Special:FilePath/Airport%20%28235599585%29.jpeg,Uruguay,https://en.wikipedia.org/wiki/Carrasco_International_Airport,-34.838333333,-56.030833333
Q9071,Capitán de Corbeta Carlos A. Curbelo International Airport,airports,http://commons.wikimedia.org/wiki/Special:FilePath/Flughafen%20Punta%20del%20Este.jpg,Uruguay,https://en.wikipedia.org/wiki/Capit%C3%A1n_de_Corbeta_Carlos_A._Curbelo_International_Airport,-34.855,-55.094166666
Q9074,Nueva Hespérides International Airport,airports,http://commons.wikimedia.org/wiki/Special:FilePath/Salto%20Airport.jpg,Uruguay,https://en.wikipedia.org/wiki/Nueva_Hesp%C3%A9rides_International_Airport,-31.434722222,-57.984166666
Q9686,Berlin-Tempelhof Airport,airports,http://commons.wikimedia.org/wiki/Special:FilePath/TempelhofExterior.jpg,Germany,https://en.wikipedia.org/wiki/Berlin_Tempelhof_Airport,52.473611111,13.401666666
Q9689,Berlin Schönefeld Airport,airports,http://commons.wikimedia.org/wiki/Special:FilePath/FLUGHAFEN%20SCHONEFELD%20BERLIN%20GERMANY%20JUNE%202013%20%289025967808%29.jpg,Germany,https://en.wikipedia.org/wiki/Berlin_Sch%C3%B6nefeld_Airport,52.378611,13.520556
Q9694,Amsterdam Schiphol Airport,airports,http://commons.wikimedia.org/wiki/Special:FilePath/Ams-above-2007.jpg,Netherlands,https://en.wikipedia.org/wiki/Amsterdam_Airport_Schiphol,52.3081,4.764169444
Q14295,Seattle–Tacoma International Airport,airports,http://commons.wikimedia.org/wiki/Special:FilePath/Seattle%E2%80%93Tacoma%20International%20Airport%2C%20Washington%2C%20October%207%2C%202023.jpg,United States,https://en.wikipedia.org/wiki/Seattle%E2%80%93Tacoma_International_Airport,47.448889,-122.309444
Q14302,Adelaide Airport,airports,http://commons.wikimedia.org/wiki/Special:FilePath/AdelaideAirportSkyline.jpg,Australia,https://en.wikipedia.org/wiki/Adelaide_Airport,-34.945,138.530555555
Q14300,Canberra Airport,airports,http://commons.wikimedia.org/wiki/Special:FilePath/Canberra%20Airport%20overview%20Gilbert.jpg,Australia,https://en.wikipedia.org/wiki/Canberra_Airport,-35.306944444,149.195
Q15114,Zurich Airport,airports,http://commons.wikimedia.org/wiki/Special:FilePath/Zurich%20airport%20img%203324.jpg,Switzerland,https://en.wikipedia.org/wiki/Zurich_Airport,47.458055555,8.548055555
Q15498,Hobart Airport,airports,http://commons.wikimedia.org/wiki/Special:FilePath/Hobart%20Airportview.jpg,Australia,https://en.wikipedia.org/wiki/Hobart_Airport,-42.836112,147.510278
Q15564,Hargeisa International Airport,airports,http://commons.wikimedia.org/wiki/Special:FilePath/Somaliland%20and%20Hargeisa%20%2829482568932%29.jpg,Somalia,https://en.wikipedia.org/wiki/Hargeisa_Airport,9.518166666,44.088758333
Q16810,Kaohsiung International Airport,airports,http://commons.wikimedia.org/wiki/Special:FilePath/%E9%AB%98%E9%9B%84%E5%9C%8B%E9%9A%9B%E6%A9%9F%E5%A0%B4.JPG,Taiwan,https://en.wikipedia.org/wiki/Kaohsiung_International_Airport,22.576944444,120.35
Q17480,Antwerp International Airport,airports,http://commons.wikimedia.org/wiki/Special:FilePath/Antwerp%20Airport%20%28Deurne%29.jpg,Belgium,https://en.wikipedia.org/wiki/Antwerp_International_Airport,51.189444444,4.460277777
Q17581,Sydney Airport,airports,http://commons.wikimedia.org/wiki/Special:FilePath/Sydney%20airport%20-%20International%20terminal.jpg,Australia,https://en.wikipedia.org/wiki/Sydney_Airport,-33.948333333,151.1761111
Q17609,Darwin International Airport,airports,http://commons.wikimedia.org/wiki/Special:FilePath/Aircraft%20Waiting%20to%20Cross%20Runway%201129%20at%20Darwin%20Airport%20in%20March%202012.jpg,Australia,https://en.wikipedia.org/wiki/Darwin_International_Airport,-12.414722222,130.876666666
Q17704,Hong Kong International Airport,airports,http://commons.wikimedia.org/wiki/Special:FilePath/Hong%20Kong%20International%20Airport%20restricted%20area%2001-12-2024%289%29.jpg,People's Republic of China,https://en.wikipedia.org/wiki/Hong_Kong_International_Airport,22.308889,113.914444
Q17896,Avalon Airport,airports,http://commons.wikimedia.org/wiki/Special:FilePath/Control%20tower%20and%20offices%20at%20avalon%20airport.jpg,Australia,https://en.wikipedia.org/wiki/Avalon_Airport,-38.039444,144.469444
Q19101,Roma Fiumicino Airport,airports,http://commons.wikimedia.org/wiki/Special:FilePath/Rom%20Fiumicino%202011-by-RaBoe-02.jpg,Italy,https://en.wikipedia.org/wiki/Rome_Fiumicino_Airport,41.7956,12.2499
Q25060,Oued Irara–Krim Belkacem Airport,airports,http://commons.wikimedia.org/wiki/Special:FilePath/HassiMessaoudIntArrivals.jpg,Algeria,https://en.wikipedia.org/wiki/Oued_Irara%E2%80%93Krim_Belkacem_Airport,31.673889,6.140556
Q25226,Cam Ranh International Airport,airports,http://commons.wikimedia.org/wiki/Special:FilePath/Cam%20Ranh%20International%20Airport%20Terminal%202.jpg,Vietnam,https://en.wikipedia.org/wiki/Cam_Ranh_International_Airport,11.998055555,109.219444444
Q27048,Brest Airport,airports,http://commons.wikimedia.org/wiki/Special:FilePath/Brest%20Airport.jpg,Belarus,https://en.wikipedia.org/wiki/Brest_Airport,52.108333333,23.898055555
Q27049,Hrodna Airport,airports,http://commons.wikimedia.org/wiki/Special:FilePath/Grodno%20airport.jpg,Belarus,https://en.wikipedia.org/wiki/Grodno_Airport,53.601944444,24.053888888
Q27315,Shymkent International Airport,airports,http://commons.wikimedia.org/wiki/Special:FilePath/Shymkent%20International%20Airport%2003.jpg,Kazakhstan,https://en.wikipedia.org/wiki/%C5%9Eymkent_International_Airport,42.365,69.476111111
Q27596,Kisangani Bangoka International Airport,airports,http://commons.wikimedia.org/wiki/Special:FilePath/Nouveau%20parking%20de%20l%27a%C3%A9roport.jpg,Democratic Republic of the Congo,https://en.wikipedia.org/wiki/Kisangani_Bangoka_International_Airport,0.481667,25.338056
Q27706,Hamburg Airport,airports,http://commons.wikimedia.org/wiki/Special:FilePath/Hamburg%20airport%20terminals.jpg,Germany,https://en.wikipedia.org/wiki/Hamburg_Airport,53.630388888,9.988227777
Q28461,Sialkot International Airport,airports,http://commons.wikimedia.org/wiki/Special:FilePath/Sialkot%20Airport.jpg,Pakistan,https://en.wikipedia.org/wiki/Sialkot_International_Airport,32.535555555,74.363888888
Q28934,Brussels Airport,airports,http://commons.wikimedia.org/wiki/Special:FilePath/Brussels%20Airport%20Runway%2025%20R.jpg,Belgium,https://en.wikipedia.org/wiki/Brussels_Airport,50.901388888,4.484444444
Q29104,Velana International Airport,airports,http://commons.wikimedia.org/wiki/Special:FilePath/Hulele-airport.jpg,Maldives,https://en.wikipedia.org/wiki/Velana_International_Airport,4.191833,73.529111
Q94895,Baltimore/Washington International Thurgood Marshall Airport,airports,http://commons.wikimedia.org/wiki/Special:FilePath/BWI%20aerial2.jpg,United States,https://en.wikipedia.org/wiki/Baltimore/Washington_International_Airport,39.1782209,-76.6675418
Q99172,Václav Havel Airport Prague,airports,http://commons.wikimedia.org/wiki/Special:FilePath/PRG%20Ruzyne%20airport%20view%208971b.jpg,Czech Republic,https://en.wikipedia.org/wiki/V%C3%A1clav_Havel_Airport_Prague,50.100833333,14.26
Q121760,Maun Airport,airports,http://commons.wikimedia.org/wiki/Special:FilePath/Maun%20Airport.jpg,Botswana,https://en.wikipedia.org/wiki/Maun_Airport,-19.9725,23.431111111
Q123222,Marsa Alam International Airport,airports,http://commons.wikimedia.org/wiki/Special:FilePath/MarsaAlamInternationalAirport.jpg,Egypt,https://en.wikipedia.org/wiki/Marsa_Alam_International_Airport,25.556944,34.583611
Q127530,Miami International Airport,airports,http://commons.wikimedia.org/wiki/Special:FilePath/1%20-%20A%C3%A9roport%20de%20Miami%20-%20Ao%C3%BBt%202008.jpg,United States,https://en.wikipedia.org/wiki/Miami_International_Airport,25.793333333,-80.290555555
Q127671,Arturo Merino Benítez International Airport,airports,http://commons.wikimedia.org/wiki/Special:FilePath/Terminal%20Aeropuerto%20Pudahuel.jpg,Chile,https://en.wikipedia.org/wiki/Arturo_Merino_Ben%C3%ADtez_International_Airport,-33.392777777,-70.785555555
Q127721,Carriel Sur International Airport,airports,http://commons.wikimedia.org/wiki/Special:FilePath/Lan%20737en%20CCP.jpg,Chile,https://en.wikipedia.org/wiki/Carriel_Sur_International_Airport,-36.7725,-73.063055555
Q127951,Sofia Airport,airports,http://commons.wikimedia.org/wiki/Special:FilePath/SA-06-NOvember-2015.jpg,Bulgaria,https://en.wikipedia.org/wiki/Sofia_Airport,42.695,23.408333333
Q127955,Belgrade Nikola Tesla Airport,airports,http://commons.wikimedia.org/wiki/Special:FilePath/Belgrade%20Nikola%20Tesla%20Airport%204.jpg,Serbia,https://en.wikipedia.org/wiki/Belgrade_Nikola_Tesla_Airport,44.819444444,20.306944444
Q128016,Zagreb Airport,airports,http://commons.wikimedia.org/wiki/Special:FilePath/Zagreb%20Airpoirt%20tower.jpg,Croatia,https://en.wikipedia.org/wiki/Zagreb_Airport,45.743055555,16.068888888
Q130193,Victoria International Airport,airports,http://commons.wikimedia.org/wiki/Special:FilePath/YYJ-Terminal.jpg,Canada,https://en.wikipedia.org/wiki/Victoria_International_Airport,48.6472,-123.426
Q130270,Cuneo International Airport,airports,http://commons.wikimedia.org/wiki/Special:FilePath/Aeroporto%20cuneo%20levaldigi%20terminal.jpg,Italy,https://en.wikipedia.org/wiki/Cuneo_International_Airport,44.54595,7.62182
Q130864,New York Stewart International Airport,airports,http://commons.wikimedia.org/wiki/Special:FilePath/Port%20Authority%20Stewart%20Airport%20sign.jpg,United States,https://en.wikipedia.org/wiki/Stewart_International_Airport,41.504166666,-74.104722222
Q139921,Keflavík Airport,airports,http://commons.wikimedia.org/wiki/Special:FilePath/SSJ100%20Keflavik%20runways%20%285160518757%29.jpg,Iceland,https://en.wikipedia.org/wiki/Keflav%C3%ADk_International_Airport,63.985,-22.605555555
Q141677,Xi'an Xianyang International Airport,airports,http://commons.wikimedia.org/wiki/Special:FilePath/Airport%2C%20Terminal%20JP7562176.jpg,People's Republic of China,https://en.wikipedia.org/wiki/Xi%27an_Xianyang_International_Airport,34.446944444,108.751388888
Q151121,Cincinnati/Northern Kentucky International Airport,airports,http://commons.wikimedia.org/wiki/Special:FilePath/Ariel%20View%20of%20CVG%20from%20East.jpg,United States,https://en.wikipedia.org/wiki/Cincinnati/Northern_Kentucky_International_Airport,39.048888888,-84.667777777
Q153592,King Abdulaziz International Airport,airports,http://commons.wikimedia.org/wiki/Special:FilePath/King%20Abdul%20Aziz%20International%20Airport-%20South%20Terminal%20and%20Terminal%201%20%282020-02-16%29.jpeg,Saudi Arabia,https://en.wikipedia.org/wiki/King_Abdulaziz_International_Airport,21.661694444,39.173027777
Q156971,EuroAirport Basel-Mulhouse-Freiburg,airports,http://commons.wikimedia.org/wiki/Special:FilePath/Euroairport%20from%20the%20air%20%287262130986%29.jpg,France,https://en.wikipedia.org/wiki/EuroAirport_Basel_Mulhouse_Freiburg,47.599696,7.5316
Q160094,Phu Bai International Airport,airports,http://commons.wikimedia.org/wiki/Special:FilePath/Phu%20Bai%20Airport%20%282006%29.jpg,Vietnam,https://en.wikipedia.org/wiki/Phu_Bai_International_Airport,16.401666666,107.702777777
Q162139,Osmani International Airport,airports,http://commons.wikimedia.org/wiki/Special:FilePath/Osmani%20International%20Airport.jpg,Bangladesh,https://en.wikipedia.org/wiki/Osmani_International_Airport,24.963333333,91.866944444
Q166276,Madrid-Barajas Airport,airports,http://commons.wikimedia.org/wiki/Special:FilePath/Barajas%20overview1.jpg,Spain,https://en.wikipedia.org/wiki/Madrid%E2%80%93Barajas_Airport,40.472222222,-3.560833333
Q166512,Chuuk International Airport,airports,http://commons.wikimedia.org/wiki/Special:FilePath/Chuuk%20International%20Airport%2C%20Weno.jpg,Federated States of Micronesia,https://en.wikipedia.org/wiki/Chuuk_International_Airport,7.461944444,151.843055555
Q170343,Can Tho International Airport,airports,http://commons.wikimedia.org/wiki/Special:FilePath/Nha%20Ga%20HK%20CHKQT%20Can%20Tho%202.jpg,Vietnam,https://en.wikipedia.org/wiki/Can_Tho_International_Airport,10.085277777,105.711944444
Q174140,Sangster International Airport,airports,http://commons.wikimedia.org/wiki/Special:FilePath/Sangster%20Airport.jpg,Jamaica,https://en.wikipedia.org/wiki/Sangster_International_Airport,18.503611,-77.913333
Q174233,Nursultan Nazarbayev International Airport,airports,http://commons.wikimedia.org/wiki/Special:FilePath/Astana%20International%20Airport%2003.jpg,Kazakhstan,https://en.wikipedia.org/wiki/Nursultan_Nazarbayev_International_Airport,51.022222222,71.466944444
Q175028,Syracuse Hancock International Airport,airports,http://commons.wikimedia.org/wiki/Special:FilePath/SYR%20Airport%20Diagram.gif,United States,https://en.wikipedia.org/wiki/Syracuse_Hancock_International_Airport,43.111111111,-76.106388888
Q177216,Xiamen Gaoqi International Airport,airports,http://commons.wikimedia.org/wiki/Special:FilePath/Xiamen%20Gaoqi%20Intl%20Airport.jpg,People's Republic of China,https://en.wikipedia.org/wiki/Xiamen_Gaoqi_International_Airport,24.544166666,118.127777777
Q177689,Accra International Airport,airports,http://commons.wikimedia.org/wiki/Special:FilePath/Kotoka%20International%20Airport%2C%20Accra%2C%20Ghana.JPG,Ghana,https://en.wikipedia.org/wiki/Accra_International_Airport,5.604666666,-0.167388888
Q177844,Minangkabau International Airport,airports,http://commons.wikimedia.org/wiki/Special:FilePath/Minangkabau%20Airport.JPG,Indonesia,https://en.wikipedia.org/wiki/Minangkabau_International_Airport,-0.786666666,100.280555555
Q178021,Dublin Airport,airports,http://commons.wikimedia.org/wiki/Special:FilePath/Departure%20from%20Dublin%20Airport%20onboard%20Aer%20Lingus%20A320.jpg,Ireland,https://en.wikipedia.org/wiki/Dublin_Airport,53.421388888,-6.27
Q178162,Graz Airport,airports,http://commons.wikimedia.org/wiki/Special:FilePath/Aerial%20image%20of%20the%20Graz%20airport.jpg,Austria,https://en.wikipedia.org/wiki/Graz_Airport,46.993055555,15.439166666
Q180464,Afonso Pena International Airport,airports,http://commons.wikimedia.org/wiki/Special:FilePath/Afonsopenaairport.jpg,Brazil,https://en.wikipedia.org/wiki/Afonso_Pena_International_Airport,-25.531666666,-49.176111111
Q181479,Ben Gurion Airport,airports,http://commons.wikimedia.org/wiki/Special:FilePath/Ben-gurion-airport-terminal--september-2012.jpg,Israel,https://en.wikipedia.org/wiki/Ben_Gurion_Airport,32.009444444,34.882777777
Q183494,Johan Adolf Pengel International Airport,airports,http://commons.wikimedia.org/wiki/Special:FilePath/JAP%20Airport%2C%202022%20-%201.jpg,Suriname,https://en.wikipedia.org/wiki/Johan_Adolf_Pengel_International_Airport,5.452830555,-55.187783333
Q186614,Domodedovo International Airport,airports,http://commons.wikimedia.org/wiki/Special:FilePath/Domodedovo%20Airport.jpg,Russia,https://en.wikipedia.org/wiki/Moscow_Domodedovo_Airport,55.408611111,37.906111111
Q192733,Sheremetyevo International Airport,airports,http://commons.wikimedia.org/wiki/Special:FilePath/SVO%20aerial%20view%202024.jpg,Russia,https://en.wikipedia.org/wiki/Sheremetyevo_International_Airport,55.972777777,37.414722222
Q193439,Dubai International Airport,airports,http://commons.wikimedia.org/wiki/Special:FilePath/Dubai%20Airport.jpg,United Arab Emirates,https://en.wikipedia.org/wiki/Dubai_International_Airport,25.252777777,55.364444444
Q193682,Kansai International Airport,airports,http://commons.wikimedia.org/wiki/Special:FilePath/%E9%96%A2%E8%A5%BF%E5%9B%BD%E9%9A%9B%E7%A9%BA%E6%B8%AF%E5%85%A8%E4%BD%93%E5%86%99%E7%9C%9F20220811.jpg,Japan,https://en.wikipedia.org/wiki/Kansai_International_Airport,34.430555555,135.230277777
Q194316,Suvarnabhumi Airport,airports,http://commons.wikimedia.org/wiki/Special:FilePath/Bangkok%20-%20Suvarnabhumi%20International%20%28BKK%20-%20VTBS%29%20AN1822384.jpg,Thailand,https://en.wikipedia.org/wiki/Suvarnabhumi_Airport,13.681111,100.747222
Q197933,Faleolo International Airport,airports,http://commons.wikimedia.org/wiki/Special:FilePath/Faleolo%20International%20Airport.jpg,Samoa,https://en.wikipedia.org/wiki/Faleolo_International_Airport,-13.829722222,-172.008333333
Q201374,Ingeniero Aeronáutico Ambrosio L.V. Taravella International Airport,airports,http://commons.wikimedia.org/wiki/Special:FilePath/Aeropuerto%20C%C3%B3rdoba%20COR%201%20-%20Entrada.jpg,Argentina,https://en.wikipedia.org/wiki/Ingeniero_Aeron%C3%A1utico_Ambrosio_L.V._Taravella_International_Airport,-31.31,-64.20833333
Q201785,El Dorado International Airport,airports,http://commons.wikimedia.org/wiki/Special:FilePath/Vista%20a%C3%A9rea%20Aeropuerto%20Internacional%20Eldorado%20Bogot%C3%A1%20%28SKBO-BOG%29%20%288204598528%29.jpg,Colombia,https://en.wikipedia.org/wiki/El_Dorado_International_Airport,4.701388888,-74.146944444
Q204853,Tokyo International Airport,airports,http://commons.wikimedia.org/wiki/Special:FilePath/Tokyo-International-Airport%20Satellite.jpg,Japan,https://en.wikipedia.org/wiki/Haneda_Airport,35.553333333,139.781111111
Q206277,Copenhagen Airport,airports,http://commons.wikimedia.org/wiki/Special:FilePath/Copenhagen%20airport%20from%20air.jpg,Denmark,https://en.wikipedia.org/wiki/Copenhagen_Airport,55.618055555,12.656111111
Q206349,Jomo Kenyatta International Airport,airports,http://commons.wikimedia.org/wiki/Special:FilePath/Jomo%20Kenyatta%20International%20Airport%20%28JKIA%29.jpg,Kenya,https://en.wikipedia.org/wiki/Jomo_Kenyatta_International_Airport,-1.319167,36.9275
Q211734,"Athens International Airport ""Eleftherios Venizelos""",airports,http://commons.wikimedia.org/wiki/Special:FilePath/Athens%20International%20Airport%20Eleftherios%20Venizelos%20%CE%94%CE%B9%CE%B5%CE%B8%CE%BD%CE%AE%CF%82%20%CE%91%CE%B5%CF%81%CE%BF%CE%BB%CE%B9%CE%BC%CE%AD%CE%BD%CE%B1%CF%82%20%CE%91%CE%B8%CE%B7%CE%BD%CF%8E%CE%BD%20%CE%95%CE%BB%CE%B5%CF%85%CE%B8%CE%AD%CF%81%CE%B9%CE%BF%CF%82%20%CE%92%CE%B5%CE%BD%CE%B9%CE%B6%CE%AD%CE%BB%CE%BF%CF%82%202019-12-01%20h.jpg,Greece,https://en.wikipedia.org/wiki/Athens_International_Airport,37.936388888,23.944444444
Q213717,O'Hare International Airport,airports,http://commons.wikimedia.org/wiki/Special:FilePath/O%27Hare%20International%20Airport%20%28USGS%29.png,United States,https://en.wikipedia.org/wiki/O%27Hare_International_Airport,41.978611111,-87.904722222
Q214861,Hartsfield–Jackson Atlanta International Airport,airports,http://commons.wikimedia.org/wiki/Special:FilePath/Atlanta%20Hartsfield-Jackson.jpg,United States,https://en.wikipedia.org/wiki/Hartsfield%E2%80%93Jackson_Atlanta_International_Airport,33.636666666,-84.428055555
Q215327,Helsinki Airport,airports,http://commons.wikimedia.org/wiki/Special:FilePath/Helsinki%20Airport%20%2817087444118%29.jpg,Finland,https://en.wikipedia.org/wiki/Helsinki_Airport,60.317222222,24.963333333
Q217226,Tirana International Airport Nënë Tereza,airports,http://commons.wikimedia.org/wiki/Special:FilePath/Rinas.JPG,Albania,https://en.wikipedia.org/wiki/Tirana_International_Airport_N%C3%ABn%C3%AB_Tereza,41.414722222,19.720555555
Q223416,Orly Airport,airports,http://commons.wikimedia.org/wiki/Special:FilePath/OrlyVal%20Orly.JPG,France,https://en.wikipedia.org/wiki/Orly_Airport,48.723333,2.379444
Q223499,Stockholm Arlanda Airport,airports,http://commons.wikimedia.org/wiki/Special:FilePath/Arlanda%201%20Publish.jpg,Sweden,https://en.wikipedia.org/wiki/Stockholm_Arlanda_Airport,59.651944444,17.918611111
Q240694,Phuket International Airport,airports,http://commons.wikimedia.org/wiki/Special:FilePath/%E0%B8%97%E0%B9%88%E0%B8%B2%E0%B8%AD%E0%B8%B2%E0%B8%81%E0%B8%B2%E0%B8%A8%E0%B8%A2%E0%B8%B2%E0%B8%99%E0%B8%99%E0%B8%B2%E0%B8%99%E0%B8%B2%E0%B8%8A%E0%B8%B2%E0%B8%95%E0%B8%B4%E0%B8%A0%E0%B8%B9%E0%B9%80%E0%B8%81%E0%B9%87%E0%B8%95%20%E0%B8%AD.%E0%B8%96%E0%B8%A5%E0%B8%B2%E0%B8%87%20%E0%B8%88.%E0%B8%A0%E0%B8%B9%E0%B9%80%E0%B8%81%E0%B9%87%E0%B8%95%20Phuket%20International%20Airport%20%287%29.jpg,Thailand,https://en.wikipedia.org/wiki/Phuket_International_Airport,8.113333,98.316944
Q240706,Kemerovo International Airport,airports,http://commons.wikimedia.org/wiki/Special:FilePath/Kemerovo%20airport%20.jpg,Russia,https://en.wikipedia.org/wiki/Alexei_Leonov_Kemerovo_International_Airport,55.271666666,86.11
Q242066,Toronto Pearson International Airport,airports,http://commons.wikimedia.org/wiki/Special:FilePath/YYZ%20Aerial%202.jpg,Canada,https://en.wikipedia.org/wiki/Toronto_Pearson_International_Airport,43.6767,-79.6306
Q251538,Salzburg Airport,airports,http://commons.wikimedia.org/wiki/Special:FilePath/Salzburg%20Airport%20from%20the%20air.jpg,Austria,https://en.wikipedia.org/wiki/Salzburg_Airport,47.794444444,13.003333333
Q255039,Pécs-Pogány International Airport,airports,http://commons.wikimedia.org/wiki/Special:FilePath/Pogany%20airport.jpg,Hungary,https://en.wikipedia.org/wiki/P%C3%A9cs-Pog%C3%A1ny_International_Airport,45.990927777,18.240983333
Q255637,Wilkes-Barre/Scranton International Airport,airports,http://commons.wikimedia.org/wiki/Special:FilePath/KAVP%20Terminals.jpg,United States,https://en.wikipedia.org/wiki/Wilkes-Barre/Scranton_International_Airport,41.338333333,-75.723333333
Q257631,Henri Coandă International Airport,airports,http://commons.wikimedia.org/wiki/Special:FilePath/HC%20arrivals.jpg,Romania,https://en.wikipedia.org/wiki/Bucharest_Henri_Coand%C4%83_International_Airport,44.5707306,26.0822236
Q263652,Sultan Aji Muhammad Sulaiman Sepinggan Airport,airports,http://commons.wikimedia.org/wiki/Special:FilePath/Sepinggan%20Airport%20logo.png,Indonesia,https://en.wikipedia.org/wiki/Sultan_Aji_Muhammad_Sulaiman_Sepinggan_Airport,-1.268333333,116.894444444
Q269294,Saint Helena Airport,airports,http://commons.wikimedia.org/wiki/Special:FilePath/First%20Comair%20Boeing%20737-800%20flight%20to%20Saint%20Helena%20Airport%20%28191%29.jpg,United Kingdom,https://en.wikipedia.org/wiki/Saint_Helena_Airport,-15.959055555,-5.645916666
Q269588,Edmonton International Airport,airports,http://commons.wikimedia.org/wiki/Special:FilePath/Airport%20expansion.jpg,Canada,https://en.wikipedia.org/wiki/Edmonton_International_Airport,53.31,-113.579444444
Q269633,El Nouzha Airport,airports,http://commons.wikimedia.org/wiki/Special:FilePath/Alexandria%20Airport.jpg,Egypt,https://en.wikipedia.org/wiki/El_Nouzha_Airport,31.183889,29.948889
Q273462,Vnukovo International Airport,airports,http://commons.wikimedia.org/wiki/Special:FilePath/Vnukovo%20International%20Airport%202019.jpg,Russia,https://en.wikipedia.org/wiki/Vnukovo_International_Airport,55.596111111,37.2675
Q278667,Rajiv Gandhi International Airport,airports,http://commons.wikimedia.org/wiki/Special:FilePath/Indian%20Airlines%20VT-SCF%20at%20Rajiv%20Gandhi%20Airport%2C%20Jan%202012%20%28cropped%29.jpg,India,https://en.wikipedia.org/wiki/Rajiv_Gandhi_International_Airport,17.2386,78.4294
Q282909,Lviv Danylo Halytskyi International Airport,airports,http://commons.wikimedia.org/wiki/Special:FilePath/TerminalLWO.png,Ukraine,https://en.wikipedia.org/wiki/Lviv_Danylo_Halytskyi_International_Airport,49.8125,23.956111111
Q283970,Adisumarmo International Airport,airports,http://commons.wikimedia.org/wiki/Special:FilePath/AdiSumarmoInterior.jpg,Indonesia,https://en.wikipedia.org/wiki/Adisoemarmo_International_Airport,-7.516111111,110.756944444
Q289972,Geneva International Airport,airports,http://commons.wikimedia.org/wiki/Special:FilePath/Geneva%20airport%20from%20air.jpg,Switzerland,https://en.wikipedia.org/wiki/Geneva_Airport,46.238333333,6.109444444
Q304438,Baghdad International Airport,airports,http://commons.wikimedia.org/wiki/Special:FilePath/Baghdadinternationalairportaerial.JPG,Iraq,https://en.wikipedia.org/wiki/Baghdad_International_Airport,33.2625,44.234444444
Q319654,LaGuardia Airport,airports,http://commons.wikimedia.org/wiki/Special:FilePath/LaGuardia%20Airport.JPG,United States,https://en.wikipedia.org/wiki/LaGuardia_Airport,40.775,-73.875
Q321224,Vancouver International Airport,airports,http://commons.wikimedia.org/wiki/Special:FilePath/Vancouver%20Airport%20Tower.jpg,Canada,https://en.wikipedia.org/wiki/Vancouver_International_Airport,49.1947,-123.184
Q326268,Sharm el-Sheikh International Airport,airports,http://commons.wikimedia.org/wiki/Special:FilePath/Terminal%202%20Sharm%20el-Sheikh%20Airport.JPG,Egypt,https://en.wikipedia.org/wiki/Sharm_El_Sheikh_International_Airport,27.977222,34.394722
Q326468,Sulaimaniyah International Airport,airports,http://commons.wikimedia.org/wiki/Special:FilePath/44929%20The%20Sulayamaniyah%20International%20Airport%20in%202007.jpg,Iraq,https://en.wikipedia.org/wiki/Jalal_Talabani_International_Airport,35.560833,45.314444
Q330015,Denver International Airport,airports,http://commons.wikimedia.org/wiki/Special:FilePath/DIA%20Roof%20and%20Hotel.jpg,United States,https://en.wikipedia.org/wiki/Denver_International_Airport,39.861666666,-104.673055555
Q332302,Kenneth Kaunda International Airport,airports,http://commons.wikimedia.org/wiki/Special:FilePath/Lusaka%20International%20Airport%2C%20Zambia%20-%20entrance%2C%202015.jpg,Zambia,https://en.wikipedia.org/wiki/Kenneth_Kaunda_International_Airport,-15.330555555,28.4525
Q349673,Norwich International Airport,airports,http://commons.wikimedia.org/wiki/Special:FilePath/Norwich%20Airport%2025th%20October%202007.JPG,United Kingdom,https://en.wikipedia.org/wiki/Norwich_Airport,52.6758,1.28278
Q370274,San Carlos de Bariloche Airport,airports,http://commons.wikimedia.org/wiki/Special:FilePath/Aerolineas%20Argentinas%20B737-500%20at%20Bariloche%20Airport.jpg,Argentina,https://en.wikipedia.org/wiki/San_Carlos_de_Bariloche_Airport,-41.15111111,-71.15777778
Q371471,Vágar Airport,airports,http://commons.wikimedia.org/wiki/Special:FilePath/V%C3%A1gar%20Airport%2C%20Faroe%20Islands.JPG,Faroe Islands,https://en.wikipedia.org/wiki/V%C3%A1gar_Airport,62.0636,-7.2772
Q372317,Munich-Riem Airport,airports,http://commons.wikimedia.org/wiki/Special:FilePath/Flughafen%20riem2.jpg,Germany,https://en.wikipedia.org/wiki/Munich-Riem_Airport,48.137777777,11.690277777
Q372615,Toulouse-Blagnac,airports,http://commons.wikimedia.org/wiki/Special:FilePath/A%C3%A9rogare%20LFBO%202016.jpg,France,https://en.wikipedia.org/wiki/Toulouse%E2%80%93Blagnac_Airport,43.635,1.367780555
Q374558,Taichung International Airport,airports,http://commons.wikimedia.org/wiki/Special:FilePath/Taichung%20Airport%20Airfield%20color.jpg,Taiwan,https://en.wikipedia.org/wiki/Taichung_International_Airport,24.265,120.620833
Q381643,Beira Airport,airports,http://commons.wikimedia.org/wiki/Special:FilePath/Beira%20Airport%20DF-SD-01-01511.jpg,Mozambique,https://en.wikipedia.org/wiki/Beira_Airport,-19.796388888,34.9075
Q381653,Viracopos International Airport,airports,http://commons.wikimedia.org/wiki/Special:FilePath/Aeroporto%20de%20Campinas.jpg,Brazil,https://en.wikipedia.org/wiki/Viracopos_International_Airport,-23.006944444,-47.134444444
Q381668,Francisco Sarabia International Airport,airports,http://commons.wikimedia.org/wiki/Special:FilePath/Aeropuerto%20torreon.jpg,Mexico,https://en.wikipedia.org/wiki/Torre%C3%B3n_International_Airport,25.568055555,-103.410555555
Q381677,José Martí International Airport,airports,http://commons.wikimedia.org/wiki/Special:FilePath/Aeroport%20de%20l%27Havana.jpg,Cuba,https://en.wikipedia.org/wiki/Jos%C3%A9_Mart%C3%AD_International_Airport,22.988888888,-82.408888888
Q381688,Matecaña International Airport,airports,http://commons.wikimedia.org/wiki/Special:FilePath/Aeropuerto%20Mateca%C3%B1a.jpg,Colombia,https://en.wikipedia.org/wiki/Mateca%C3%B1a_International_Airport,4.8125,-75.739444444
Q382546,Mihail Kogălniceanu International Airport,airports,http://commons.wikimedia.org/wiki/Special:FilePath/NASA%20FIRMS%20Mihail%20Kog%C4%83lniceanu%20airport.jpg,Romania,https://en.wikipedia.org/wiki/Mihail_Kog%C4%83lniceanu_International_Airport,44.362222222,28.488333333
Q384788,Ministro Pistarini International Airport,airports,http://commons.wikimedia.org/wiki/Special:FilePath/Aeropuerto%20Internacional%20Ezeiza.jpg,Argentina,https://en.wikipedia.org/wiki/Ezeiza_International_Airport,-34.82222222,-58.53583333
Q385191,Hurghada International Airport,airports,http://commons.wikimedia.org/wiki/Special:FilePath/Hurghada-Airport.jpg,Egypt,https://en.wikipedia.org/wiki/Hurghada_International_Airport,27.178056,33.799167
Q385356,Sri Guru Ram Dass Jee International Airport,airports,http://commons.wikimedia.org/wiki/Special:FilePath/Amritsar%20Airport%20Entrance.jpg,India,https://en.wikipedia.org/wiki/Sri_Guru_Ram_Das_Ji_International_Airport,31.707777777,74.799166666
Q387560,Chengdu Shuangliu International Airport,airports,http://commons.wikimedia.org/wiki/Special:FilePath/201107%20B-6632%20at%20CTU.JPG,People's Republic of China,https://en.wikipedia.org/wiki/Chengdu_Shuangliu_International_Airport,30.58,103.948333
Q387704,Recife/Guararapes–Gilberto Freyre International Airport,airports,http://commons.wikimedia.org/wiki/Special:FilePath/Recife%20airport.jpg,Brazil,https://en.wikipedia.org/wiki/Recife/Guararapes_International_Airport,-8.126388888,-34.922777777
Q388535,Netaji Subhas Chandra Bose International Airport,airports,http://commons.wikimedia.org/wiki/Special:FilePath/External%20view%20of%20Netaji%20Subhas%20Chandra%20Bose%20International%20Airport.jpg,India,https://en.wikipedia.org/wiki/Netaji_Subhas_Chandra_Bose_International_Airport,22.653888888,88.446666666
Q389241,Bologna Guglielmo Marconi Airport,airports,http://commons.wikimedia.org/wiki/Special:FilePath/Bologna%20Guglielmo%20Marconi%20Airport%20aerial.jpg,Italy,https://en.wikipedia.org/wiki/Bologna_Guglielmo_Marconi_Airport,44.535444444,11.288666666
Q392728,King Shaka International Airport,airports,http://commons.wikimedia.org/wiki/Special:FilePath/KSIA-Passenger-Terminal.jpg,South Africa,https://en.wikipedia.org/wiki/King_Shaka_International_Airport,-29.614444444,31.116388888
Q392784,Moi International Airport,airports,http://commons.wikimedia.org/wiki/Special:FilePath/Moi%20International%20Airport%20terminal%20building%2C%202025%20%2801%29.jpg,Kenya,https://en.wikipedia.org/wiki/Moi_International_Airport,-4.034722,39.594167
Q392790,Mwanza Airport,airports,http://commons.wikimedia.org/wiki/Special:FilePath/Mwanza%20Airport.png,Tanzania,https://en.wikipedia.org/wiki/Mwanza_Airport,-2.444444444,32.9325
Q401700,Sardar Vallabhbhai Patel International Airport,airports,http://commons.wikimedia.org/wiki/Special:FilePath/Sardar%20Vallabhbhai%20Patel%20International%20Airport%2C%20Ahmedabad%2C%20India%203.jpg,India,https://en.wikipedia.org/wiki/Ahmedabad_Airport,23.077222222,72.634722222
Q403671,Humberto Delgado Airport,airports,http://commons.wikimedia.org/wiki/Special:FilePath/Aeroporto%20Lisboa%20-%20panoramio.jpg,Portugal,https://en.wikipedia.org/wiki/Lisbon_Airport,38.774167,-9.134167
Q420847,Libreville International Airport,airports,http://commons.wikimedia.org/wiki/Special:FilePath/B777%20d%27Air%20France%20%C3%A0%20LBV.jpg,Gabon,https://en.wikipedia.org/wiki/L%C3%A9on-Mba_International_Airport,0.458611,9.412222
Q421811,Shanghai Hongqiao International Airport,airports,http://commons.wikimedia.org/wiki/Special:FilePath/Shanghai%20Hongqiao%202024%20%28cropped%29.jpg,People's Republic of China,https://en.wikipedia.org/wiki/Shanghai_Hongqiao_International_Airport,31.198056,121.336389
Q426795,Akwa Ibom Airport,airports,http://commons.wikimedia.org/wiki/Special:FilePath/Margaret%20Ekpo%20International%20Airport%20Domestics%20arrival%20wing%2C%20Calabar%2C%20Cross%20River%20state.jpg,Nigeria,https://en.wikipedia.org/wiki/Victor_Attah_International_Airport,4.87583333,8.09888889
Q429304,Marrakesh Menara Airport,airports,http://commons.wikimedia.org/wiki/Special:FilePath/%D9%85%D8%B7%D8%A7%D8%B1%20%D9%85%D8%B1%D8%A7%D9%83%D8%B4%20%D8%A7%D9%84%D9%85%D9%86%D8%A7%D8%B1%D8%A9.jpg,Morocco,https://en.wikipedia.org/wiki/Marrakesh_Menara_Airport,31.608611111,-8.040833333
Q430490,Ankara Esenboğa Airport,airports,http://commons.wikimedia.org/wiki/Special:FilePath/Esenboga%20International%20Airport%20Ankara%20Turkey.jpg,Turkey,https://en.wikipedia.org/wiki/Ankara_Esenbo%C4%9Fa_Airport,40.128055555,32.995
Q432334,Alfredo Vásquez Cobo International Airport,airports,http://commons.wikimedia.org/wiki/Special:FilePath/Alfredo%20V%C3%A1squez%20Cobo%20International%20Airport.jpg,Colombia,https://en.wikipedia.org/wiki/Alfredo_V%C3%A1squez_Cobo_International_Airport,-4.193333333,-69.943055555
Q459096,Dallas/Fort Worth International Airport,airports,http://commons.wikimedia.org/wiki/Special:FilePath/DFWAirportOverview.jpg,United States,https://en.wikipedia.org/wiki/Dallas_Fort_Worth_International_Airport,32.896944444,-97.038055555
Q461793,Cairo International Airport,airports,http://commons.wikimedia.org/wiki/Special:FilePath/Cairo%20Int.%20Airport%20-%20NASA.JPG,Egypt,https://en.wikipedia.org/wiki/Cairo_International_Airport,30.121944444,31.405555555
Q465071,Warsaw Chopin Airport,airports,http://commons.wikimedia.org/wiki/Special:FilePath/Lotnisko%20Chopina%20w%20Warszawie%202018b.jpg,Poland,https://en.wikipedia.org/wiki/Warsaw_Chopin_Airport,52.165833333,20.967222222
Q466786,Newark Liberty International Airport,airports,http://commons.wikimedia.org/wiki/Special:FilePath/Newark%20Liberty%20International%20Airport%20from%20the%20Air.jpg,United States,https://en.wikipedia.org/wiki/Newark_Liberty_International_Airport,40.6925,-74.1686
Q466835,Washington Dulles International Airport,airports,http://commons.wikimedia.org/wiki/Special:FilePath/2020%20Dulles%20International%20Airport%2003.jpg,United States,https://en.wikipedia.org/wiki/Dulles_International_Airport,38.944444,-77.455833
Q474632,Cairns Airport,airports,http://commons.wikimedia.org/wiki/Special:FilePath/Cairns%20Airport.JPG,Australia,https://en.wikipedia.org/wiki/Cairns_Airport,-16.885833333,145.755277777
Q477677,Boryspil International Airport,airports,http://commons.wikimedia.org/wiki/Special:FilePath/%D0%90%D1%8D%D1%80%D0%BE%D0%BF%D1%80%D1%82%20%D0%91%D0%BE%D1%80%D0%B8%D1%81%D0%BF%D0%BE%D0%BB%D1%8C%20%D1%81%D1%82%D0%BE%D1%8F%D0%BD%D0%BA%D0%B8%20%D1%81%D0%B0%D0%BC%D0%BE%D0%BB%D0%B5%D1%82%D0%BE%D0%B2.%20%D0%A4%D0%BE%D1%82%D0%BE%20%D0%92%D0%B8%D0%BA%D1%82%D0%BE%D1%80%D0%B0%20%D0%91%D0%B5%D0%BB%D0%BE%D1%83%D1%81%D0%BE%D0%B2%D0%B0%20-%20panoramio%20%281%29.jpg,Ukraine,https://en.wikipedia.org/wiki/Boryspil_International_Airport,50.344722222,30.893333333
Q478595,Tan Son Nhat International Airport,airports,http://commons.wikimedia.org/wiki/Special:FilePath/Tan%20Son%20Nhat%20International%20Airport%20at%20night%20%2812088245464%29.jpg,Vietnam,https://en.wikipedia.org/wiki/Tan_Son_Nhat_International_Airport,10.8188,106.652
Q482315,Amílcar Cabral International Airport,airports,http://commons.wikimedia.org/wiki/Special:FilePath/GVAC%20SID.jpg,Cape Verde,https://en.wikipedia.org/wiki/Am%C3%ADlcar_Cabral_International_Airport,16.737588888,-22.950016666
Q482493,Gimpo International Airport,airports,http://commons.wikimedia.org/wiki/Special:FilePath/Gimpo%20International%20Airport%20%281%29.jpg,South Korea,https://en.wikipedia.org/wiki/Gimpo_International_Airport,37.556944444,126.7975
Q482497,Jeju International Airport,airports,http://commons.wikimedia.org/wiki/Special:FilePath/Jeju%20Air.JPG,South Korea,https://en.wikipedia.org/wiki/Jeju_International_Airport,33.512222222,126.492777777
Q483223,Gimhae International Airport,airports,http://commons.wikimedia.org/wiki/Special:FilePath/Gimhae%20International%20Airport.jpg,South Korea,https://en.wikipedia.org/wiki/Gimhae_International_Airport,35.180555555,128.938055555
Q483254,Daegu International Airport,airports,http://commons.wikimedia.org/wiki/Special:FilePath/Daegu%20International%20Airport%2020161012.jpg,South Korea,https://en.wikipedia.org/wiki/Daegu_International_Airport,35.894166666,128.658888888
Q483469,Yangyang International Airport,airports,http://commons.wikimedia.org/wiki/Special:FilePath/Yangyang%20International%20Airport%2020130829.jpg,South Korea,https://en.wikipedia.org/wiki/Yangyang_International_Airport,38.061388888,128.669166666
Q483675,Cheongju International Airport,airports,http://commons.wikimedia.org/wiki/Special:FilePath/Cheongju%20airport%2020090404.jpg,South Korea,https://en.wikipedia.org/wiki/Cheongju_International_Airport,36.716388888,127.499166666
Q491767,Pyongyang International Airport,airports,http://commons.wikimedia.org/wiki/Special:FilePath/North%20Korea-Pyongyang-Sunan%20International%20Airport-02.jpg,North Korea,https://en.wikipedia.org/wiki/Pyongyang_International_Airport,39.223888888,125.67
Q500253,Kuala Lumpur International Airport,airports,http://commons.wikimedia.org/wiki/Special:FilePath/KLIA%20MTB%26Tower.jpg,Malaysia,https://en.wikipedia.org/wiki/Kuala_Lumpur_International_Airport,2.745556,101.709722
Q500945,Budapest Ferenc Liszt International Airport,airports,http://commons.wikimedia.org/wiki/Special:FilePath/Aeropark%20l%C3%A9gi%20felv%C3%A9telen.jpg,Hungary,https://en.wikipedia.org/wiki/Budapest_Ferenc_Liszt_International_Airport,47.439444444,19.261944444
Q501083,Gibraltar International Airport,airports,http://commons.wikimedia.org/wiki/Special:FilePath/Gibraltar%20airport.JPG,United Kingdom,https://en.wikipedia.org/wiki/Gibraltar_International_Airport,36.151111111,-5.349722222
Q502670,Chennai International Airport,airports,http://commons.wikimedia.org/wiki/Special:FilePath/Chennai%20airport%20view%204.jpeg,India,https://en.wikipedia.org/wiki/Chennai_International_Airport,12.982222222,80.163611111
Q503364,Kempegowda International Airport,airports,http://commons.wikimedia.org/wiki/Special:FilePath/Bengaluru-airport.jpg,India,https://en.wikipedia.org/wiki/Kempegowda_International_Airport,13.198888888,77.705555555
Q504368,Chhatrapati Shivaji Maharaj International Airport,airports,http://commons.wikimedia.org/wiki/Special:FilePath/Terminal%201C%20Overview.jpg,India,https://en.wikipedia.org/wiki/Chhatrapati_Shivaji_Maharaj_International_Airport,19.088611111,72.868055555
Q504382,İzmir Adnan Menderes Airport,airports,http://commons.wikimedia.org/wiki/Special:FilePath/Adnan%20Menderes%20Airport%20International%20Terminal.jpg,Turkey,https://en.wikipedia.org/wiki/%C4%B0zmir_Adnan_Menderes_Airport,38.289166666,27.155
Q505421,Riga International Airport,airports,http://commons.wikimedia.org/wiki/Special:FilePath/Riga%20Airport.JPG,Latvia,https://en.wikipedia.org/wiki/Riga_International_Airport,56.920833333,23.970833333
Q505572,Coimbatore Airport,airports,http://commons.wikimedia.org/wiki/Special:FilePath/Arrival%20terminal%20at%20CJB.JPG,India,https://en.wikipedia.org/wiki/Coimbatore_International_Airport,11.030528,77.041888
Q512128,Philadelphia International Airport,airports,http://commons.wikimedia.org/wiki/Special:FilePath/Philadelphia%20International%20Airport.jpg,United States,https://en.wikipedia.org/wiki/Philadelphia_International_Airport,39.871944,-75.241111
Q513689,Léopold Sédar Senghor International Airport,airports,http://commons.wikimedia.org/wiki/Special:FilePath/Aeroport%20LSS%20Dakar.jpg,Senegal,https://en.wikipedia.org/wiki/L%C3%A9opold_S%C3%A9dar_Senghor_International_Airport,14.743833,-17.479305
Q515522,Tulsa International Airport,airports,http://commons.wikimedia.org/wiki/Special:FilePath/Tulsa%20International%20Airport%20entrance.jpg,United States,https://en.wikipedia.org/wiki/Tulsa_International_Airport,36.198333333,-95.888055555
Q517037,Liepāja International Airport,airports,http://commons.wikimedia.org/wiki/Special:FilePath/LiepajaInternationalAirport.jpg,Latvia,https://en.wikipedia.org/wiki/Liep%C4%81ja_International_Airport,56.5175,21.096944444
Q517873,Bergamo-Il Caravaggio,airports,http://commons.wikimedia.org/wiki/Special:FilePath/Orio%20al%20Serio%20International%20Airport%202025.jpg,Italy,https://en.wikipedia.org/wiki/Milan_Bergamo_Airport,45.66547,9.69948
Q522432,Bălți International Airport,airports,http://commons.wikimedia.org/wiki/Special:FilePath/BaltiInternationalAirport1.JPG,Moldova,https://en.wikipedia.org/wiki/B%C4%83l%C8%9Bi_International_Airport,47.843055555,27.777222222
Q522496,Bonriki International Airport,airports,http://commons.wikimedia.org/wiki/Special:FilePath/NGTA.jpg,Kiribati,https://en.wikipedia.org/wiki/Bonriki_International_Airport,1.381666666,173.146944444
Q522898,Asmara International Airport,airports,http://commons.wikimedia.org/wiki/Special:FilePath/Eritrean%20Airlines%20Boeing%20767-200ER%20UR-SDV-1.jpg,Eritrea,https://en.wikipedia.org/wiki/Asmara_International_Airport,15.285,38.901667
Q525030,Nnamdi Azikiwe International Airport,airports,http://commons.wikimedia.org/wiki/Special:FilePath/20101001%201355%20D-ALEY.jpg,Nigeria,https://en.wikipedia.org/wiki/Nnamdi_Azikiwe_International_Airport,9.006805555,7.263194444
Q525486,Macau International Airport,airports,http://commons.wikimedia.org/wiki/Special:FilePath/Macao%20airport%20terminal.jpg,People's Republic of China,https://en.wikipedia.org/wiki/Macau_International_Airport,22.149445,113.591388
Q525609,Shah Amanat International Airport,airports,http://commons.wikimedia.org/wiki/Special:FilePath/ShahAmanatAirport-01.jpg,Bangladesh,https://en.wikipedia.org/wiki/Shah_Amanat_International_Airport,22.249722222,91.813333333
Q526488,Salt Lake City International Airport,airports,http://commons.wikimedia.org/wiki/Special:FilePath/Salt%20Lake%20City%20International%20Airport%20SLC.jpg,United States,https://en.wikipedia.org/wiki/Salt_Lake_City_International_Airport,40.788333333,-111.977777777
Q527031,Frank País Airport,airports,http://commons.wikimedia.org/wiki/Special:FilePath/Airport%20Holguin.JPG,Cuba,https://en.wikipedia.org/wiki/Frank_Pa%C3%ADs_Airport,20.788616017,-76.305662984
Q527157,Kuwait International Airport,airports,http://commons.wikimedia.org/wiki/Special:FilePath/%D9%85%D8%A8%D9%86%D9%89%20%D8%A7%D9%84%D8%B1%D9%83%D8%A7%D8%A8%204%20%D9%85%D8%B7%D8%A7%D8%B1%20%D8%A7%D9%84%D9%83%D9%88%D9%8A%D8%AA%20%D8%A7%D9%84%D8%AF%D9%88%D9%84%D9%8A.jpg,Kuwait,https://en.wikipedia.org/wiki/Kuwait_International_Airport,29.226777777,47.979972222
Q530773,Augusto C. Sandino International Airport,airports,http://commons.wikimedia.org/wiki/Special:FilePath/Sandino%20International%20Airport.jpg,Nicaragua,https://en.wikipedia.org/wiki/Augusto_C._Sandino_International_Airport,12.141666666,-86.168963888
Q531178,Daniel K. Inouye International Airport,airports,http://commons.wikimedia.org/wiki/Special:FilePath/Hawaiian%20Airlines%20pushback%20%285712614606%29.jpg,United States,https://en.wikipedia.org/wiki/Daniel_K._Inouye_International_Airport,21.318611,-157.9225
Q531481,Gaya Airport,airports,http://commons.wikimedia.org/wiki/Special:FilePath/Gaya%20Airport%20GAY.jpg,India,https://en.wikipedia.org/wiki/Gaya_Airport,24.744444444,84.951111111
Q534251,Nauru International Airport,airports,http://commons.wikimedia.org/wiki/Special:FilePath/Air-Nauru%201972.jpg,Nauru,https://en.wikipedia.org/wiki/Nauru_International_Airport,-0.547458333,166.9191
Q535161,José María Córdova International Airport,airports,http://commons.wikimedia.org/wiki/Special:FilePath/Aeropuerto%20JMC-Vista%20aerea.JPG,Colombia,https://en.wikipedia.org/wiki/Jos%C3%A9_Mar%C3%ADa_C%C3%B3rdova_International_Airport,6.167222222,-75.426666666
Q537950,Milwaukee Mitchell International Airport,airports,http://commons.wikimedia.org/wiki/Special:FilePath/Mke-airport.jpg,United States,https://en.wikipedia.org/wiki/Milwaukee_Mitchell_International_Airport,42.947222222,-87.896666666
Q539298,Florianópolis International Airport,airports,http://commons.wikimedia.org/wiki/Special:FilePath/HercilioLuz%20Airport%20Florianopolis.jpg,Brazil,https://en.wikipedia.org/wiki/Herc%C3%ADlio_Luz_International_Airport,-27.670277777,-48.5525
Q540273,Catania-Fontanarossa Airport,airports,http://commons.wikimedia.org/wiki/Special:FilePath/Aeroporto%20di%20catania%2C%20veduta%20etna.jpg,Italy,https://en.wikipedia.org/wiki/Catania%E2%80%93Fontanarossa_Airport,37.466666666,15.063888888
Q541858,Dr. Antonio Agostinho Neto International Airport,airports,http://commons.wikimedia.org/wiki/Special:FilePath/Construction%20site%20Angola%20International%20Airport1.jpg,Angola,https://en.wikipedia.org/wiki/Dr._Ant%C3%B3nio_Agostinho_Neto_International_Airport,-9.050480555,13.499966666
Q543335,Francisco Mendes International Airport,airports,http://commons.wikimedia.org/wiki/Special:FilePath/Francisco%20Mendes%20Airport.jpg,Cape Verde,https://en.wikipedia.org/wiki/Francisco_Mendes_International_Airport,14.9261,-23.4948
Q547124,Fergana International Airport,airports,http://commons.wikimedia.org/wiki/Special:FilePath/FerganaAirport.jpg,Uzbekistan,https://en.wikipedia.org/wiki/Fergana_International_Airport,40.358888888,71.745
Q555454,General Cipriano Castro International Airport,airports,http://commons.wikimedia.org/wiki/Special:FilePath/VIA%20AL%20AEROPUERTO%20%22SAN%20ANTONIO%22%20%282093157803%29.jpg,Venezuela,https://en.wikipedia.org/wiki/Juan_Vicente_G%C3%B3mez_International_Airport,7.84083333,-72.43972222
Q555863,Juan Gualberto Gómez Airport,airports,http://commons.wikimedia.org/wiki/Special:FilePath/Juan%20Gualberto%20G%C3%B3mez%20Airport%20overview%20Idaszak.jpg,Cuba,https://en.wikipedia.org/wiki/Juan_Gualberto_G%C3%B3mez_Airport,23.034444444,-81.435277777
Q555940,Juan Santamaría International Airport,airports,http://commons.wikimedia.org/wiki/Special:FilePath/TACA%20airplanes%20SJO%2004%202005.jpg,Costa Rica,https://en.wikipedia.org/wiki/Juan_Santamar%C3%ADa_International_Airport,9.993888888,-84.208888888
Q555952,Juan Manuel Gálvez International Airport,airports,http://commons.wikimedia.org/wiki/Special:FilePath/Roatan%20International%20Airport.jpg,Honduras,https://en.wikipedia.org/wiki/Juan_Manuel_G%C3%A1lvez_International_Airport,16.317316666,-86.526380555
Q556056,Joshua Mqabuko Nkomo International Airport,airports,http://commons.wikimedia.org/wiki/Special:FilePath/Air%20Zimbabwe%20B767-2N0ER%20%28Z-WPF%29%20at%20Joshua%20Mqabuko%20Nkomo%20International%20Airport.jpg,Zimbabwe,https://en.wikipedia.org/wiki/Joshua_Mqabuko_Nkomo_International_Airport,-20.017430555,28.617869444
Q558204,Abakan International Airport,airports,http://commons.wikimedia.org/wiki/Special:FilePath/Abakan%20Airport.jpg,Russia,https://en.wikipedia.org/wiki/Abakan_International_Airport,53.743277777,91.385861111
Q559107,Nanjing Lukou International Airport,airports,http://commons.wikimedia.org/wiki/Special:FilePath/%E5%8D%97%E4%BA%AC%E7%A6%84%E5%8F%A3%E6%9C%BA%E5%9C%BA%2C%202023-02-20.jpg,People's Republic of China,https://en.wikipedia.org/wiki/Nanjing_Lukou_International_Airport,31.742222222,118.861944444
Q570873,Damascus International Airport,airports,http://commons.wikimedia.org/wiki/Special:FilePath/Damascus%20International%20Airport%20Karakas-1.jpg,Syria,https://en.wikipedia.org/wiki/Damascus_International_Airport,33.411522222,36.515558333
Q571536,Tampa International Airport,airports,http://commons.wikimedia.org/wiki/Special:FilePath/American%20737%20at%20Tampa%20Airport.jpg,United States,https://en.wikipedia.org/wiki/Tampa_International_Airport,27.9798184,-82.534845
Q207421,Tungurahua volcano,peaks,http://commons.wikimedia.org/wiki/Special:FilePath/Volc%C3%A1n%20Tungurahua%20Riobamba%20-%20Ecuador.jpg,Ecuador,https://en.wikipedia.org/wiki/Tungurahua,-1.466944444,-78.441666666
Q207678,Mount Sinabung,peaks,http://commons.wikimedia.org/wiki/Special:FilePath/Sinabung.jpg,Indonesia,https://en.wikipedia.org/wiki/Mount_Sinabung,3.17,98.391944444
Q207680,Mount Kazbek,peaks,http://commons.wikimedia.org/wiki/Special:FilePath/Mkinvarcveri.jpg,Russia,https://en.wikipedia.org/wiki/Mount_Kazbek,42.696944444,44.518888888
Q214696,Mount Nyiragongo,peaks,http://commons.wikimedia.org/wiki/Special:FilePath/Lava%20Lake%20Nyiragongo%202.jpg,Democratic Republic of the Congo,https://en.wikipedia.org/wiki/Mount_Nyiragongo,-1.516666666,29.25
Q214916,Llullaillaco,peaks,http://commons.wikimedia.org/wiki/Special:FilePath/Habitat%20du%20Chinchilla%20brevicaudata%20-%20Lllullaillaco.jpg,Chile,https://en.wikipedia.org/wiki/Llullaillaco,-24.719722222,-68.536666666
Q242730,Mount Asama,peaks,http://commons.wikimedia.org/wiki/Special:FilePath/Mt.Asama%20%28From%20saku%20city%29.jpg,Japan,https://en.wikipedia.org/wiki/Mount_Asama,36.4,138.516666666
Q248770,Reventador,peaks,http://commons.wikimedia.org/wiki/Special:FilePath/Reventador%20volcano.jpg,Ecuador,https://en.wikipedia.org/wiki/Reventador,-0.076944444,-77.656111111
Q265585,Kentur Lokon,peaks,http://commons.wikimedia.org/wiki/Special:FilePath/Gunung%20Lokon.jpg,Indonesia,https://en.wikipedia.org/wiki/Mount_Lokon,1.358055555,124.791944444
Q267646,Mount Adams,peaks,http://commons.wikimedia.org/wiki/Special:FilePath/Mount%20Adams.jpg,United States,https://en.wikipedia.org/wiki/Mount_Adams_(Washington),46.202411111,-121.490894444
Q270158,Semeru,peaks,http://commons.wikimedia.org/wiki/Special:FilePath/Mount%20Semeru.jpg,Indonesia,https://en.wikipedia.org/wiki/Semeru,-8.1,112.916666666
Q275662,Mount Hood,peaks,http://commons.wikimedia.org/wiki/Special:FilePath/Mount%20Hood%20reflected%20in%20Mirror%20Lake%2C%20Oregon.jpg,United States,https://en.wikipedia.org/wiki/Mount_Hood,45.373611111,-121.695833333
Q312921,Cerro El Cóndor,peaks,http://commons.wikimedia.org/wiki/Special:FilePath/CerroElCondor6532mSeenFromEast.jpg,Argentina,https://en.wikipedia.org/wiki/Cerro_El_C%C3%B3ndor,-26.6309,-68.3614
Q312934,Cerro Tuzgle,peaks,http://commons.wikimedia.org/wiki/Special:FilePath/Cerro%20Tuzgle-01.JPG,Argentina,https://en.wikipedia.org/wiki/Cerro_Tuzgle,-24.056,-66.479
Q337974,Sabancaya,peaks,http://commons.wikimedia.org/wiki/Special:FilePath/Erupci%C3%B3n%20en%20el%20volc%C3%A1n%20Sabancaya%2C%20Per%C3%BA.jpg,Peru,https://en.wikipedia.org/wiki/Sabancaya,-15.786666666,-71.8575
Q352675,Mount Adatara,peaks,http://commons.wikimedia.org/wiki/Special:FilePath/Mount%20Adatara.JPG,Japan,https://en.wikipedia.org/wiki/Mount_Adatara,37.633333333,140.283333333
Q380084,Adwa,peaks,http://commons.wikimedia.org/wiki/Special:FilePath/Adwa.jpg,Ethiopia,https://en.wikipedia.org/wiki/Adwa_(volcano),10.07,40.84
Q385596,Mount Egon,peaks,http://commons.wikimedia.org/wiki/Special:FilePath/Gunung%20Egon%20volcano.jpg,Indonesia,https://en.wikipedia.org/wiki/Mount_Egon,-8.666666666,122.45
Q398404,Aguilera,peaks,http://commons.wikimedia.org/wiki/Special:FilePath/Aguilera%20Volcano.jpg,Chile,https://en.wikipedia.org/wiki/Aguilera_(volcano),-50.284585,-73.66839409
Q422713,Licancabur,peaks,http://commons.wikimedia.org/wiki/Special:FilePath/Volcan%20Licancabur%20Bolivia.jpg,Chile,https://en.wikipedia.org/wiki/Licancabur,-22.833611111,-67.882777777
Q455404,Amasing Hill,peaks,http://commons.wikimedia.org/wiki/Special:FilePath/%D0%92%D1%83%D0%BB%D0%BA%D0%B0%D0%BD%20%D0%90%D0%BC%D0%B0%D1%81%D0%B8%D0%BD%D0%B3%20%28%D0%A5%D0%B0%D0%BB%D1%8C%D0%BC%D0%B0%D1%85%D0%B5%D1%80%D0%B0%2C%20%D0%98%D0%BD%D0%B4%D0%BE%D0%BD%D0%B5%D0%B7%D0%B8%D1%8F%29.jpg,Indonesia,https://en.wikipedia.org/wiki/Amasing_Hill,-0.532222222,127.498055555
Q455963,Mount Apo,peaks,http://commons.wikimedia.org/wiki/Special:FilePath/The%20Ring%20of%20Mt.%20Apo.jpg,Philippines,https://en.wikipedia.org/wiki/Mount_Apo,6.9875,125.270833333
Q472705,Mount Meakan,peaks,http://commons.wikimedia.org/wiki/Special:FilePath/Volcano%20landcapes%20%2852357154676%29.jpg,Japan,https://en.wikipedia.org/wiki/Mount_Meakan,43.386111111,144.008888888
Q474428,Ampato,peaks,http://commons.wikimedia.org/wiki/Special:FilePath/AmpatoSabancaya.jpg,Peru,https://en.wikipedia.org/wiki/Ampato,-15.820555555,-71.88
Q497912,Mount Taylor,peaks,http://commons.wikimedia.org/wiki/Special:FilePath/MountTaylorNM.jpg,United States,https://en.wikipedia.org/wiki/Mount_Taylor_(New_Mexico),35.238694444,-107.608527777
Q499108,Pico do Fogo,peaks,http://commons.wikimedia.org/wiki/Special:FilePath/Pico-94-117-13.jpg,Cape Verde,https://en.wikipedia.org/wiki/Pico_do_Fogo,14.949269444,-24.340369444
Q507179,Mount Cereme,peaks,http://commons.wikimedia.org/wiki/Special:FilePath/Gunung%20Ciremai%20sfw2503.jpg,Indonesia,https://en.wikipedia.org/wiki/Mount_Ciremai,-6.891944444,108.4
Q525281,Mount Saint Catherine,peaks,http://commons.wikimedia.org/wiki/Special:FilePath/Mount%20Saint%20Catherine%20Summit.jpg,Grenada,https://en.wikipedia.org/wiki/Mount_Saint_Catherine_(Grenada),12.162222222,-61.675277777
Q531642,Mount Aniakchak,peaks,http://commons.wikimedia.org/wiki/Special:FilePath/Aniakchak-caldera%20alaska.jpg,United States,https://en.wikipedia.org/wiki/Mount_Aniakchak,56.907222222,-158.148888888
Q538300,Mount Lamongan,peaks,http://commons.wikimedia.org/wiki/Special:FilePath/Lamongan.jpg,Indonesia,https://en.wikipedia.org/wiki/Mount_Lamongan,-7.979,113.342
Q546823,Volcán Cerro Machín,peaks,http://commons.wikimedia.org/wiki/Special:FilePath/Cerro%20Machin%202016-12-15.jpg,Colombia,https://en.wikipedia.org/wiki/Cerro_Mach%C3%ADn,4.483333333,-75.391666666
Q548489,Ijen,peaks,http://commons.wikimedia.org/wiki/Special:FilePath/Ijen%20volcano.jpg,Indonesia,https://en.wikipedia.org/wiki/Ijen,-8.058,114.242
Q571805,Baluran,peaks,http://commons.wikimedia.org/wiki/Special:FilePath/COLLECTIE%20TROPENMUSEUM%20De%20vulkaan%20Beloeran%20aan%20de%20Oostkust%20van%20Java%20vanuit%20zee%20TMnr%2010004116.jpg,Indonesia,https://en.wikipedia.org/wiki/Baluran,-7.846388888,114.362222222
Q572865,Misti,peaks,http://commons.wikimedia.org/wiki/Special:FilePath/El%20misti.jpg,Peru,https://en.wikipedia.org/wiki/Misti,-16.296388888,-71.410555555
Q575665,Tatun Volcano Group,peaks,http://commons.wikimedia.org/wiki/Special:FilePath/Mount%20Qixing%20under%20clear%20sky%20on%2013th%20February%202016.jpg,Taiwan,https://en.wikipedia.org/wiki/Tatun_Volcanic_Group,25.17139,121.555
Q578777,Nevado Mismi,peaks,http://commons.wikimedia.org/wiki/Special:FilePath/Nevado%20Mismi.jpg,Peru,https://en.wikipedia.org/wiki/Mismi,-15.525277777,-71.690833333
Q580131,Mountain Slamet,peaks,http://commons.wikimedia.org/wiki/Special:FilePath/Gunung%20Slamet%20dari%20Kr%20Salam.jpg,Indonesia,https://en.wikipedia.org/wiki/Mount_Slamet,-7.239,109.22
Q594205,Casiri,peaks,http://commons.wikimedia.org/wiki/Special:FilePath/Nevados%20Casiri.jpg,Peru,https://en.wikipedia.org/wiki/Casiri_(Tacna),-17.46666667,-69.81333333
Q594387,Mount Baker,peaks,http://commons.wikimedia.org/wiki/Special:FilePath/Mount%20Baker%2022101.JPG,United States,https://en.wikipedia.org/wiki/Mount_Baker,48.7773426,-121.8132008
Q594726,Volcan Baru,peaks,http://commons.wikimedia.org/wiki/Special:FilePath/Volcan%20baru.jpg,Panama,https://en.wikipedia.org/wiki/Volc%C3%A1n_Bar%C3%BA,8.808,-82.543
Q598893,Mountain Merbabu,peaks,http://commons.wikimedia.org/wiki/Special:FilePath/Pemandangan%20Merbabu%20dari%20Kota%20Salatiga%20%281%29.jpg,Indonesia,https://en.wikipedia.org/wiki/Mount_Merbabu,-7.455,110.44
Q620860,Mount Unzen,peaks,http://commons.wikimedia.org/wiki/Special:FilePath/Unzen%20pyroclastic%20and%20lahar%20deposits.jpg,Japan,https://en.wikipedia.org/wiki/Mount_Unzen,32.761342,130.298694
Q626809,Mount Arayat,peaks,http://commons.wikimedia.org/wiki/Special:FilePath/JfCambaHiway0001PostArayat%2CPampangafvf%2011.JPG,Philippines,https://en.wikipedia.org/wiki/Mount_Arayat,15.2,120.742
Q639727,Uturuncu,peaks,http://commons.wikimedia.org/wiki/Special:FilePath/Uturuncu.jpg,Bolivia,https://en.wikipedia.org/wiki/Uturuncu,-22.264488888,-67.186919444
Q653780,Mount Moffett,peaks,http://commons.wikimedia.org/wiki/Special:FilePath/Mount%20Moffett.jpg,United States,https://en.wikipedia.org/wiki/Mount_Moffett,51.9333,-176.742
Q664059,Iztaccihuatl,peaks,http://commons.wikimedia.org/wiki/Special:FilePath/Mujerdormida%202018%201544.jpg,Mexico,https://en.wikipedia.org/wiki/Iztaccihuatl,19.177995,-98.64183
Q665399,Arjuno-Welirang,peaks,http://commons.wikimedia.org/wiki/Special:FilePath/Mount%20Arjuna.jpg,Indonesia,https://en.wikipedia.org/wiki/Arjuno-Welirang,-7.765,112.589722222
Q669559,Mount Salak,peaks,http://commons.wikimedia.org/wiki/Special:FilePath/Mount%20Salak.JPG,Indonesia,https://en.wikipedia.org/wiki/Mount_Salak,-6.715833333,106.733611111
Q670643,Gunung Malabar,peaks,http://commons.wikimedia.org/wiki/Special:FilePath/COLLECTIE%20TROPENMUSEUM%20Landschap%20met%20gezicht%20op%20de%20Goenoeng%20Malabar%20TMnr%2060011494.jpg,Indonesia,https://en.wikipedia.org/wiki/Mount_Malabar,-7.13,107.65
Q673994,Nevado de Toluca,peaks,http://commons.wikimedia.org/wiki/Special:FilePath/Vista%20del%20Nevado%20de%20Toluca.jpg,Mexico,https://en.wikipedia.org/wiki/Nevado_de_Toluca,19.108761,-99.755608
Q675072,Mountain Kendang,peaks,http://commons.wikimedia.org/wiki/Special:FilePath/COLLECTIE%20TROPENMUSEUM%20De%20Gunung%20Karang%20TMnr%2060016534.jpg,Indonesia,https://en.wikipedia.org/wiki/Mount_Kendang,-7.23,107.72
Q679590,Mount Bromo,peaks,http://commons.wikimedia.org/wiki/Special:FilePath/Mount%20Bromo%20closeup%20on%20sunrise%202.jpg,Indonesia,https://en.wikipedia.org/wiki/Mount_Bromo,-7.943055555,112.953888888
Q687491,Mount Pavlof,peaks,http://commons.wikimedia.org/wiki/Special:FilePath/Pavlof%20Volcano%20Alaska%20Peninsula%20NWR.jpg,United States,https://en.wikipedia.org/wiki/Mount_Pavlof,55.419444444,-161.895
Q705288,Mount Yufu,peaks,http://commons.wikimedia.org/wiki/Special:FilePath/Yuhudake.jpg,Japan,https://en.wikipedia.org/wiki/Mount_Yufu,33.282777777,131.390277777
Q713857,Mount Iwaki,peaks,http://commons.wikimedia.org/wiki/Special:FilePath/Iwakisan%2002.jpg,Japan,https://en.wikipedia.org/wiki/Mount_Iwaki,40.653333,140.306667
Q714555,Mount Rausu,peaks,http://commons.wikimedia.org/wiki/Special:FilePath/140828%20Mount%20Rausu%20Shiretoko%20Hokkaido%20Japan01s3.jpg,Japan,https://en.wikipedia.org/wiki/Mount_Rausu,44.075833333,145.1225
Q714564,Mount Shari,peaks,http://commons.wikimedia.org/wiki/Special:FilePath/140828%20Mount%20Shari%20Hokkaido%20Japan01b6s3.jpg,Japan,https://en.wikipedia.org/wiki/Mount_Shari,43.765555555,144.718055555
Q714605,Mount Bandai,peaks,http://commons.wikimedia.org/wiki/Special:FilePath/Mt.Bandai%2010.jpg,Japan,https://en.wikipedia.org/wiki/Mount_Bandai,37.600833333,140.072222222
Q715491,Hokkaidō Koma-ga-take,peaks,http://commons.wikimedia.org/wiki/Special:FilePath/Mount%20Hokkaido%20Komagatake%20in%20winter%20202601.jpg,Japan,https://en.wikipedia.org/wiki/Hokkaido_Koma-ga-take,42.063333333,140.677222222
Q715498,Daisen,peaks,http://commons.wikimedia.org/wiki/Special:FilePath/Daisen%2001.jpg,Japan,https://en.wikipedia.org/wiki/Mount_Daisen,35.371111,133.546389
Q717458,Mount Myōkō,peaks,http://commons.wikimedia.org/wiki/Special:FilePath/Mt%20Myoko%20-%20panoramio.jpg,Japan,https://en.wikipedia.org/wiki/Mount_My%C5%8Dk%C5%8D,36.89138,138.11339
Q729873,Mount Somma,peaks,http://commons.wikimedia.org/wiki/Special:FilePath/Monte%20Vesubio%20%28desde%20sat%C3%A9lite%29.jpg,Italy,https://en.wikipedia.org/wiki/Mount_Somma,40.821666666,14.426111111
Q734280,Illinizas,peaks,http://commons.wikimedia.org/wiki/Special:FilePath/Illiniza%20Route-a%202012.jpg,Ecuador,https://en.wikipedia.org/wiki/Illiniza,-0.659444444,-78.713611111
Q737859,Mount Karisimbi,peaks,http://commons.wikimedia.org/wiki/Special:FilePath/Karisimbi2.jpg,Democratic Republic of the Congo,https://en.wikipedia.org/wiki/Mount_Karisimbi,-1.5,29.45
Q742216,Pichincha Volcano,peaks,http://commons.wikimedia.org/wiki/Special:FilePath/Rucu%20Pichincha%20and%20Trail.jpg,Ecuador,https://en.wikipedia.org/wiki/Pichincha_(volcano),-0.177222222,-78.598888888
Q748355,Mount Shasta,peaks,http://commons.wikimedia.org/wiki/Special:FilePath/North%20face%20of%20Mount%20Shasta%20at%20sunset-2175.jpg,United States,https://en.wikipedia.org/wiki/Mount_Shasta,41.409197222,-122.194888888
Q753140,volcano Atacazo,peaks,http://commons.wikimedia.org/wiki/Special:FilePath/Atacazo%20volcano.jpg,Ecuador,https://en.wikipedia.org/wiki/Atacazo,-0.357222222,-78.619166666
Q754734,Cayambe,peaks,http://commons.wikimedia.org/wiki/Special:FilePath/Volcan%20Cayambe.JPG,Ecuador,https://en.wikipedia.org/wiki/Cayambe_(volcano),0.0239,-77.9888
Q766490,Mount Bachelor,peaks,http://commons.wikimedia.org/wiki/Special:FilePath/Mount%20Bachelor%20closeup.jpg,United States,https://en.wikipedia.org/wiki/Mount_Bachelor,43.979166666,-121.688333333
Q781529,Gunung Soputanpatepangan,peaks,http://commons.wikimedia.org/wiki/Special:FilePath/Soputan.jpg,Indonesia,https://en.wikipedia.org/wiki/Soputan,1.112,124.736
Q791817,Mount Awu,peaks,http://commons.wikimedia.org/wiki/Special:FilePath/Mount%20Awu%20Crater.jpg,Indonesia,https://en.wikipedia.org/wiki/Mount_Awu,3.68128,125.45387
Q792922,Mount Ayalu,peaks,http://commons.wikimedia.org/wiki/Special:FilePath/Ayelu%20volcano.jpg,Ethiopia,https://en.wikipedia.org/wiki/Mount_Hazalo,10.082222222,40.701666666
Q804315,Bakening,peaks,http://commons.wikimedia.org/wiki/Special:FilePath/Bakening%20volcano.jpg,Russia,https://en.wikipedia.org/wiki/Bakening,53.905,158.066666666
Q807265,Baransky,peaks,http://commons.wikimedia.org/wiki/Special:FilePath/%D0%9E%D1%81%D1%82%D1%80%D0%BE%D0%B2%20%D0%98%D1%82%D1%83%D1%80%D1%83%D0%BF.%20%D0%92%D1%83%D0%BB%D0%BA%D0%B0%D0%BD%20%D0%91%D0%B0%D1%80%D0%B0%D0%BD%D1%81%D0%BA%D0%BE%D0%B3%D0%BE.jpg,Russia,https://en.wikipedia.org/wiki/Baransky,45.103333333,148.015555555
Q811048,Batu Tara,peaks,http://commons.wikimedia.org/wiki/Special:FilePath/Ash%20Plume%20from%20Batu%20Tara%202010-03-15%20lrg.jpg,Indonesia,https://en.wikipedia.org/wiki/Mount_Batutara,-7.791666666,123.579166666
Q818467,Volcán Tajumulco,peaks,http://commons.wikimedia.org/wiki/Special:FilePath/Tajumulco%20volcano%2001.jpg,Guatemala,https://en.wikipedia.org/wiki/Volc%C3%A1n_Tajumulco,15.033333333,-91.9
Q826942,Mount Griggs,peaks,http://commons.wikimedia.org/wiki/Special:FilePath/MountGriggs.jpg,United States,https://en.wikipedia.org/wiki/Mount_Griggs,58.353888888,-155.091666666
Q827728,Mount Kerinci,peaks,http://commons.wikimedia.org/wiki/Special:FilePath/Uprising-mount%20kerinci.jpg,Indonesia,https://en.wikipedia.org/wiki/Mount_Kerinci,-1.696944,101.264444
Q839630,Koryaksky,peaks,http://commons.wikimedia.org/wiki/Special:FilePath/D0807I14-HarbourTour.jpg,Russia,https://en.wikipedia.org/wiki/Koryaksky,53.316666666,158.683333333
Q845239,Soufrière Hills,peaks,http://commons.wikimedia.org/wiki/Special:FilePath/Soufriere%20Hills.jpg,United Kingdom,https://en.wikipedia.org/wiki/Soufri%C3%A8re_Hills,16.716666666,-62.183333333
Q847323,Rinjani,peaks,http://commons.wikimedia.org/wiki/Special:FilePath/Gunung%20Rinjani%20dari%20Jalur%20Sembalun.jpg,Indonesia,https://en.wikipedia.org/wiki/Mount_Rinjani,-8.416666666,116.466666666
Q850051,Taranaki Maunga,peaks,http://commons.wikimedia.org/wiki/Special:FilePath/Mount%20Taranaki%20or%20Mount%20Egmont%2C%20New%20Zealand.jpg,New Zealand,https://en.wikipedia.org/wiki/Mount_Taranaki,-39.296388888,174.064722222
Q856875,Cabaray,peaks,http://commons.wikimedia.org/wiki/Special:FilePath/Cabaray.jpg,Bolivia,https://en.wikipedia.org/wiki/Cabaray,-19.145833333,-68.698333333
Q858516,Big Ben,peaks,http://commons.wikimedia.org/wiki/Special:FilePath/Lava%20Flow%20on%20Mawson%20Peak%2C%20Heard%20Island.jpg,Australia,https://en.wikipedia.org/wiki/Big_Ben_(Heard_Island),-53.101388888,73.511944444
Q862760,Kronotsky,peaks,http://commons.wikimedia.org/wiki/Special:FilePath/Kronotsky%20volcano.jpg,Russia,https://en.wikipedia.org/wiki/Kronotsky,54.75,160.516666666
Q869065,Corazón volcano,peaks,http://commons.wikimedia.org/wiki/Special:FilePath/Volc%C3%A1n%20Coraz%C3%B3n%2C%20Pichincha.jpg,Ecuador,https://en.wikipedia.org/wiki/Coraz%C3%B3n_(volcano),-0.533333333,-78.666666666
Q911748,Gunung Galunggung,peaks,http://commons.wikimedia.org/wiki/Special:FilePath/Galunggung.jpg,Indonesia,https://en.wikipedia.org/wiki/Galunggung,-7.2567315,108.0770588
Q937424,Mentolat,peaks,http://commons.wikimedia.org/wiki/Special:FilePath/Mentolat-volcano-from-nw%20chile-aysen-region.jpg,Chile,https://en.wikipedia.org/wiki/Mentolat,-44.696666666,-73.075833333
Q946035,Coropuna,peaks,http://commons.wikimedia.org/wiki/Special:FilePath/Coropuna%20Volcano.jpg,Peru,https://en.wikipedia.org/wiki/Coropuna,-15.520277777,-72.657222222
Q956331,Mount Wilis,peaks,http://commons.wikimedia.org/wiki/Special:FilePath/Wilis.jpg,Indonesia,https://en.wikipedia.org/wiki/Mount_Wilis,-7.808,111.758
Q988603,El Altar volcano,peaks,http://commons.wikimedia.org/wiki/Special:FilePath/Volc%C3%A1n%20El%20Altar%20-%20Riobamba%20Ecuador.jpg,Ecuador,https://en.wikipedia.org/wiki/El_Altar,-1.664166666,-78.411111111
Q422807,Tipas,peaks,http://commons.wikimedia.org/wiki/Special:FilePath/Cazadero.jpg,Argentina,https://en.wikipedia.org/wiki/Tipas,-27.2,-68.55
Q422965,Tromen,peaks,http://commons.wikimedia.org/wiki/Special:FilePath/VolcanTromen05.jpg,Argentina,https://en.wikipedia.org/wiki/Tromen,-37.142,-70.03
Q457596,Ambitle,peaks,http://commons.wikimedia.org/wiki/Special:FilePath/Feni%20Islands%20NASA.jpg,Papua New Guinea,https://en.wikipedia.org/wiki/Ambitle,-4.080833333,153.621388888
Q457606,Q457606,peaks,http://commons.wikimedia.org/wiki/Special:FilePath/AmbitleTopography.png,Papua New Guinea,,-4.065277777,153.619444444
Q481441,Mount Amukta,peaks,http://commons.wikimedia.org/wiki/Special:FilePath/MountAmukta.jpg,United States,https://en.wikipedia.org/wiki/Mount_Amukta,52.497777777,-171.254722222
Q489647,Andagua volcanic field,peaks,http://commons.wikimedia.org/wiki/Special:FilePath/Valley%20of%20the%20Volcanoes.jpg,Peru,https://en.wikipedia.org/wiki/Andagua_volcanic_field,-15.257,-72.483
Q98603270,Große Keltenschanze,history_and_mysteries,http://commons.wikimedia.org/wiki/Special:FilePath/Keltenanlage%20Brehmen%20Nordflanke.jpg,Germany,,49.570583333,9.573416666
Q511443,Mallahle,peaks,http://commons.wikimedia.org/wiki/Special:FilePath/Nabro%20and%20Mallahle%20Volcanoes-NASA.jpg,Ethiopia,https://en.wikipedia.org/wiki/Mallahle,13.277,41.655
Q521660,Sierra Nevada,peaks,http://commons.wikimedia.org/wiki/Special:FilePath/Lago%20Conguillio.jpg,Chile,https://en.wikipedia.org/wiki/Sierra_Nevada_(stratovolcano),-38.587062,-71.58923149
Q524216,Atsonupuri,peaks,http://commons.wikimedia.org/wiki/Special:FilePath/Atsonupuri%2020070718011232.jpg,Russia,https://en.wikipedia.org/wiki/Atsonupuri,44.807222222,147.1275
Q524954,Mount Taftan,peaks,http://commons.wikimedia.org/wiki/Special:FilePath/Taftan%20Volcano.jpg,Iran,https://en.wikipedia.org/wiki/Taftan_(volcano),28.6,61.133333333
Q538601,Terevaka,peaks,http://commons.wikimedia.org/wiki/Special:FilePath/Ma%CA%BBunga%20Terevaka.jpg,Chile,https://en.wikipedia.org/wiki/Terevaka,-27.084444444,-109.379444444
Q547770,Tyatya,peaks,http://commons.wikimedia.org/wiki/Special:FilePath/KunashirISS005-E-9401.PNG,Russia,https://en.wikipedia.org/wiki/Tyatya,44.353888888,146.250833333
Q548229,Reclus,peaks,http://commons.wikimedia.org/wiki/Special:FilePath/Amalia%20Glacier%20Chile%202007-12-28.JPG,Chile,https://en.wikipedia.org/wiki/Reclus_(volcano),-50.939533,-73.63715172
Q556594,Ankaratra,peaks,http://commons.wikimedia.org/wiki/Special:FilePath/Ankaratra.jpg,Madagascar,https://en.wikipedia.org/wiki/Ankaratra,-19.349777777,47.243341666
Q568090,Puy Griou,peaks,http://commons.wikimedia.org/wiki/Special:FilePath/PuyGriou.JPG,France,https://en.wikipedia.org/wiki/Puy_Griou,45.0803,2.70611
Q575891,Volcán Momotombo,peaks,http://commons.wikimedia.org/wiki/Special:FilePath/Momotombo.jpg,Nicaragua,https://en.wikipedia.org/wiki/Momotombo,12.4247007,-86.5384954
Q576542,Anton Dohrn Seamount,peaks,http://commons.wikimedia.org/wiki/Special:FilePath/Rockall%20Trough.jpg,United Kingdom,https://en.wikipedia.org/wiki/Anton_Dohrn_Seamount,57.5,-11.0
Q576906,Mount Mageik,peaks,http://commons.wikimedia.org/wiki/Special:FilePath/MountMageik.jpg,United States,https://en.wikipedia.org/wiki/Mount_Mageik,58.195,-155.253
Q576985,Antillanca Group,peaks,http://commons.wikimedia.org/wiki/Special:FilePath/DonPedro%20Antillanca.jpg,Chile,https://en.wikipedia.org/wiki/Antillanca_Group,-40.774722222,-72.156388888
Q577482,Cerro Solo,peaks,http://commons.wikimedia.org/wiki/Special:FilePath/Solo-from-north.jpg,Chile,https://en.wikipedia.org/wiki/Cerro_Solo,-27.108333333,-68.716666666
Q577700,Puyehue-Cordón Caulle,peaks,http://commons.wikimedia.org/wiki/Special:FilePath/Puyehue%20Lake%20with%20Puyehue%20volcano%20in%20the%20background.jpg,Chile,https://en.wikipedia.org/wiki/Puyehue-Cord%C3%B3n_Caulle,-40.590277777,-72.117222222
Q578799,Malinche,peaks,http://commons.wikimedia.org/wiki/Special:FilePath/La%20Malinche%20%28volc%C3%A1n%29.jpg,Mexico,https://en.wikipedia.org/wiki/Malinche_(volcano),19.23083333,-98.03194444
Q98603336,Kleine Keltenschanze,history_and_mysteries,http://commons.wikimedia.org/wiki/Special:FilePath/Keltenanlage%20Brehmen%20Kleine%20Schanze.jpg,Germany,,49.566472222,9.575055555
Q587915,Makian,peaks,http://commons.wikimedia.org/wiki/Special:FilePath/Makian%20volcano.jpg,Indonesia,https://en.wikipedia.org/wiki/Makian,0.333333333,127.366666666
Q590920,Cerro Bravo,peaks,http://commons.wikimedia.org/wiki/Special:FilePath/Cerro%20Bravo.jpg,Colombia,https://en.wikipedia.org/wiki/Cerro_Bravo,5.089166666,-75.292222222
Q605355,Rábida Island,peaks,http://commons.wikimedia.org/wiki/Special:FilePath/R%C3%A1bida%20Island.jpg,Ecuador,https://en.wikipedia.org/wiki/R%C3%A1bida_Island,-0.413,-90.709
Q995640,Sairecabur,peaks,http://commons.wikimedia.org/wiki/Special:FilePath/Sairecabur%20Westen%20Chile.jpg,Chile,https://en.wikipedia.org/wiki/Sairecabur,-22.718888888,-67.890555555
Q1018862,Bárðarbunga,peaks,http://commons.wikimedia.org/wiki/Special:FilePath/Vatnaj%C3%B6kull.jpeg,Iceland,https://en.wikipedia.org/wiki/B%C3%A1r%C3%B0arbunga,64.640833333,-17.527777777
Q1024704,Cabalian Volcano,peaks,http://commons.wikimedia.org/wiki/Special:FilePath/Montes%20Cabaliani.jpg,Philippines,https://en.wikipedia.org/wiki/Cabalian_Volcano,10.28555556,125.21777778
Q1067452,Concepción,peaks,http://commons.wikimedia.org/wiki/Special:FilePath/Moyogalpa%20Puerto.jpg,Nicaragua,https://en.wikipedia.org/wiki/Concepci%C3%B3n_(volcano),11.533333333,-85.616666666
Q1112205,Zhupanovsky,peaks,http://commons.wikimedia.org/wiki/Special:FilePath/Zhupanovsky%20volcano.jpg,Russia,https://en.wikipedia.org/wiki/Zhupanovsky,53.59,159.3147
Q1112255,Dzenzursky,peaks,http://commons.wikimedia.org/wiki/Special:FilePath/Dzenzursky.jpg,Russia,https://en.wikipedia.org/wiki/Dzenzursky,53.637,158.922
Q1112273,Kambalny,peaks,http://commons.wikimedia.org/wiki/Special:FilePath/Kambalny.jpg,Russia,https://en.wikipedia.org/wiki/Kambalny,51.3,156.866666666
Q1112372,Zheltovsky,peaks,http://commons.wikimedia.org/wiki/Special:FilePath/ISS039-E-14786%20-%20View%20of%20Russia.jpg,Russia,https://en.wikipedia.org/wiki/Zheltovsky,51.5771,157.3281
Q1125445,Mount Tendürek,peaks,http://commons.wikimedia.org/wiki/Special:FilePath/The%20Structure%20Claimed%20to%20be%20the%20Noah%27s%20Ark%20near%20the%20Mount%20Ararat%20in%20Turkey.jpg,Turkey,https://en.wikipedia.org/wiki/Mount_Tend%C3%BCrek,39.35486,43.86703
Q1138683,Mount Mihara,peaks,http://commons.wikimedia.org/wiki/Special:FilePath/Izu-Oshima-IMG%204759.jpg,Japan,https://en.wikipedia.org/wiki/Mount_Mihara,34.724444444,139.394722222
Q1139121,Gareloi Volcano,peaks,http://commons.wikimedia.org/wiki/Special:FilePath/Gareloi.jpg,United States,https://en.wikipedia.org/wiki/Mount_Gareloi,51.786666666,-178.803055555
Q1139840,Puntiagudo-Cordón Cenizos,peaks,http://commons.wikimedia.org/wiki/Special:FilePath/Volcan%20Puntiagudo.jpg,Chile,https://en.wikipedia.org/wiki/Puntiagudo-Cord%C3%B3n_Cenizos,-40.969444444,-72.263888888
Q1140054,Kell,peaks,http://commons.wikimedia.org/wiki/Special:FilePath/Belenkaya.jpg,Russia,https://en.wikipedia.org/wiki/Kell_(volcano),51.65,157.35
Q98603396,Keltenschanzen,history_and_mysteries,http://commons.wikimedia.org/wiki/Special:FilePath/Keltenanlage%20Brehmen%20Wall%20und%20Graben.jpg,Germany,,49.57033,9.57433
Q98711429,Keltenschanze Schönfeld,history_and_mysteries,http://commons.wikimedia.org/wiki/Special:FilePath/Keltenschanze%20Sch%C3%B6nfeld%20%28Gro%C3%9Frinderfeld%29%20-%205.jpg,Germany,,49.7118,9.81315
Q1141849,Helgafell,peaks,http://commons.wikimedia.org/wiki/Special:FilePath/Helgafell%2C%20Heimaey%2C%20Islas%20Vestman%2C%20Su%C3%B0urland%2C%20Islandia%2C%202014-08-17%2C%20DD%20013.JPG,Iceland,https://en.wikipedia.org/wiki/Helgafell_(Vestmannaeyjab%C3%A6r),63.4293,-20.2601
Q1143300,Cuicocha,peaks,http://commons.wikimedia.org/wiki/Special:FilePath/Cuicocha%2C%20Ecuador.jpg,Ecuador,https://en.wikipedia.org/wiki/Cuicocha,0.300555555,-78.362777777
Q98799959,Q98799959,history_and_mysteries,http://commons.wikimedia.org/wiki/Special:FilePath/Keltenschanze%20B%C3%BCtthard%20West.jpg,Germany,,49.591333333,9.842194444
Q1146751,Ugashik-Peulik,peaks,http://commons.wikimedia.org/wiki/Special:FilePath/Peulik%20volcano%20Alaska.jpg,United States,https://en.wikipedia.org/wiki/Ugashik-Peulik,57.751,-156.368
Q1147502,Marchena Island,peaks,http://commons.wikimedia.org/wiki/Special:FilePath/Marchena%20Island.jpg,Ecuador,https://en.wikipedia.org/wiki/Marchena_Island,0.35,-90.5
Q1156943,Maderas,peaks,http://commons.wikimedia.org/wiki/Special:FilePath/Maderas%20seen%20from%20the%20South%20by%20ET.JPG,Nicaragua,https://en.wikipedia.org/wiki/Maderas,11.445833333,-85.515
Q1157658,Daisetsuzan Volcanic Group,peaks,http://commons.wikimedia.org/wiki/Special:FilePath/Daisetsu0001.jpg,Japan,https://en.wikipedia.org/wiki/Daisetsuzan_Volcanic_Group,43.65,142.85
Q1162021,Mount Masaraga,peaks,http://commons.wikimedia.org/wiki/Special:FilePath/Masaraga.jpg,Philippines,https://en.wikipedia.org/wiki/Mount_Masaraga,13.310277777,123.6
Q1189330,Mount Spurr,peaks,http://commons.wikimedia.org/wiki/Special:FilePath/Mount%20Spurr.jpg,United States,https://en.wikipedia.org/wiki/Mount_Spurr,61.299722222,-152.251388888
Q1189723,Mount Gharat,peaks,http://commons.wikimedia.org/wiki/Special:FilePath/Mount%20Gharat%20and%20Lake%20Letas.jpg,Vanuatu,https://en.wikipedia.org/wiki/Mount_Gharat,-14.2839,167.517
Q1189752,Quetrupillán,peaks,http://commons.wikimedia.org/wiki/Special:FilePath/Volcanoes%20Quetrupillan%20and%20Lanin.jpg,Chile,https://en.wikipedia.org/wiki/Quetrupill%C3%A1n,-39.49706,-71.72329903
Q1193964,Augustine Volcano,peaks,http://commons.wikimedia.org/wiki/Special:FilePath/Augustine%20Volcano%20Jan%2012%202006.jpg,United States,https://en.wikipedia.org/wiki/Augustine_Volcano,59.363333333,-153.433333333
Q1195352,Pinzón Island,peaks,http://commons.wikimedia.org/wiki/Special:FilePath/Galapagos%20Island%20Names.svg,Ecuador,https://en.wikipedia.org/wiki/Pinz%C3%B3n_Island,-0.6,-90.65
Q1200515,Descabezado Grande,peaks,http://commons.wikimedia.org/wiki/Special:FilePath/Descabezado.jpg,Chile,https://en.wikipedia.org/wiki/Descabezado_Grande,-35.583333333,-70.75
Q1249309,Pantelleria Island,peaks,http://commons.wikimedia.org/wiki/Special:FilePath/Ortofoto-piccola.jpg,Italy,https://en.wikipedia.org/wiki/Pantelleria_Island,36.783333333,12.0
Q1267547,Mount Mézenc,peaks,http://commons.wikimedia.org/wiki/Special:FilePath/Mont%20M%C3%A9zenc%20-%20France.JPG,France,https://en.wikipedia.org/wiki/Mont_M%C3%A9zenc,44.91111111,4.195
Q1288839,Svartsengi,peaks,http://commons.wikimedia.org/wiki/Special:FilePath/View%20from%20%C3%9Eorbj%C3%B6rn%2C%20Iceland%2C%2020230430%201524%203653.jpg,Iceland,https://en.wikipedia.org/wiki/Eldv%C3%B6rp%E2%80%93Svartsengi,63.87766,-22.44816
Q1289764,Gleiberg,peaks,http://commons.wikimedia.org/wiki/Special:FilePath/Gleiberg%20NNW.png,Germany,https://en.wikipedia.org/wiki/Gleiberg_(volcano),50.6151,8.63465
Q1290651,Hoherodskopf,peaks,http://commons.wikimedia.org/wiki/Special:FilePath/Hoherodskopf%20Vogelsberg.jpg,Germany,https://en.wikipedia.org/wiki/Hoherodskopf,50.511,9.227
Q1297541,Mount Bosavi,peaks,http://commons.wikimedia.org/wiki/Special:FilePath/Mount%20Bosavi%20pad%20pan.jpg,Papua New Guinea,https://en.wikipedia.org/wiki/Mount_Bosavi,-6.614166666,142.826666666
Q1301834,Mount Scenery,peaks,http://commons.wikimedia.org/wiki/Special:FilePath/Saba%20with%20cloud%20cover.jpg,Netherlands,https://en.wikipedia.org/wiki/Mount_Scenery,17.635,-63.239166666
Q1302768,Mount Hasan,peaks,http://commons.wikimedia.org/wiki/Special:FilePath/Vulkan%20Hasan%20Bagi.jpg,Turkey,https://en.wikipedia.org/wiki/Mount_Hasan,38.12652,34.16511
Q1308814,Nerother Kopf,peaks,http://commons.wikimedia.org/wiki/Special:FilePath/Nerother%20Kopf.JPG,Germany,https://en.wikipedia.org/wiki/Nerother_Kopf,50.1944,6.76083
Q1315012,Snæfellsjökull,peaks,http://commons.wikimedia.org/wiki/Special:FilePath/Sn%C3%A6fellsj%C3%B6kull%20in%20the%20Morning%20%287622876302%29%20%28cropped%29.jpg,Iceland,https://en.wikipedia.org/wiki/Sn%C3%A6fellsj%C3%B6kull,64.807120486,-23.77622792
Q1319361,Mount Kirishima,peaks,http://commons.wikimedia.org/wiki/Special:FilePath/Kirishima%20volcano%2020111125.jpg,Japan,https://en.wikipedia.org/wiki/Mount_Kirishima,31.916666666,130.866666666
Q106620175,Keltische Viereckschanze (Obermarchtal),history_and_mysteries,http://commons.wikimedia.org/wiki/Special:FilePath/Keltische%20Viereckschanze%20-%20Obermarchtal%20I.jpg,Germany,,48.224352777,9.560752777
Q1322653,Gorely,peaks,http://commons.wikimedia.org/wiki/Special:FilePath/%D0%92%D1%83%D0%BB%D0%BA%D0%B0%D0%BD%20%D0%93%D0%BE%D1%80%D0%B5%D0%BB%D1%8B%D0%B9%20%D0%9A%D0%B0%D0%BC%D1%87%D0%B0%D1%82%D0%BA%D0%B0.jpg,Russia,https://en.wikipedia.org/wiki/Gorely,52.558333333,158.033333333
Q1322666,Mount Sirung,peaks,http://commons.wikimedia.org/wiki/Special:FilePath/Gunung%20Sirung%20caldera.jpg,Indonesia,https://en.wikipedia.org/wiki/Mount_Sirung,-8.516666666,124.133333333
Q1324394,Cerro El Muerto,peaks,http://commons.wikimedia.org/wiki/Special:FilePath/Cerro%20El%20Muerto.jpg,Chile,https://en.wikipedia.org/wiki/Cerro_El_Muerto,-27.0575,-68.483888888
Q1324660,Tiger Island,peaks,http://commons.wikimedia.org/wiki/Special:FilePath/Isla%20del%20Tigre%20vista%20desde%20Coyolito.jpg,Honduras,https://en.wikipedia.org/wiki/Tiger_Island,13.265555555,-87.637777777
Q1327687,Volcán de Agua,peaks,http://commons.wikimedia.org/wiki/Special:FilePath/VolcanAguaPascuas.jpg,Guatemala,https://en.wikipedia.org/wiki/Volc%C3%A1n_de_Agua,14.465,-90.742777777
Q1330927,Puracé,peaks,http://commons.wikimedia.org/wiki/Special:FilePath/Volc%C3%A1n%20Purac%C3%A9%20from%20Popay%C3%A1n%20-%202006.jpg,Colombia,https://en.wikipedia.org/wiki/Purac%C3%A9,2.314166666,-76.394166666
Q1340711,Mehetia,peaks,http://commons.wikimedia.org/wiki/Special:FilePath/Mehetia%20NASA%202000.jpg,France,https://en.wikipedia.org/wiki/Meheti%CA%BBa,-17.866666666,-148.066666666
Q1347484,Merelava,peaks,http://commons.wikimedia.org/wiki/Special:FilePath/Mere%20Lava%20Landsat.jpg,Vanuatu,https://en.wikipedia.org/wiki/Merelava,-14.463936111,168.038291666
Q1360982,Ernstberg,peaks,http://commons.wikimedia.org/wiki/Special:FilePath/Erresberg.jpg,Germany,https://en.wikipedia.org/wiki/Ernstberg,50.2304,6.7691
Q1361324,Socorro Island,peaks,http://commons.wikimedia.org/wiki/Special:FilePath/Socorro%20Island.jpg,Mexico,https://en.wikipedia.org/wiki/Socorro_Island,18.784444444,-110.975
Q1362432,Scharteberg,peaks,http://commons.wikimedia.org/wiki/Special:FilePath/Scharteberg.jpg,Germany,https://en.wikipedia.org/wiki/Scharteberg,50.2179,6.7528
Q1367704,Esjufjöll,peaks,http://commons.wikimedia.org/wiki/Special:FilePath/Zodiac%20Boat%20on%20J%C3%B6kuls%C3%A1rl%C3%B3n%20-%202013.08%20-%20panoramio%20%28cropped%29.jpg,Iceland,https://en.wikipedia.org/wiki/Esjufj%C3%B6ll,64.254444444,-16.538055555
Q1373738,Mount Suribachi,peaks,http://commons.wikimedia.org/wiki/Special:FilePath/Iwo%20Jima%20Suribachi%20DN-SD-03-11845.JPEG,Japan,https://en.wikipedia.org/wiki/Mount_Suribachi,24.749030555,141.287783333
Q1374413,Teneguía,peaks,http://commons.wikimedia.org/wiki/Special:FilePath/Tenegu%C3%ADa%2C%20Geograf%C3%ADa%20de%20Fuentecaliente%2C%20La%20Palma%2C%20Espa%C3%B1a%2C%202015.jpg,Spain,https://en.wikipedia.org/wiki/Tenegu%C3%ADa,28.47333333,-17.85166667
Q1376373,Volcán Wolf,peaks,http://commons.wikimedia.org/wiki/Special:FilePath/Wolf%20volcano.jpg,Ecuador,https://en.wikipedia.org/wiki/Volc%C3%A1n_Wolf,0.033333333,-91.333333333
Q1377333,Mount Osore,peaks,http://commons.wikimedia.org/wiki/Special:FilePath/Mt%20osore-beach.jpg,Japan,https://en.wikipedia.org/wiki/Mount_Osore,41.279,141.12
Q1411801,Horns of Hattin,peaks,http://commons.wikimedia.org/wiki/Special:FilePath/Horns%20of%20Hattin.JPG,Israel,https://en.wikipedia.org/wiki/Horns_of_Hattin,32.799722222,35.459722222
Q1413846,Hengill,peaks,http://commons.wikimedia.org/wiki/Special:FilePath/Hengill%20behind%20Hveragerdi.jpg,Iceland,https://en.wikipedia.org/wiki/Hengill,64.085555555,-21.313611111
Q1417843,Hanish Islands,peaks,http://commons.wikimedia.org/wiki/Special:FilePath/Hanish.jpg,Yemen,https://en.wikipedia.org/wiki/Hanish_Islands,13.75,42.75
Q72303,Mount Ararat,peaks,http://commons.wikimedia.org/wiki/Special:FilePath/NEO%20ararat%20big.jpg,Turkey,https://en.wikipedia.org/wiki/Mount_Ararat,39.701944444,44.298333333
Q123157,Mountain Telomoyo,peaks,http://commons.wikimedia.org/wiki/Special:FilePath/Road%20to%20the%20summit%20of%20Mount%20Telomoyo.jpg,Indonesia,https://en.wikipedia.org/wiki/Mount_Telomoyo,-7.37,110.4
Q126589,Mount Butak,peaks,http://commons.wikimedia.org/wiki/Special:FilePath/Kawi-Butak.jpg,Indonesia,https://en.wikipedia.org/wiki/Mount_Butak,-7.92,112.45
Q126804,Mount Erciyes,peaks,http://commons.wikimedia.org/wiki/Special:FilePath/Turkey.Mount%20Erciyes01.jpg,Turkey,https://en.wikipedia.org/wiki/Mount_Erciyes,38.531666666,35.45
Q150081,Mount Kaba,peaks,http://commons.wikimedia.org/wiki/Special:FilePath/Gunung%20Kaba.jpg,Indonesia,https://en.wikipedia.org/wiki/Mount_Kaba,-3.52,102.62
Q184975,Hekla,peaks,http://commons.wikimedia.org/wiki/Special:FilePath/2006-05-21-153901%20Iceland%20St%C3%B3rin%C3%BApur.jpg,Iceland,https://en.wikipedia.org/wiki/Hekla,63.992222222,-19.665833333
Q42118,Mount Pulosari,peaks,http://commons.wikimedia.org/wiki/Special:FilePath/Gunung-pulosari-1.jpg,Indonesia,https://en.wikipedia.org/wiki/Pulosari_(volcano),-6.341666666,105.978333333
Q74158,Ulawun,peaks,http://commons.wikimedia.org/wiki/Special:FilePath/Ulawun.jpg,Papua New Guinea,https://en.wikipedia.org/wiki/Ulawun,-5.05,151.333333333
Q76309,Mount Pelée,peaks,http://commons.wikimedia.org/wiki/Special:FilePath/La%20Pel%C3%A9e%20vue%20du%20Carbet.jpg,France,https://en.wikipedia.org/wiki/Mount_Pel%C3%A9e,14.813055555,-61.165555555
Q107635,Baekdu Mountain,peaks,http://commons.wikimedia.org/wiki/Special:FilePath/Baitou%20Mountain%20Tianchi.jpg,People's Republic of China,https://en.wikipedia.org/wiki/Mount_Paektu,40.94,126.83
Q117822,Acotango,peaks,http://commons.wikimedia.org/wiki/Special:FilePath/Acotango.jpg,Chile,https://en.wikipedia.org/wiki/Acotango,-18.383333333,-69.046944444
Q125156,Alutu,peaks,http://commons.wikimedia.org/wiki/Special:FilePath/Alutu.jpg,Ethiopia,,7.765422222,38.782325
Q126717,Mountain Telagabodas,peaks,http://commons.wikimedia.org/wiki/Special:FilePath/Talagabodas.jpg,Indonesia,https://en.wikipedia.org/wiki/Talagabodas,-7.208,108.07
Q128841,Sakurajima,peaks,http://commons.wikimedia.org/wiki/Special:FilePath/Kagoshima%20and%20Sakurajima.jpg,Japan,https://en.wikipedia.org/wiki/Sakurajima,31.580555555,130.658055555
Q134108,Merapi,peaks,http://commons.wikimedia.org/wiki/Special:FilePath/Mount%20Merapi%20Not%20Just%20a%20Legend%20and%20Mythology.jpg,Indonesia,https://en.wikipedia.org/wiki/Mount_Merapi,-7.541388888,110.446111111
Q158470,Mount Agung,peaks,http://commons.wikimedia.org/wiki/Special:FilePath/Mount%20Agung%2C%20November%202017%20eruption%20-%2027%20Nov%202017%2003.jpg,Indonesia,https://en.wikipedia.org/wiki/Mount_Agung,-8.341944444,115.507777777
Q164121,Llaima,peaks,http://commons.wikimedia.org/wiki/Special:FilePath/Volc%C3%A1n%20Llaima%20y%20Laguna%20Conguill%C3%ADo%2C%20desde%20Sierra%20Nevada.jpg,Chile,https://en.wikipedia.org/wiki/Llaima,-38.697407,-71.730445
Q168714,Tambora,peaks,http://commons.wikimedia.org/wiki/Special:FilePath/Caldera%20Mt%20Tambora%20Sumbawa%20Indonesia.jpg,Indonesia,https://en.wikipedia.org/wiki/Mount_Tambora,-8.245277777,117.992777777
Q181157,Popocatépetl,peaks,http://commons.wikimedia.org/wiki/Special:FilePath/Mexico-Popocatepetl.jpg,Mexico,https://en.wikipedia.org/wiki/Popocat%C3%A9petl,19.023386,-98.623434
Q181476,Cotopaxi volcano,peaks,http://commons.wikimedia.org/wiki/Special:FilePath/V%C3%B3lcan%20Cotopaxi.jpg,Ecuador,https://en.wikipedia.org/wiki/Cotopaxi,-0.680555555,-78.437777777
Q194057,Mount Rainier,peaks,http://commons.wikimedia.org/wiki/Special:FilePath/Mount%20Rainier%205917s.JPG,United States,https://en.wikipedia.org/wiki/Mount_Rainier,46.851666666,-121.760277777
Q204657,Santa María,peaks,http://commons.wikimedia.org/wiki/Special:FilePath/Santiaguito%20from%20Santamaria.jpg,Guatemala,https://en.wikipedia.org/wiki/Santa_Mar%C3%ADa_(volcano),14.755833333,-91.551944444
Q207323,Vulcano,peaks,http://commons.wikimedia.org/wiki/Special:FilePath/Aerial%20image%20of%20Vulcano%20%28view%20from%20the%20east%29.jpg,Italy,https://en.wikipedia.org/wiki/Vulcano,38.4042,14.9658
Q607196,Volcán San Cristóbal,volcanoes,http://commons.wikimedia.org/wiki/Special:FilePath/VolcanSanCristobal1.jpg,Nicaragua,https://en.wikipedia.org/wiki/San_Crist%C3%B3bal_Volcano,12.7035174,-87.0062172
Q609982,Antuco,volcanoes,http://commons.wikimedia.org/wiki/Special:FilePath/Antuco%20Volcano.jpg,Chile,https://en.wikipedia.org/wiki/Antuco_(volcano),-37.41,-71.351111111
Q614531,Antsiferov Island,volcanoes,http://commons.wikimedia.org/wiki/Special:FilePath/Antsiferova%20-%20Landsat%207.jpg,Russia,https://en.wikipedia.org/wiki/Antsiferov_Island,50.200555555,154.981388888
Q634065,Lastarria,volcanoes,http://commons.wikimedia.org/wiki/Special:FilePath/Casualidad%20C%2010.jpg,Chile,https://en.wikipedia.org/wiki/Lastarria,-25.166666666,-68.5
Q639993,Ardoukoba,volcanoes,http://commons.wikimedia.org/wiki/Special:FilePath/Ardoukoba.jpg,Djibouti,https://en.wikipedia.org/wiki/Ardoukoba,11.571944444,42.495833333
Q682455,Mount Shishaldin,volcanoes,http://commons.wikimedia.org/wiki/Special:FilePath/Shishaldin%20Isanotski%20And%20Roundtop%20Volcanoes%20In%20The%20Aleutian%20Islands%2C%20Alaska.jpg,United States,https://en.wikipedia.org/wiki/Mount_Shishaldin,54.75,-163.966666666
Q691021,Cay,volcanoes,http://commons.wikimedia.org/wiki/Special:FilePath/Lago%20Yulton.jpg,Chile,https://en.wikipedia.org/wiki/Cay_(volcano),-45.0625,-72.98583333
Q692922,Novarupta,volcanoes,http://commons.wikimedia.org/wiki/Special:FilePath/Novarupta.jpg,United States,https://en.wikipedia.org/wiki/Novarupta,58.266666666,-155.156666666
Q695846,Nyamuragira,volcanoes,http://commons.wikimedia.org/wiki/Special:FilePath/Nyamulagira%20volcano%20%2820439939664%29.jpg,Democratic Republic of the Congo,https://en.wikipedia.org/wiki/Nyamuragira,-1.408333333,29.2
Q701516,Kaiserstuhl,volcanoes,http://commons.wikimedia.org/wiki/Special:FilePath/Wiki%20Kaiserstuhl.jpg,Germany,https://en.wikipedia.org/wiki/Kaiserstuhl_(Baden-W%C3%BCrttemberg),48.083333333,7.666666666
Q713619,Mount Yōtei,volcanoes,http://commons.wikimedia.org/wiki/Special:FilePath/Yotei-zan-from-hirafu.jpg,Japan,https://en.wikipedia.org/wiki/Mount_Y%C5%8Dtei,42.827222222,140.806388888
Q713826,Mount Chōkai,volcanoes,http://commons.wikimedia.org/wiki/Special:FilePath/Mount%20Ch%C5%8Dkai%20%282017-05-19%29%20-%20Flickr.jpg,Japan,https://en.wikipedia.org/wiki/Mount_Ch%C5%8Dkai,39.099166666,140.048888888
Q713836,Mount Iwate,volcanoes,http://commons.wikimedia.org/wiki/Special:FilePath/Mt.%20Iwate%20and%20Morioka.jpg,Japan,https://en.wikipedia.org/wiki/Mount_Iwate,39.8525,141.00111111
Q713847,Mount Kaimon,volcanoes,http://commons.wikimedia.org/wiki/Special:FilePath/Kaimondake%202005%203%2019.jpg,Japan,https://en.wikipedia.org/wiki/Mount_Kaimon,31.18,130.528333333
Q717453,Mount Tateshina,volcanoes,http://commons.wikimedia.org/wiki/Special:FilePath/Tateshina07.JPG,Japan,https://en.wikipedia.org/wiki/Mount_Tateshina,36.103611111,138.295
Q718441,Mount Azuma-kofuji,volcanoes,http://commons.wikimedia.org/wiki/Special:FilePath/Mount%20Azuma-kofuji-1%2C%20May%202007.JPG,Japan,https://en.wikipedia.org/wiki/Mount_Azuma-kofuji,37.73,140.25
Q729764,Mount Epomeo,volcanoes,http://commons.wikimedia.org/wiki/Special:FilePath/Epomeo.jpg,Italy,https://en.wikipedia.org/wiki/Mount_Epomeo,40.7301287,13.8951395
Q731961,Ccarhuarazo,volcanoes,http://commons.wikimedia.org/wiki/Special:FilePath/Ccarhuarazo.jpg,Peru,https://en.wikipedia.org/wiki/Ccarhuarazo_(Ayacucho),-14.33194444,-73.75694444
Q747135,Grodczyn,volcanoes,http://commons.wikimedia.org/wiki/Special:FilePath/Grodczyn%20%28Wzgorza%20Lewinskie%29.jpg,Poland,,50.4142,16.333344444
Q747584,Macizo de Teno,volcanoes,http://commons.wikimedia.org/wiki/Special:FilePath/Finca%20de%20guergues.jpg,Spain,https://en.wikipedia.org/wiki/Macizo_de_Teno,28.3,-16.85
Q752994,Krafla,volcanoes,http://commons.wikimedia.org/wiki/Special:FilePath/KraflaViti.jpg,Iceland,https://en.wikipedia.org/wiki/Krafla,65.733333333,-16.783333333
Q753924,Pacaya,volcanoes,http://commons.wikimedia.org/wiki/Special:FilePath/Pacaya%20erupting%20in%201976.jpg,Guatemala,https://en.wikipedia.org/wiki/Pacaya,14.380833333,-90.601111111
Q757314,Atlasov Island,volcanoes,http://commons.wikimedia.org/wiki/Special:FilePath/Atlasovisland.jpg,Russia,https://en.wikipedia.org/wiki/Atlasov_Island,50.859722222,155.559444444
Q758574,Aucanquilcha,volcanoes,http://commons.wikimedia.org/wiki/Special:FilePath/Aucanquilcha%20Volcano.jpg,Chile,https://en.wikipedia.org/wiki/Aucanquilcha,-21.220833333,-68.468333333
Q113128031,Q113128031,history_and_mysteries,http://commons.wikimedia.org/wiki/Special:FilePath/Botanical%20Garden%20II%20kurgan%20with%20tower%20H.jpg,Russia,,47.23606944,39.64298611
Q776480,Krýsuvík,volcanoes,http://commons.wikimedia.org/wiki/Special:FilePath/Krisuvik.jpg,Iceland,https://en.wikipedia.org/wiki/Kr%C3%BDsuv%C3%ADk,63.875,-22.063
Q783798,Mount Cleveland,volcanoes,http://commons.wikimedia.org/wiki/Special:FilePath/MountCleveland.jpg,United States,https://en.wikipedia.org/wiki/Mount_Cleveland_(Alaska),52.822222222,-169.945
Q788723,Tarso Toussidé,volcanoes,http://commons.wikimedia.org/wiki/Special:FilePath/Chad%20Tousside.jpg,Chad,https://en.wikipedia.org/wiki/Toussid%C3%A9,21.040833333,16.473611111
Q791652,Avachinsky,volcanoes,http://commons.wikimedia.org/wiki/Special:FilePath/Koryaksky%20volcano%20Petropavlovsk-Kamchatsky%20oct-2005.jpg,Russia,https://en.wikipedia.org/wiki/Avachinsky,53.255,158.832777777
Q794264,Volcán Azufral,volcanoes,http://commons.wikimedia.org/wiki/Special:FilePath/Azufral.jpg,Colombia,https://en.wikipedia.org/wiki/Azufral,1.085263888,-77.718758333
Q797800,Babuyan Claro,volcanoes,http://commons.wikimedia.org/wiki/Special:FilePath/Babuyan%20islands%20en.png,Philippines,https://en.wikipedia.org/wiki/Babuyan_Claro_Volcano,19.523333333,121.94
Q799818,Bagabag,volcanoes,http://commons.wikimedia.org/wiki/Special:FilePath/Bagabag.jpg,Papua New Guinea,https://en.wikipedia.org/wiki/Bagabag_(Papua_New_Guinea),-4.8,146.233333333
Q804039,Mount Bisoke,volcanoes,http://commons.wikimedia.org/wiki/Special:FilePath/Visoke.jpg,Democratic Republic of the Congo,https://en.wikipedia.org/wiki/Mount_Bisoke,-1.511111111,29.448333333
Q804562,Bal Haf,volcanoes,http://commons.wikimedia.org/wiki/Special:FilePath/Bal%20Haf.jpg,Yemen,,14.05,48.333333333
Q805832,Baluan Island,volcanoes,http://commons.wikimedia.org/wiki/Special:FilePath/Baluan%20Island.jpg,Papua New Guinea,https://en.wikipedia.org/wiki/Baluan_Island,-2.55,147.283333333
Q805915,Bam,volcanoes,http://commons.wikimedia.org/wiki/Special:FilePath/Bam%20Island.png,Papua New Guinea,https://en.wikipedia.org/wiki/Bam_Island_(Papua_New_Guinea),-3.616666666,144.816666666
Q814113,Beerenberg,volcanoes,http://commons.wikimedia.org/wiki/Special:FilePath/Beerenberg%20Jan%20Mayen.JPG,Norway,https://en.wikipedia.org/wiki/Beerenberg,71.079666666,-8.155880555
Q829207,Berutarube,volcanoes,http://commons.wikimedia.org/wiki/Special:FilePath/IturupSTS112-E-5662.PNG,Russia,https://en.wikipedia.org/wiki/Berutarube,44.46131,146.93163
Q830883,Hochkelberg,volcanoes,http://commons.wikimedia.org/wiki/Special:FilePath/Hochkelberg.jpg,Germany,https://en.wikipedia.org/wiki/Hochkelberg,50.273908333,6.953147222
Q840735,Mount Redoubt,volcanoes,http://commons.wikimedia.org/wiki/Special:FilePath/MountRedoubt.jpg,United States,https://en.wikipedia.org/wiki/Mount_Redoubt,60.485277777,-152.743055555
Q841189,El Chichón,volcanoes,http://commons.wikimedia.org/wiki/Special:FilePath/El%20Chich%C3%B3n.jpg,Mexico,https://en.wikipedia.org/wiki/El_Chich%C3%B3n,17.36,-93.227777777
Q849364,Tunupa volcano,volcanoes,http://commons.wikimedia.org/wiki/Special:FilePath/Coquesa%20Tunupa%202013.jpg,Bolivia,https://en.wikipedia.org/wiki/Tunupa,-19.83,-67.64
Q851232,Mount Chiginagak,volcanoes,http://commons.wikimedia.org/wiki/Special:FilePath/Chiginagak.jpg,United States,https://en.wikipedia.org/wiki/Mount_Chiginagak,57.133611111,-156.991388888
Q858808,Osorno,volcanoes,http://commons.wikimedia.org/wiki/Special:FilePath/Petrohu%C3%A9%2C%202019%20%2810%29.jpg,Chile,https://en.wikipedia.org/wiki/Osorno_(volcano),-41.1,-72.493055555
Q859354,Lassen Peak,volcanoes,http://commons.wikimedia.org/wiki/Special:FilePath/Lassen%20Peak%20in%20June%202020.jpg,United States,https://en.wikipedia.org/wiki/Lassen_Peak,40.488055555,-121.505
Q859376,Volcán de Fuego,volcanoes,http://commons.wikimedia.org/wiki/Special:FilePath/Volc%C3%A1n%20de%20Fuego%20and%20Acatenango.jpg,Guatemala,https://en.wikipedia.org/wiki/Volc%C3%A1n_de_Fuego,14.474722222,-90.880833333
Q863350,Bilstein,volcanoes,http://commons.wikimedia.org/wiki/Special:FilePath/Bilstein%20Gipfelfelsen.JPG,Germany,https://en.wikipedia.org/wiki/Bilstein_(Vogelsberg),50.4958,9.20295
Q874092,Ciomadul,volcanoes,http://commons.wikimedia.org/wiki/Special:FilePath/Masivul%20Ciomatu%203D%20version%201.gif,Romania,https://en.wikipedia.org/wiki/Ciomadul,46.13,25.88
Q886940,Bláhnjúkur,volcanoes,http://commons.wikimedia.org/wiki/Special:FilePath/Bl%C3%A1hnj%C3%BAkur.jpg,Iceland,https://en.wikipedia.org/wiki/Bl%C3%A1hnj%C3%BAkur,63.9768,-19.0681
Q889637,Mutnovsky,volcanoes,http://commons.wikimedia.org/wiki/Special:FilePath/Mutnovka2.jpg,Russia,https://en.wikipedia.org/wiki/Mutnovsky,52.453,158.195
Q890128,Harrat Lunayyir,volcanoes,http://commons.wikimedia.org/wiki/Special:FilePath/Harrat%20Lunayyir.jpg,Saudi Arabia,https://en.wikipedia.org/wiki/Harrat_Lunayyir,25.17,37.75
Q890658,Bogoslof Island,volcanoes,http://commons.wikimedia.org/wiki/Special:FilePath/BogoslofIsland.jpg,United States,https://en.wikipedia.org/wiki/Bogoslof_Island,53.935833333,-168.038888888
Q895530,Taufstein,volcanoes,http://commons.wikimedia.org/wiki/Special:FilePath/Taufstein%20-%20Horst.JPG,Germany,https://en.wikipedia.org/wiki/Taufstein_(Vogelsberg),50.5172,9.23889
Q901182,Mount Westdahl,volcanoes,http://commons.wikimedia.org/wiki/Special:FilePath/MountWestdahl.jpg,United States,https://en.wikipedia.org/wiki/Westdahl_Volcano,54.518,-164.65
Q901554,Mount Seguam,volcanoes,http://commons.wikimedia.org/wiki/Special:FilePath/AKMap-doton-Adak.PNG,United States,https://en.wikipedia.org/wiki/Pyre_Peak,52.315,-172.51
Q906358,Volcán Maipo,volcanoes,http://commons.wikimedia.org/wiki/Special:FilePath/MaipoSat.jpg,Chile,https://en.wikipedia.org/wiki/Maipo_(volcano),-34.163916666,-69.832166666
Q113128803,wide kurgan of Botanic Garden II kurgan group,history_and_mysteries,http://commons.wikimedia.org/wiki/Special:FilePath/Botanical%20Garden%20II%20wide%20kurgan.jpg,Russia,,47.23641389,39.64366944
Q113134044,Q113134044,history_and_mysteries,http://commons.wikimedia.org/wiki/Special:FilePath/%22%D0%9C%D0%BE%D0%B3%D0%B8%D0%BB%D0%B0%20%D0%93%D1%83%D1%80%D1%81%D0%B0%D0%BA%22%20%D0%92%D1%8B%D1%81%D0%BE%D1%82%D0%B0%20%D0%BE%D0%BA%D0%BE%D0%BB%D0%BE%208%20%D0%BC%D0%B5%D1%82%D1%80%D0%BE%D0%B2%20-%20panoramio.jpg,Ukraine,,47.048611111,36.996666666
Q928681,Mount Pico,volcanoes,http://commons.wikimedia.org/wiki/Special:FilePath/Ilha%20do%20Pico%20vista%20da%20Faj%C3%A3%20Grande%2C%20Calheta%2C%20ilha%20de%20S%C3%A3o%20Jorge%2C%20A%C3%A7ores%2C%20Portugal.JPG,Portugal,https://en.wikipedia.org/wiki/Mount_Pico,38.468611111,-28.399166666
Q931485,Taapaca,volcanoes,http://commons.wikimedia.org/wiki/Special:FilePath/Arica023.jpg,Chile,https://en.wikipedia.org/wiki/Taapaca,-18.112777777,-69.5075
Q937167,Rano Raraku,volcanoes,http://commons.wikimedia.org/wiki/Special:FilePath/Rano-Raraku-from-South.jpg,Chile,https://en.wikipedia.org/wiki/Rano_Raraku,-27.121944444,-109.288888888
Q940121,Sollipulli,volcanoes,http://commons.wikimedia.org/wiki/Special:FilePath/Nevados%20de%20Sollipulli.jpg,Chile,https://en.wikipedia.org/wiki/Sollipulli,-38.975,-71.52
Q943045,Tupungatito,volcanoes,http://commons.wikimedia.org/wiki/Special:FilePath/Tupungato%20tupungatito%20volcanoes%20areal%20chile%20argentina.jpg,Chile,https://en.wikipedia.org/wiki/Tupungatito,-33.423888888,-69.798055555
Q955177,San Antonio,volcanoes,http://commons.wikimedia.org/wiki/Special:FilePath/San%20Antonio%20volcano%20on%20La%20Palma%20-%202007-01-04%20A.jpg,Spain,,28.485919444,-17.848244444
Q955807,Isanotski Peaks,volcanoes,http://commons.wikimedia.org/wiki/Special:FilePath/Isanotski%20Peaks%20Volcano.jpg,United States,https://en.wikipedia.org/wiki/Isanotski_Peaks,54.7686,-163.729
Q976414,Uliaga Island,volcanoes,http://commons.wikimedia.org/wiki/Special:FilePath/Uliaga%20Island.jpg,United States,https://en.wikipedia.org/wiki/Uliaga_Island,53.066111111,-169.766666666
Q978441,Jabal al-Tair Island,volcanoes,http://commons.wikimedia.org/wiki/Special:FilePath/Jebel%20at%20Tair.jpg,Yemen,https://en.wikipedia.org/wiki/Jabal_al-Tair_Island,15.54,41.83
Q978785,Mount Kanaga,volcanoes,http://commons.wikimedia.org/wiki/Special:FilePath/MountKanaga.jpg,United States,https://en.wikipedia.org/wiki/Kanaga_Volcano,51.923333333,-177.168055555
Q989650,Mount Algidus,volcanoes,http://commons.wikimedia.org/wiki/Special:FilePath/Monte%20Peschio%20-%20Monte%20Artemisio%20-%20Maschio%20d%27Ariano.JPG,Italy,https://en.wikipedia.org/wiki/Mount_Algidus,41.7267,12.7786
Q991004,Broutona,volcanoes,http://commons.wikimedia.org/wiki/Special:FilePath/Broutona%20Landsat.jpg,Russia,https://en.wikipedia.org/wiki/Broutona,46.716666666,150.733333333
Q122279308,Orlivka Kurgan,history_and_mysteries,http://commons.wikimedia.org/wiki/Special:FilePath/Kurgan%20in%20Orlivka.jpg,Ukraine,,45.317008,28.426682
Q1020272,Búrfell,volcanoes,http://commons.wikimedia.org/wiki/Special:FilePath/Burfell.JPG,Iceland,https://en.wikipedia.org/wiki/B%C3%BArfell_(%C3%9Ej%C3%B3rs%C3%A1rdal),64.08694444,-19.82777778
Q1034530,Capelinhos,volcanoes,http://commons.wikimedia.org/wiki/Special:FilePath/CapelinhosFaialAzores1.jpg,Portugal,https://en.wikipedia.org/wiki/Capelinhos,38.601322222,-28.831569444
Q1037278,Agnano,volcanoes,http://commons.wikimedia.org/wiki/Special:FilePath/Agnano%201.jpg,Italy,https://en.wikipedia.org/wiki/Agnano,40.84472222,14.14972222
Q1047509,Mount Bental,volcanoes,http://commons.wikimedia.org/wiki/Special:FilePath/Bental%20mountain.JPG,Israel,https://en.wikipedia.org/wiki/Mount_Bental/Tal_Al-Gharam,33.1281,35.7856
Q1048209,Floreana Island,volcanoes,http://commons.wikimedia.org/wiki/Special:FilePath/Floreana4.jpg,Ecuador,https://en.wikipedia.org/wiki/Floreana_Island,-1.2975,-90.434166666
Q1053880,Central Island,volcanoes,http://commons.wikimedia.org/wiki/Special:FilePath/Kenya%20Aerial%202009-08-27%2014-27-32.JPG,Kenya,https://en.wikipedia.org/wiki/Central_Island,3.5,36.05
Q1055899,Mount Hudson,volcanoes,http://commons.wikimedia.org/wiki/Special:FilePath/Cerro%20hudson.jpg,Chile,https://en.wikipedia.org/wiki/Hudson_Volcano,-45.92,-72.95
Q1055937,Quetena Volcano,volcanoes,http://commons.wikimedia.org/wiki/Special:FilePath/Quetena%20Chico%20panor%C3%A1mica.jpg,Bolivia,,-22.260833333,-67.415555555
Q1056001,Cerro Verde,volcanoes,http://commons.wikimedia.org/wiki/Special:FilePath/Cerro%20Verde%20from%20Santa%20Ana%20Volcano.jpg,El Salvador,,13.827777777,-89.625277777
Q131230,Mauna Kea,volcanoes,http://commons.wikimedia.org/wiki/Special:FilePath/Mauna%20Kea10.jpg,United States,https://en.wikipedia.org/wiki/Mauna_Kea,19.820555555,-155.468055555
Q137953,Ilopango,volcanoes,http://commons.wikimedia.org/wiki/Special:FilePath/SalvadorVolcanoEngraving.jpg,El Salvador,,13.66666667,-89.05
Q152380,Chaitén,volcanoes,http://commons.wikimedia.org/wiki/Special:FilePath/Chaiten%20Volcano%20NASA.jpg,Chile,https://en.wikipedia.org/wiki/Chait%C3%A9n_(volcano),-42.832777777,-72.645833333
Q163890,Prestahnúkur,volcanoes,http://commons.wikimedia.org/wiki/Special:FilePath/Geitlandsj%C3%B6kull%201.JPG,Iceland,https://en.wikipedia.org/wiki/Prestahn%C3%BAkur,64.6,-20.58
Q166972,Zavodovski Island,volcanoes,http://commons.wikimedia.org/wiki/Special:FilePath/Zavodovski%20Island%20oblique.jpg,United Kingdom,https://en.wikipedia.org/wiki/Zavodovski_Island,-56.3,-27.58
Q176093,Yunaska Island,volcanoes,http://commons.wikimedia.org/wiki/Special:FilePath/Yunaska%20-%20cropped.JPG,United States,https://en.wikipedia.org/wiki/Yunaska_Island,52.6313889,-170.6969444
Q182913,Grímsvötn,volcanoes,http://commons.wikimedia.org/wiki/Special:FilePath/Iceland%20Grimsvoetn%201972-B.jpg,Iceland,https://en.wikipedia.org/wiki/Gr%C3%ADmsv%C3%B6tn,64.42,-17.33
Q183027,Mount Garibaldi,volcanoes,http://commons.wikimedia.org/wiki/Special:FilePath/Mount%20Garibaldi%20West%20Face.jpg,Canada,https://en.wikipedia.org/wiki/Mount_Garibaldi,49.850555555,-123.004722222
Q185847,Mount Wrangell,volcanoes,http://commons.wikimedia.org/wiki/Special:FilePath/MountWrangell.jpg,United States,https://en.wikipedia.org/wiki/Mount_Wrangell,62.006944444,-144.015833333
Q122280733,Glacis Battery memorial in Malakhov Kurgan,history_and_mysteries,http://commons.wikimedia.org/wiki/Special:FilePath/%D0%9F%D0%B0%D0%BC%E2%80%99%D1%8F%D1%82%D0%BD%D0%B5%20%D0%BC%D1%96%D1%81%D1%86%D0%B5%20%D0%B1%D0%B0%D1%82%D0%B0%D1%80%D0%B5%D1%97%20%D0%BD%D0%B0%20%D0%B3%D0%BB%D0%B0%D1%81%D0%B8%D1%81%D1%96.JPG,Ukraine,,44.603256,33.549628
Q190562,Mount Cameroon,volcanoes,http://commons.wikimedia.org/wiki/Special:FilePath/Le%20Char%20des%20Dieux%20-%20Fako%20Mountain%20-%20Mount%20Cameroon%20National%20Park%20-%20R%C3%A9gion%20du%20Sud-ouest.jpg,Cameroon,https://en.wikipedia.org/wiki/Mount_Cameroon,4.216666666,9.1725
Q194215,Île Amsterdam,volcanoes,http://commons.wikimedia.org/wiki/Special:FilePath/Amsterdam%20ASTER.jpg,France,https://en.wikipedia.org/wiki/%C3%8Ele_Amsterdam,-37.825833333,77.554722222
Q201914,Katla,volcanoes,http://commons.wikimedia.org/wiki/Special:FilePath/Katla%201918.jpg,Iceland,https://en.wikipedia.org/wiki/Katla_(volcano),63.633333333,-19.05
Q202629,Lonquimay,volcanoes,http://commons.wikimedia.org/wiki/Special:FilePath/Volcan%20lonquimay.jpg,Chile,https://en.wikipedia.org/wiki/Lonquimay_(volcano),-38.37919,-71.58991814
Q204821,Île Saint-Paul,volcanoes,http://commons.wikimedia.org/wiki/Special:FilePath/2020-11%20Saint-Paul%20Island%2003.jpg,France,https://en.wikipedia.org/wiki/%C3%8Ele_Saint-Paul,-38.73,77.522222222
Q207284,Mount Ruapehu,volcanoes,http://commons.wikimedia.org/wiki/Special:FilePath/00%201100%20Ruapehu%20volcano.jpg,New Zealand,https://en.wikipedia.org/wiki/Mount_Ruapehu,-39.281666666,175.568611111
Q210252,Klyuchevskaya Sopka,volcanoes,http://commons.wikimedia.org/wiki/Special:FilePath/Klju%C4%8Devskaja%20za%20v%C3%BDchodu%20slunce.jpg,Russia,https://en.wikipedia.org/wiki/Klyuchevskaya_Sopka,56.066666666,160.633333333
Q211665,Askja,volcanoes,http://commons.wikimedia.org/wiki/Special:FilePath/Island%20Askja.jpg,Iceland,https://en.wikipedia.org/wiki/Askja,65.03,-16.75
Q231620,Parícutin,volcanoes,http://commons.wikimedia.org/wiki/Special:FilePath/Paricut%C3%ADn%20volcano.jpg,Mexico,https://en.wikipedia.org/wiki/Par%C3%ADcutin,19.493,-102.251
Q233351,Nevado del Ruiz,volcanoes,http://commons.wikimedia.org/wiki/Special:FilePath/Nevado%20del%20Ruiz%201985.jpg,Colombia,https://en.wikipedia.org/wiki/Nevado_del_Ruiz,4.895277777,-75.3225
Q235062,Galeras,volcanoes,http://commons.wikimedia.org/wiki/Special:FilePath/Volc%C3%A1n%20Galeras%20%28cropped%29.jpg,Colombia,https://en.wikipedia.org/wiki/Galeras,1.216666666,-77.366666666
Q248276,Corcovado Volcano,volcanoes,http://commons.wikimedia.org/wiki/Special:FilePath/Corcovado%20volcano%20aerial.jpg,Chile,https://en.wikipedia.org/wiki/Corcovado_Volcano,-43.193055555,-72.792777777
Q252081,"Guallatiri, Chile",volcanoes,http://commons.wikimedia.org/wiki/Special:FilePath/Guallatiri.jpg,Chile,https://en.wikipedia.org/wiki/Guallatiri,-18.423611111,-69.089722222
Q255010,Parinacota,volcanoes,http://commons.wikimedia.org/wiki/Special:FilePath/Parinacota.jpg,Chile,https://en.wikipedia.org/wiki/Parinacota_(volcano),-18.165752777,-69.141611111
Q279915,Mount Kusatsu-Shirane,volcanoes,http://commons.wikimedia.org/wiki/Special:FilePath/Kusatsu-Shiranesan03s5s4272.jpg,Japan,https://en.wikipedia.org/wiki/Mount_Kusatsu-Shirane,36.645277777,138.528333333
Q280645,Mount Dutton,volcanoes,http://commons.wikimedia.org/wiki/Special:FilePath/MountDutton.jpg,United States,https://en.wikipedia.org/wiki/Mount_Dutton,55.186297,-162.27473974
Q280822,Brennisteinsalda,volcanoes,http://commons.wikimedia.org/wiki/Special:FilePath/Landmannalaugar%20Iceland%202005%202.JPG,Iceland,https://en.wikipedia.org/wiki/Brennisteinsalda,63.980833,-19.145833
Q288383,Mount Edgecumbe,volcanoes,http://commons.wikimedia.org/wiki/Special:FilePath/EdgecumbeAK.jpg,United States,https://en.wikipedia.org/wiki/Mount_Edgecumbe_(Alaska),57.05,-135.75
Q288403,Sarychev Peak,volcanoes,http://commons.wikimedia.org/wiki/Special:FilePath/Matua.jpg,Russia,https://en.wikipedia.org/wiki/Sarychev_Peak,48.090555555,153.201388888
Q298119,Öræfajökull,volcanoes,http://commons.wikimedia.org/wiki/Special:FilePath/%C3%96r%C3%A6faj%C3%B6kull%20-%20Mapillary%20%28520905752282052%29.jpg,Iceland,https://en.wikipedia.org/wiki/%C3%96r%C3%A6faj%C3%B6kull,64.025436111,-16.642063888
Q312770,Domuyo,volcanoes,http://commons.wikimedia.org/wiki/Special:FilePath/Volc%C3%A1n%20Domuyo.jpg,Argentina,https://en.wikipedia.org/wiki/Domuyo,-36.6397,-70.433
Q312862,Aracar,volcanoes,http://commons.wikimedia.org/wiki/Special:FilePath/Aracar.jpg,Argentina,https://en.wikipedia.org/wiki/Aracar,-24.29,-67.7833
Q312866,Antofalla,volcanoes,http://commons.wikimedia.org/wiki/Special:FilePath/Antofalla-sunset.jpg,Argentina,https://en.wikipedia.org/wiki/Antofalla,-25.5625,-67.880833333
Q312930,Copahue,volcanoes,http://commons.wikimedia.org/wiki/Special:FilePath/Copahue%20Volcano.jpg,Chile,https://en.wikipedia.org/wiki/Copahue,-37.852222222,-71.1675
Q312929,Viedma,volcanoes,http://commons.wikimedia.org/wiki/Special:FilePath/Viedma%20volcanic%20complex.jpg,Chile,https://en.wikipedia.org/wiki/Viedma_(volcano),-49.358333333,-73.283333333
Q312936,Antofagasta de la Sierra,volcanoes,http://commons.wikimedia.org/wiki/Special:FilePath/Volc%C3%A1n%20Antofagasta.jpg,Argentina,https://en.wikipedia.org/wiki/Antofagasta_de_la_Sierra,-25.968055555,-67.535833333
Q315110,Hohe Acht,volcanoes,http://commons.wikimedia.org/wiki/Special:FilePath/Hohe%20Acht.JPG,Germany,https://en.wikipedia.org/wiki/Hohe_Acht,50.385833333,7.011111111
Q334728,Abu,volcanoes,http://commons.wikimedia.org/wiki/Special:FilePath/Abu%20Volcano%20Group.jpg,Japan,https://en.wikipedia.org/wiki/Abu_(volcano),34.5,131.6
Q335498,Þorbjörn,volcanoes,http://commons.wikimedia.org/wiki/Special:FilePath/Grindav%C3%ADk05.jpg,Iceland,https://en.wikipedia.org/wiki/%C3%9Eorbj%C3%B6rn_(mountain),63.86581082,-22.43661668
Q335699,Þríhnúkagígur,volcanoes,http://commons.wikimedia.org/wiki/Special:FilePath/Iceland%20thrihnukagigur-volcano%20crater.jpg,Iceland,https://en.wikipedia.org/wiki/Thrihnukagigur,63.99833333,-21.69888889
Q337644,Acamarachi,volcanoes,http://commons.wikimedia.org/wiki/Special:FilePath/Acamarachi%20Volcano.jpg,Chile,https://en.wikipedia.org/wiki/Acamarachi,-23.295833333,-67.617222222
Q338192,Acatenango,volcanoes,http://commons.wikimedia.org/wiki/Special:FilePath/Volcan%20de%20Fuego%20y%20Acatenango.jpg,Guatemala,https://en.wikipedia.org/wiki/Acatenango,14.500833333,-90.875833333
Q373105,Arintica,volcanoes,http://commons.wikimedia.org/wiki/Special:FilePath/Thermes%20de%20Polloquere%20%28sud%20du%20salar%20de%20Surire%29.jpg,Chile,https://en.wikipedia.org/wiki/Arintica,-18.75,-69.05
Q487912,Ripon Falls,waterfalls,http://commons.wikimedia.org/wiki/Special:FilePath/Ripon%20Falls01.jpg,Uganda,https://en.wikipedia.org/wiki/Ripon_Falls,0.433913888,33.193522222
Q385882,Fuss Peak,volcanoes,http://commons.wikimedia.org/wiki/Special:FilePath/Fussa%20ISS%20cut.jpg,Russia,https://en.wikipedia.org/wiki/Fuss_Peak,50.269722222,155.2475
Q389121,Lanín,volcanoes,http://commons.wikimedia.org/wiki/Special:FilePath/Laguna%20Huenfuica%20y%20Volc%C3%A1n%20Lan%C3%ADn.jpg,Chile,https://en.wikipedia.org/wiki/Lan%C3%ADn,-39.637178,-71.50305748
Q392766,Mount Yasur,volcanoes,http://commons.wikimedia.org/wiki/Special:FilePath/Mount%20Yasur%20eruption%202006%2C%20Tanna%20Island%2C%20Vanuatu%2C%20VAN%200516.jpg,Vanuatu,https://en.wikipedia.org/wiki/Mount_Yasur,-19.533333333,169.441666666
Q408217,Santiago Island,volcanoes,http://commons.wikimedia.org/wiki/Special:FilePath/Santiagofromsea.jpg,Ecuador,https://en.wikipedia.org/wiki/Santiago_Island_(Gal%C3%A1pagos),-0.25,-90.7
Q414577,Akademia Nauk,volcanoes,http://commons.wikimedia.org/wiki/Special:FilePath/Akademia%20nauk.jpg,Russia,https://en.wikipedia.org/wiki/Akademia_Nauk,53.966666666,159.45
Q415251,Mount Akagi,volcanoes,http://commons.wikimedia.org/wiki/Special:FilePath/MountAkagi.jpg,Japan,https://en.wikipedia.org/wiki/Mount_Akagi,36.560833333,139.193611111
Q419247,Akita-Komagatake,volcanoes,http://commons.wikimedia.org/wiki/Special:FilePath/Mount%20Akita-Komagatake%20seen%20from%20Lake%20Tazawa%2020210213.jpg,Japan,https://en.wikipedia.org/wiki/Mount_Akita-Komagatake,39.760833333,140.803611111
Q422737,Pomerape,volcanoes,http://commons.wikimedia.org/wiki/Special:FilePath/SajamaPark.jpg,Chile,https://en.wikipedia.org/wiki/Pomerape,-18.126275,-69.126719444
Q422765,Socompa,volcanoes,http://commons.wikimedia.org/wiki/Special:FilePath/Volc%C3%A1n%20Socompa.jpg,Chile,https://en.wikipedia.org/wiki/Socompa,-24.393333333,-68.256111111
Q422774,Robledo,volcanoes,http://commons.wikimedia.org/wiki/Special:FilePath/Cerro%20Blanco%20volcano%20%28AVA%20Granule%20L1B%2020000916145757%29.jpg,Argentina,https://en.wikipedia.org/wiki/Cerro_Blanco_(volcano),-26.77,-67.72
Q117750,Błędów Desert,deserts,http://commons.wikimedia.org/wiki/Special:FilePath/20140619%20Pustynia%20B%C5%82%C4%99dowska%20w%20Chechle%203457.jpg,Poland,https://en.wikipedia.org/wiki/B%C5%82%C4%99d%C3%B3w_Desert,50.3397903,19.5127533
Q118388,Death Valley,deserts,http://commons.wikimedia.org/wiki/Special:FilePath/Badwater%20Desolation.jpg,United States,https://en.wikipedia.org/wiki/Death_Valley,36.456938888,-116.865280555
Q131377,Namib,deserts,http://commons.wikimedia.org/wiki/Special:FilePath/Namib%20Desert%20surface.jpg,Namibia,https://en.wikipedia.org/wiki/Namib,-23.0,15.0
Q132956,Taklamakan,deserts,http://commons.wikimedia.org/wiki/Special:FilePath/Taklamakan-d43.jpg,People's Republic of China,https://en.wikipedia.org/wiki/Taklamakan_Desert,38.9,82.2
Q141513,Danakil Desert,deserts,http://commons.wikimedia.org/wiki/Special:FilePath/Danakil-Sable.jpg,Ethiopia,https://en.wikipedia.org/wiki/Danakil_Desert,14.2417,40.3
Q145165,Great Victoria Desert,deserts,http://commons.wikimedia.org/wiki/Special:FilePath/Australia.A2002231.0145.250m%20NASA%20Nullarbor.jpg,Australia,https://en.wikipedia.org/wiki/Great_Victoria_Desert,-28.5,127.75
Q162843,Negev,deserts,http://commons.wikimedia.org/wiki/Special:FilePath/Negev-2005-1.JPG,Israel,https://en.wikipedia.org/wiki/Negev,30.5,34.916666666
Q172691,Thar Desert,deserts,http://commons.wikimedia.org/wiki/Special:FilePath/Thar%20desert%20Rajasthan%20India.jpg,India,https://en.wikipedia.org/wiki/Thar_Desert,26.984444444,71.001666666
Q172702,Karakum Desert,deserts,http://commons.wikimedia.org/wiki/Special:FilePath/MAKarakum6.jpg,Turkmenistan,https://en.wikipedia.org/wiki/Karakum_Desert,39.0,60.0
Q122280829,Bohdaniv kurgan in Zhovti Vody,history_and_mysteries,http://commons.wikimedia.org/wiki/Special:FilePath/%D0%9A%D1%83%D1%80%D0%B3%D0%B0%D0%BD%20%D1%83%D0%BB.%20%D0%9F%D0%B5%D1%82%D1%80%D0%BE%D0%B2%D1%81%D0%BA%D0%BE%D0%B3%D0%BE%20%D0%B1%D0%BE%D0%BB%D1%8C%D0%BD%D0%B8%D1%86%D0%B0%20%E2%84%962...JPG,Ukraine,,48.347711,33.512667
Q181528,Libyan Desert,deserts,http://commons.wikimedia.org/wiki/Special:FilePath/Libyan%20Desert%20-%202006.jpg,Egypt,https://en.wikipedia.org/wiki/Libyan_Desert,24.0,25.0
Q184355,Mojave Desert,deserts,http://commons.wikimedia.org/wiki/Special:FilePath/Calico%20basin%20red%20rock%20cumulus%20mediocris.jpg,United States,https://en.wikipedia.org/wiki/Mojave_Desert,35.008333333,-115.475
Q184364,Kyzyl Kum,deserts,http://commons.wikimedia.org/wiki/Special:FilePath/Dzhangeldy%20Uzbekistan%202008.JPG,Kazakhstan,https://en.wikipedia.org/wiki/Kyzylkum_Desert,42.441111111,63.461388888
Q189429,Sonoran Desert,deserts,http://commons.wikimedia.org/wiki/Special:FilePath/AguaFriaNM%20%28cropped%29.jpeg,United States,https://en.wikipedia.org/wiki/Sonoran_Desert,32.26,-112.926111111
Q196047,Monegros Desert,deserts,http://commons.wikimedia.org/wiki/Special:FilePath/Vista%20de%20los%20Monegros%20%28Leci%C3%B1ena%29.jpg,Spain,https://en.wikipedia.org/wiki/Monegros_Desert,41.63333333,-0.18333333
Q208299,Arabian Desert,deserts,http://commons.wikimedia.org/wiki/Special:FilePath/Arabian%20Desert%20-%20panoramio.jpg,Iraq,https://en.wikipedia.org/wiki/Arabian_Desert,18.267222222,42.368055555
Q211839,Simpson Desert,deserts,http://commons.wikimedia.org/wiki/Special:FilePath/Simpson-Desert-2007-12-16-NASA.jpg,Australia,https://en.wikipedia.org/wiki/Simpson_Desert,-24.57,137.42
Q229269,Rub' al Khali,deserts,http://commons.wikimedia.org/wiki/Special:FilePath/Rub%20al%20Khali%20002.JPG,Yemen,https://en.wikipedia.org/wiki/Rub%27_al_Khali,20.0,50.0
Q267267,Colorado Desert,deserts,http://commons.wikimedia.org/wiki/Special:FilePath/Coloradodesert.jpg,United States,https://en.wikipedia.org/wiki/Colorado_Desert,32.83,-115.27
Q272521,Ténéré desert,deserts,http://commons.wikimedia.org/wiki/Special:FilePath/Fachi-Bilma-D%C3%BCnen.jpg,Niger,https://en.wikipedia.org/wiki/T%C3%A9n%C3%A9r%C3%A9,17.583333333,10.916666666
Q272577,Gibson Desert,deserts,http://commons.wikimedia.org/wiki/Special:FilePath/Gibson%20Desert%20and%20moon%20from%20Alfred%20%26%20Marie%20Range.jpg,Australia,https://en.wikipedia.org/wiki/Gibson_Desert,-23.73,127.996666666
Q273446,Great Basin Desert,deserts,http://commons.wikimedia.org/wiki/Special:FilePath/Great%20Basin%20Desert%203%20by%20Earth%27s%20beauty%20site.jpg,United States,https://en.wikipedia.org/wiki/Great_Basin_Desert,39.0058,-114.2197
Q280158,Aralkum,deserts,http://commons.wikimedia.org/wiki/Special:FilePath/Aralsea%20tmo%202014231%20lrg.jpg,Kazakhstan,https://en.wikipedia.org/wiki/Aralkum_Desert,45.0,60.5
Q326896,Great Sandy Desert,deserts,http://commons.wikimedia.org/wiki/Special:FilePath/Landsat%20art%20-%20Great%20Sandy%20Desert%2C%20Australia.jpg,Australia,https://en.wikipedia.org/wiki/Great_Sandy_Desert,-20.916111111,124.684722222
Q339162,Syrian Desert,deserts,http://commons.wikimedia.org/wiki/Special:FilePath/Valley%20of%20the%20Tombs%2C%20Panoramic%20view%2C%20Palmyra%2C%20Syria.jpg,Iraq,https://en.wikipedia.org/wiki/Syrian_desert,33.4,38.75
Q398398,Arctic desert,deserts,http://commons.wikimedia.org/wiki/Special:FilePath/%D0%92%D0%B8%D0%B4%20%D0%BD%D0%B0%20%D0%BE%D1%81%D1%82%D1%80%D0%BE%D0%B2%20%D0%91%D1%8D%D0%BB%D0%BB.jpg,Norway,https://en.wikipedia.org/wiki/Arctic_desert,81.0,55.0
Q449583,Alvord Desert,deserts,http://commons.wikimedia.org/wiki/Special:FilePath/Alvord%20Desert%20Sep%202005.JPG,United States,https://en.wikipedia.org/wiki/Alvord_Desert,42.53545,-118.45601
Q464909,Nubian Desert,deserts,http://commons.wikimedia.org/wiki/Special:FilePath/Nubian%20Desert%20%288651154432%29.jpg,Sudan,https://en.wikipedia.org/wiki/Nubian_Desert,20.5,33.0
Q533861,Tatacoa Desert,deserts,http://commons.wikimedia.org/wiki/Special:FilePath/Foto%202004%201017%28046%29.JPG,Colombia,https://en.wikipedia.org/wiki/Tatacoa_Desert,3.23,-75.17
Q614098,Anza-Borrego Desert,deserts,http://commons.wikimedia.org/wiki/Special:FilePath/Fontspoint02262006.JPG,United States,,33.103621,-116.300583
Q620724,Lop Desert,deserts,http://commons.wikimedia.org/wiki/Special:FilePath/Desert%20Lop%20Nur%2089.00E%2C%2040.30N%20between%20Kuruktagh%20and%20Astintagh.jpg,People's Republic of China,https://en.wikipedia.org/wiki/Lop_Desert,40.166666666,90.583333333
Q624170,Eastern Desert,deserts,http://commons.wikimedia.org/wiki/Special:FilePath/Eastern-desert-mountain-range-Qena.jpg,Egypt,https://en.wikipedia.org/wiki/Eastern_Desert,27.3,32.6
Q122280871,"Kurgan in Marhanets, Klenova Street",history_and_mysteries,http://commons.wikimedia.org/wiki/Special:FilePath/%D0%9A%D1%83%D1%80%D0%B3%D0%B0%D0%BD%202%20%D1%82%D0%B8%D1%81.%20%D0%B4%D0%BE%20%D0%BD.%D0%B5..JPG,Ukraine,,47.634722,34.630556
Q122280930,Kurgan in Borodaivka,history_and_mysteries,http://commons.wikimedia.org/wiki/Special:FilePath/%D0%9A%D1%83%D1%80%D0%B3%D0%B0%D0%BD%2002.jpg,Ukraine,,48.716356,34.186853
Q122280935,"Group of kurgans No 5831, Danylivka",history_and_mysteries,http://commons.wikimedia.org/wiki/Special:FilePath/%D0%93%D1%80%D1%83%D0%BF%D0%B0%20%D0%BA%D1%83%D1%80%D0%B3%D0%B0%D0%BD%D1%96%D0%B2%20%E2%84%965831%20%D0%B1%D1%96%D0%BB%D1%8F%20%D1%81.%D0%9A%D1%96%D1%80%D0%BE%D0%B2%D0%BA%D0%B0%2C%20%D0%BF%D0%B0%D0%BD%D0%BE%D1%80%D0%B0%D0%BC%D0%B0%20%D0%BA%D1%83%D1%80%D0%B3%D0%B0%D0%BD%D0%BD%D0%BE%D1%97%20%D0%B3%D1%80%D1%83%D0%BF%D0%B8%20%D0%B7%20%D0%B2%D0%B5%D1%80%D1%88%D0%B8%D0%BD%D0%B8%20%D0%B3%D0%BE%D0%BB%D0%BE%D0%B2%D0%BD%D0%BE%D0%B3%D0%BE%20%D0%BA%D1%83%D1%80%D0%B3%D0%B0%D0%BD%D1%83.jpg,Ukraine,,47.91471,33.144679
Q122280938,"Kurgans No 5833, Danylivka",history_and_mysteries,http://commons.wikimedia.org/wiki/Special:FilePath/%D0%9A%D1%83%D1%80%D0%B3%D0%B0%D0%BD%D0%B8%20%E2%84%965833%20%D0%B1%D1%96%D0%BB%D1%8F%20%D1%81.%D0%9A%D1%96%D1%80%D0%BE%D0%B2%D0%BA%D0%B0%2C%20%D0%BF%D0%B0%D0%BD%D0%BE%D1%80%D0%B0%D0%BC%D0%B0%20%D0%BA%D1%83%D1%80%D0%B3%D0%B0%D0%BD%D0%BD%D0%BE%D1%97%20%D0%BF%D0%B0%D1%80%D0%B8.jpg,Ukraine,,47.906217,33.161395
Q122280939,"Kurgan No 8392, Danylivka",history_and_mysteries,http://commons.wikimedia.org/wiki/Special:FilePath/%D0%9A%D1%83%D1%80%D0%B3%D0%B0%D0%BD%20%E2%84%968392%20%D0%BD%D0%B5%D0%BF%D0%BE%D0%B4%D0%B0%D0%BB%D1%96%D0%BA%20%D1%81.%D0%9A%D1%83%D0%B4%D0%B0%D1%88%D1%96%D0%B2%D0%BA%D0%B0%2C%20%D0%B2%D0%B8%D0%B3%D0%BB%D1%8F%D0%B4%20%D0%B7%20%D0%BF%D1%96%D0%B2%D0%B4%D0%B5%D0%BD%D0%BD%D0%BE%D0%B3%D0%BE%20%D1%81%D1%85%D0%BE%D0%B4%D1%83.JPG,Ukraine,,47.931543,33.149158
Q122280936,"Kurgan No 5832, Danylivka",history_and_mysteries,http://commons.wikimedia.org/wiki/Special:FilePath/%D0%9A%D1%83%D1%80%D0%B3%D0%B0%D0%BD%20%E2%84%965832%20%D0%B1%D1%96%D0%BB%D1%8F%20%D1%81.%D0%9A%D1%96%D1%80%D0%BE%D0%B2%D0%BA%D0%B0.JPG,Ukraine,,47.914163,33.158996
Q122280942,"Kurgan No 5835, Kudashivka",history_and_mysteries,http://commons.wikimedia.org/wiki/Special:FilePath/%D0%9A%D1%83%D1%80%D0%B3%D0%B0%D0%BD%20%E2%84%965835%20%D0%B1%D1%96%D0%BB%D1%8F%20%D1%81.%D0%9A%D1%83%D0%B4%D0%B0%D1%88%D1%96%D0%B2%D0%BA%D0%B0%2C%20%D0%B2%D0%B8%D0%B3%D0%BB%D1%8F%D0%B4%20%D0%B7%20%D1%81%D1%83%D1%81%D1%96%D0%B4%D0%BD%D1%8C%D0%BE%D0%B3%D0%BE%20%D0%BF%D0%BE%D0%BB%D1%8F.JPG,Ukraine,,47.933108,33.134594
Q81499,Celtic Sea,seas,http://commons.wikimedia.org/wiki/Special:FilePath/Land%27s%20End%20%28looking%20west%29.jpg,Ireland,https://en.wikipedia.org/wiki/Celtic_Sea,50.502222222,-7.914444444
Q82931,Coral Sea,seas,http://commons.wikimedia.org/wiki/Special:FilePath/Somewhere%20in%20the%20Coral%20Sea.jpg,France,https://en.wikipedia.org/wiki/Coral_Sea,-18.0,158.0
Q128880,Arafura Sea,seas,http://commons.wikimedia.org/wiki/Special:FilePath/Locatie%20Arafurazee.PNG,Indonesia,https://en.wikipedia.org/wiki/Arafura_Sea,-9.5,135.0
Q131274,Beaufort Sea,seas,http://commons.wikimedia.org/wiki/Special:FilePath/Wfm%20herschell%20island%20location.jpg,Canada,https://en.wikipedia.org/wiki/Beaufort_Sea,72.0,-137.0
Q131418,Timor Sea,seas,http://commons.wikimedia.org/wiki/Special:FilePath/Timor%20island2.jpg,Indonesia,https://en.wikipedia.org/wiki/Timor_Sea,-11.0,126.0
Q132868,Greenland Sea,seas,http://commons.wikimedia.org/wiki/Special:FilePath/Iceberg%2C%20Greenland%20Sea%20%28js%291.jpg,Norway,https://en.wikipedia.org/wiki/Greenland_Sea,76.668888888,-8.170555555
Q150370,Flores Sea,seas,http://commons.wikimedia.org/wiki/Special:FilePath/LesserSundaIslands%20A2003077%200210%20250m.jpg,Indonesia,https://en.wikipedia.org/wiki/Flores_Sea,-7.0,119.666666666
Q159183,Philippine Sea,seas,http://commons.wikimedia.org/wiki/Special:FilePath/In%20Sea%20-%20panoramio%20%281%29.jpg,Japan,https://en.wikipedia.org/wiki/Philippine_Sea,18.0,134.0
Q122280943,"Group of kurgans No 8395, Musiivka",history_and_mysteries,http://commons.wikimedia.org/wiki/Special:FilePath/%D0%9F%D0%BE%D0%BB%D0%B5%20%D0%B7%20%D0%BA%D1%83%D1%80%D0%B3%D0%B0%D0%BD%D0%BE%D0%BC%20%E2%84%968395%2002.JPG,Ukraine,,47.896,33.19959
Q181969,Bohai Sea,seas,http://commons.wikimedia.org/wiki/Special:FilePath/China.A2002249.0255.250m.jpg,People's Republic of China,https://en.wikipedia.org/wiki/Bohai_Sea,38.7,119.9
Q122280940,"Kurgan No 8393, Danylivka",history_and_mysteries,http://commons.wikimedia.org/wiki/Special:FilePath/%D0%9A%D1%83%D1%80%D0%B3%D0%B0%D0%BD%20%E2%84%968393%20%D0%B1%D1%96%D0%BB%D1%8F%20%D1%81.%D0%9A%D1%96%D1%80%D0%BE%D0%B2%D0%BA%D0%B0%2C%20%D0%B2%D0%B8%D0%B4%20%D0%B7%20%D0%B7%D0%B0%D1%85%D0%BE%D0%B4%D1%83.JPG,Ukraine,,47.912941,33.170611
Q184189,Labrador Sea,seas,http://commons.wikimedia.org/wiki/Special:FilePath/HamiltonInlet%202006.PNG,Canada,https://en.wikipedia.org/wiki/Labrador_Sea,60.683888888,-56.612777777
Q199408,Alboran Sea,seas,http://commons.wikimedia.org/wiki/Special:FilePath/Mar%20de%20Albor%C3%A1n%20-%20BM%20WMS%202004.jpg,Spain,https://en.wikipedia.org/wiki/Alboran_Sea,36.0,-3.0
Q208962,Iroise Sea,seas,http://commons.wikimedia.org/wiki/Special:FilePath/View%20of%20Pointe%20du%20Raz1.jpg,France,https://en.wikipedia.org/wiki/Iroise_Sea,48.25,-4.916666666
Q228655,Zuiderzee,seas,http://commons.wikimedia.org/wiki/Special:FilePath/Nederland%201916%20rus.jpg,Netherlands,https://en.wikipedia.org/wiki/Zuiderzee,52.7,5.4
Q231312,Seto Inland Sea,seas,http://commons.wikimedia.org/wiki/Special:FilePath/Seto%20Inland%20Sea.jpg,Japan,https://en.wikipedia.org/wiki/Seto_Inland_Sea,34.166666666,133.333333333
Q242326,Bohol Sea,seas,http://commons.wikimedia.org/wiki/Special:FilePath/Camiguin%20across%20Bohol%20Sea.jpg,Philippines,https://en.wikipedia.org/wiki/Bohol_Sea,9.2,124.5
Q267739,Australasian Mediterranean Sea,seas,http://commons.wikimedia.org/wiki/Special:FilePath/Raja%20Ampat%20Islands%20-%20journal.pbio.1001457.g001.png,Indonesia,https://en.wikipedia.org/wiki/Australasian_Mediterranean_Sea,1.0,114.0
Q122280941,"Kurgan No 8394, Danylivka",history_and_mysteries,http://commons.wikimedia.org/wiki/Special:FilePath/%D0%9A%D1%83%D1%80%D0%B3%D0%B0%D0%BD%20%E2%84%968394%20%D0%B1%D1%96%D0%BB%D1%8F%20%D1%81.%D0%9A%D1%96%D1%80%D0%BE%D0%B2%D0%BA%D0%B0%2C%20%D0%B2%D0%B8%D0%B3%D0%BB%D1%8F%D0%B4%20%D0%B7%20%D0%BF%D1%96%D0%B2%D0%BD%D0%BE%D1%87%D1%96.jpg,Ukraine,,47.898154,33.190877
Q540179,Camotes Sea,seas,http://commons.wikimedia.org/wiki/Special:FilePath/Jetty%20At%20Hisoler%20%2854230446%29.jpeg,Philippines,https://en.wikipedia.org/wiki/Camotes_Sea,10.5,124.333333333
Q122280946,Group of 3 kurgans in Novyi Myr,history_and_mysteries,http://commons.wikimedia.org/wiki/Special:FilePath/%D0%9A%D1%83%D1%80%D0%B3%D0%B0%D0%BD%20%D0%B1%D1%96%D0%BB%D1%8F%20%D1%81.%D0%9D%D0%BE%D0%B2%D0%B8%D0%B9%20%D0%9C%D0%B8%D1%80%2C%20%D0%BF%D0%B0%D0%BD%D0%BE%D1%80%D0%B0%D0%BC%D0%B0%20%D0%BA%D1%83%D1%80%D0%B3%D0%B0%D0%BD%D0%BD%D0%BE%D1%97%20%D0%B3%D1%80%D1%83%D0%BF%D0%B8%20%D0%B7%20%D0%BF%D1%96%D0%B2%D0%B4%D0%B5%D0%BD%D0%BD%D0%BE%D0%B3%D0%BE%20%D1%81%D1%85%D0%BE%D0%B4%D1%83.jpg,Ukraine,,47.940842,33.08979
Q122280947,"Group of 2 kurgans No 5836, Novyi Myr",history_and_mysteries,http://commons.wikimedia.org/wiki/Special:FilePath/%D0%9A%D1%83%D1%80%D0%B3%D0%B0%D0%BD%20%E2%84%965836%20%D0%B1%D1%96%D0%BB%D1%8F%20%D1%81.%D0%9D%D0%BE%D0%B2%D0%B8%D0%B9%20%D0%9C%D0%B8%D1%80%2C%20%D0%BF%D0%B0%D0%BD%D0%BE%D1%80%D0%B0%D0%BC%D0%B0%20%D0%BF%D0%BE%D0%BB%D1%8F%2C%20%D0%B2%D0%B8%D0%B4%20%D0%B7%20%D0%BF%D1%96%D0%B2%D0%BD%D1%96%D1%87%D0%BD%D0%BE%D0%B3%D0%BE%20%D1%81%D1%85%D0%BE%D0%B4%D1%83.jpg,Ukraine,,47.921275,33.113801
Q2097617,Salish Sea,seas,http://commons.wikimedia.org/wiki/Special:FilePath/Vancouver%20Island%20by%20Aqua%2C%202020-07-26%20%28cropped%20to%20Salish%20Sea%29.jpg,Canada,https://en.wikipedia.org/wiki/Salish_Sea,48.936666666,-123.061111111
Q4518067,Haneji Inland Sea,seas,http://commons.wikimedia.org/wiki/Special:FilePath/Yagajishima.JPG,Japan,,26.641666666,128.016666666
Q5353147,Eromanga Sea,seas,http://commons.wikimedia.org/wiki/Special:FilePath/Kronosaurus%20hunt1DB.jpg,Australia,https://en.wikipedia.org/wiki/Eromanga_Sea,-26.0,140.0
Q5762423,Inner Seas off the West Coast of Scotland,seas,http://commons.wikimedia.org/wiki/Special:FilePath/Position%20Schottische%20See.PNG,United Kingdom,https://en.wikipedia.org/wiki/Inner_Seas_off_the_West_Coast_of_Scotland,56.0,-7.0
Q11288952,Uchinoumi,seas,http://commons.wikimedia.org/wiki/Special:FilePath/Uchinoumi%20-%20cut.jpg,Japan,,34.221389,134.6075
Q11667182,Katori Sea,seas,http://commons.wikimedia.org/wiki/Special:FilePath/Touki%20Ryushichi%201926a%2021.png,Japan,https://en.wikipedia.org/wiki/Katori_Sea,36.040277777,140.394166666
Q11935054,Catalan Sea,seas,http://commons.wikimedia.org/wiki/Special:FilePath/Catalan%20Sea.png,Spain,,40.3094,2.17343
Q28059689,Queen Victoria Sea,seas,http://commons.wikimedia.org/wiki/Special:FilePath/Map%20of%20Franz%20Josef%20Land%20showing%20journeys%20and%20discoveries%20of%20Frederick%20G.%20Jackson%2C%20F.R.G.S.%20-%20UvA-BC%20OTM%20HB-KZL%2061%2018%2038.jpg,Russia,https://en.wikipedia.org/wiki/Queen_Victoria_Sea,81.5,38.0
Q122280945,"Group of 2 kurgans No 8396, Musiivka",history_and_mysteries,http://commons.wikimedia.org/wiki/Special:FilePath/%D0%97%D0%B0%D1%85%D1%96%D0%B4%D0%BD%D0%B8%D0%B9%20%D0%BA%D1%83%D1%80%D0%B3%D0%B0%D0%BD%20%D0%BF%D0%B0%D1%80%D0%B8%20%E2%84%968396%2001.JPG,Ukraine,,47.896492,33.215017
Q65244014,Q65244014,seas,http://commons.wikimedia.org/wiki/Special:FilePath/Neubessin%20seen%20from%20watch%20tower%20Altbessin%20Hiddensee%20NLP%20Vorpommersche%20Boddenlandschaft%202023-06-12%2005.jpg,Germany,,54.561667,13.156667
Q104018603,North Natuna Sea,seas,http://commons.wikimedia.org/wiki/Special:FilePath/Map%20North%20Natuna%20Sea.jpg,Indonesia,https://en.wikipedia.org/wiki/North_Natuna_Sea,6.8228983,108.9759753
Q114271178,Bornholm Basin,seas,http://commons.wikimedia.org/wiki/Special:FilePath/Akwarium%20Gdy%C5%84skie%201.JPG,Denmark,,55.0,15.5
Q545,Baltic Sea,seas,http://commons.wikimedia.org/wiki/Special:FilePath/SvetlogorskRauschen%2005-2017%20img11%20beach.jpg,Finland,https://en.wikipedia.org/wiki/Baltic_Sea,58.0,20.0
Q122280951,Kurgan in Rannii Ranok,history_and_mysteries,http://commons.wikimedia.org/wiki/Special:FilePath/%D0%9A%D1%83%D1%80%D0%B3%D0%B0%D0%BD%20%D0%B1%D1%96%D0%BB%D1%8F%20%D1%81.%D0%A0%D0%B0%D0%BD%D0%BD%D1%96%D0%B9%20%D0%A0%D0%B0%D0%BD%D0%BE%D0%BA%2C%20%D0%BF%D1%96%D0%B2%D0%BD%D1%96%D1%87%D0%BD%D0%B8%D0%B9%20%D1%81%D1%85%D0%B8%D0%BB.JPG,Ukraine,,47.926113,33.069566
Q1247,Caribbean Sea,seas,http://commons.wikimedia.org/wiki/Special:FilePath/50%20Shades%20Of%20Blue%20%28187611681%29.jpeg,Mexico,https://en.wikipedia.org/wiki/Caribbean_Sea,15.0,-75.0
Q8319,Arkansas River,rivers,http://commons.wikimedia.org/wiki/Special:FilePath/AR%20Arkansas%20River.jpg,United States,https://en.wikipedia.org/wiki/Arkansas_River,33.775,-91.1028
Q8321,Illinois River,rivers,http://commons.wikimedia.org/wiki/Special:FilePath/Illinois%20River%2C%20seen%20from%20Starved%20Rock.jpg,United States,https://en.wikipedia.org/wiki/Illinois_River,38.9703,-90.4542
Q15659,Dão River,rivers,http://commons.wikimedia.org/wiki/Special:FilePath/Santa%20Comba%20D%C3%A3o%209-250608.jpg,Portugal,https://en.wikipedia.org/wiki/D%C3%A3o_River,40.382222222,-8.145555555
Q15663,Sorraia River,rivers,http://commons.wikimedia.org/wiki/Special:FilePath/Rio%20Sorraia%20-%20Benavente%20-%20Portugal%20%28384988905%29.jpg,Portugal,https://en.wikipedia.org/wiki/Sorraia_River,39.025755,-8.862635
Q15670,Sor River,rivers,http://commons.wikimedia.org/wiki/Special:FilePath/Ponte%20de%20Sor%2002.jpg,Portugal,,38.995081,-8.28397
Q15671,Zêzere River,rivers,http://commons.wikimedia.org/wiki/Special:FilePath/Lago%20Azul%20no%20Rio%20Z%C3%AAzere.JPG,Portugal,https://en.wikipedia.org/wiki/Z%C3%AAzere_River,39.4734,-8.3396
Q15669,Ribeira da Raia,rivers,http://commons.wikimedia.org/wiki/Special:FilePath/River%20Raia.jpg,Portugal,,38.995081,-8.28397
Q15675,River Sever,rivers,http://commons.wikimedia.org/wiki/Special:FilePath/Ammaia%20%28portugal%29%20034.jpg,Spain,,39.66333333,-7.53944444
Q15673,Rio Ocreza,rivers,http://commons.wikimedia.org/wiki/Special:FilePath/Ocreza%20River%20%282115932685%29.jpg,Portugal,,39.5375,-7.825
Q15676,River Ponsul,rivers,http://commons.wikimedia.org/wiki/Special:FilePath/Ponte%20sobre%20o%20Rio%20Ponsul.jpg,Portugal,,39.666861111,-7.515694444
Q15677,River Erges,rivers,http://commons.wikimedia.org/wiki/Special:FilePath/ErgesSalvaterra.JPG,Spain,,39.67083333,-7.01527778
Q16507,Guadarrama River,rivers,http://commons.wikimedia.org/wiki/Special:FilePath/R%C3%ADo%20Guadarrama%20%285298293506%29.jpg,Spain,https://en.wikipedia.org/wiki/Guadarrama_(river),39.881944444,-4.169166666
Q16504,Río Gallo,rivers,http://commons.wikimedia.org/wiki/Special:FilePath/Barranco%20de%20la%20Hoz.jpg,Spain,https://en.wikipedia.org/wiki/Gallo_(river),40.7974,-2.1548
Q16505,Guadiela,rivers,http://commons.wikimedia.org/wiki/Special:FilePath/RIO%20GUADIELA%202%20-%20panoramio.jpg,Spain,https://en.wikipedia.org/wiki/Guadiela,40.362533333,-2.816105555
Q16510,Henares river,rivers,http://commons.wikimedia.org/wiki/Special:FilePath/Soto%20del%20Henares%20%28RPS%2015-06-2019%29%20espacio%20natural%20protegido%20de%20la%20Comunidad%20de%20Madrid.png,Spain,https://en.wikipedia.org/wiki/Henares,40.4048,-3.501069444
Q16511,Lozoya,rivers,http://commons.wikimedia.org/wiki/Special:FilePath/R%C3%ADo%20Lozoya%20a%20su%20paso%20por%20Buitrago.jpg,Spain,https://en.wikipedia.org/wiki/Lozoya_(river),40.8735,-3.45502778
Q16508,Jarama,rivers,http://commons.wikimedia.org/wiki/Special:FilePath/R%C3%ADo%20Jarama.%2002.%20March%202018%20by%20Asqueladd.JPG,Spain,https://en.wikipedia.org/wiki/Jarama,40.03128,-3.65009
Q16509,Tajuña,rivers,http://commons.wikimedia.org/wiki/Special:FilePath/Vista%20del%20r%C3%ADo%20Taju%C3%B1a%20%28Brihuega%29%20desde%20la%20CM-2005%2C%20al%20este.jpg,Spain,https://en.wikipedia.org/wiki/Taju%C3%B1a,40.1286,-3.5825
Q16512,Manzanares,rivers,http://commons.wikimedia.org/wiki/Special:FilePath/El%20r%C3%ADo%20Manzanares%20%2832972459575%29.jpg,Spain,https://en.wikipedia.org/wiki/Manzanares_(river),40.30406,-3.539275
Q16513,Alberche,rivers,http://commons.wikimedia.org/wiki/Special:FilePath/Alberche%20Aldea%20del%20Fresno.jpg,Spain,https://en.wikipedia.org/wiki/Alberche,39.9636464,-4.7712642
Q16663,Alagón River,rivers,http://commons.wikimedia.org/wiki/Special:FilePath/Rio%20Alagon%20Sotoserrano%20015.jpg,Spain,https://en.wikipedia.org/wiki/Alag%C3%B3n_(river),39.7403,-6.8739
Q16661,Tiétar,rivers,http://commons.wikimedia.org/wiki/Special:FilePath/R%C3%ADo%20Ti%C3%A9tar%20001.JPG,Spain,https://en.wikipedia.org/wiki/Ti%C3%A9tar_(river),39.8385,-6.023033333
Q16664,Salor River,rivers,http://commons.wikimedia.org/wiki/Special:FilePath/Rio%20Salor.jpg,Spain,,39.65734,-7.06453
Q16665,Almonte,rivers,http://commons.wikimedia.org/wiki/Special:FilePath/A-66.%20Puente%20sobre%20el%20r%C3%ADo%20Almonte.JPG,Spain,https://en.wikipedia.org/wiki/Almonte_(river),39.684204,-6.459961
Q16671,Mira River,rivers,http://commons.wikimedia.org/wiki/Special:FilePath/Vila%20Nova%20de%20Milfontes.jpg,Portugal,https://en.wikipedia.org/wiki/Mira_River_(Portugal),37.717911111,-8.788855555
Q16669,Sado River,rivers,http://commons.wikimedia.org/wiki/Special:FilePath/2007.03.23.pt.AlcacerdoSal.PonteFerro.Nova.jpg,Portugal,https://en.wikipedia.org/wiki/Sado_River,38.4894,-8.9233
Q16673,Chanza River,rivers,http://commons.wikimedia.org/wiki/Special:FilePath/Barragem%20do%20Chan%C3%A7a.JPG,Spain,https://en.wikipedia.org/wiki/Chanza_River,37.55461502,-7.52289915
Q16676,Ardila River,rivers,http://commons.wikimedia.org/wiki/Special:FilePath/R%C3%ADo%20Ardila.jpg,Spain,https://en.wikipedia.org/wiki/Ardila,38.165277777,-7.491944444
Q16689,Caia River,rivers,http://commons.wikimedia.org/wiki/Special:FilePath/R%C3%ADo%20Caya%20en%20la%20frontera%20de%20Espa%C3%B1a%20y%20Portugal.JPG,Portugal,https://en.wikipedia.org/wiki/Caia_(river),38.87558333,-7.03611111
Q16692,Cigüela,rivers,http://commons.wikimedia.org/wiki/Special:FilePath/Rio%20Ciguela.%20Villarta%20de%20San%20Juan..JPG,Spain,https://en.wikipedia.org/wiki/Cig%C3%BCela,39.1324,-3.7319
Q16699,Záncara,rivers,http://commons.wikimedia.org/wiki/Special:FilePath/Rio%20zancara%20con%20agua%20pm.JPG,Spain,https://en.wikipedia.org/wiki/Z%C3%A1ncara,39.306388888,-3.310555555
Q16707,Zújar River,rivers,http://commons.wikimedia.org/wiki/Special:FilePath/R%C3%ADo%20Z%C3%BAjar.jpg,Spain,https://en.wikipedia.org/wiki/Z%C3%BAjar_(river),38.2525,-5.5069
Q16705,Jabalón,rivers,http://commons.wikimedia.org/wiki/Special:FilePath/Rio%20Jabalon%20Crecida2%202010-12-09%20CampodeCalatrava.jpg,Spain,https://en.wikipedia.org/wiki/Jabal%C3%B3n,38.889444444,-4.090555555
Q16710,Matachel,rivers,http://commons.wikimedia.org/wiki/Special:FilePath/Riu%20Matachel.JPG,Spain,https://en.wikipedia.org/wiki/Matachel_River,38.310442833,-5.738978
Q16943,Kleine Emme,rivers,http://commons.wikimedia.org/wiki/Special:FilePath/Wolhusen-Ponto%20trans%20Eta%20Emme%20en%20Bad%20205.jpg,Switzerland,https://en.wikipedia.org/wiki/Kleine_Emme,46.801388888,8.066666666
Q16944,Wigger,rivers,http://commons.wikimedia.org/wiki/Special:FilePath/Wigger1.jpg,Switzerland,https://en.wikipedia.org/wiki/Wigger_(river),47.3153,7.8925
Q16945,Suhre,rivers,http://commons.wikimedia.org/wiki/Special:FilePath/Suhre%20inter%20Muhen%20kaj%20Hirschthal%20090.jpg,Switzerland,https://en.wikipedia.org/wiki/Suhre,47.380277777,8.083888888
Q17747,Odiel,rivers,http://commons.wikimedia.org/wiki/Special:FilePath/R%C3%ADo%20Odiel.JPG,Spain,https://en.wikipedia.org/wiki/Odiel,37.27083333,-6.96472222
Q17744,Tinto,rivers,http://commons.wikimedia.org/wiki/Special:FilePath/IronInRocksMakeRiverRed.jpg,Spain,https://en.wikipedia.org/wiki/Rio_Tinto_(river),37.208611111,-6.938888888
Q17748,Guadiana Menor,rivers,http://commons.wikimedia.org/wiki/Special:FilePath/Embalse%20del%20Negrat%C3%ADn.jpg,Spain,https://en.wikipedia.org/wiki/Guadiana_Menor,37.936388888,-3.25
Q17755,Guadajoz,rivers,http://commons.wikimedia.org/wiki/Special:FilePath/IMG%2020180428%20092944397%20HDR.jpg,Spain,,37.831305555,-4.8496
Q17760,Genil,rivers,http://commons.wikimedia.org/wiki/Special:FilePath/R%C3%ADo%20Genil%20por%20Fuente%20Vaqueros%20%28Granada%2C%20Espa%C3%B1a%29%201.jpg,Spain,https://en.wikipedia.org/wiki/Genil,37.69352,-5.316539
Q17761,Guadaíra,rivers,http://commons.wikimedia.org/wiki/Special:FilePath/Guadaira1.JPG,Spain,https://en.wikipedia.org/wiki/Guada%C3%ADra,37.173791666,-6.102388888
Q17765,Guadalimar,rivers,http://commons.wikimedia.org/wiki/Special:FilePath/JDCANO%20GUADALIMAR%20PUENTE%20MOCHO.jpg,Spain,https://en.wikipedia.org/wiki/Guadalimar,37.98333333,-3.73333333
Q17776,Corbones,rivers,http://commons.wikimedia.org/wiki/Special:FilePath/Corbones%20River.jpg,Spain,,37.614313888,-5.674480555
Q17794,Jándula River,rivers,http://commons.wikimedia.org/wiki/Special:FilePath/Sierra%20Andujar03.JPG,Spain,,38.059102777,-4.118083333
Q17799,Bembézar,rivers,http://commons.wikimedia.org/wiki/Special:FilePath/R%C3%ADo%20Bemb%C3%A9zar%20%2810764361134%29.jpg,Spain,,37.753658,-5.217197
Q17801,River Viar,rivers,http://commons.wikimedia.org/wiki/Special:FilePath/R%C3%ADo%20Viar.jpg,Spain,,38.08475,-6.265175
Q17812,Guadalete,rivers,http://commons.wikimedia.org/wiki/Special:FilePath/Desembocadura%20del%20r%C3%ADo%20Guadalete2.JPG,Spain,https://en.wikipedia.org/wiki/Guadalete,36.578888888,-6.241536111
Q17952,Guadiaro,rivers,http://commons.wikimedia.org/wiki/Special:FilePath/Guadiaro.jpg,Spain,https://en.wikipedia.org/wiki/Guadiaro_(river),36.2825,-5.276666666
Q17956,Guadalhorce,rivers,http://commons.wikimedia.org/wiki/Special:FilePath/R%C3%ADo%20Guadalhorce%2003.JPG,Spain,https://en.wikipedia.org/wiki/Guadalhorce,36.666,-4.455
Q17973,Guadalmedina,rivers,http://commons.wikimedia.org/wiki/Special:FilePath/Guadalmedina4.jpg,Spain,https://en.wikipedia.org/wiki/Guadalmedina,36.70621,-4.425791
Q18278,Uruguay River,rivers,http://commons.wikimedia.org/wiki/Special:FilePath/Rio%20Uruguai.JPG,Brazil,https://en.wikipedia.org/wiki/Uruguay_River,-33.945833333,-58.409444444
Q68939,Sakmara,rivers,http://commons.wikimedia.org/wiki/Special:FilePath/Sakmara%20near%20Saraktash.jpg,Russia,https://en.wikipedia.org/wiki/Sakmara_(river),51.772222222,55.026388888
Q68941,Bolshoy Ik,rivers,http://commons.wikimedia.org/wiki/Special:FilePath/Very%20small%20ford%20across%20Bol%27shoy%20Ik.jpg,Russia,https://en.wikipedia.org/wiki/Bolshoy_Ik,51.8233,56.3894
Q69604,Radulja,rivers,http://commons.wikimedia.org/wiki/Special:FilePath/%C5%A0kocjan%2C%20%C5%A0kocjan%2005.jpg,Slovenia,https://en.wikipedia.org/wiki/Radulja,45.916666666,15.233333333
Q70970,Çoruh River,rivers,http://commons.wikimedia.org/wiki/Special:FilePath/Choruh%2002.jpg,Turkey,https://en.wikipedia.org/wiki/%C3%87oruh,40.3074,40.9997
Q71122,Chir,rivers,http://commons.wikimedia.org/wiki/Special:FilePath/Chir%20River%20001.jpg,Russia,https://en.wikipedia.org/wiki/Chir_(river),49.395277777,41.152222222
Q71530,Aterno-Pescara,rivers,http://commons.wikimedia.org/wiki/Special:FilePath/Pescara%20quelle%2002.jpg,Italy,https://en.wikipedia.org/wiki/Aterno-Pescara,42.5196,13.2529
Q71539,Giovenco,rivers,http://commons.wikimedia.org/wiki/Special:FilePath/Giovenco.jpg,Italy,,41.972318074,13.728626112
Q71562,Liri,rivers,http://commons.wikimedia.org/wiki/Special:FilePath/Sora%20Aout%202003%20119.jpg,Italy,https://en.wikipedia.org/wiki/Liri,41.4098,13.8629
Q71596,Sagittario,rivers,http://commons.wikimedia.org/wiki/Special:FilePath/Gole%20del%20Sagittario.jpg,Italy,https://en.wikipedia.org/wiki/Sagittario_(river),42.15,13.83333333
Q71609,Salto (river),rivers,http://commons.wikimedia.org/wiki/Special:FilePath/Lago%20Salto%20e%20Petrella.jpg,Italy,,42.38944444,12.89361111
Q71621,Sangro,rivers,http://commons.wikimedia.org/wiki/Special:FilePath/FoceSangro.png,Italy,https://en.wikipedia.org/wiki/Sangro,42.2361457,14.542808
Q71654,Alento (Abruzzo),rivers,http://commons.wikimedia.org/wiki/Special:FilePath/Serramonacesca%202011-by-RaBoe%2063.jpg,Italy,https://en.wikipedia.org/wiki/Alento_(Abruzzo),40.15,15.1333
Q71664,Aventino,rivers,http://commons.wikimedia.org/wiki/Special:FilePath/FiumeAventino.JPG,Italy,,41.96472223,14.12027779
Q71703,Foro,rivers,http://commons.wikimedia.org/wiki/Special:FilePath/Cascata%20del%20Fiume%20Foro%20-%20panoramio.jpg,Italy,https://en.wikipedia.org/wiki/Foro_(river),42.4,14.3167
Q71768,Trigno,rivers,http://commons.wikimedia.org/wiki/Special:FilePath/Trigno.jpeg,Italy,https://en.wikipedia.org/wiki/Trigno,42.0619,14.7969
Q71996,Harricana River,rivers,http://commons.wikimedia.org/wiki/Special:FilePath/Amos%20QC%20skyline.JPG,Canada,https://en.wikipedia.org/wiki/Harricana_River,51.166666666,-79.797222222
Q72673,Hayes River,rivers,http://commons.wikimedia.org/wiki/Special:FilePath/YorkFactoryaerial.jpg,Canada,https://en.wikipedia.org/wiki/Hayes_River,54.315277777,-96.691944444
Q73202,Holzminde,rivers,http://commons.wikimedia.org/wiki/Special:FilePath/Holzminde%20oberes%20rumohrtal.jpg,Germany,https://en.wikipedia.org/wiki/Holzminde,51.82666667,9.44277778
Q73584,Acre River,rivers,http://commons.wikimedia.org/wiki/Special:FilePath/Riobranco%20pontedomercado2.jpg,Brazil,https://en.wikipedia.org/wiki/Acre_River,-8.75,-67.366666666
Q74012,Vyshnia,rivers,http://commons.wikimedia.org/wiki/Special:FilePath/Wisznia.jpg,Poland,https://en.wikipedia.org/wiki/Vyshnia,49.615,23.538
Q74598,Layou River,rivers,http://commons.wikimedia.org/wiki/Special:FilePath/Layou%20River.jpg,Dominica,https://en.wikipedia.org/wiki/Layou_River,15.394,-61.426
Q74922,Rhosnes,rivers,http://commons.wikimedia.org/wiki/Special:FilePath/Rhosnes.jpg,Belgium,,50.764399,3.4592396
Q75448,Gjersjøelva,rivers,http://commons.wikimedia.org/wiki/Special:FilePath/Gjersj%C3%B8elva%20ved%20Hvitebj%C3%B8rn.jpg,Norway,https://en.wikipedia.org/wiki/Gjersj%C3%B8elva,59.81799,10.771
Q75468,Ljanselva,rivers,http://commons.wikimedia.org/wiki/Special:FilePath/N%C3%B8klevann%20dam%2009-11-28.jpg,Norway,https://en.wikipedia.org/wiki/Ljanselva,59.85,10.76666667
Q75670,Lechința River,rivers,http://commons.wikimedia.org/wiki/Special:FilePath/ChiralesBN.JPG,Romania,https://en.wikipedia.org/wiki/Lechin%C8%9Ba_(Mure%C8%99),46.4736,24.2114
Q75745,Selenga,rivers,http://commons.wikimedia.org/wiki/Special:FilePath/Selenga%20von%20oben.jpg,Russia,https://en.wikipedia.org/wiki/Selenga,49.2619,100.6797
Q76923,Mituva,rivers,http://commons.wikimedia.org/wiki/Special:FilePath/Mituva001.JPG,Lithuania,https://en.wikipedia.org/wiki/Mituva,55.0747,22.7556
Q78707,Yenisey,rivers,http://commons.wikimedia.org/wiki/Special:FilePath/Yenisei%20River%20near%20Krasnoyarsk%20%282026-03-05%29%20-%202.jpg,Russia,https://en.wikipedia.org/wiki/Yenisei,51.7279,94.4518
Q78861,Yana,rivers,http://commons.wikimedia.org/wiki/Special:FilePath/%D0%A0%D0%B5%D1%87%D0%BD%D0%BE%D0%B9%20%D0%BF%D0%BE%D1%80%D1%82%20%D0%9D%D0%B8%D0%B6%D0%BD%D0%B5%D1%8F%D0%BD%D1%81%D0%BA%20-%20panoramio.jpg,Russia,https://en.wikipedia.org/wiki/Yana_(river),67.4639,133.2517
Q78879,Kolyma,rivers,http://commons.wikimedia.org/wiki/Special:FilePath/%D0%9A%D0%BE%D0%BB%D1%8B%D0%BC%D0%B0.jpg,Russia,https://en.wikipedia.org/wiki/Kolyma_(river),62.2919,147.7325
Q78898,Onega,rivers,http://commons.wikimedia.org/wiki/Special:FilePath/OnegaRiver%200319.jpg,Russia,https://en.wikipedia.org/wiki/Onega_(river),63.885,37.988055555
Q79082,Kama,rivers,http://commons.wikimedia.org/wiki/Special:FilePath/Usolie%20city%20and%20Kama%20River%2C%20Perm%20Krai.jpg,Russia,https://en.wikipedia.org/wiki/Kama_(river),55.363888888,49.997777777
Q79106,Mezen,rivers,http://commons.wikimedia.org/wiki/Special:FilePath/%D0%A0%D0%B5%D0%BA%D0%B0%20%D0%9C%D0%B5%D0%B7%D0%B5%D0%BD%D1%8C%20-%20panoramio.jpg,Russia,https://en.wikipedia.org/wiki/Mezen_(river),63.441667,48.738889
Q80240,Ural River,rivers,http://commons.wikimedia.org/wiki/Special:FilePath/Ural%20river.jpg,Russia,https://en.wikipedia.org/wiki/Ural_(river),46.883888888,51.616944444
Q80350,Winisk River,rivers,http://commons.wikimedia.org/wiki/Special:FilePath/Winisk%20River.jpg,Canada,https://en.wikipedia.org/wiki/Winisk_River,52.898888888,-89.000277777
Q80363,Rivière aux Feuilles,rivers,http://commons.wikimedia.org/wiki/Special:FilePath/Leaf%20River%20cropped.jpg,Canada,https://en.wikipedia.org/wiki/Leaf_River_(Quebec),57.429694444,-74.436813888
Q81503,Aoös,rivers,http://commons.wikimedia.org/wiki/Special:FilePath/Vjosa%20bei%20Tepelena.jpg,Greece,https://en.wikipedia.org/wiki/Vjosa,40.642777777,19.317222222
Q425,Betsiboka River,rivers,http://commons.wikimedia.org/wiki/Special:FilePath/Bombetoka%20Bay%2C%20April%202005.jpg,Madagascar,https://en.wikipedia.org/wiki/Betsiboka_River,-18.35868,47.485374
Q548,Vistula,rivers,http://commons.wikimedia.org/wiki/Special:FilePath/Boat%20on%20the%20Vistula%20River%20in%20Krak%C3%B3w%2C%20Poland.jpg,Poland,https://en.wikipedia.org/wiki/Vistula,49.605833333,19.003611111
Q552,Oder,rivers,http://commons.wikimedia.org/wiki/Special:FilePath/WyspaRedzinska-GK.JPG,Poland,https://en.wikipedia.org/wiki/Oder,49.6133,17.5208
Q584,Rhine,rivers,http://commons.wikimedia.org/wiki/Special:FilePath/Loreleyblick%20Maria%20Ruh%202025.jpg,Switzerland,https://en.wikipedia.org/wiki/Rhine,46.632513,8.67481
Q1469,Loire,rivers,http://commons.wikimedia.org/wiki/Special:FilePath/Loire%20%C3%A0%20Br%C3%A9h%C3%A9mont2.JPG,France,https://en.wikipedia.org/wiki/Loire,44.841666666,4.218611111
Q1497,Mississippi River,rivers,http://commons.wikimedia.org/wiki/Special:FilePath/Efmo%20View%20from%20Fire%20Point.jpg,United States,https://en.wikipedia.org/wiki/Mississippi_River,29.1536,-89.2508
Q1644,Elbe,rivers,http://commons.wikimedia.org/wiki/Special:FilePath/Labe%20udoli.jpg,Germany,https://en.wikipedia.org/wiki/Elbe,50.8875,14.233055555
Q1650,Weser,rivers,http://commons.wikimedia.org/wiki/Special:FilePath/Weser%20Hilwartshausen.jpg,Germany,https://en.wikipedia.org/wiki/Weser,51.42139,9.64806
Q1648,Ems,rivers,http://commons.wikimedia.org/wiki/Special:FilePath/Ems%20nahe%20Quelle.jpg,Netherlands,https://en.wikipedia.org/wiki/Ems_(river),53.32555556,7.24472222
Q1653,Danube,rivers,http://commons.wikimedia.org/wiki/Special:FilePath/Budapest%20from%20Gellert%20Hill.jpg,Hungary,https://en.wikipedia.org/wiki/Danube,48.095111111,8.154888888
Q1658,Peene,rivers,http://commons.wikimedia.org/wiki/Special:FilePath/Peene%20zwischen%20Verchen%20und%20Demmin.JPG,Germany,https://en.wikipedia.org/wiki/Peene,53.933333333,12.683333333
Q1667,Moselle,rivers,http://commons.wikimedia.org/wiki/Special:FilePath/Schweicher%20Annaberg.jpg,Luxembourg,https://en.wikipedia.org/wiki/Moselle,47.8894,6.8928
Q1664,Ruhr,rivers,http://commons.wikimedia.org/wiki/Special:FilePath/River-ruhr-essen-kettwig.jpeg,Germany,https://en.wikipedia.org/wiki/Ruhr_(river),51.450833333,6.723055555
Q1670,Main,rivers,http://commons.wikimedia.org/wiki/Special:FilePath/W%C3%BCrzburg%20L%C3%B6wenbr%C3%BCcke.jpg,Germany,https://en.wikipedia.org/wiki/Main_(river),49.9944,8.2933
Q1675,Aare,rivers,http://commons.wikimedia.org/wiki/Special:FilePath/Berner%20Muenster%20mit%20Plattform%20und%20Aare.jpg,Switzerland,https://en.wikipedia.org/wiki/Aare,47.605,8.223333333
Q1673,Neckar,rivers,http://commons.wikimedia.org/wiki/Special:FilePath/Zuckerle.jpg,Germany,https://en.wikipedia.org/wiki/Neckar,49.511944,8.437222
Q1678,Saale,rivers,http://commons.wikimedia.org/wiki/Special:FilePath/Petersgrat%20bei%20Hof%20Bayern.jpg,Germany,https://en.wikipedia.org/wiki/Saale,50.1206,11.8306
Q1682,Havel,rivers,http://commons.wikimedia.org/wiki/Special:FilePath/HVL%2005-14%20img%2013%20Speicher%20Aussicht.jpg,Germany,https://en.wikipedia.org/wiki/Havel,52.8753,12.0044
Q1680,Mulde,rivers,http://commons.wikimedia.org/wiki/Special:FilePath/Mulde%20dueben.jpg,Germany,https://en.wikipedia.org/wiki/Mulde,51.160555555,12.798055555
Q83628,Erhai Lake,lakes,http://commons.wikimedia.org/wiki/Special:FilePath/Erhai%20lake%2C%20Yunnan%2C%20China.jpg,People's Republic of China,https://en.wikipedia.org/wiki/Erhai_Lake,25.763333333,100.1875
Q83640,Dian Lake,lakes,http://commons.wikimedia.org/wiki/Special:FilePath/%E6%BB%87%E6%B1%A0.jpg,People's Republic of China,https://en.wikipedia.org/wiki/Dian_Lake,24.800555555,102.671388888
Q1883691,Lake Maga,lakes,http://commons.wikimedia.org/wiki/Special:FilePath/Maga%20dam.jpg,Cameroon,,10.80000019,14.94999981
Q1891671,Valli di Comacchio,lakes,http://commons.wikimedia.org/wiki/Special:FilePath/Comacchio%2C%20Valli%20di%20Comacchio%20%2805%29.jpg,Italy,https://en.wikipedia.org/wiki/Valli_di_Comacchio,44.6153,12.1669
Q1919716,Alvarado Lagoon,lakes,http://commons.wikimedia.org/wiki/Special:FilePath/Laguna-de-Alvarado.JPG,Honduras,,15.843611,-87.915556
Q1969741,Ria Formosa,lakes,http://commons.wikimedia.org/wiki/Special:FilePath/RiaFormosaQtaLagoPortugal.JPG,Portugal,https://en.wikipedia.org/wiki/Ria_Formosa,36.9833,-7.91667
Q1971410,Uzungeren,lakes,http://commons.wikimedia.org/wiki/Special:FilePath/Uzungeren.jpg,Bulgaria,,42.43416667,27.46611111
Q2038362,Étang de Leucate,lakes,http://commons.wikimedia.org/wiki/Special:FilePath/Canigou%20murano.jpg,France,https://en.wikipedia.org/wiki/%C3%89tang_de_Leucate,42.847677777,2.996347222
Q2044648,Neskynpil'gyn Lagoon,lakes,http://commons.wikimedia.org/wiki/Special:FilePath/Chukchi%20Sea5NKP.png,Russia,https://en.wikipedia.org/wiki/Neskynpil%27gyn_Lagoon,66.9167,-172.9167
Q2047322,Chilika Lake,lakes,http://commons.wikimedia.org/wiki/Special:FilePath/Chilika%20Lake%202.jpg,India,https://en.wikipedia.org/wiki/Chilika_Lake,19.716666666,85.316666666
Q2082231,Lake Mariout,lakes,http://commons.wikimedia.org/wiki/Special:FilePath/Salt%20refining-Lake%20Mariout.JPG,Egypt,https://en.wikipedia.org/wiki/Lake_Mariout,31.153056,29.898611
Q2115813,Psifta lagoon,lakes,http://commons.wikimedia.org/wiki/Special:FilePath/Psifta%20Lake%2002.jpg,Greece,,37.52983333,23.33597222
Q2231149,Schaproder Bodden,lakes,http://commons.wikimedia.org/wiki/Special:FilePath/Schaproder%20Bodden%202021-09-17%2001.jpg,Germany,https://en.wikipedia.org/wiki/Schaproder_Bodden,54.5,13.13333333
Q2258312,Marano-Grado Lagoon,lakes,http://commons.wikimedia.org/wiki/Special:FilePath/Gradolagoon.jpg,Italy,,45.708,13.352
Q2266357,Sehlendorfer Binnensee,lakes,http://commons.wikimedia.org/wiki/Special:FilePath/Grus%20grus%20Binnensee.jpg,Germany,,54.307222222,10.673333333
Q2291656,Skarðsfjörður,lakes,http://commons.wikimedia.org/wiki/Special:FilePath/Skar%C3%B0sfj%C3%B6r%C3%B0ur%20%40%20Almannaskar%C3%B0.jpg,Iceland,,64.261929333,-15.096796684
Q2349738,Lake Razelm,lakes,http://commons.wikimedia.org/wiki/Special:FilePath/Argamum.jpg,Romania,https://en.wikipedia.org/wiki/Lake_Razelm,44.826666666,28.984722222
Q2392912,Shahany Lagoon,lakes,http://commons.wikimedia.org/wiki/Special:FilePath/%D0%9F%D1%96%D1%89%D0%B0%D0%BD%D0%BE-%D0%BC%D1%83%D0%BB%D0%B8%D1%81%D1%82%D1%96%20%D0%BA%D0%BE%D1%81%D0%B8%20%D0%BB%D0%B8%D0%BC%D0%B0%D0%BD%D1%83%20%D0%A8%D0%B0%D0%B3%D0%B0%D0%BD%D0%B8.jpg,Ukraine,https://en.wikipedia.org/wiki/Shahany_Lagoon,45.716666666,29.866666666
Q2392933,Budaki Lagoon,lakes,http://commons.wikimedia.org/wiki/Special:FilePath/Sergeevka%20%28Belgorod%20Dnestrovskij%20-%20Ucraina%29%20-%20traghetto%20e%20ponte.jpeg,Ukraine,https://en.wikipedia.org/wiki/Budaki_Lagoon,46.0,30.35
Q2398258,Te Whanga Lagoon,lakes,http://commons.wikimedia.org/wiki/Special:FilePath/Chatham%20Islands%20from%20space%20ISS005-E-15265.jpg,New Zealand,https://en.wikipedia.org/wiki/Te_Whanga_Lagoon,-43.837,-176.462
Q2448976,Alibey Lagoon,lakes,http://commons.wikimedia.org/wiki/Special:FilePath/Alibey%20Lagoon%20cliffs.jpg,Ukraine,https://en.wikipedia.org/wiki/Alibey_Lagoon,45.790833333,30.008333333
Q2449239,Burnas Lagoon,lakes,http://commons.wikimedia.org/wiki/Special:FilePath/%D0%97%D0%B0%D1%85%D1%96%D0%B4%D0%BD%D0%B8%D0%B9%20%D0%B1%D0%B5%D1%80%D0%B5%D0%B3%20%D0%BB%D0%B8%D0%BC%D0%B0%D0%BD%D1%83%20%D0%91%D1%83%D1%80%D0%BD%D0%B0%D1%81.jpg,Ukraine,https://en.wikipedia.org/wiki/Burnas_Lagoon,45.844444444,30.118333333
Q2509364,Simpson Bay Lagoon,lakes,http://commons.wikimedia.org/wiki/Special:FilePath/StMaartenApproach.jpg,France,https://en.wikipedia.org/wiki/Simpson_Bay_Lagoon,18.052,-63.109
Q2593960,Jaffna Lagoon,lakes,http://commons.wikimedia.org/wiki/Special:FilePath/%E0%AE%95%E0%AE%9A%E0%AF%8D%E0%AE%9A%E0%AE%BE%E0%AE%AF%E0%AF%8D%20%E0%AE%95%E0%AE%9F%E0%AE%B2%E0%AF%8D%20%E0%AE%A8%E0%AF%80%E0%AE%B0%E0%AF%8D%20%E0%AE%8F%E0%AE%B0%E0%AE%BF.jpg,Sri Lanka,https://en.wikipedia.org/wiki/Jaffna_Lagoon,9.583333333,80.25
Q2918989,Lake Bardawil,lakes,http://commons.wikimedia.org/wiki/Special:FilePath/2012%20Bardawil%20%28Egypt%29.jpg,Egypt,https://en.wikipedia.org/wiki/Lake_Bardawil,31.190555555,33.162222222
Q3052720,Lagune Ndogo,lakes,http://commons.wikimedia.org/wiki/Special:FilePath/Satom.jpg,Gabon,https://en.wikipedia.org/wiki/Ndogo_Lagoon,-2.58333333,10.0
Q3070222,Lake Man,lakes,http://commons.wikimedia.org/wiki/Special:FilePath/Lake%20Man.jpg,Japan,https://en.wikipedia.org/wiki/Lake_Man,26.196666666,127.683611111
Q3108627,Lake Borgne,lakes,http://commons.wikimedia.org/wiki/Special:FilePath/Lake%20borgne.jpg,United States,https://en.wikipedia.org/wiki/Lake_Borgne,30.028055555,-89.6175
Q3215648,Del Desierto Lake,lakes,http://commons.wikimedia.org/wiki/Special:FilePath/Monte%20Fitz%20Roy.jpg,Argentina,https://en.wikipedia.org/wiki/Del_Desierto_Lake,-49.033611111,-72.862777777
Q3216286,Lagune di Caorle,lakes,http://commons.wikimedia.org/wiki/Special:FilePath/Scorcio%20di%20laguna%20-%20panoramio.jpg,Italy,,45.656388888,12.891666666
Q3216287,Lagoon of Ghar El Melh,lakes,http://commons.wikimedia.org/wiki/Special:FilePath/Lagune%20de%20Ghar%20Melh.jpg,Tunisia,,37.133,10.17
Q3216284,Aby Lagoon,lakes,http://commons.wikimedia.org/wiki/Special:FilePath/Lagune%20Aby.JPG,Ivory Coast,https://en.wikipedia.org/wiki/Aby_Lagoon,5.279444444,-3.224722222
Q3216288,Marano lagoon,lakes,http://commons.wikimedia.org/wiki/Special:FilePath/Marano%20Lagunare%20%282%29.jpg,Italy,https://en.wikipedia.org/wiki/Marano_Lagoon,45.735,13.163
Q3238460,Binnenalster,lakes,http://commons.wikimedia.org/wiki/Special:FilePath/Hamburg%20Binnenalster.jpg,Germany,https://en.wikipedia.org/wiki/Binnenalster,53.555,9.995
Q3260240,Lough Ea,lakes,http://commons.wikimedia.org/wiki/Special:FilePath/Lough%20Ea%20%28Donegal%29.jpg,Ireland,https://en.wikipedia.org/wiki/Lough_Ea,54.805833333,-8.131944444
Q3477727,Segara Anakan,lakes,http://commons.wikimedia.org/wiki/Special:FilePath/Segara%20Anakan%202017-01-12%20from%20Sentinel-2%20L1C.jpg,Indonesia,,-7.66667,108.83333
Q3564579,Small Bitter Lake,lakes,http://commons.wikimedia.org/wiki/Special:FilePath/ISS020-E-12560%20-%20View%20of%20Egypt%20%28cropped%29.jpg,Egypt,https://en.wikipedia.org/wiki/Little_Bitter_Lake,30.226944444,32.542222222
Q3571328,Yawarkucha,lakes,http://commons.wikimedia.org/wiki/Special:FilePath/Yahuarcocha2.JPG,Ecuador,https://en.wikipedia.org/wiki/Yawarkucha,0.371355,-78.10249
Q3591660,Étang d'Ingril,lakes,http://commons.wikimedia.org/wiki/Special:FilePath/ETANG%20INGRIL.jpg,France,,43.443333333,3.785833333
Q3591669,Étang de Bolmon,lakes,http://commons.wikimedia.org/wiki/Special:FilePath/%C3%89tang%20de%20Bolmon.jpg,France,,43.412998,5.177994
Q3591678,Étang de Canet-Saint-Nazaire,lakes,http://commons.wikimedia.org/wiki/Special:FilePath/Etang-de-canet.jpg,France,,42.668222222,3.023083333
Q3591709,étang de Palo,lakes,http://commons.wikimedia.org/wiki/Special:FilePath/Cordon%20de%20Palo%202.jpg,France,https://en.wikipedia.org/wiki/%C3%89tang_de_Palo,41.9464,9.40639
Q3591719,Q3591719,lakes,http://commons.wikimedia.org/wiki/Special:FilePath/Coast%20of%20Saint%20Pierre%20and%20Miquelon.jpg,France,,46.7631,-56.2217
Q3591721,Lac de Soustons,lakes,http://commons.wikimedia.org/wiki/Special:FilePath/Lac%20soustons%201.JPG,France,,43.77,-1.328333333
Q3591727,Etang de l'Olivier,lakes,http://commons.wikimedia.org/wiki/Special:FilePath/Etang%20de%20l%27Olivier%20Istres%20by%20Malost.JPG,France,,43.525555555,4.990555555
Q3591750,Étang des Salines,lakes,http://commons.wikimedia.org/wiki/Special:FilePath/Pal%C3%A9tuvier%20rouge.JPG,France,,14.4035,-60.8712
Q3591786,Q3591786,lakes,http://commons.wikimedia.org/wiki/Special:FilePath/Etang%20de%20villepey%201.jpg,France,,43.4033,6.7241
Q3623431,Lake Merritt,lakes,http://commons.wikimedia.org/wiki/Special:FilePath/Closeup%20aerial%20view%20of%20Downtown%20Oakland%20and%20Lakeside%20Park.jpg,United States,https://en.wikipedia.org/wiki/Lake_Merritt,37.8039,-122.2591
Q3825948,Lake Fogliano,lakes,http://commons.wikimedia.org/wiki/Special:FilePath/Lago%20di%20fogliano.jpg,Italy,https://en.wikipedia.org/wiki/Lake_Fogliano,41.4,12.9
Q3825953,Lago di Ganzirri,lakes,http://commons.wikimedia.org/wiki/Special:FilePath/Ganzirri%20Lake.JPG,Italy,https://en.wikipedia.org/wiki/Lago_di_Ganzirri,38.261098,15.617194
Q3893425,Q3893425,lakes,http://commons.wikimedia.org/wiki/Special:FilePath/Pantano%20Longarini%2C%20Sicilia.jpg,Italy,,36.710639,15.001752
Q3968023,estany del Càlic,lakes,http://commons.wikimedia.org/wiki/Special:FilePath/Alghero%20-%20Stagno%20di%20Calich%20%2804%29.jpg,Italy,https://en.wikipedia.org/wiki/Calich_Pond,40.59614,8.299913
Q3968028,Stagno di Cagliari,lakes,http://commons.wikimedia.org/wiki/Special:FilePath/Stagno%20di%20cagliari%20g1.jpg,Italy,https://en.wikipedia.org/wiki/Stagno_di_Cagliari,39.2,9.05
Q3968033,Stagnone Lagoon,lakes,http://commons.wikimedia.org/wiki/Special:FilePath/Le%20Stagnone%2C%20Contrada%20Spagnola%2C%20Marsala%20TP%2C%20Sicily%2C%20Italy%20-%20panoramio.jpg,Italy,https://en.wikipedia.org/wiki/Stagnone_Lagoon,37.875,12.4691
Q4073189,Akhtanizovskiy Liman,lakes,http://commons.wikimedia.org/wiki/Special:FilePath/Lotos%20-%20panoramio%20%28cropped%29.jpg,Russia,,45.296666666,37.176388888
Q4212769,Kanygtokynmanky,lakes,http://commons.wikimedia.org/wiki/Special:FilePath/%D0%9A%D0%B0%D0%BD%D1%8B%D0%B3%D1%82%D0%BE%D0%BA%D1%8B%D0%BD%D0%BC%D0%B0%D0%BD%D0%BA%D1%8B.JPG,Russia,,69.3075,178.9439
Q4317529,Nerpalakh,lakes,http://commons.wikimedia.org/wiki/Special:FilePath/Icescapes%20of%20the%20Anzhu%20Islands.jpeg,Russia,,75.3597,137.32
Q4332104,Solonets-Tuzly,lakes,http://commons.wikimedia.org/wiki/Special:FilePath/%D0%9D%D0%B0%20%D0%BE%D0%B7%D0%B5%D1%80%D1%96%20%D0%A1%D0%BE%D0%BB%D0%BE%D0%BD%D0%B5%D1%86%D1%8C-%D0%A2%D1%83%D0%B7%D0%BB%D0%B8.JPG,Ukraine,,46.66,31.38666667
Q4494549,Khadzhyder Lagoon,lakes,http://commons.wikimedia.org/wiki/Special:FilePath/%D0%9B%D0%B8%D0%BC%D0%B0%D0%BD%20%D0%A5%D0%B0%D0%B4%D0%B6%D0%B8%D0%B4%D0%B5%D1%80.jpg,Ukraine,https://en.wikipedia.org/wiki/Khadzhyder_Lagoon,45.878055555,29.981388888
Q4664407,Abbotts Lagoon,lakes,http://commons.wikimedia.org/wiki/Special:FilePath/Abbotts%20Lagoon%2C%20October%202012.jpg,United States,https://en.wikipedia.org/wiki/Abbotts_Lagoon,38.1175,-122.953
Q4699333,Aitoliko Lagoon,lakes,http://commons.wikimedia.org/wiki/Special:FilePath/%CE%9B%CE%B9%CE%BC%CE%BD%CE%BF%CE%B8%CE%AC%CE%BB%CE%B1%CF%83%CF%83%CE%B1%20%CE%9C%CE%B5%CF%83%CE%BF%CE%BB%CE%BF%CE%B3%CE%B3%CE%AF%CE%BF%CF%85%20-%20%CE%91%CE%B9%CF%84%CF%89%CE%BB%CE%B9%CE%BA%CE%BF%CF%8D%208.jpg,Greece,https://en.wikipedia.org/wiki/Aitoliko_Lagoon,38.466666666,21.333333333
Q4702037,Akyatan Lagoon,lakes,http://commons.wikimedia.org/wiki/Special:FilePath/Akyatan%20Lagoon%2002.jpg,Turkey,https://en.wikipedia.org/wiki/Akyatan_Lagoon,36.6366,35.2551
Q4778790,Aotea Lagoon,lakes,http://commons.wikimedia.org/wiki/Special:FilePath/Aotea%20Lagoon%2CPorirua%2CNZ%20from%20north-east%20%28straightened%29.jpg,New Zealand,https://en.wikipedia.org/wiki/Aotea_Lagoon,-41.119706833,174.856988833
Q4905935,Big Lagoon,lakes,http://commons.wikimedia.org/wiki/Special:FilePath/BigLagoonKayaks.png,United States,https://en.wikipedia.org/wiki/Big_Lagoon_(California),41.1833,-124.117
Q4939457,Bolinas Lagoon,lakes,http://commons.wikimedia.org/wiki/Special:FilePath/Bolinas%20California%20aerial%20view.jpg,United States,https://en.wikipedia.org/wiki/Bolinas_Lagoon,37.918,-122.681
Q4985455,Buena Vista Lagoon,lakes,http://commons.wikimedia.org/wiki/Special:FilePath/Buena%20Vista%20Lagoon.jpg,United States,https://en.wikipedia.org/wiki/Buena_Vista_Lagoon,33.1731,-117.35
Q5058743,Cemlyn Bay and lagoon,lakes,http://commons.wikimedia.org/wiki/Special:FilePath/Cemlynwest.JPG,United Kingdom,https://en.wikipedia.org/wiki/Cemlyn_Bay_and_lagoon,53.41,-4.51393
Q5105247,Chortarolimni,lakes,http://commons.wikimedia.org/wiki/Special:FilePath/%CE%A7%CE%BF%CF%81%CF%84%CE%B1%CF%81%CE%BF%CE%BB%CE%AF%CE%BC%CE%BD%CE%B7%20%CE%9B%CE%AE%CE%BC%CE%BD%CE%BF%CF%85%202.jpg,Greece,https://en.wikipedia.org/wiki/Chortarolimni,39.901,25.335
Q5140362,Codrington Lagoon,lakes,http://commons.wikimedia.org/wiki/Special:FilePath/Decker%20Barbuda%201813%20color.png,Antigua and Barbuda,https://en.wikipedia.org/wiki/Codrington_Lagoon,17.65,-61.833333333
Q5159132,Condado Lagoon,lakes,http://commons.wikimedia.org/wiki/Special:FilePath/Vista%20Condado-Miramar.jpg,United States,https://en.wikipedia.org/wiki/Condado_Lagoon,18.45833333,-66.08
Q5486617,Akionlahti,lakes,http://commons.wikimedia.org/wiki/Special:FilePath/Akionlahti%20Oulu%2020140625.JPG,Finland,,64.990278,25.284722
Q5559785,Laguna Piedra Roja,lakes,http://commons.wikimedia.org/wiki/Special:FilePath/Laguna%20de%20Chicureo.jpg,Chile,,-33.276525,-70.63018333
Q68467,Lake Champlain,lakes,http://commons.wikimedia.org/wiki/Special:FilePath/Lake%20Champlain%20by%20Sentinel-2.jpg,Canada,https://en.wikipedia.org/wiki/Lake_Champlain,44.53,-73.33
Q71885,Tornowsee,lakes,http://commons.wikimedia.org/wiki/Special:FilePath/Landschaftsschutzgebiet%20Ruppiner%20Wald-%20und%20Seengebiet%20Tornowsee%20lub%202025-06-29.jpg,Germany,https://en.wikipedia.org/wiki/Lake_Tornow,53.026683,12.796094
Q75254,Sasthamcotta Lake,lakes,http://commons.wikimedia.org/wiki/Special:FilePath/Keralaback%20%2873%29.JPG,India,https://en.wikipedia.org/wiki/Sasthamcotta_Lake,9.03,76.63
Q75446,Gjersjøen,lakes,http://commons.wikimedia.org/wiki/Special:FilePath/Gjersjoen.jpg,Norway,https://en.wikipedia.org/wiki/Gjersj%C3%B8en,59.783333333,10.783333333
Q75466,Nøklevann,lakes,http://commons.wikimedia.org/wiki/Special:FilePath/N%C3%B8klevann%20-%202012-08-12%20at%2013-28-36.jpg,Norway,https://en.wikipedia.org/wiki/N%C3%B8klevann,59.87527778,10.87694444
Q76925,Venetian Lagoon,lakes,http://commons.wikimedia.org/wiki/Special:FilePath/Porto%20di%20Lido-San%20Nicol%C3%B2.jpg,Italy,https://en.wikipedia.org/wiki/Venetian_Lagoon,45.413055555,12.297222222
Q80473,Lieps,lakes,http://commons.wikimedia.org/wiki/Special:FilePath/Hanfwerder.jpg,Germany,https://en.wikipedia.org/wiki/Lieps,53.451111111,13.157222222
Q80629,Ziegelsee,lakes,http://commons.wikimedia.org/wiki/Special:FilePath/Schwerin%20Ziegelsee%20Nordufer%202008-06-17%20021.jpg,Germany,https://en.wikipedia.org/wiki/Ziegelsee,53.654722222,11.423333333
Q81118,Lauricocha Lake,lakes,http://commons.wikimedia.org/wiki/Special:FilePath/Laguna%20Lauricocha%2007613.jpg,Peru,https://en.wikipedia.org/wiki/Lake_Lauricocha,-10.316666666,-76.7
Q81291,Lake Cuitzeo,lakes,http://commons.wikimedia.org/wiki/Special:FilePath/El%20inmenso%20Lago%20de%20Cuitzeo.jpg,Mexico,https://en.wikipedia.org/wiki/Lake_Cuitzeo,19.933333333,-101.083333333
Q127091,Pearl Harbor,lakes,http://commons.wikimedia.org/wiki/Special:FilePath/Aerial%20view%20of%20Pearl%20Harbor%20on%201%20June%201986%20%286422248%29.jpg,United States,https://en.wikipedia.org/wiki/Pearl_Harbor,21.361944,-157.953611
Q127761,Wdzydze Lake,lakes,http://commons.wikimedia.org/wiki/Special:FilePath/Borsk%2C%20pusto%20nad%20Wdzydzami.jpg,Poland,https://en.wikipedia.org/wiki/Wdzydze_Lake,53.976111111,17.908611111
Q137788,Lake Tuggeranong,lakes,http://commons.wikimedia.org/wiki/Special:FilePath/Lake%20tuggeranong%20reflection.jpg,Australia,https://en.wikipedia.org/wiki/Lake_Tuggeranong,-35.408333333,149.066666666
Q137907,Mühlbacher Stausee,lakes,http://commons.wikimedia.org/wiki/Special:FilePath/Blick%20von%20Meransen%20ins%20Pustertal.jpg,Italy,,46.801866,11.675785
Q143940,Kowloon Group of Reservoirs,lakes,http://commons.wikimedia.org/wiki/Special:FilePath/Dam%20of%20Kowloon%20Reservoir.JPG,People's Republic of China,https://en.wikipedia.org/wiki/Kowloon_Group_of_Reservoirs,22.3538,114.153
Q143946,Aberdeen Reservoirs,lakes,http://commons.wikimedia.org/wiki/Special:FilePath/Aberdeen%20Upper%20Reservoir.jpg,People's Republic of China,https://en.wikipedia.org/wiki/Aberdeen_Reservoirs,22.2569,114.163
Q145271,Quitzdorf reservoir,lakes,http://commons.wikimedia.org/wiki/Special:FilePath/Quitzdorf-Staudamm5a.jpg,Germany,,51.2783,14.7617
Q149660,Senftenberger See,lakes,http://commons.wikimedia.org/wiki/Special:FilePath/Senftenberg%20See%20lub%202023-08-24%20img07.jpg,Germany,https://en.wikipedia.org/wiki/Lake_Senftenberg,51.5,14.016666666
Q149867,Sulby Reservoir,lakes,http://commons.wikimedia.org/wiki/Special:FilePath/Sulby%20Reservoir.%20Isle%20of%20Man.%20-%20geograph.org.uk%20-%2040826.jpg,Isle of Man,https://en.wikipedia.org/wiki/Sulby_Reservoir,54.271388888,-4.5
Q162967,Bautzen Reservoir,lakes,http://commons.wikimedia.org/wiki/Special:FilePath/Talsperre%20Bautzen%2001.jpg,Germany,https://en.wikipedia.org/wiki/Bautzen_Reservoir,51.22,14.4622
Q165395,Dam of the Vesdre,lakes,http://commons.wikimedia.org/wiki/Special:FilePath/Eupen002.jpg,Belgium,https://en.wikipedia.org/wiki/Lake_Eupen,50.616666666,6.092222222
Q166971,Zavoj Lake,lakes,http://commons.wikimedia.org/wiki/Special:FilePath/ZavojskoJezeroNov2012-01.JPG,Serbia,https://en.wikipedia.org/wiki/Zavoj_Lake,43.266666666,22.633333333
Q174970,Hálslón reservoir,lakes,http://commons.wikimedia.org/wiki/Special:FilePath/KH2007-07-17-3468Wide.JPG,Iceland,https://en.wikipedia.org/wiki/H%C3%A1lsl%C3%B3n_Reservoir,64.828983336,-15.867303428
Q175674,Norsjø,lakes,http://commons.wikimedia.org/wiki/Special:FilePath/Norsjo%20seen%20from%20Nes%20kirke.JPG,Norway,https://en.wikipedia.org/wiki/Norsj%C3%B8,59.3,9.333333333
Q176598,Flaming Gorge Reservoir,lakes,http://commons.wikimedia.org/wiki/Special:FilePath/Flaming%20Gorge%20%28Utah%29%2023-9-2014%2012-49-13.JPG,United States,https://en.wikipedia.org/wiki/Flaming_Gorge_Reservoir,41.161388888,-109.551111111
Q178970,Cherokee Lake,lakes,http://commons.wikimedia.org/wiki/Special:FilePath/Cherokee%20Lake%20from%20space.jpg,United States,https://en.wikipedia.org/wiki/Cherokee_Lake,36.2149,-83.435
Q180509,Petenwell Lake,lakes,http://commons.wikimedia.org/wiki/Special:FilePath/Petenwell%20Dam.jpg,United States,https://en.wikipedia.org/wiki/Petenwell_Lake,44.134969,-89.971062
Q182796,Lake Nasser,lakes,http://commons.wikimedia.org/wiki/Special:FilePath/Abu%20Simbel%2C%20Nefertari%20Temple%2C%20Lake%20Nasser%2C%20Egypt%2C%20Oct%202004.jpg,Egypt,https://en.wikipedia.org/wiki/Lake_Nasser,22.5,31.86
Q184467,Zegrze Reservoir,lakes,http://commons.wikimedia.org/wiki/Special:FilePath/Zalew%20Zegrzy%C5%84ski%2001.JPG,Poland,https://en.wikipedia.org/wiki/Zegrze_Reservoir,52.450277777,21.041388888
Q189395,Zemplínska šírava,lakes,http://commons.wikimedia.org/wiki/Special:FilePath/Slovakia%20Zemplinska%20Sirava%2010.jpg,Slovakia,https://en.wikipedia.org/wiki/Zempl%C3%ADnska_%C5%A1%C3%ADrava,48.783333333,22.036666666
Q196793,Zervreilasee,lakes,http://commons.wikimedia.org/wiki/Special:FilePath/Zerfreila.JPG,Switzerland,https://en.wikipedia.org/wiki/Zervreilasee,46.565833333,9.097777777
Q200818,Vodlozero,lakes,http://commons.wikimedia.org/wiki/Special:FilePath/Vodl%200701%20763.jpg,Russia,https://en.wikipedia.org/wiki/Lake_Vodlozero,62.333333333,36.916666666
Q201592,Tibi Reservoir,lakes,http://commons.wikimedia.org/wiki/Special:FilePath/Cola%20del%20pantano%20de%20Tibi.jpg,Spain,https://en.wikipedia.org/wiki/Tibi_Dam,38.503096774,-0.56468996
Q201679,Lake Volta,lakes,http://commons.wikimedia.org/wiki/Special:FilePath/Volta%20lake.jpg,Ghana,https://en.wikipedia.org/wiki/Lake_Volta,7.40057,0.19472
Q202052,Ulldecona Reservoir,lakes,http://commons.wikimedia.org/wiki/Special:FilePath/Ulldecona.1.jpg,Spain,https://en.wikipedia.org/wiki/Ulldecona_Dam,40.68324158,0.22642136
Q203137,Lake Inari,lakes,http://commons.wikimedia.org/wiki/Special:FilePath/BoatInari1.jpg,Finland,https://en.wikipedia.org/wiki/Lake_Inari,68.9596511,27.6017069
Q203536,Tsimlyansk Reservoir,lakes,http://commons.wikimedia.org/wiki/Special:FilePath/Tsimlyansk%20res.jpg,Russia,https://en.wikipedia.org/wiki/Tsimlyansk_Reservoir,47.833333333,42.833333333
Q204987,Storavan,lakes,http://commons.wikimedia.org/wiki/Special:FilePath/Lake%20Storavan.jpg,Sweden,https://en.wikipedia.org/wiki/Storavan,65.7,18.25
Q207138,Zlatar Lake,lakes,http://commons.wikimedia.org/wiki/Special:FilePath/%D0%97%D0%BB%D0%B0%D1%82%D0%B0%D1%80%D1%81%D0%BA%D0%BE%20%D1%98%D0%B5%D0%B7%D0%B5%D1%80%D0%BE02.jpg,Serbia,https://en.wikipedia.org/wiki/Zlatar_Lake,43.508611111,19.838611111
Q212209,Mjøsa,lakes,http://commons.wikimedia.org/wiki/Special:FilePath/Mj%C3%B8sa%201.jpg,Norway,https://en.wikipedia.org/wiki/Mj%C3%B8sa,60.666666666,11.0
Q222022,Grimselsee,lakes,http://commons.wikimedia.org/wiki/Special:FilePath/Grimselpass.jpg,Switzerland,https://en.wikipedia.org/wiki/Grimselsee,46.5675,8.3075
Q231499,Zvornik Lake,lakes,http://commons.wikimedia.org/wiki/Special:FilePath/Drina%20River%20Zvornik%20Reservoir.JPG,Bosnia and Herzegovina,https://en.wikipedia.org/wiki/Zvornik_Lake,44.31068333,19.13938333
Q240398,Kovdozero,lakes,http://commons.wikimedia.org/wiki/Special:FilePath/%D0%A1%D0%BE%D0%B1%D0%B0%D1%87%D1%8C%D1%8F%20%D0%BF%D1%80%D0%BE%D1%82%D0%BE%D0%BA%D0%B0.jpg,Russia,https://en.wikipedia.org/wiki/Lake_Kovdozero,66.782777777,32.0
Q243843,Zwenkauer See,lakes,http://commons.wikimedia.org/wiki/Special:FilePath/Zwenkauer%20See%20001.jpg,Germany,https://en.wikipedia.org/wiki/Zwenkauer_See,51.2394,12.3052
Q247784,Katzsohlteich,lakes,http://commons.wikimedia.org/wiki/Special:FilePath/Katzsohlteich.jpg,Germany,https://en.wikipedia.org/wiki/Katzsohlteich,51.636527777,10.96825
Q251301,Guavio Reservoir,lakes,http://commons.wikimedia.org/wiki/Special:FilePath/Embalse%20del%20Guavio%20%282%29.JPG,Colombia,,4.6943,-73.50885833
Q254473,Bremer Teich,lakes,http://commons.wikimedia.org/wiki/Special:FilePath/Bremer%20Teich.jpg,Germany,https://en.wikipedia.org/wiki/Bremer_Teich,51.6857,11.1118
Q258458,Saalachsee,lakes,http://commons.wikimedia.org/wiki/Special:FilePath/Saalachsee%20Orthofoto.jpg,Germany,,47.711,12.8622
Q258818,Lake of Sainte-Croix,lakes,http://commons.wikimedia.org/wiki/Special:FilePath/Aerial%20view%20of%20the%20Lake%20of%20Sainte-Croix%2005.jpg,France,https://en.wikipedia.org/wiki/Lake_of_Sainte-Croix,43.763611111,6.183888888
Q259515,Lake Matka,lakes,http://commons.wikimedia.org/wiki/Special:FilePath/Lake%20Matka%202.jpg,North Macedonia,https://en.wikipedia.org/wiki/Matka_(lake),41.95223755,21.29877806
Q265260,Torfkuhlen Bad Sülze,lakes,http://commons.wikimedia.org/wiki/Special:FilePath/Grenztalmoor-Recknitz-Trebel-Torfloch-18-07-2008-003b.jpg,Germany,https://en.wikipedia.org/wiki/Torfkuhlen_Bad_S%C3%BClze,54.108327777,12.689036111
Q267679,Lake Kossou,lakes,http://commons.wikimedia.org/wiki/Special:FilePath/Fishers%20boats%20on%20Lake%20Kossou%20near%20Kousso%20in%20C%C3%B4te%20d%27Ivoire%20%283%29.JPG,Ivory Coast,https://en.wikipedia.org/wiki/Lake_Kossou,7.15,-5.59
Q268631,Lake Nokoué,lakes,http://commons.wikimedia.org/wiki/Special:FilePath/Lake%20Nokoue%20NASA.jpg,Benin,https://en.wikipedia.org/wiki/Lake_Nokou%C3%A9,6.432777777,2.425555555
Q268701,Cle Elum Lake,lakes,http://commons.wikimedia.org/wiki/Special:FilePath/Cle%20Elum%20Lake%20%28533523210%29.jpg,United States,https://en.wikipedia.org/wiki/Cle_Elum_Lake,47.282,-121.107
Q268936,Ming Tombs Reservoir,lakes,http://commons.wikimedia.org/wiki/Special:FilePath/MingTombsReservoir.jpg,People's Republic of China,https://en.wikipedia.org/wiki/Ming_Tombs_Reservoir,40.256111111,116.258888888
Q273288,Ébrié Lagoon,lakes,http://commons.wikimedia.org/wiki/Special:FilePath/Abidjan%20des%20Lagune.jpg,Ivory Coast,https://en.wikipedia.org/wiki/%C3%89bri%C3%A9_Lagoon,5.27186111,-4.33924722
Q278754,Lac de Michelbach,lakes,http://commons.wikimedia.org/wiki/Special:FilePath/Barrage%20de%20Michelbach.JPG,France,https://en.wikipedia.org/wiki/Lac_de_Michelbach,47.757319444,7.123838888
Q279300,Belo jezero,lakes,http://commons.wikimedia.org/wiki/Special:FilePath/Lukino%20Selo%20%28%D0%9B%D1%83%D0%BA%D0%B8%D0%BD%D0%BE%20%D0%A1%D0%B5%D0%BB%D0%BE%29%2C%20Serbia.%20Fish%20ponds.%20-%20panoramio.jpg,Serbia,,45.293888888,20.411388888
Q280262,Baby Beach,lakes,http://commons.wikimedia.org/wiki/Special:FilePath/Baby%20Beach.jpg,Aruba,"https://en.wikipedia.org/wiki/Baby_Beach,_Aruba",12.4138,-69.8796
Q281539,Pålsbufjorden,lakes,http://commons.wikimedia.org/wiki/Special:FilePath/Hol%20Dagali%20Paalsbufjorden%20IMG%203663.JPG,Norway,https://en.wikipedia.org/wiki/P%C3%A5lsbufjorden,60.45,8.65
Q281635,Minnedosa Lake,lakes,http://commons.wikimedia.org/wiki/Special:FilePath/Min%20Dam.jpg,Canada,https://en.wikipedia.org/wiki/Minnedosa_Lake,50.265555555,-99.825555555
Q282920,White Rock Lake,lakes,http://commons.wikimedia.org/wiki/Special:FilePath/White%20Rock%20Lake%202014.JPG,United States,https://en.wikipedia.org/wiki/White_Rock_Lake,32.834166666,-96.722777777
Q288912,Étang de Berre,lakes,http://commons.wikimedia.org/wiki/Special:FilePath/%C3%89tang%20de%20Berre%20SPOT%201293.jpg,France,https://en.wikipedia.org/wiki/%C3%89tang_de_Berre,43.445833333,5.113888888
Q288930,Pond of Montady,lakes,http://commons.wikimedia.org/wiki/Special:FilePath/Etang%20de%20Montady.jpg,France,https://en.wikipedia.org/wiki/%C3%89tang_de_Montady,43.319183,3.121492
Q288968,Étang de Thau,lakes,http://commons.wikimedia.org/wiki/Special:FilePath/%C3%89tang%20de%20Thau%2C%20S%C3%A8te%2C%20H%C3%A9rault%2002.jpg,France,https://en.wikipedia.org/wiki/%C3%89tang_de_Thau,43.41,3.624166666
Q288975,Étang du Stock,lakes,http://commons.wikimedia.org/wiki/Special:FilePath/%C3%89tang%20du%20Stock.jpg,France,,48.75,6.9333334
Q297027,Q297027,lakes,http://commons.wikimedia.org/wiki/Special:FilePath/Oelgrundteich.JPG,Germany,,51.6672,11.5022
Q300673,Aabachtalsperre,lakes,http://commons.wikimedia.org/wiki/Special:FilePath/Bad%20W%C3%BCnnenberg%20Aabachsee%20Sauerland%20Ost%20573%20pk.jpg,Germany,,51.491388888,8.734166666
Q303174,Aar Reservoir,lakes,http://commons.wikimedia.org/wiki/Special:FilePath/Bischoffen%2C%20Aartalsperre.JPG,Germany,,50.6972,8.475
Q303434,Aasee,lakes,http://commons.wikimedia.org/wiki/Special:FilePath/2004-09-07-Aasee%20M%C3%BCnster.jpg,Germany,https://en.wikipedia.org/wiki/Aasee_(M%C3%BCnster),51.949444444,7.603611111
Q303881,Sultan Iskandar Reservoir,lakes,http://commons.wikimedia.org/wiki/Special:FilePath/Sultan%20Iskander%20Reservoir.JPG,Malaysia,https://en.wikipedia.org/wiki/Sultan_Iskandar_Reservoir,1.55611,103.91
Q307594,Överuman,lakes,http://commons.wikimedia.org/wiki/Special:FilePath/%C3%96ver-Uman%2018%20juni%202024.jpg,Norway,https://en.wikipedia.org/wiki/%C3%96veruman,66.151944444,14.573611111
Q313637,Gatun Lake,lakes,http://commons.wikimedia.org/wiki/Special:FilePath/Gatun%20Lake.jpg,Panama,https://en.wikipedia.org/wiki/Gatun_Lake,9.2,-79.9
Q315045,Maschsee,lakes,http://commons.wikimedia.org/wiki/Special:FilePath/Hannover%2C%20de%20Maschsee%20vanaf%20de%20Karl%20Thiele%20Weg%20IMG%204534%202018-07-01%2014.20.jpg,Germany,https://en.wikipedia.org/wiki/Maschsee,52.353144038,9.744673849
Q315195,Biggesee,lakes,http://commons.wikimedia.org/wiki/Special:FilePath/OlpeKreis-Biggesee1-Asio.JPG,Germany,https://en.wikipedia.org/wiki/Biggesee,51.110277777,7.895833333
Q316044,Goldberger See,lakes,http://commons.wikimedia.org/wiki/Special:FilePath/Goldberg%20Goldberger%20See%20Badestrand%202012-03-23%20511.JPG,Germany,https://en.wikipedia.org/wiki/Goldberger_See,53.611111111,12.125
Q316177,Emerald Lake,lakes,http://commons.wikimedia.org/wiki/Special:FilePath/Emerald%20Lake-Yoho.jpg,Canada,https://en.wikipedia.org/wiki/Emerald_Lake_(British_Columbia),51.444,-116.531
Q316181,Howard Lake,lakes,http://commons.wikimedia.org/wiki/Special:FilePath/Howard%20Lake.JPG,Canada,https://en.wikipedia.org/wiki/Howard_Lake_(British_Columbia),51.8141,-120.802
Q316184,Charlie Lake,lakes,http://commons.wikimedia.org/wiki/Special:FilePath/Fort%20St.%20John%20BC%20outline.PNG,Canada,https://en.wikipedia.org/wiki/Charlie_Lake_(British_Columbia),56.3248,-120.975
Q316363,Krakower See,lakes,http://commons.wikimedia.org/wiki/Special:FilePath/KrakowerSeePanorama%20ArM.jpg,Germany,https://en.wikipedia.org/wiki/Krakower_See,53.631111111,12.2975
Q316365,Carpenter Lake,lakes,http://commons.wikimedia.org/wiki/Special:FilePath/48-IMG%201420%20Carpenter%20Lake%20BC.JPG,Canada,https://en.wikipedia.org/wiki/Carpenter_Lake,50.85,-122.5
Q316369,Comox Lake,lakes,http://commons.wikimedia.org/wiki/Special:FilePath/Comox%20Lake%20%286942517550%29.jpg,Canada,https://en.wikipedia.org/wiki/Comox_Lake,49.611944444,-125.175555555
Q316383,Floe Lake,lakes,http://commons.wikimedia.org/wiki/Special:FilePath/Floe%20lake%20july%202004.jpg,Canada,https://en.wikipedia.org/wiki/Floe_Lake,51.053,-116.141
Q316392,Canim Lake,lakes,http://commons.wikimedia.org/wiki/Special:FilePath/Canim%20Lake.JPG,Canada,https://en.wikipedia.org/wiki/Canim_Lake_(British_Columbia),51.85,-120.75
Q316407,Buntzen Lake,lakes,http://commons.wikimedia.org/wiki/Special:FilePath/BuntzenLakePL280507.jpg,Canada,https://en.wikipedia.org/wiki/Buntzen_Lake,49.349,-122.86
Q316412,Capilano Lake,lakes,http://commons.wikimedia.org/wiki/Special:FilePath/CapilanoLake.jpg,Canada,https://en.wikipedia.org/wiki/Capilano_Lake,49.377,-123.12
Q316421,Tŝilhqox Biny,lakes,http://commons.wikimedia.org/wiki/Special:FilePath/Chilko%20Lake.JPG,Canada,https://en.wikipedia.org/wiki/T%C5%9Dilhqox_Biny,51.25,-124.083333333
Q316430,Buttle Lake,lakes,http://commons.wikimedia.org/wiki/Special:FilePath/ButtleLake.jpg,Canada,https://en.wikipedia.org/wiki/Buttle_Lake,49.7,-125.55
Q316442,Berg Lake,lakes,http://commons.wikimedia.org/wiki/Special:FilePath/Berg%20Lake%20Canadian%20Rockies.jpg,Canada,https://en.wikipedia.org/wiki/Berg_Lake,53.145555555,-119.157777777
Q316465,Christina Lake,lakes,http://commons.wikimedia.org/wiki/Special:FilePath/Christina%20Lake.jpg,Canada,https://en.wikipedia.org/wiki/Christina_Lake_(British_Columbia),49.116666666,-118.25
Q316723,Cheakamus Lake,lakes,http://commons.wikimedia.org/wiki/Special:FilePath/Cheakamuslake.JPG,Canada,https://en.wikipedia.org/wiki/Cheakamus_Lake,50.0081,-122.92
Q14472,Lac de Joux,lakes,http://commons.wikimedia.org/wiki/Special:FilePath/Vallee%20de%20joux.jpg,Switzerland,https://en.wikipedia.org/wiki/Lac_de_Joux,46.639444444,6.285833333
Q14527,Lungerersee,lakes,http://commons.wikimedia.org/wiki/Special:FilePath/Aerial%20image%20of%20Lake%20Lungern%20%28view%20from%20the%20southwest%29.jpg,Switzerland,https://en.wikipedia.org/wiki/Lake_Lungern,46.8025,8.163333333
Q40445,Malahayu Reservoir,lakes,http://commons.wikimedia.org/wiki/Special:FilePath/Waduk%20Malahayu.jpg,Indonesia,,-7.036388888,108.807777777
Q94803,Ch'iyar Quta,lakes,http://commons.wikimedia.org/wiki/Special:FilePath/LagunaChiarKhota2013.jpg,Bolivia,https://en.wikipedia.org/wiki/Ch%27iyar_Quta_(La_Paz),-16.195,-68.24388889
Q114035,Regenbogensee,lakes,http://commons.wikimedia.org/wiki/Special:FilePath/Regenbogensee%20-%202012-10-21%20ama%20fec%20%283%29.JPG,Germany,,52.75,13.5003
Q114397,Lanker See,lakes,http://commons.wikimedia.org/wiki/Special:FilePath/Lanker%20See%20%28Suedteil%29.jpg,Germany,https://en.wikipedia.org/wiki/Lanker_See,54.207777777,10.2925
Q116685,Lake Tana,lakes,http://commons.wikimedia.org/wiki/Special:FilePath/ET%20Amhara%20asv2018-02%20img040%20Lake%20Tana%20at%20Gorgora.jpg,Ethiopia,https://en.wikipedia.org/wiki/Lake_Tana,12.0,37.25
Q117036,Shotozero,lakes,http://commons.wikimedia.org/wiki/Special:FilePath/%C5%A0otj%C3%A4rvi.jpg,Russia,,61.786666666,32.994166666
Q117764,Suttle Lake,lakes,http://commons.wikimedia.org/wiki/Special:FilePath/Suttle%20Lake%2C%20Link%20Creek%20CG%2C%20USFS.jpg,United States,https://en.wikipedia.org/wiki/Suttle_Lake_(Oregon),44.4215561,-121.7408422
Q119248,Berglsteiner See,lakes,http://commons.wikimedia.org/wiki/Special:FilePath/Berglsteiner%20See%20from%20NE%202.jpg,Austria,https://en.wikipedia.org/wiki/Berglsteiner_See,47.4726,11.9125
Q19558,Inga Falls,waterfalls,http://commons.wikimedia.org/wiki/Special:FilePath/Inga03.jpg,Democratic Republic of the Congo,https://en.wikipedia.org/wiki/Inga_Falls,-5.533055555,13.606388888
Q24745,Kbal Chhay Waterfall,waterfalls,http://commons.wikimedia.org/wiki/Special:FilePath/Kbal%20Chhay%20Waterfall%2002.jpg,Cambodia,https://en.wikipedia.org/wiki/Kbal_Chhay_Waterfall,10.674833333,103.609
Q34221,Niagara Falls,waterfalls,http://commons.wikimedia.org/wiki/Special:FilePath/Niagara%20Falls%20USA%20Canada%20from%20Skylon%20Tower%20on%202002-05-28%2C%20full%20size.jpg,Canada,https://en.wikipedia.org/wiki/Niagara_Falls,43.08,-79.071
Q36332,Iguaçu Falls,waterfalls,http://commons.wikimedia.org/wiki/Special:FilePath/00%201854%20Iguaz%C3%BA-Wasserf%C3%A4lle%20-%20S%C3%BCdamerika.jpg,Brazil,https://en.wikipedia.org/wiki/Iguazu_Falls,-25.695277777,-54.436666666
Q37250,Bear Creek Falls,waterfalls,http://commons.wikimedia.org/wiki/Special:FilePath/Waterfall%20at%20the%20north%20fork%20of%20the%20Skykomish%20River%20and%20mouth%20of%20Bear%20Creek%2C%20ca%201913%20%28PICKETT%20749%29.jpeg,United States,https://en.wikipedia.org/wiki/Bear_Creek_Falls,47.8926,-121.382
Q37255,Sliding Rock,waterfalls,http://commons.wikimedia.org/wiki/Special:FilePath/Weekday%20afternoon%20at%20Sliding%20Rock.jpg,United States,https://en.wikipedia.org/wiki/Sliding_Rock,35.311022222,-82.787252777
Q37256,Humboldt Falls,waterfalls,http://commons.wikimedia.org/wiki/Special:FilePath/Humboldt%20Falls.jpg,New Zealand,https://en.wikipedia.org/wiki/Humboldt_Falls,-44.6972632,168.1350245
Q37266,Bahia Falls,waterfalls,http://commons.wikimedia.org/wiki/Special:FilePath/Cachoeira%20da%20Bahia.JPG,Brazil,https://en.wikipedia.org/wiki/Bahia_Falls,-19.236,-43.218
Q37265,Keoti Falls,waterfalls,http://commons.wikimedia.org/wiki/Special:FilePath/Keoti%20Falls%20Full%20Rewa%20MP%20Jan24%20A7C%2008833.jpg,India,https://en.wikipedia.org/wiki/Keoti_Falls,24.816,81.453
Q37268,Chuvisco Falls,waterfalls,http://commons.wikimedia.org/wiki/Special:FilePath/Cachoeira%20do%20Chuvisco.JPG,Brazil,https://en.wikipedia.org/wiki/Chuvisco_Falls,-19.2861,-43.2569
Q37269,Kattimannap Qurlua,waterfalls,http://commons.wikimedia.org/wiki/Special:FilePath/Wilberforce%20Falls%201998-07-11.jpg,Canada,https://en.wikipedia.org/wiki/Kattimannap_Qurlua,67.096,-108.799
Q37274,Tarawera Falls,waterfalls,http://commons.wikimedia.org/wiki/Special:FilePath/Tarawera%20Falls%20with%20rainbow.jpg,New Zealand,https://en.wikipedia.org/wiki/Tarawera_Falls,-38.163,176.52
Q37275,Horsetail Falls,waterfalls,http://commons.wikimedia.org/wiki/Special:FilePath/Horstail%20Falls.jpg,United States,https://en.wikipedia.org/wiki/Horsetail_Falls_(Oregon),45.5894,-122.068
Q37273,Amicalola Falls,waterfalls,http://commons.wikimedia.org/wiki/Special:FilePath/Amicalola%20Falls.JPG,United States,https://en.wikipedia.org/wiki/Amicalola_Falls,34.563977777,-84.239638888
Q37279,Falls of Foyers,waterfalls,http://commons.wikimedia.org/wiki/Special:FilePath/Foyers%20Falls.jpg,United Kingdom,https://en.wikipedia.org/wiki/Falls_of_Foyers,57.248619444,-4.492688888
Q37277,Cotter Force,waterfalls,http://commons.wikimedia.org/wiki/Special:FilePath/CotterForce.jpg,United Kingdom,https://en.wikipedia.org/wiki/Cotter_Force,54.317777777,-2.233333333
Q37282,Grey Mare's Tail,waterfalls,http://commons.wikimedia.org/wiki/Special:FilePath/Grey%20Mare%27s%20Tail.jpg,United Kingdom,"https://en.wikipedia.org/wiki/Grey_Mare%27s_Tail,_Moffat_Hills",55.421179,-3.29154
Q37283,Janet's Foss,waterfalls,http://commons.wikimedia.org/wiki/Special:FilePath/Janet%27s%20Foss%202.jpg,United Kingdom,https://en.wikipedia.org/wiki/Janet%27s_Foss,54.065730555,-2.136347222
Q37281,Pistyll y Llyn,waterfalls,http://commons.wikimedia.org/wiki/Special:FilePath/Pistyll-y-Llyn.jpg,United Kingdom,https://en.wikipedia.org/wiki/Pistyll_y_Llyn,52.53137,-3.838421666
Q37290,Comet Falls,waterfalls,http://commons.wikimedia.org/wiki/Special:FilePath/Comet%20Falls.jpg,United States,https://en.wikipedia.org/wiki/Comet_Falls,46.7958,-121.78
Q37291,Teviot Falls,waterfalls,http://commons.wikimedia.org/wiki/Special:FilePath/Teviot%20Falls.jpg,Australia,https://en.wikipedia.org/wiki/Teviot_Falls,-28.232833333,152.485833333
Q37288,Van Trump Falls,waterfalls,http://commons.wikimedia.org/wiki/Special:FilePath/Rainbow%20at%20Van%20Trump%20Falls.%20%283bc7fc1d59fd48c4a3f8d23e535770de%29.JPG,United States,https://en.wikipedia.org/wiki/Van_Trump_Falls,46.7922,-121.782
Q37289,Bow Falls,waterfalls,http://commons.wikimedia.org/wiki/Special:FilePath/Bow%20Falls%20%282677514387%29.jpg,Canada,https://en.wikipedia.org/wiki/Bow_Falls,51.1669,-115.56
Q37294,Daggs Falls,waterfalls,http://commons.wikimedia.org/wiki/Special:FilePath/Daggs%20falls.jpg,Australia,https://en.wikipedia.org/wiki/Daggs_Falls,-28.340497222,152.345866666
Q37297,Goomoolahra Falls,waterfalls,http://commons.wikimedia.org/wiki/Special:FilePath/Goomoolahra.jpg,Australia,https://en.wikipedia.org/wiki/Bilbrough_Falls,-28.222772222,153.284897222
Q37303,Unchalli Falls,waterfalls,http://commons.wikimedia.org/wiki/Special:FilePath/Unchallifalls.jpg,India,https://en.wikipedia.org/wiki/Unchalli_Falls,14.409444444,74.7475
Q37301,Kiliyur Falls,waterfalls,http://commons.wikimedia.org/wiki/Special:FilePath/Kiliyur%20waterfalls%20near%20Yercaud.jpg,India,https://en.wikipedia.org/wiki/Kiliyur_Falls,11.766666666,78.233333333
Q37307,Baker's Falls,waterfalls,http://commons.wikimedia.org/wiki/Special:FilePath/SL%20Horton%20Plains%20NP%20asv2020-01%20img11.jpg,Sri Lanka,https://en.wikipedia.org/wiki/Baker%27s_Falls,6.792222222,80.789444444
Q37304,Hebbe Falls,waterfalls,http://commons.wikimedia.org/wiki/Special:FilePath/Hebbe%20Falls.JPG,India,https://en.wikipedia.org/wiki/Hebbe_Falls,13.541388888,75.725
Q37305,Browne Falls,waterfalls,http://commons.wikimedia.org/wiki/Special:FilePath/Browne%20Falls%20%28Doubtful%20Sound%29.jpg,New Zealand,https://en.wikipedia.org/wiki/Browne_Falls,-45.3993512,167.0857983
Q37314,Apsley Falls,waterfalls,http://commons.wikimedia.org/wiki/Special:FilePath/Apsley%20Falls%202.jpg,Australia,https://en.wikipedia.org/wiki/Apsley_Falls,-31.050213888,151.769558333
Q37318,Vaipo Waterfall,waterfalls,http://commons.wikimedia.org/wiki/Special:FilePath/Marquises%209631a.jpg,France,https://en.wikipedia.org/wiki/Vaip%C5%8D_Waterfall,-8.907,-140.166
Q37319,Multnomah Falls,waterfalls,http://commons.wikimedia.org/wiki/Special:FilePath/Multnomah%20Falls%20on%202%20August%202012.jpg,United States,https://en.wikipedia.org/wiki/Multnomah_Falls,45.57595,-122.115361111
Q37316,La Paz Waterfall,waterfalls,http://commons.wikimedia.org/wiki/Special:FilePath/La%20Paz%20Waterfall%2C%20Costa%20Rica.JPG,Costa Rica,https://en.wikipedia.org/wiki/La_Paz_Waterfall_(Costa_Rica),10.201744444,-84.161452777
Q37322,Elakala Falls,waterfalls,http://commons.wikimedia.org/wiki/Special:FilePath/Elakala%20Waterfalls%20Swirling%20Pool%20Mossy%20Rocks.jpg,United States,https://en.wikipedia.org/wiki/Elakala_Falls,39.109,-79.499
Q37321,Fukuroda Falls,waterfalls,http://commons.wikimedia.org/wiki/Special:FilePath/Fukuroda%20Falls%20-%20%E8%A2%8B%E7%94%B0%E3%81%AE%E6%BB%9D%28%E3%81%B5%E3%81%8F%E3%82%8D%E3%81%A0%E3%81%AE%E3%81%9F%E3%81%8D%29.jpg,Japan,https://en.wikipedia.org/wiki/Fukuroda_Falls,36.764194444,140.407361111
Q37330,Kitsiputous,waterfalls,http://commons.wikimedia.org/wiki/Special:FilePath/Kitsiputous.png,Finland,https://en.wikipedia.org/wiki/Kitsiputous,69.06826,20.67621
Q37329,Cascata del Toce,waterfalls,http://commons.wikimedia.org/wiki/Special:FilePath/CascataDelToceAug122024%2002.jpg,Italy,https://en.wikipedia.org/wiki/Cascata_del_Toce,46.408,8.413
Q37334,Teerathgarh Falls,waterfalls,http://commons.wikimedia.org/wiki/Special:FilePath/Teerathgarh%20waterfall.jpg,India,https://en.wikipedia.org/wiki/Teerathgarh_Falls,18.914166666,81.865277777
Q37332,Crabtree Falls,waterfalls,http://commons.wikimedia.org/wiki/Special:FilePath/Crabtree%20falls%20blue%20ridge%20parkway.jpg,United States,https://en.wikipedia.org/wiki/Crabtree_Falls_(North_Carolina),35.8195,-82.1508
Q37338,Kipu Falls,waterfalls,http://commons.wikimedia.org/wiki/Special:FilePath/Kipu%20Falls%20%285410155454%29.jpg,United States,https://en.wikipedia.org/wiki/K%C4%ABp%C5%AB_Falls,21.95,-159.419638888
Q37336,Pokiok Falls,waterfalls,http://commons.wikimedia.org/wiki/Special:FilePath/Pokiok%20Falls%20%28CN003379%29.jpg,Canada,https://en.wikipedia.org/wiki/Pokiok_Falls,45.9667,-67.25
Q37342,Sable Falls,waterfalls,http://commons.wikimedia.org/wiki/Special:FilePath/Gfp-michigan-pictured-rocks-national-lakeshore-sable-falls.jpg,United States,https://en.wikipedia.org/wiki/Sable_Falls,46.668888888,-86.013330555
Q37341,High Falls,waterfalls,http://commons.wikimedia.org/wiki/Special:FilePath/Oswegatchie%20River%20-%20High%20Falls.jpg,United States,https://en.wikipedia.org/wiki/High_Falls_on_the_Oswegatchie_River,44.068611111,-74.910277777
Q37347,Mōkau Falls,waterfalls,http://commons.wikimedia.org/wiki/Special:FilePath/Mokau%20Falls.JPG,New Zealand,https://en.wikipedia.org/wiki/M%C5%8Dkau_Falls,-38.73,177.098
Q37344,Turtleback Falls,waterfalls,http://commons.wikimedia.org/wiki/Special:FilePath/Fls-turtle-flip.gif,United States,https://en.wikipedia.org/wiki/Turtleback_Falls,35.0922,-82.9663
Q37354,Catawba Falls,waterfalls,http://commons.wikimedia.org/wiki/Special:FilePath/CatawbaFalls.jpg,United States,https://en.wikipedia.org/wiki/Catawba_Falls,35.603858333,-82.245152777
Q37352,McGalliard Falls,waterfalls,http://commons.wikimedia.org/wiki/Special:FilePath/McGalliard%20Falls.webp,United States,https://en.wikipedia.org/wiki/McGalliard_Falls,35.765102777,-81.568761111
Q37358,Kaeng Song waterfall,waterfalls,http://commons.wikimedia.org/wiki/Special:FilePath/BestKaengSongWaterfall.JPG,Thailand,https://en.wikipedia.org/wiki/Namtok_Kaeng_Song,16.866388888,100.632222222
Q37359,Bechler Falls,waterfalls,http://commons.wikimedia.org/wiki/Special:FilePath/BechlerFallsYNP.jpg,United States,https://en.wikipedia.org/wiki/Bechler_Falls,44.1492,-111.01
Q37361,Ammons Creek Falls,waterfalls,http://commons.wikimedia.org/wiki/Special:FilePath/Ammon%20Falls.jpg,United States,https://en.wikipedia.org/wiki/Ammons_Creek_Falls,34.983433333,-83.266836111
Q37367,Wapta Falls,waterfalls,http://commons.wikimedia.org/wiki/Special:FilePath/Sunset%20by%20Wapta%20Falls.jpg,Canada,https://en.wikipedia.org/wiki/Wapta_Falls,51.187,-116.576
Q37365,Metlako Falls,waterfalls,http://commons.wikimedia.org/wiki/Special:FilePath/Metlako%20Falls.jpg,United States,https://en.wikipedia.org/wiki/Metlako_Falls,45.6253,-121.8968
Q37371,Minyon Falls,waterfalls,http://commons.wikimedia.org/wiki/Special:FilePath/Minyon%20Falls%20%26%20rhyolite.jpg,Australia,https://en.wikipedia.org/wiki/Minyon_Falls,-28.6127,153.39
Q37369,Keyhole Falls,waterfalls,http://commons.wikimedia.org/wiki/Special:FilePath/Keyhole%20Falls.jpg,Canada,https://en.wikipedia.org/wiki/Keyhole_Falls,50.676133333,-123.471486111
Q37372,Rockhouse Falls,waterfalls,http://commons.wikimedia.org/wiki/Special:FilePath/Rockhouse%20Falls.jpg,United States,https://en.wikipedia.org/wiki/Rockhouse_Falls,35.663,-85.3498
Q37379,Brontë Waterfall,waterfalls,http://commons.wikimedia.org/wiki/Special:FilePath/Bronte%20Falls%20-%20geograph.org.uk%20-%2090342.jpg,United Kingdom,https://en.wikipedia.org/wiki/Bront%C3%AB_Waterfall,53.818347222,-2.003597222
Q37377,Upper Twin Falls,waterfalls,http://commons.wikimedia.org/wiki/Special:FilePath/Upper%20Twin%20Falls.jpg,United States,https://en.wikipedia.org/wiki/Upper_Twin_Falls,47.4452,-121.694
Q37381,Websters Falls,waterfalls,http://commons.wikimedia.org/wiki/Special:FilePath/Flickr%20-%20paul%20bica%20-%20websters%20falls%20revisited.jpg,Canada,https://en.wikipedia.org/wiki/Webster%27s_Falls,43.276241666,-79.980897222
Q37386,Vattaparai Falls,waterfalls,http://commons.wikimedia.org/wiki/Special:FilePath/Keeriparai%20-%20Vattaparai%20falls.JPG,India,https://en.wikipedia.org/wiki/Vattaparai_Falls,8.265316666,77.451033333
Q37387,Låtefossen,waterfalls,http://commons.wikimedia.org/wiki/Special:FilePath/00%20N223%20L%C3%A5tefossen%20-%20Norwegen.jpg,Norway,https://en.wikipedia.org/wiki/L%C3%A5tefossen,59.947666666,6.585166666
Q37385,Horsetail Fall,waterfalls,http://commons.wikimedia.org/wiki/Special:FilePath/2007-02-16%20-%20Horsetail%20Fall%20%28Yosemite%29.jpg,United States,https://en.wikipedia.org/wiki/Horsetail_Fall_(Yosemite),37.7291,-119.628
Q37390,Cautley Spout,waterfalls,http://commons.wikimedia.org/wiki/Special:FilePath/Cautley%20Spout.jpg,United Kingdom,https://en.wikipedia.org/wiki/Cautley_Spout,54.3725,-2.491666666
Q37389,High Force,waterfalls,http://commons.wikimedia.org/wiki/Special:FilePath/High%20force.jpg,United Kingdom,https://en.wikipedia.org/wiki/High_Force,54.650277777,-2.1875
Q37393,Bonita Falls,waterfalls,http://commons.wikimedia.org/wiki/Special:FilePath/Bonita%20Falls%20%2824727147392%29.jpg,United States,https://en.wikipedia.org/wiki/Bonita_Falls,34.230277777,-117.504722222
Q37396,Alexandra Falls,waterfalls,http://commons.wikimedia.org/wiki/Special:FilePath/Alexandra%20Falls%20in%20April%20muddy%20waters.jpg,Canada,https://en.wikipedia.org/wiki/Alexandra_Falls,60.4997,-116.281
Q37397,Similkameen Falls,waterfalls,http://commons.wikimedia.org/wiki/Special:FilePath/Similkameen%20Falls.jpg,Canada,https://en.wikipedia.org/wiki/Similkameen_Falls,49.164444444,-120.573611111
Q37403,Njupeskär,waterfalls,http://commons.wikimedia.org/wiki/Special:FilePath/Fulufj%C3%A4llet%2010.JPG,Sweden,https://en.wikipedia.org/wiki/Njupesk%C3%A4r,61.636111111,12.688333333
Q37401,Jägala Waterfall,waterfalls,http://commons.wikimedia.org/wiki/Special:FilePath/J%C3%A4gala%20Juga%20%28J%C3%A4galafallet%29.JPG,Estonia,https://en.wikipedia.org/wiki/J%C3%A4gala_Waterfall,59.449922,25.178637
Q37405,Salmon Creek Falls,waterfalls,http://commons.wikimedia.org/wiki/Special:FilePath/Salmon%20Creek%20Falls2.jpg,United States,https://en.wikipedia.org/wiki/Salmon_Creek_Falls,35.819338888,-121.352061111
Q37410,Anna Ruby Falls,waterfalls,http://commons.wikimedia.org/wiki/Special:FilePath/Anna%20Ruby%20Falls%202.JPG,United States,https://en.wikipedia.org/wiki/Anna_Ruby_Falls,34.757552777,-83.710219444
Q37411,Dawson Falls,waterfalls,http://commons.wikimedia.org/wiki/Special:FilePath/Dawson%20Falls.jpg,Canada,https://en.wikipedia.org/wiki/Dawson_Falls,51.966666666,-120.116666666
Q37408,Aberdeen Falls,waterfalls,http://commons.wikimedia.org/wiki/Special:FilePath/Aberdeen%20falls%20sri%20lanka.JPG,Sri Lanka,https://en.wikipedia.org/wiki/Aberdeen_Falls,6.95,80.5
Q37412,Wahclella Falls,waterfalls,http://commons.wikimedia.org/wiki/Special:FilePath/Wahclellafalls.jpg,United States,https://en.wikipedia.org/wiki/Wahclella_Falls,45.617916666,-121.949916666
Q80299,Angel Falls,waterfalls,http://commons.wikimedia.org/wiki/Special:FilePath/SaltoAngel4.jpg,Venezuela,https://en.wikipedia.org/wiki/Angel_Falls,5.970055555,-62.536222222
Q110627,Königshütte Waterfall,waterfalls,http://commons.wikimedia.org/wiki/Special:FilePath/KoenigshuetteWasserfall.jpg,Germany,https://en.wikipedia.org/wiki/K%C3%B6nigsh%C3%BCtte_Waterfall,51.751133333,10.753422222
Q118549,Gujuli,waterfalls,http://commons.wikimedia.org/wiki/Special:FilePath/Cascada%20Gujuli.jpg,Spain,https://en.wikipedia.org/wiki/Cascada_de_Gujuli,42.976,-2.91224
Q123058,Kakabeka Falls,waterfalls,http://commons.wikimedia.org/wiki/Special:FilePath/Thefalls.jpg,Canada,https://en.wikipedia.org/wiki/Kakabeka_Falls,48.4029,-89.6256
Q139934,Kamieńczyk Waterfall,waterfalls,http://commons.wikimedia.org/wiki/Special:FilePath/Wodospadkamienczyka%20june%202010.jpg,Poland,https://en.wikipedia.org/wiki/Kamie%C5%84czyk_Falls,50.81395556,15.49669167
Q155246,Hierve el Agua,waterfalls,http://commons.wikimedia.org/wiki/Special:FilePath/Hierve%20el%20agua.JPG,Mexico,https://en.wikipedia.org/wiki/Hierve_el_Agua,16.865519,-96.276004
Q174109,Amsel Falls,waterfalls,http://commons.wikimedia.org/wiki/Special:FilePath/Hohenstein%20-%20Amsel-Wasserfall03.jpg,Germany,https://en.wikipedia.org/wiki/Amsel_Falls,50.972207,14.073867
Q177701,Uracher Wasserfall,waterfalls,http://commons.wikimedia.org/wiki/Special:FilePath/Uracher%20Wasserfall%20000.jpg,Germany,,48.482222222,9.367777777
Q183395,Reichenbach Falls,waterfalls,http://commons.wikimedia.org/wiki/Special:FilePath/Schattenhalb%20Reichenbachfall%207-05-2024%2010-56-28.jpg,Switzerland,https://en.wikipedia.org/wiki/Reichenbach_Falls,46.713611111,8.183055555
Q187918,Epupa Falls,waterfalls,http://commons.wikimedia.org/wiki/Special:FilePath/Epupa%20Falls%20%28detail%29.jpg,Angola,https://en.wikipedia.org/wiki/Epupa_Falls,-17.0,13.25
Q199535,Likholefossen,waterfalls,http://commons.wikimedia.org/wiki/Special:FilePath/Likholefossen.JPG,Norway,,61.32712,6.2731
Q200005,Slettafossen,waterfalls,http://commons.wikimedia.org/wiki/Special:FilePath/Slettafoss3-Romsdal.jpg,Norway,,62.32455,8.0776
Q203406,Kjosfossen,waterfalls,http://commons.wikimedia.org/wiki/Special:FilePath/Kjosfossen%20Falls.jpg,Norway,https://en.wikipedia.org/wiki/Kjosfossen,60.746111111,7.1375
Q210280,Dettifoss,waterfalls,http://commons.wikimedia.org/wiki/Special:FilePath/Dettifoss%20Panorama%2003.jpg,Iceland,https://en.wikipedia.org/wiki/Dettifoss,65.81430007,-16.38461058
Q214924,Rhine Falls,waterfalls,http://commons.wikimedia.org/wiki/Special:FilePath/Chutes%20du%20Rhin%20-%20Octobre%202021.jpg,Switzerland,https://en.wikipedia.org/wiki/Rhine_Falls,47.677222222,8.615833333
Q223649,Tugela Falls,waterfalls,http://commons.wikimedia.org/wiki/Special:FilePath/Tugela%20Falls.jpg,South Africa,https://en.wikipedia.org/wiki/Tugela_Falls,-28.7522,28.8941
Q244450,Zweribachwasserfälle,waterfalls,http://commons.wikimedia.org/wiki/Special:FilePath/Zweribachwasserf%C3%A4lle%20Obere%20Stufe%2001.jpg,Germany,,48.0431,8.09294
Q279439,Systrafoss,waterfalls,http://commons.wikimedia.org/wiki/Special:FilePath/Systrafoss.JPG,Iceland,https://en.wikipedia.org/wiki/Systrafoss,63.787650388,-18.060537772
Q281535,Dynjandi,waterfalls,http://commons.wikimedia.org/wiki/Special:FilePath/Cascada%20Dynjandi%2C%20Vestfir%C3%B0ir%2C%20Islandia%2C%202014-08-14%2C%20DD%20148-150%20HDR.JPG,Iceland,https://en.wikipedia.org/wiki/Dynjandi,65.732806301,-23.199338999
Q291233,Churchill River,waterfalls,http://commons.wikimedia.org/wiki/Special:FilePath/Churchill%20river%20newfoundland%20and%20churchill%20falls.PNG,Canada,https://en.wikipedia.org/wiki/Churchill_River_(Atlantic),53.870344,-65.028076
Q292937,Ófærufoss,waterfalls,http://commons.wikimedia.org/wiki/Special:FilePath/Ofaerufoss%202013.JPG,Iceland,https://en.wikipedia.org/wiki/%C3%93f%C3%A6rufoss,63.9655,-18.61875
Q303661,Aasleagh,waterfalls,http://commons.wikimedia.org/wiki/Special:FilePath/Aasleagh%20Falls%20-%20geograph.org.uk%20-%20240630.jpg,Ireland,,53.61944444,-9.67111111
Q307675,Öxarárfoss,waterfalls,http://commons.wikimedia.org/wiki/Special:FilePath/%C3%96xar%C3%A1rfoss%2C%20Parque%20Nacional%20de%20%C3%9Eingvellir%2C%20Su%C3%B0urland%2C%20Islandia%2C%202014-08-16%2C%20DD%20029.JPG,Iceland,https://en.wikipedia.org/wiki/%C3%96xar%C3%A1rfoss,64.26582,-21.11804
Q319104,Röthbach Waterfall,waterfalls,http://commons.wikimedia.org/wiki/Special:FilePath/R%C3%B6thbachwasserfall%203%20Fassung%202.jpg,Germany,https://en.wikipedia.org/wiki/R%C3%B6thbachfall,47.503,13.012
Q339843,Scale Force,waterfalls,http://commons.wikimedia.org/wiki/Special:FilePath/Scale%20Force%20-%20geograph.org.uk%20-%201176876.jpg,United Kingdom,https://en.wikipedia.org/wiki/Scale_Force,54.5432,-3.3135
Q352429,Boka,waterfalls,http://commons.wikimedia.org/wiki/Special:FilePath/Boka%20Falls%20Slovenia.JPG,Slovenia,https://en.wikipedia.org/wiki/Boka_(waterfall),46.3154356,13.4956044
Q377832,Tower Fall,waterfalls,http://commons.wikimedia.org/wiki/Special:FilePath/Base%20of%20Tower%20Fall%20with%20rainbow.JPG,United States,https://en.wikipedia.org/wiki/Tower_Fall,44.8938315,-110.3871827
Q382737,Talakona,waterfalls,http://commons.wikimedia.org/wiki/Special:FilePath/Talakona%20Waterfalls%20near%20Tirupati%20India.jpg,India,https://en.wikipedia.org/wiki/Talakona,13.811666666,79.215555555
Q391146,Laja Falls,waterfalls,http://commons.wikimedia.org/wiki/Special:FilePath/Salto%20del%20Laja%202019%20%282%29.jpg,Chile,https://en.wikipedia.org/wiki/Laja_Falls,-37.215555555,-72.383333333
Q427971,Hraunfossar,waterfalls,http://commons.wikimedia.org/wiki/Special:FilePath/Pano%20Hraunfossar.jpg,Iceland,https://en.wikipedia.org/wiki/Hraunfossar,64.702786455,-20.979846977
Q430990,Petrohué Waterfalls,waterfalls,http://commons.wikimedia.org/wiki/Special:FilePath/Saltos%20del%20petrohue%2001b.jpg,Chile,https://en.wikipedia.org/wiki/Petrohu%C3%A9_Waterfalls,-41.17235,-72.44683
Q477594,Lofoi Falls,waterfalls,http://commons.wikimedia.org/wiki/Special:FilePath/Chutes%20de%20la%20Lofo%C3%AF.jpg,Democratic Republic of the Congo,https://en.wikipedia.org/wiki/Lofoi_Falls,-10.260277777,27.606388888
Q122280948,"Group of 2 kurgans No 8391, Novyi Myr",history_and_mysteries,http://commons.wikimedia.org/wiki/Special:FilePath/%D0%9A%D1%83%D1%80%D0%B3%D0%B0%D0%BD%20%E2%84%968391%20%D0%B1%D1%96%D0%BB%D1%8F%20%D1%81.%D0%9D%D0%BE%D0%B2%D0%B8%D0%B9%20%D0%9C%D0%B8%D1%80%2C%20%D0%BF%D0%B0%D0%BD%D0%BE%D1%80%D0%B0%D0%BC%D0%B0%20%D0%BA%D1%83%D1%80%D0%B3%D0%B0%D0%BD%D0%BD%D0%BE%D1%97%20%D0%B3%D1%80%D1%83%D0%BF%D0%B8%20%D1%96%D0%B7%20%D0%B7%D0%B0%D1%85%D0%BE%D0%B4%D1%83.jpg,Ukraine,,47.928516,33.129295
Q490295,Tequendama Falls,waterfalls,http://commons.wikimedia.org/wiki/Special:FilePath/Tequendamasaltobta.jpg,Colombia,https://en.wikipedia.org/wiki/Tequendama_Falls,4.574861111,-74.293388888
Q491677,Yosemite Falls,waterfalls,http://commons.wikimedia.org/wiki/Special:FilePath/Yosemite%20Falls%20Trail%20May%202011%20003.jpg,United States,https://en.wikipedia.org/wiki/Yosemite_Falls,37.755018,-119.597297
Q495475,Murchison Falls,waterfalls,http://commons.wikimedia.org/wiki/Special:FilePath/Murchison%20Falls%20573x430.jpg,Uganda,https://en.wikipedia.org/wiki/Murchison_Falls,2.277313888,31.683347222
Q495557,Cheonjeyeon Waterfalls,waterfalls,http://commons.wikimedia.org/wiki/Special:FilePath/Cheonjeyeon.jpg,South Korea,https://en.wikipedia.org/wiki/Cheonjeyeon_Waterfalls,33.252819444,126.417272222
Q511247,Bridal Veil Falls,waterfalls,http://commons.wikimedia.org/wiki/Special:FilePath/Bridal%20Veil%20Falls%20below.png,United States,https://en.wikipedia.org/wiki/Bridal_Veil_Falls_(Niagara_Falls),43.0835,-79.0707
Q512389,Gocta Cataracts,waterfalls,http://commons.wikimedia.org/wiki/Special:FilePath/Catarata%20de%20Gocta%2C%202023%20%2806%29.jpg,Peru,https://en.wikipedia.org/wiki/Gocta_Cataracts,-6.023055555,-77.887222222
Q525983,Schleierfall,waterfalls,http://commons.wikimedia.org/wiki/Special:FilePath/Schleierwasserfall%20wilder%20kaiser.JPG,Austria,https://en.wikipedia.org/wiki/Schleierfall,47.5454,12.3624
Q538162,Angerlloch,waterfalls,http://commons.wikimedia.org/wiki/Special:FilePath/Angerlloch%2C%20Zugang%2C%202008.jpg,Germany,,47.56,11.2869
Q552906,Powerscourt Waterfall,waterfalls,http://commons.wikimedia.org/wiki/Special:FilePath/Powerscourt%20Waterfall%2C%202011.jpg,Ireland,https://en.wikipedia.org/wiki/Powerscourt_Waterfall,53.146,-6.211
Q559340,Livingstone Falls,waterfalls,http://commons.wikimedia.org/wiki/Special:FilePath/Chutes%20Livingstone.jpg,Republic of the Congo,https://en.wikipedia.org/wiki/Livingstone_Falls,-4.83333,14.5
Q572158,Pistyll Rhaeadr,waterfalls,http://commons.wikimedia.org/wiki/Special:FilePath/Pistyll%20Rhaeadr%200073.JPG,United Kingdom,https://en.wikipedia.org/wiki/Pistyll_Rhaeadr,52.852727,-3.3789414
Q572771,Takakkaw Falls,waterfalls,http://commons.wikimedia.org/wiki/Special:FilePath/Takakkaw%20Falls.jpg,Canada,https://en.wikipedia.org/wiki/Takakkaw_Falls,51.499722222,-116.472777777
Q577886,Agua Azul,waterfalls,http://commons.wikimedia.org/wiki/Special:FilePath/Cascadas%20de%20Agua%20Azul%204.jpg,Mexico,https://en.wikipedia.org/wiki/Agua_Azul,17.255702777,-92.11595
Q578769,Dindefelo Falls,waterfalls,http://commons.wikimedia.org/wiki/Special:FilePath/Dindefelo.jpg,Senegal,https://en.wikipedia.org/wiki/Dindefelo_Falls,12.364805555,-12.324888888
Q593481,Trou de Fer,waterfalls,http://commons.wikimedia.org/wiki/Special:FilePath/Trou-de-Fer.jpg,France,https://en.wikipedia.org/wiki/Trou_de_Fer,-21.040277777,55.556944444
Q602973,Hukou Waterfalls,waterfalls,http://commons.wikimedia.org/wiki/Special:FilePath/Hukou%20Waterfall.jpg,People's Republic of China,https://en.wikipedia.org/wiki/Hukou_Waterfalls,36.147222222,110.443888888
Q5626513,Göksu Waterfall,waterfalls,http://commons.wikimedia.org/wiki/Special:FilePath/SIZIR%20SELALESI%202009%2004%2018.JPG,Turkey,https://en.wikipedia.org/wiki/G%C3%B6ksu_Waterfall,39.305813888,35.946731111
Q5627140,Gürlevik Waterfalls,waterfalls,http://commons.wikimedia.org/wiki/Special:FilePath/Girlevik%20Waterfall%2C%20Erzincan%2C%20Turkey.jpg,Turkey,https://en.wikipedia.org/wiki/G%C3%BCrlevik_Waterfalls,39.58594,39.73087
Q5642715,Cascada del Gollorio,waterfalls,http://commons.wikimedia.org/wiki/Special:FilePath/Cascada%20-%20Arriba%20-%20panoramio%20%282%29.jpg,Spain,,41.0081,-2.62015
Q5645113,Hamilton Pool Preserve,waterfalls,http://commons.wikimedia.org/wiki/Special:FilePath/Hamiltonpool.jpg,United States,https://en.wikipedia.org/wiki/Hamilton_Pool_Preserve,30.342269444,-98.126930555
Q5646856,Hanakapiai Falls,waterfalls,http://commons.wikimedia.org/wiki/Special:FilePath/Hanakapiai%20Falls%2C%20Hawaii%2C%20August%202014.jpg,United States,https://en.wikipedia.org/wiki/Hanak%C4%81p%C4%AB%CA%BBai_Falls,22.1856,-159.595
Q5680406,Abgarm Waterfall,waterfalls,http://commons.wikimedia.org/wiki/Special:FilePath/%D8%A2%D8%A8%D8%B4%D8%A7%D8%B1%20%D8%A2%D8%A8%20%DA%AF%D8%B1%D9%85%20%DA%A9%D9%84%D8%A7%D8%AA%20%D8%AF%D8%B1%20%DB%8C%DA%A9%20%D8%B1%D9%88%D8%B2%20%D8%AA%D8%A7%D8%A8%D8%B3%D8%AA%D8%A7%D9%86%DB%8C.jpg,Iran,,36.502638888,60.063111111
Q5682607,Ganjnameh Waterfall,waterfalls,http://commons.wikimedia.org/wiki/Special:FilePath/%D8%A2%D8%A8%D8%B4%D8%A7%D8%B1%20%D8%B2%DB%8C%D8%A8%D8%A7%DB%8C%20%DA%AF%D9%86%D8%AC%D9%86%D8%A7%D9%85%D9%87%20%D8%AF%D8%B1%20%D9%87%D9%85%D8%AF%D8%A7%D9%86%2006.jpg,Iran,,34.75,48.43333333
Q5683183,Havasu Falls,waterfalls,http://commons.wikimedia.org/wiki/Special:FilePath/New%20havasu%20falls.JPG,United States,https://en.wikipedia.org/wiki/Havasu_Falls,36.255,-112.697777777
Q5684395,Gerit Waterfall,waterfalls,http://commons.wikimedia.org/wiki/Special:FilePath/Gerit%20waterfall.jpg,Iran,https://en.wikipedia.org/wiki/Gerit_Waterfall,33.28088889,48.72848611
Q5684731,Q5684731,waterfalls,http://commons.wikimedia.org/wiki/Special:FilePath/Cascada%20Chachin%20PN%20Lanin.JPG,Argentina,,-40.14116,-71.67319
Q5716817,Henriques waterfall,waterfalls,http://commons.wikimedia.org/wiki/Special:FilePath/CachoeiradosMartinsHenriques.jpg,Brazil,https://en.wikipedia.org/wiki/Henriques_waterfall,-22.611951,-45.885291
Q5725783,Vark Waterfall,waterfalls,http://commons.wikimedia.org/wiki/Special:FilePath/Vark%20Waterfall2021-05-28%2027.jpg,Iran,,33.21901667,48.51528056
Q5729401,Atashgah Waterfall,waterfalls,http://commons.wikimedia.org/wiki/Special:FilePath/Atashgah%20falls%201.jpg,Iran,,31.238,51.0
Q5738710,Cachón del Camaces,waterfalls,http://commons.wikimedia.org/wiki/Special:FilePath/Canch%C3%B3n%20del%20Camaces.JPG,Spain,,41.019444444,-6.754166666
Q5755906,La Cimbarra,waterfalls,http://commons.wikimedia.org/wiki/Special:FilePath/Cascada%20de%20la%20Cimbarra.jpg,Spain,,38.38833333,-3.37222222
Q5755929,Cascada el Pailón del Diablo(dueño el walter),waterfalls,http://commons.wikimedia.org/wiki/Special:FilePath/Pailon.jpg,Ecuador,https://en.wikipedia.org/wiki/Pail%C3%B3n_del_Diablo,-1.404262,-78.297021
Q5755932,Cascada de Tamul,waterfalls,http://commons.wikimedia.org/wiki/Special:FilePath/Cascada%20de%20Tamul%20vista%20desdes%20abajo.jpg,Mexico,,21.80138889,-99.17944444
Q5755940,Q5755940,waterfalls,http://commons.wikimedia.org/wiki/Special:FilePath/Ruta%20del%20Chorro.JPG,Spain,,39.547317,-4.642995
Q5755966,Q5755966,waterfalls,http://commons.wikimedia.org/wiki/Special:FilePath/Cascadas%20del%20Hueznar%20-%20WLE%20Spain%202015.jpg,Spain,,37.99222222,-5.66277778
Q5755969,Cascadas del Purgatorio,waterfalls,http://commons.wikimedia.org/wiki/Special:FilePath/Cascadas%20del%20Purgatorio%20-%2001.jpg,Spain,,40.848934,-3.859577
Q5758239,Mongayu Waterfall,waterfalls,http://commons.wikimedia.org/wiki/Special:FilePath/Cascadataballon.jpg,Spain,,43.099023371,-5.258975136
Q5758237,"Velo de la Novia, Perené",waterfalls,http://commons.wikimedia.org/wiki/Special:FilePath/Velo%20de%20la%20Novia%20Falls.jpg,Peru,,-10.852149,-75.10911
Q5758249,Pulhapanzak,waterfalls,http://commons.wikimedia.org/wiki/Special:FilePath/Cataratas%20de%20Pulhapanzak.JPG,Honduras,,15.025222222,-88.002386111
Q5767250,Chorrera de Mojonavalle,waterfalls,http://commons.wikimedia.org/wiki/Special:FilePath/Chorrera%20de%20Mojonavalle%20%28Abedular%20de%20Canencia%29.jpg,Spain,,40.866539,-3.785554
Q5767255,Chorreras de Despeñalagua,waterfalls,http://commons.wikimedia.org/wiki/Special:FilePath/Chorreras%20de%20Despe%C3%B1alagua%2002.jpg,Spain,,41.12646111,-3.25528611
Q5767268,Chorro Grande,waterfalls,http://commons.wikimedia.org/wiki/Special:FilePath/Chorro%20grande%2004.jpg,Spain,,40.90668,-3.97589
Q5767274,El Chorro de Navafría,waterfalls,http://commons.wikimedia.org/wiki/Special:FilePath/El%20Chorro%20de%20Navafr%C3%ADa%20-%20Segovia.jpg,Spain,,41.020086,-3.830906
Q5788609,Berkelah falls,waterfalls,http://commons.wikimedia.org/wiki/Special:FilePath/Berkelah%20Falls%2C%20Fifth%20Tier.jpg,Malaysia,https://en.wikipedia.org/wiki/Berkelah_Falls,3.753611111,102.979722222
Q5814827,Waterfall of Ducha de los Alemanes,waterfalls,http://commons.wikimedia.org/wiki/Special:FilePath/Chorro%20del%20%C3%81rbol%20Viejo.jpg,Spain,,40.783187,-4.055582
Q5823243,El Salto,waterfalls,http://commons.wikimedia.org/wiki/Special:FilePath/Rio%20El%20Salto%20SLP%2C%20Verano%202002.jpg,Mexico,,22.586666666,-99.383527777
Q5853793,Dogholoo Waterfall,waterfalls,http://commons.wikimedia.org/wiki/Special:FilePath/Darband%20Twin%20Falls.JPG,Iran,https://en.wikipedia.org/wiki/Abshar_Dogholu,35.854806,51.428944
Q5873262,Yakhi Waterfall,waterfalls,http://commons.wikimedia.org/wiki/Special:FilePath/%D8%A2%D8%A8%D8%B4%D8%A7%D8%B1%20%DB%8C%D8%AE%DB%8C%20%D8%AF%D8%B1%20%D8%A7%D8%B1%D8%AA%D9%81%D8%A7%D8%B9%205100%20%D9%85%D8%AA%D8%B1%DB%8C%20-%20%D8%AC%D8%A8%D9%87%D9%87%20%DB%8C%20%D8%AC%D9%86%D9%88%D8%A8%DB%8C%20%D8%AF%D9%85%D8%A7%D9%88%D9%86%D8%AF%20-%20panoramio.jpg,Iran,https://en.wikipedia.org/wiki/Yakhi_Waterfall,35.94055556,52.12166667
Q5879930,Hole-in-the-Wall Falls,waterfalls,http://commons.wikimedia.org/wiki/Special:FilePath/Warren%20Falls%20-%20DPLA%20-%206c2d7b58c3e4458635250685e6809e59.jpg,United States,https://en.wikipedia.org/wiki/Hole-in-the-Wall_Falls,45.6861,-121.702
Q5898565,Ab Pari Waterfall,waterfalls,http://commons.wikimedia.org/wiki/Special:FilePath/Ab%20Pary%20waterfall%2020190409%2003.jpg,Iran,,36.478333333,51.913888888
Q5906032,Horseshoe Falls,waterfalls,http://commons.wikimedia.org/wiki/Special:FilePath/Planhigion%20a%20golygfeydd%20ger%20Rhaeadr%20y%20Bedol%20-%20Flora%20and%20views%20around%20the%20Horseshoe%20Falls%2C%20Llangollen%2C%20Wales%2012.jpg,United Kingdom,https://en.wikipedia.org/wiki/Horseshoe_Falls_(Wales),52.981316,-3.2004358
Q5912422,Qarasu Waterfall,waterfalls,http://commons.wikimedia.org/wiki/Special:FilePath/Gharasoo%20Waterfalls%20%28Khorasan%2C%20Iran%29%20001.jpg,Iran,,36.966666666,59.676388888
Q5934703,Shahandasht Waterfall,waterfalls,http://commons.wikimedia.org/wiki/Special:FilePath/%D8%A2%D8%A8%D8%B4%D8%A7%D8%B1%20%D8%B4%D8%A7%D9%87%D8%A7%D9%86%D8%AF%D8%B4%D8%AA.jpg,Iran,https://en.wikipedia.org/wiki/Shahandasht_Waterfall,35.908194444,52.257555555
Q5945046,Q5945046,waterfalls,http://commons.wikimedia.org/wiki/Special:FilePath/%D8%A7%D8%A8%D8%B4%D8%A7%D8%B1%20%DA%86%DA%A9%D8%A7%D9%86%20%281%29.jpg,Iran,,33.215636,49.290445
Q5947050,Bisheh Waterfall,waterfalls,http://commons.wikimedia.org/wiki/Special:FilePath/Bisheh%20waterfall.jpg,Iran,https://en.wikipedia.org/wiki/Bisheh_Waterfall,33.33049,48.878256
Q5949695,Shevi Waterfall,waterfalls,http://commons.wikimedia.org/wiki/Special:FilePath/Shevi%203.jpg,Iran,https://en.wikipedia.org/wiki/Shevi_Waterfall,32.796944444,48.831111111
Q5978390,Changbai Waterfall,waterfalls,http://commons.wikimedia.org/wiki/Special:FilePath/Changbai%20chute.JPG,People's Republic of China,https://en.wikipedia.org/wiki/Changbai_Waterfall,42.035178,128.052184
Q6015569,Samandere Waterfall,waterfalls,http://commons.wikimedia.org/wiki/Special:FilePath/Samandere%20%C5%9Eelalesi%20Tabiat%20An%C4%B1t%C4%B1%20-%20A%C4%9Fustos%202013%20IMG%209443%20hamdigumus.jpg,Turkey,https://en.wikipedia.org/wiki/Samandere_Waterfall,40.6895,31.26026
Q6018935,Suuçtu Waterfall,waterfalls,http://commons.wikimedia.org/wiki/Special:FilePath/Suu%C3%A7tu%20Waterfall%2C%20Mustafakemalpa%C5%9Fa.jpg,Turkey,,39.90067,28.38438
Q6026104,Mençuna Waterfall,waterfalls,http://commons.wikimedia.org/wiki/Special:FilePath/Men%C3%A7una%202.jpg,Turkey,,41.254658,41.3519867
Q6032747,Inglis Falls,waterfalls,http://commons.wikimedia.org/wiki/Special:FilePath/Inglis%20falls.jpg,Canada,https://en.wikipedia.org/wiki/Inglis_Falls,44.5264,-80.9342
Q6060122,Inverlair Falls,waterfalls,http://commons.wikimedia.org/wiki/Special:FilePath/Inverlair%20Falls%20-%20geograph.org.uk%20-%20941908.jpg,United Kingdom,https://en.wikipedia.org/wiki/Inverlair_Falls,56.8878,-4.72801
Q6060479,Inversnaid Falls,waterfalls,http://commons.wikimedia.org/wiki/Special:FilePath/Inversnaid%20Falls.jpg,United Kingdom,https://en.wikipedia.org/wiki/Inversnaid_Falls,56.242461,-4.683856
Q6070960,Kapuzbashi Waterfalls,waterfalls,http://commons.wikimedia.org/wiki/Special:FilePath/Kapuzbasi%20Waterfall%20-%20panoramio.jpg,Turkey,,37.7735,35.3932
Q6083777,Pozo Airón,waterfalls,http://commons.wikimedia.org/wiki/Special:FilePath/Pozo%20airon.jpg,Spain,,41.241747222,-6.548591666
Q6083859,Pozo de los Humos,waterfalls,http://commons.wikimedia.org/wiki/Special:FilePath/Pozo01.jpg,Spain,,41.217461111,-6.569866666
Q6083865,Pozo de los Lirios,waterfalls,http://commons.wikimedia.org/wiki/Special:FilePath/Cascada%20del%20Pinero.JPG,Spain,,41.229766666,-6.582205555
Q6117521,Aponwao Falls,waterfalls,http://commons.wikimedia.org/wiki/Special:FilePath/Salto%20Aponwao%20-%20Gran%20Sabana.JPG,Venezuela,,5.5699618,-61.489887
Q6117524,Yuruaní Falls,waterfalls,http://commons.wikimedia.org/wiki/Special:FilePath/Cortinas%20de%20Yuruan%C3%AD%20-%20Arapena%20Mer%C3%BA%20%2820806436271%29.jpg,Venezuela,,5.09138889,-61.09583333
Q6117528,Q6117528,waterfalls,http://commons.wikimedia.org/wiki/Special:FilePath/Salto%20Capiov%C3%AD%20%E2%80%A2%20Parque%20Natural%20Don%20Alberto%20Nobs%20%2894715%29.jpg,Argentina,,-26.9244,-55.0622
Q6117533,Kama Falls,waterfalls,http://commons.wikimedia.org/wiki/Special:FilePath/Salto%20Kama%20-%20Gran%20Sabana.jpg,Venezuela,,5.4160655,-61.2198557
Q6117539,Pacheco Waterfall,waterfalls,http://commons.wikimedia.org/wiki/Special:FilePath/Cachoeira%20do%20Pacheco%20Venezuela%204.JPG,Venezuela,,5.164694444,-61.094638888
Q6117554,Eyipantla Falls,waterfalls,http://commons.wikimedia.org/wiki/Special:FilePath/EyipantlaWaterfall09.JPG,Mexico,https://en.wikipedia.org/wiki/Eyipantla_Falls,18.3849,-95.2078
Q6117561,Salto del Usero,waterfalls,http://commons.wikimedia.org/wiki/Special:FilePath/Salto%20del%20Usero%20%2849574072967%29.jpg,Spain,,38.02619,-1.67434
Q6163943,Jasper Creek,waterfalls,http://commons.wikimedia.org/wiki/Special:FilePath/Quebrada%20del%20Jaspe-La%20Gran%20Sabana-Venezuela07.JPG,Venezuela,https://en.wikipedia.org/wiki/Jasper_Creek_(Venezuela),4.91708279,-61.09363937
Q6177118,Jemez Falls,waterfalls,http://commons.wikimedia.org/wiki/Special:FilePath/Jemez%20Falls%201.jpg,United States,https://en.wikipedia.org/wiki/Jemez_Falls,35.81,-106.6
Q6276257,Joranda Falls,waterfalls,http://commons.wikimedia.org/wiki/Special:FilePath/Joronda%20Falls.jpg,India,https://en.wikipedia.org/wiki/Joranda_Falls,21.937222222,86.404166666
Q6311009,Jumog waterfall,waterfalls,http://commons.wikimedia.org/wiki/Special:FilePath/Air%20Terjun%20Jumog%202022%2002.jpg,Indonesia,https://en.wikipedia.org/wiki/Jumog_waterfall,-7.6309674,111.1262805
Q6359812,Kamuiwakka Falls,waterfalls,http://commons.wikimedia.org/wiki/Special:FilePath/Kamuiwakka%20Falls03s5.jpg,Japan,https://en.wikipedia.org/wiki/Kamuiwakka_Falls,44.153916666,145.129111111
Q6375185,Katary Falls,waterfalls,http://commons.wikimedia.org/wiki/Special:FilePath/Kataryfall%2Cselas%2Ccoonoor%2Cindia.jpg,India,https://en.wikipedia.org/wiki/Katary_Falls,11.338032,76.736777
Q6380712,Kaytitinga Falls,waterfalls,http://commons.wikimedia.org/wiki/Special:FilePath/Sjdm%20kaytitinga%20falls.jpg,Philippines,https://en.wikipedia.org/wiki/Kaytitinga_Falls,14.1072,120.829
Q6406838,Kilfinnan Fall,waterfalls,http://commons.wikimedia.org/wiki/Special:FilePath/Kilfinnan%20Falls%20-%20geograph.org.uk%20-%2068455.jpg,United Kingdom,https://en.wikipedia.org/wiki/Kilfinnan_Fall,57.0289,-4.85042
Q6411636,King George VI Falls,waterfalls,http://commons.wikimedia.org/wiki/Special:FilePath/King%20George%20VI%20Falls.jpg,Guyana,https://en.wikipedia.org/wiki/King_George_VI_Falls,5.688333333,-61.112222222
Q6414333,Kintampo waterfalls,waterfalls,http://commons.wikimedia.org/wiki/Special:FilePath/Kintempo%20Water%20Falls%20II.jpg,Ghana,https://en.wikipedia.org/wiki/Kintampo_waterfalls,8.08965278,-1.69738889
Q6417893,Kitashōji Falls,waterfalls,http://commons.wikimedia.org/wiki/Special:FilePath/Kita-Shojigataki.JPG,Japan,https://en.wikipedia.org/wiki/Kitash%C5%8Dji_Falls,35.73122778,138.35497222
Q6429226,Kongou Falls,waterfalls,http://commons.wikimedia.org/wiki/Special:FilePath/DIGITAL%20CROSSING%20-%20KONGOU%2003.jpg,Gabon,https://en.wikipedia.org/wiki/Kongou_Falls,0.290738888,12.58905
Q6430437,Hirni Falls,waterfalls,http://commons.wikimedia.org/wiki/Special:FilePath/Hirni%20Falls.JPG,India,https://en.wikipedia.org/wiki/Hirni_Falls,22.8667,85.3333
Q6433829,Kota Tinggi Waterfalls,waterfalls,http://commons.wikimedia.org/wiki/Special:FilePath/Kota%20Tinggi%20Waterfalls.JPG,Malaysia,https://en.wikipedia.org/wiki/Kota_Tinggi_Waterfalls,1.83,103.83
Q6439432,Krushuna Falls,waterfalls,http://commons.wikimedia.org/wiki/Special:FilePath/Krushuna%20waterfalls%20062.jpg,Bulgaria,https://en.wikipedia.org/wiki/Krushuna_Falls,43.243056,25.033333
Q6444278,Kundalila Falls,waterfalls,http://commons.wikimedia.org/wiki/Special:FilePath/Kundalila%20Falls%20downside.jpg,Zambia,https://en.wikipedia.org/wiki/Kundalila_Falls,-13.1543,30.7025
Q6479721,Lakkam Waterfalls,waterfalls,http://commons.wikimedia.org/wiki/Special:FilePath/Lukkam%20waterfalls%2C%20Munnar%2C%20Kerala.jpg,India,https://en.wikipedia.org/wiki/Lakkom_Falls,10.188888888,77.111111111
Q6480762,Lamadaya,waterfalls,http://commons.wikimedia.org/wiki/Special:FilePath/Lamadayawaterfalls6.jpg,Somaliland,https://en.wikipedia.org/wiki/Lamadaya,10.73583333,47.245
Q6505129,Laxapana Falls,waterfalls,http://commons.wikimedia.org/wiki/Special:FilePath/Laxapana%20falls%201.JPG,Sri Lanka,https://en.wikipedia.org/wiki/Laxapana_Falls,6.9,80.5
Q6545563,Liffey Falls,waterfalls,http://commons.wikimedia.org/wiki/Special:FilePath/Liffey%20Falls%2C%20Liffey%2C%20Tasmania.jpg,Australia,https://en.wikipedia.org/wiki/Liffey_Falls,-41.698055555,146.764444444
Q6554543,Linn of Muick,waterfalls,http://commons.wikimedia.org/wiki/Special:FilePath/General%20view%2C%20Linn%20of%20Muick%2C%20Scotland-LCCN2002695015.tif,United Kingdom,https://en.wikipedia.org/wiki/Linn_of_Muick,56.9918,-3.10101
Q6590956,Krčić waterfall,waterfalls,http://commons.wikimedia.org/wiki/Special:FilePath/Veliki%20buk%203.jpg,Croatia,https://en.wikipedia.org/wiki/Topoljski_Buk,44.042174,16.235617
Q6672465,Sipi Falls,waterfalls,http://commons.wikimedia.org/wiki/Special:FilePath/Sipi%20Falls%20Main%20Drop.jpg,Uganda,https://en.wikipedia.org/wiki/Sipi_Falls,1.337777777,34.379444444
Q6675324,Looking Glass Falls,waterfalls,http://commons.wikimedia.org/wiki/Special:FilePath/Looking%20Glass%20Falls%202012.jpg,United States,https://en.wikipedia.org/wiki/Looking_Glass_Falls,35.296338888,-82.768397222
Q6686411,Salt d'aigua del torrent del Gat,waterfalls,http://commons.wikimedia.org/wiki/Special:FilePath/Bigues%20i%20Riells.%20Riells%20del%20Fai.%20Salt%20del%20Torrent%20del%20Gat%201.JPG,Spain,,41.70866944,2.195425
Q6689700,Loup of Fintry,waterfalls,http://commons.wikimedia.org/wiki/Special:FilePath/The%20Loup.jpg,United Kingdom,https://en.wikipedia.org/wiki/Loup_of_Fintry,56.0499,-4.14981
Q6689715,Loups of Barnshangan,waterfalls,http://commons.wikimedia.org/wiki/Special:FilePath/Loups%20of%20Barnshangan%20%286587447669%29.jpg,United Kingdom,https://en.wikipedia.org/wiki/Loups_of_Barnshangan,54.9468,-4.82293
Q6689716,Loups of Dalnigap,waterfalls,http://commons.wikimedia.org/wiki/Special:FilePath/Falls%20at%20Dalnigap.jpg,United Kingdom,https://en.wikipedia.org/wiki/Loups_of_Dalnigap,54.9967,-4.9187
Q6693611,Lower Mesa Falls,waterfalls,http://commons.wikimedia.org/wiki/Special:FilePath/Lower%20Mesa%20Falls%201.jpg,United States,https://en.wikipedia.org/wiki/Lower_Mesa_Falls,44.168055555,-111.319722222
Q6703036,Lumangwe Falls,waterfalls,http://commons.wikimedia.org/wiki/Special:FilePath/Lumangwe%20falls%20on%20the%20Kalungwishi%20river%20during%20the%20dry%20season%28September-October%29.jpg,Zambia,https://en.wikipedia.org/wiki/Lumangwe_Falls,-9.533333333,29.383333333
Q6709223,Lynn Spout,waterfalls,http://commons.wikimedia.org/wiki/Special:FilePath/Lynn%20Spout%20Detail%20Dalry.JPG,United Kingdom,https://en.wikipedia.org/wiki/Lynn_Spout,55.6986,-4.73366
Q6720622,Ma'in Hot Springs,waterfalls,http://commons.wikimedia.org/wiki/Special:FilePath/Ma%27in%20Hot%20Springs2.JPG,Jordan,https://en.wikipedia.org/wiki/Ma%27in_Hot_Springs,31.609473,35.610463
Q6729026,Mae Surin Falls,waterfalls,http://commons.wikimedia.org/wiki/Special:FilePath/Namtok%20Mae%20Surin%20Waterfall.jpg,Thailand,https://en.wikipedia.org/wiki/Mae_Surin_Falls,18.91916667,98.05222222
Q6744050,Mallalli Falls,waterfalls,http://commons.wikimedia.org/wiki/Special:FilePath/Mallalli%20Falls.jpg,India,https://en.wikipedia.org/wiki/Mallalli_Falls,12.6,75.87
Q335216,Sha‘ab Abū Nuhās,islands,http://commons.wikimedia.org/wiki/Special:FilePath/NuhasGiannis5.jpg,Egypt,https://en.wikipedia.org/wiki/Sha%CA%BDb_Abu_Nu%C4%A7as,27.575,33.93
Q393946,Shag Point,islands,http://commons.wikimedia.org/wiki/Special:FilePath/Shag%20Point.jpg,United Kingdom,,-54.0333,-37.45
Q1138911,Ballinderry Crannog No. 1,islands,http://commons.wikimedia.org/wiki/Special:FilePath/Crannog%20in%20Loch%20Ard%20-%20geograph.org.uk%20-%20196842.jpg,Ireland,,53.4116478,-7.69964695
Q1460917,Q1460917,islands,http://commons.wikimedia.org/wiki/Special:FilePath/Jade-weser-muendung%20map%20de.png,Germany,,53.82944444,8.35916667
Q1866822,Llangors Crannog,islands,http://commons.wikimedia.org/wiki/Special:FilePath/Crannog%20Llangorse%20Lake%20-%20geograph.org.uk%20-%201717564.jpg,United Kingdom,,51.933711,-3.2685605
Q1867235,Loch Glashan Crannóg,islands,http://commons.wikimedia.org/wiki/Special:FilePath/The%20Loch%20Glashan%20Logboat%2C%20Kelvingrove%20Museum%2C%20Glasgow%20-%20DSC06239.JPG,United Kingdom,,56.07971,-5.350634
Q5320406,Dùn Anlaimh,islands,http://commons.wikimedia.org/wiki/Special:FilePath/D%C3%B9n%20Anlaimh%20%28photo%2C%201905%29.jpeg,United Kingdom,https://en.wikipedia.org/wiki/D%C3%B9n_Anlaimh,56.6189,-6.58493
Q27835248,Buiston crannog,islands,http://commons.wikimedia.org/wiki/Special:FilePath/Buiston%20Crannog%20excavations%201881.jpg,United Kingdom,,55.659,-4.520083
Q29015459,"Eriska,crannog on S shore of",islands,http://commons.wikimedia.org/wiki/Special:FilePath/Crannog%2C%20Eriska%20-%20geograph.org.uk%20-%20345574.jpg,United Kingdom,,56.526564,-5.414333
Q47011897,Black Loch Crannog,islands,http://commons.wikimedia.org/wiki/Special:FilePath/Heron%20Isle%20in%20Loch%20Crindil%20-%20panoramio.jpg,United Kingdom,,54.909625,-4.9436589
Q49173649,West Beach,islands,http://commons.wikimedia.org/wiki/Special:FilePath/View%20of%20Kasai%20Kaihin%20Park%20from%20Diamond%20and%20Flower%20Ferris%20Wheel.jpg,Japan,,35.638888888,139.854166666
Q49333121,No.3 Battery,islands,http://commons.wikimedia.org/wiki/Special:FilePath/Daiba%20Park%20%E5%8F%B0%E5%A0%B4%E5%85%AC%E5%9C%92%20%EF%BC%88%E7%AC%AC%E4%B8%89%E5%8F%B0%E5%A0%B4%EF%BC%89%20-%20panoramio.jpg,Japan,,35.633333333,139.772222222
Q49643703,Island Grissom,islands,http://commons.wikimedia.org/wiki/Special:FilePath/Island%20Grissom%20of%20the%20THUMS%20Islands%20in%20Long%20Beach%20California.jpg,United States,,33.759183333,-118.181455555
Q49643863,Island White,islands,http://commons.wikimedia.org/wiki/Special:FilePath/THUMS%20Island%20White.jpg,United States,,33.752794444,-118.159233333
Q51882458,"Stettineiland, Amsterdam",islands,http://commons.wikimedia.org/wiki/Special:FilePath/Stettineiland%2C%20foto%201.jpg,Netherlands,,52.394166666,4.879722222
Q52219726,Memeleiland,islands,http://commons.wikimedia.org/wiki/Special:FilePath/Memeleiland%2C%20Houthaven.jpg,Netherlands,,52.3925,4.881944444
Q53846755,"Narva-eiland, Amsterdam",islands,http://commons.wikimedia.org/wiki/Special:FilePath/Narva%20Eiland%20foto%202.jpg,Netherlands,,52.393055555,4.881388888
Q54852744,île sud du lac des Minimes,islands,http://commons.wikimedia.org/wiki/Special:FilePath/%C3%8Ele%20Sud%20Lac%20Minimes%20-%20Paris%20XII%20%28FR75%29%20-%202021-05-23%20-%203.jpg,France,,48.8346,2.4591
Q54852806,île nord du lac des Minimes,islands,http://commons.wikimedia.org/wiki/Special:FilePath/%C3%8Ele%20Nord%20Lac%20Minimes%20-%20Paris%20XII%20%28FR75%29%20-%202021-05-23%20-%2031.jpg,France,,48.8367,2.4581
Q55637130,Villiers Island,islands,http://commons.wikimedia.org/wiki/Special:FilePath/Filling%20in%20part%20of%20the%20mouth%20of%20the%20Keating%20Channel%2C%202018-07-04%20-a.jpg,Canada,https://en.wikipedia.org/wiki/Ookwemin_Minising,43.6462,-79.3516
Q56667355,"Crannog on Cherry Island, Inchnacardoch Bay, Loch Ness",islands,http://commons.wikimedia.org/wiki/Special:FilePath/Cherry%20Island%2C%20Loch%20Ness.jpg,United Kingdom,,57.154909,-4.6699325
Q57599408,Hong Kong Boundary Crossing Facilities of the Hong Kong-Zhuhai-Macao Bridge,islands,http://commons.wikimedia.org/wiki/Special:FilePath/Hong%20Kong%20Port%20of%20Hong%20Kong-Zhuhai-Macao%20Bridge%20%2820181025160021%29.jpg,People's Republic of China,https://en.wikipedia.org/wiki/Hong_Kong-Zhuhai-Macao_Bridge_Hong_Kong_Port,22.318083333,113.951111111
Q61071745,Amazon Island,islands,http://commons.wikimedia.org/wiki/Special:FilePath/Amazon%20Heykeli%20ve%20aslanlar%20%282%29.JPG,Turkey,,41.323777777,36.324944444
Q62859939,Chōshū Dejima,islands,http://commons.wikimedia.org/wiki/Special:FilePath/Bridge%20to%20Choshu-dejima%20from%20near%20park.jpg,Japan,,33.988055555,130.897222222
Q63882177,Reve,islands,http://commons.wikimedia.org/wiki/Special:FilePath/Het%20Eiland%20Reve%20vanaf%20Polder%20Dronthen%20bij%20Kampen.jpg,Netherlands,,52.523889,5.861119
Q63882274,Schokkerplaat,islands,http://commons.wikimedia.org/wiki/Special:FilePath/Schokkerplaat%20en%20Kamperplaat.jpg,Netherlands,,52.603758333,5.806833333
Q63928402,Kamperplaat,islands,http://commons.wikimedia.org/wiki/Special:FilePath/Schokkerplaat%20en%20Kamperplaat.jpg,Netherlands,,52.595677777,5.823827777
Q64008193,Hulu Island,islands,http://commons.wikimedia.org/wiki/Special:FilePath/Unidentified%20artificial%20island%20from%20Binhai%20Road%20-%2001.jpg,People's Republic of China,https://en.wikipedia.org/wiki/Huludao_Island,20.0437,110.296
Q66022746,Loch Bhorgastail crannog,islands,http://commons.wikimedia.org/wiki/Special:FilePath/Crannog%20Loch%20Bhorgastail.jpg,United Kingdom,,58.268528,-6.757167
Q66821123,Ontmoetingseiland,islands,http://commons.wikimedia.org/wiki/Special:FilePath/Aemstelpark%2C%20Ontmoetingseiland.jpg,Netherlands,,52.328814,4.8753
Q71579368,Vineta,islands,http://commons.wikimedia.org/wiki/Special:FilePath/Vineta%202014.jpg,Germany,,51.240583333,12.453083333
Q72379943,Hong Kong–Zhuhai–Macau Bridge Western Artificial Island,islands,http://commons.wikimedia.org/wiki/Special:FilePath/Hong%20Kong-Zhuhai-Macao%20Bridge%20Site%20View%20201308.jpg,People's Republic of China,,22.28318,113.78352
Q72380245,Hong Kong–Zhuhai–Macau Bridge Eastern Artificial Island,islands,http://commons.wikimedia.org/wiki/Special:FilePath/201805%20Artificial%20Island%20of%20HKZMBridge.jpg,People's Republic of China,,22.28231,113.84403
Q97352575,Ruangong Islet,islands,http://commons.wikimedia.org/wiki/Special:FilePath/Ruangongdun%2020230716%20114205.jpg,People's Republic of China,,30.248888888,120.136944444
Q100325174,Havneøen,islands,http://commons.wikimedia.org/wiki/Special:FilePath/Havne%C3%B8en%2C%20Vejle%2001.jpg,Denmark,,55.7067,9.5547
Q106540900,Skrædderholm,islands,http://commons.wikimedia.org/wiki/Special:FilePath/Skr%C3%A6dderholm.jpg,Denmark,,55.6142,12.5082
Q106910658,Little Island @Pier55,islands,http://commons.wikimedia.org/wiki/Special:FilePath/Little%20Island%20Panorama%20%2850236511951%29.jpg,United States,https://en.wikipedia.org/wiki/Little_Island_at_Pier_55,40.741944444,-74.010277777
Q111590504,Kokhannia Island,islands,http://commons.wikimedia.org/wiki/Special:FilePath/%D0%A2%D0%B5%D1%80%D0%BD%D0%BE%D0%BF%D1%96%D0%BB%D1%8C.%D0%9E%D1%81%D1%82%D1%80%D1%96%D0%B2%D0%B5%D1%86%D1%8C.JPG,Ukraine,,49.556944444,25.585277777
Q112130174,Otok,islands,http://commons.wikimedia.org/wiki/Special:FilePath/Lucijamarina.JPG,Slovenia,,45.5041915,13.5944195
Q118264436,Grote Rieteiland,islands,http://commons.wikimedia.org/wiki/Special:FilePath/Amsterdam%20-%20IJburg%2015.JPG,Netherlands,,52.35378,4.99478
Q118265264,Rieteiland-Oost,islands,http://commons.wikimedia.org/wiki/Special:FilePath/Amsterdam%20-%20IJburg%2007.JPG,Netherlands,,52.34631,5.00266
Q120373307,Q120373307,islands,http://commons.wikimedia.org/wiki/Special:FilePath/Otoczek%20koper.jpg,Slovenia,,45.545842673,13.713224045
Q125559635,Bobrovy Island,islands,http://commons.wikimedia.org/wiki/Special:FilePath/Bobrovy%20Island.jpg,Russia,,55.692777777,37.698333333
Q125622942,Kronløbsøen,islands,http://commons.wikimedia.org/wiki/Special:FilePath/Kronl%C3%B8bs%C3%B8en%2008.jpg,Denmark,,55.709315,12.597035
Q131436465,Silicon Island,islands,http://commons.wikimedia.org/wiki/Special:FilePath/Silicon%20Island%20in%20George%20Town%2C%20Penang%20Dec2024-1.jpg,Malaysia,https://en.wikipedia.org/wiki/Silicon_Island,5.26,100.268611111
Q20624,Knipsand,islands,http://commons.wikimedia.org/wiki/Special:FilePath/Amrum-Jungnamensand-8.30322E%2054.66327N.png,Germany,,54.646,8.31995
Q20631,Norderoogsand,islands,http://commons.wikimedia.org/wiki/Special:FilePath/Luftaufnahmen%20Nordseekueste%202012-05-by-RaBoe-094.jpg,Germany,,54.52055556,8.48277778
Q20633,Japsand,islands,http://commons.wikimedia.org/wiki/Special:FilePath/Luftaufnahmen%20Nordseekueste%202012-05-by-RaBoe-105.jpg,Germany,,54.566944444,8.468333333
Q20643,Süderoogsand,islands,http://commons.wikimedia.org/wiki/Special:FilePath/13-09-29-nordfriesisches-wattenmeer-RalfR-19.jpg,Germany,,54.44,8.478056
Q20663,Blauort,islands,http://commons.wikimedia.org/wiki/Special:FilePath/Luftaufnahmen%20Nordseekueste%202012-05-by-RaBoe-060.jpg,Germany,https://en.wikipedia.org/wiki/Blauort,54.16702,8.73077
Q20679,Koresand,islands,http://commons.wikimedia.org/wiki/Special:FilePath/Koresand%20i%202010%20%28b%29.jpg,Denmark,https://en.wikipedia.org/wiki/Koresand,55.25,8.483333333
Q25112,Kachelotplate,islands,http://commons.wikimedia.org/wiki/Special:FilePath/Aerial%20image%20of%20Kachelotplate%20%28view%20from%20the%20southwest%29.jpg,Germany,https://en.wikipedia.org/wiki/Kachelotplate,53.642671,6.829317
Q27010,Socotra Rock,islands,http://commons.wikimedia.org/wiki/Special:FilePath/Socotra%20Rock.jpg,South Korea,https://en.wikipedia.org/wiki/Socotra_Rock,32.12295278,125.18244722
Q28361,Belize Barrier Reef,islands,http://commons.wikimedia.org/wiki/Special:FilePath/Belize%20Barrier%20Reef%20from%20space.png,Belize,https://en.wikipedia.org/wiki/Belize_Barrier_Reef,17.2625,-88.052777777
Q130895,Kingman Reef,islands,http://commons.wikimedia.org/wiki/Special:FilePath/Aerial%20view%20of%20the%20Southeast%20Part%20of%20Kingman%20Reef.png,United States,https://en.wikipedia.org/wiki/Kingman_Reef,6.383333333,-162.416666666
Q163518,Peberholm,islands,http://commons.wikimedia.org/wiki/Special:FilePath/20050319-Peberholm.jpg,Denmark,https://en.wikipedia.org/wiki/Peberholm,55.6,12.75
Q211800,Mindoro,islands,http://commons.wikimedia.org/wiki/Special:FilePath/Sabang%20%28Mindoro%29%20banner%20seafront.jpg,Philippines,https://en.wikipedia.org/wiki/Mindoro,12.93,121.09
Q211817,Bozcaada,islands,http://commons.wikimedia.org/wiki/Special:FilePath/Bozcaada%20021.jpg,Turkey,https://en.wikipedia.org/wiki/Tenedos,39.816666666,26.05
Q211861,Odaiba,islands,http://commons.wikimedia.org/wiki/Special:FilePath/2018%20FCG%20Headquarters%20Building%202.jpg,Japan,https://en.wikipedia.org/wiki/Odaiba,35.63,139.775
Q211873,Isle of Arran,islands,http://commons.wikimedia.org/wiki/Special:FilePath/Arran%20%40%20New%20Years%20Eve%2031.12.2009%20-%20panoramio.jpg,United Kingdom,https://en.wikipedia.org/wiki/Isle_of_Arran,55.5775,-5.2375
Q211982,Viðoy,islands,http://commons.wikimedia.org/wiki/Special:FilePath/Faroe%20stamp%20349%20vidoy.jpg,Faroe Islands,https://en.wikipedia.org/wiki/Vi%C3%B0oy,62.333333333,-6.516666666
Q212027,Skopelos,islands,http://commons.wikimedia.org/wiki/Special:FilePath/Ferry%20arriving%20in%20Skopelos%20Harbor%2C%20Greece%20%2851696016893%29.jpg,Greece,https://en.wikipedia.org/wiki/Skopelos,39.116667,23.7
Q212029,Sifnos,islands,http://commons.wikimedia.org/wiki/Special:FilePath/%CE%A7%CF%81%CF%85%CF%83%CE%BF%CF%80%CE%B7%CE%B3%CE%AE.jpg,Greece,https://en.wikipedia.org/wiki/Sifnos,36.9667,24.7167
Q212033,Kunoy,islands,http://commons.wikimedia.org/wiki/Special:FilePath/Faroe%20stamp%20352%20kunoy.jpg,Faroe Islands,https://en.wikipedia.org/wiki/Kunoy,62.3,-6.65
Q212043,Kalsoy,islands,http://commons.wikimedia.org/wiki/Special:FilePath/Faroe%20Islands%2C%20Kalsoy.jpg,Faroe Islands,https://en.wikipedia.org/wiki/Kalsoy,62.283333333,-6.733333333
Q212040,Stóra Dímun,islands,http://commons.wikimedia.org/wiki/Special:FilePath/St%C3%B3ra%20D%C3%ADmun.1.jpg,Faroe Islands,https://en.wikipedia.org/wiki/St%C3%B3ra_D%C3%ADmun,61.6937,-6.7555
Q212096,Kastellorizo,islands,http://commons.wikimedia.org/wiki/Special:FilePath/Kastelorizo.svg,Greece,https://en.wikipedia.org/wiki/Kastellorizo,36.145,29.585
Q212122,Kirjurinluoto,islands,http://commons.wikimedia.org/wiki/Special:FilePath/Tie%20Ravintola%20Kirjuriin.jpg,Finland,https://en.wikipedia.org/wiki/Kirjurinluoto,61.513936,21.758766
Q212219,Somerset Island,islands,http://commons.wikimedia.org/wiki/Special:FilePath/Wfm%20somerset%20island.jpg,Canada,https://en.wikipedia.org/wiki/Somerset_Island_(Nunavut),73.25,-93.5
Q212777,Negros,islands,http://commons.wikimedia.org/wiki/Special:FilePath/Sugarcane%20plantations%20Bacolod%20Philippines.jpg,Philippines,https://en.wikipedia.org/wiki/Negros,10.0,123.0
Q213146,Prince Patrick Island,islands,http://commons.wikimedia.org/wiki/Special:FilePath/Prince%20Patrick%20Island%202022-08-29%20Sentinel-2%20L2A%20Highlight%20Optimized%20Natural%20Color.jpg,Canada,https://en.wikipedia.org/wiki/Prince_Patrick_Island,76.7506738,-119.503421
Q213188,Kunta Kinteh Island,islands,http://commons.wikimedia.org/wiki/Special:FilePath/River%20gambia%20galleryfull.jpg,The Gambia,https://en.wikipedia.org/wiki/Kunta_Kinteh_Island,13.31753,-16.36144
Q213372,Mykines,islands,http://commons.wikimedia.org/wiki/Special:FilePath/Mykines%2C%20faroe%20islands.jpg,Faroe Islands,"https://en.wikipedia.org/wiki/Mykines,_Faroe_Islands",62.106111111,-7.597222222
Q213707,Grímsey,islands,http://commons.wikimedia.org/wiki/Special:FilePath/Gr%C3%ADmsey%200050.jpg,Iceland,https://en.wikipedia.org/wiki/Gr%C3%ADmsey,66.54647955,-18.004950727
Q213730,Antikythera,islands,http://commons.wikimedia.org/wiki/Special:FilePath/Antikythera.JPG,Greece,https://en.wikipedia.org/wiki/Antikythera,35.864166666,23.305
Q213895,Gavdos,islands,http://commons.wikimedia.org/wiki/Special:FilePath/Gavdos%2C%20potamos%20beach%20from%20Ambellos%20path.jpg,Greece,https://en.wikipedia.org/wiki/Gavdos,34.833333333,24.083333333
Q213902,Folegandros,islands,http://commons.wikimedia.org/wiki/Special:FilePath/Folegandros-Chora%20from%20above.JPG,Greece,https://en.wikipedia.org/wiki/Folegandros,36.616667,24.9
Q214109,Kea,islands,http://commons.wikimedia.org/wiki/Special:FilePath/Ioulis%20at%20Kea%20%28Tzia%29%20Island%20-%20panoramio%20%281%29.jpg,Greece,https://en.wikipedia.org/wiki/Kea_(island),37.6125,24.34
Q214568,Île-d'Aix,islands,http://commons.wikimedia.org/wiki/Special:FilePath/PixAile3.jpg,France,https://en.wikipedia.org/wiki/%C3%8Ele-d%27Aix,46.015,-1.175
Q215001,Ellef Ringnes Island,islands,http://commons.wikimedia.org/wiki/Special:FilePath/Wfm%20ellef%20ringnes%20island.jpg,Canada,https://en.wikipedia.org/wiki/Ellef_Ringnes_Island,78.5,-102.25
Q215074,Terceira Island,islands,http://commons.wikimedia.org/wiki/Special:FilePath/Terceira.jpg,Portugal,https://en.wikipedia.org/wiki/Terceira_Island,38.733333333,-27.316666666
Q215081,Coco Island,islands,http://commons.wikimedia.org/wiki/Special:FilePath/Isla%20del%20Coco-chatham%20beach.jpg,Costa Rica,https://en.wikipedia.org/wiki/Cocos_Island,5.528055555,-87.061111111
Q215089,New Ireland,islands,http://commons.wikimedia.org/wiki/Special:FilePath/NewIrelandOMC.png,Papua New Guinea,https://en.wikipedia.org/wiki/New_Ireland_(island),-3.33,152.0
Q215727,Iturup,islands,http://commons.wikimedia.org/wiki/Special:FilePath/Iturup%20Terra%20cut.jpg,Russia,https://en.wikipedia.org/wiki/Iturup,45.033333333,147.616666666
Q216161,Kolguyev Island,islands,http://commons.wikimedia.org/wiki/Special:FilePath/%D0%9A%D0%BE%D0%BB%D0%B3%D1%83%D0%B5%D0%B2%2025476094.jpg,Russia,https://en.wikipedia.org/wiki/Kolguyev_Island,69.0,49.0
Q216422,Samsø,islands,http://commons.wikimedia.org/wiki/Special:FilePath/Besser%20Rev%20H%C3%B8nsepold.jpg,Denmark,https://en.wikipedia.org/wiki/Sams%C3%B8,55.866666666,10.616666666
Q216752,Flores Island,islands,http://commons.wikimedia.org/wiki/Special:FilePath/Ponta%20Delgada%20Flores%20Azores%20North.jpg,Portugal,https://en.wikipedia.org/wiki/Flores_Island_(Azores),39.466666666,-31.216666666
Q216768,Astypalaia,islands,http://commons.wikimedia.org/wiki/Special:FilePath/%CE%91%CF%83%CF%84%CF%85%CF%80%CE%AC%CE%BB%CE%B1%CE%B9%CE%B1%20-%20Astipalea%20Island%20-%20panoramio.jpg,Greece,https://en.wikipedia.org/wiki/Astypalaia,36.55,26.35
Q216845,Anholt,islands,http://commons.wikimedia.org/wiki/Special:FilePath/Anholt%20Island%20Denmark.jpg,Denmark,https://en.wikipedia.org/wiki/Anholt_(Denmark),56.7125,11.56
Q216848,Svínoy,islands,http://commons.wikimedia.org/wiki/Special:FilePath/Sv%C3%ADnoy%2C%20Faroe%20Islands%20by%20Maciej%20Brencz.jpg,Faroe Islands,https://en.wikipedia.org/wiki/Sv%C3%ADnoy,62.266666666,-6.366666666
Q216849,Skúvoy,islands,http://commons.wikimedia.org/wiki/Special:FilePath/Skuvoy%2C%20Faroe%20Islands.jpg,Faroe Islands,https://en.wikipedia.org/wiki/Sk%C3%BAvoy,61.766666666,-6.816666666
Q216878,Lastovo,islands,http://commons.wikimedia.org/wiki/Special:FilePath/LastovoTown.jpg,Croatia,https://en.wikipedia.org/wiki/Lastovo,42.75,16.866666666
Q216985,Antiparos,islands,http://commons.wikimedia.org/wiki/Special:FilePath/Antiparos-seeview.jpg,Greece,https://en.wikipedia.org/wiki/Antiparos,37.0,25.05
Q216993,Ios,islands,http://commons.wikimedia.org/wiki/Special:FilePath/%C3%8Dos%20aerial.jpg,Greece,https://en.wikipedia.org/wiki/Ios,36.716666666,25.316666666
Q217062,Garbh Eileach,islands,http://commons.wikimedia.org/wiki/Special:FilePath/Bothy%20on%20Garbh%20Eileach.jpg,United Kingdom,https://en.wikipedia.org/wiki/Garbh_Eileach,56.2385,-5.769669444
Q217214,Serifos,islands,http://commons.wikimedia.org/wiki/Special:FilePath/Chora%20of%20Serifos%2C%20Cyclades%2C%20152325.jpg,Greece,https://en.wikipedia.org/wiki/Serifos,37.15,24.5
Q217253,Anafi,islands,http://commons.wikimedia.org/wiki/Special:FilePath/Chora%20of%20Anafi%2C%20176426.jpg,Greece,https://en.wikipedia.org/wiki/Anafi,36.366667,25.783333
Q217262,Santa Maria Island,islands,http://commons.wikimedia.org/wiki/Special:FilePath/Ba%C3%ADa%20da%20praia.JPG,Portugal,https://en.wikipedia.org/wiki/Santa_Maria_Island,36.9732,-25.0945
Q217362,Severny Island,islands,http://commons.wikimedia.org/wiki/Special:FilePath/Inostrantsewa-Gletscher%201%202014-09-05.jpg,Russia,https://en.wikipedia.org/wiki/Severny_Island,75.45,60.2
Q217369,Bathurst Island,islands,http://commons.wikimedia.org/wiki/Special:FilePath/Wfm%20bathurst%20island.jpg,Canada,https://en.wikipedia.org/wiki/Bathurst_Island_(Nunavut),75.75,-100.0
Q217372,October Revolution Island,islands,http://commons.wikimedia.org/wiki/Special:FilePath/OctoberRevolutionIsland%20Terra%20MODIS.jpg,Russia,https://en.wikipedia.org/wiki/October_Revolution_Island,79.483333333,96.833333333
Q219608,Ambon Island,islands,http://commons.wikimedia.org/wiki/Special:FilePath/USNS%20Mercy%20off%20the%20coast%20of%20Ambon%2C%20Indonesia.jpg,Indonesia,https://en.wikipedia.org/wiki/Ambon_Island,-3.614719444,128.165830555
Q219642,Mahé,islands,http://commons.wikimedia.org/wiki/Special:FilePath/Seychelles%20019.JPG,Seychelles,https://en.wikipedia.org/wiki/Mah%C3%A9,-4.68,55.48
Q219737,Samar Island,islands,http://commons.wikimedia.org/wiki/Special:FilePath/Marabut%2C%20Philippines%2C%20Limestone%20outcrops.jpg,Philippines,https://en.wikipedia.org/wiki/Samar,12.05,125.116666666
Q219774,Great Nicobar Island,islands,http://commons.wikimedia.org/wiki/Special:FilePath/GreatNicobarMap.jpg,India,https://en.wikipedia.org/wiki/Great_Nicobar_Island,7.0,93.833333333
Q220385,Devil's Island,islands,http://commons.wikimedia.org/wiki/Special:FilePath/%C3%8Ele%20du%20Diable%20depuis%20l%27%C3%AEle%20Royale.jpg,France,https://en.wikipedia.org/wiki/Devil%27s_Island,5.29389,-52.5833
Q220601,Bassas da India,islands,http://commons.wikimedia.org/wiki/Special:FilePath/Bassas%20da%20India%20atoll%20map-fr.png,France,https://en.wikipedia.org/wiki/Bassas_da_India,-21.4825,39.671944444
Q220701,Yonaguni,islands,http://commons.wikimedia.org/wiki/Special:FilePath/Yonaguni%20Island%20Aerial%20photograph.2012.jpg,Japan,https://en.wikipedia.org/wiki/Yonaguni,24.454722222,122.987222222
Q220990,Mal di Ventre,islands,http://commons.wikimedia.org/wiki/Special:FilePath/Mal%20di%20ventre.jpg,Italy,https://en.wikipedia.org/wiki/Mal_di_Ventre,39.99,8.30917
Q221822,Lindøya,islands,http://commons.wikimedia.org/wiki/Special:FilePath/Lind%C3%B8ya%20harbour.jpg,Norway,https://en.wikipedia.org/wiki/Lind%C3%B8ya,59.8906,10.7119
Q221883,Kish Island,islands,http://commons.wikimedia.org/wiki/Special:FilePath/Kish%20-%20panoramio%20-%20Farid%20Atar%20%282%29.jpg,Iran,https://en.wikipedia.org/wiki/Kish_Island,26.535,53.975
Q222853,Middle Andaman Island,islands,http://commons.wikimedia.org/wiki/Special:FilePath/Middle%20Andaman%20locale.png,India,https://en.wikipedia.org/wiki/Middle_Andaman_Island,12.5,92.833333333
Q223212,Barra,islands,http://commons.wikimedia.org/wiki/Special:FilePath/Bagh%20Halaman%20Barra.JPG,United Kingdom,https://en.wikipedia.org/wiki/Barra,56.983333333,-7.466666666
Q223379,Aitutaki,islands,http://commons.wikimedia.org/wiki/Special:FilePath/1%20Aitutaki%20Tapuaetai.jpg,Cook Islands,https://en.wikipedia.org/wiki/Aitutaki,-18.85,-159.79
Q224086,Kahoolawe,islands,http://commons.wikimedia.org/wiki/Special:FilePath/KahoolaweLandsat.jpg,United States,https://en.wikipedia.org/wiki/Kaho%CA%BBolawe,20.55,-156.6
Q224626,Sibiryakov Island,islands,http://commons.wikimedia.org/wiki/Special:FilePath/Sibiryakov%20Island%202020-08-20%20Sentinel-2%20L2A%20Highlight%20Optimized%20Natural%20Color.jpg,Russia,https://en.wikipedia.org/wiki/Sibiryakov_Island,72.9,79.183333333
Q224803,Chełminek Island,islands,http://commons.wikimedia.org/wiki/Special:FilePath/Chelminek.JPG,Poland,https://en.wikipedia.org/wiki/Che%C5%82minek,53.67388889,14.53138889
Q224943,Rurutu,islands,http://commons.wikimedia.org/wiki/Special:FilePath/Rurutu.jpg,France,https://en.wikipedia.org/wiki/Rurutu,-22.45,-151.333333333
Q226115,Isola dei Laghi,islands,http://commons.wikimedia.org/wiki/Special:FilePath/Isola%20dei%20Laghi.jpg,Italy,,45.4922,12.4094
Q226221,Lido di Venezia,islands,http://commons.wikimedia.org/wiki/Special:FilePath/Lido%20Aug%202020%201.jpg,Italy,https://en.wikipedia.org/wiki/Venice_Lido,45.383333333,12.35
Q228472,île de Sein,islands,http://commons.wikimedia.org/wiki/Special:FilePath/Port%20de%20l%27%C3%AEle%20de%20Sein%2001.JPG,France,https://en.wikipedia.org/wiki/%C3%8Ele_de_Sein,48.033333333,-4.85
Q230265,Zuqar Island,islands,http://commons.wikimedia.org/wiki/Special:FilePath/Zuqar.jpg,Yemen,https://en.wikipedia.org/wiki/Zuqar_Island,14.012777777,42.741944444
Q231329,Zverinac,islands,http://commons.wikimedia.org/wiki/Special:FilePath/Zverinac.JPG,Croatia,https://en.wikipedia.org/wiki/Zverinac,44.163888888,14.916666666
Q233124,São Tomé Island,islands,http://commons.wikimedia.org/wiki/Special:FilePath/Sao%20tome%20fish.jpg,São Tomé and Príncipe,https://en.wikipedia.org/wiki/S%C3%A3o_Tom%C3%A9_(island),0.22,6.61
Q234208,Tromelin Island,islands,http://commons.wikimedia.org/wiki/Special:FilePath/Tromelin%20aerial%20photograph.JPG,France,https://en.wikipedia.org/wiki/Tromelin_Island,-15.892222222,54.524722222
Q237034,Juan de Nova Island,islands,http://commons.wikimedia.org/wiki/Special:FilePath/Juan%20de%20nova%20-%20vues%20a%C3%A9riennes%20%282%29.jpg,France,https://en.wikipedia.org/wiki/Juan_de_Nova_Island,-17.054444444,42.725
Q238752,Barbuda,islands,http://commons.wikimedia.org/wiki/Special:FilePath/Barbuda%20ISS008-E-7945.jpg,Antigua and Barbuda,https://en.wikipedia.org/wiki/Barbuda,17.64,-61.81
Q239113,Motutapu Island,islands,http://commons.wikimedia.org/wiki/Special:FilePath/Rangitoto%20Island%20And%20Motutapu%20Island.jpg,New Zealand,https://en.wikipedia.org/wiki/Motutapu_Island,-36.765939,174.915555
Q239276,Öland,islands,http://commons.wikimedia.org/wiki/Special:FilePath/Resmo%2CKvarnar%20vid%20Gynge%20h%C3%B6g%2001.jpg,Sweden,https://en.wikipedia.org/wiki/%C3%96land,56.75,16.63333
Q239743,Niʻihau,islands,http://commons.wikimedia.org/wiki/Special:FilePath/Niihau%20sep%202007.jpg,United States,https://en.wikipedia.org/wiki/Ni%CA%BBihau,21.9,-160.166666666
Q239964,Fatu Huku,islands,http://commons.wikimedia.org/wiki/Special:FilePath/Fatu%20Huku%20-%20vue%20depuis%20Hiva%20Oa%20-%2020061112.JPG,France,https://en.wikipedia.org/wiki/Fatu_Huku,-9.436111111,-138.927777777
Q240071,Nólsoy,islands,http://commons.wikimedia.org/wiki/Special:FilePath/Bor%C3%B0an%20Lighthouse.jpg,Faroe Islands,https://en.wikipedia.org/wiki/N%C3%B3lsoy,61.9846,-6.657
Q240719,Qeshm Island,islands,http://commons.wikimedia.org/wiki/Special:FilePath/QeshmIsland%20NASA.jpg,Iran,https://en.wikipedia.org/wiki/Qeshm_Island,26.77,55.77
Q241074,Rocas Atoll,islands,http://commons.wikimedia.org/wiki/Special:FilePath/Atol%20das%20Rocas%20ISS007.jpg,Brazil,https://en.wikipedia.org/wiki/Rocas_Atoll,-3.866388888,-33.801944444
Q242176,Yakushima,islands,http://commons.wikimedia.org/wiki/Special:FilePath/Yakushima%20from%20Ferry%20Amami%2020121116.jpg,Japan,https://en.wikipedia.org/wiki/Yakushima,30.358611111,130.528611111
Q244347,Gorée,islands,http://commons.wikimedia.org/wiki/Special:FilePath/Senegal%20Gor%C3%A9e%20island%20harbor.jpg,Senegal,https://en.wikipedia.org/wiki/Gor%C3%A9e,14.666944444,-17.398333333
Q245062,Philae,islands,http://commons.wikimedia.org/wiki/Special:FilePath/Island%20of%20Phil%C5%93%20LCCN2004671988.jpg,Egypt,https://en.wikipedia.org/wiki/Philae_Island,24.02174,32.88891
Q246351,Chirpoy,islands,http://commons.wikimedia.org/wiki/Special:FilePath/Chyornyye%20Brat%27ya.jpg,Russia,https://en.wikipedia.org/wiki/Chirpoy,46.517777777,150.868333333
Q247515,Kume Island,islands,http://commons.wikimedia.org/wiki/Special:FilePath/Tounnahajou-Kumejima%2C%20Okinawa%EF%BC%88%E7%99%BB%E6%AD%A6%E9%82%A3%E8%A6%87%E5%9F%8E%E3%81%8B%E3%82%89%E3%81%BF%E3%82%8B%E5%A5%A5%E6%AD%A6%E5%B3%B6%E3%80%81%E3%81%AF%E3%81%A6%E3%81%AE%E6%B5%9C%EF%BC%89DSCF6530.JPG,Japan,https://en.wikipedia.org/wiki/Kume_Island,26.354444444,126.770833333
Q248212,Barren Island,islands,http://commons.wikimedia.org/wiki/Special:FilePath/Ile%20Barren%2C%201995.jpg,India,https://en.wikipedia.org/wiki/Barren_Island_(Andaman_Islands),12.277777777,93.858333333
Q248654,Komsomolets Island,islands,http://commons.wikimedia.org/wiki/Special:FilePath/Krenkel-Bucht%202%202014-08-31.jpg,Russia,https://en.wikipedia.org/wiki/Komsomolets_Island,80.484166666,94.996388888
Q249362,Isola di Capo Passero,islands,http://commons.wikimedia.org/wiki/Special:FilePath/Isola%20Capo%20Passero.JPG,Italy,,36.6869,15.1483
Q250014,Fairway Rock,islands,http://commons.wikimedia.org/wiki/Special:FilePath/Fairway-Rock-mil-atop.jpg,United States,https://en.wikipedia.org/wiki/Fairway_Rock,65.6253,-168.743
Q265328,Swinburne Island,islands,http://commons.wikimedia.org/wiki/Special:FilePath/New%20York%20Bay%20Islands.jpg,United States,https://en.wikipedia.org/wiki/Swinburne_Island,40.5656609,-74.0501405
Q277294,Palm Jumeirah,islands,http://commons.wikimedia.org/wiki/Special:FilePath/Artificial%20Archipelagos%2C%20Dubai%2C%20United%20Arab%20Emirates%20ISS022-E-024940%20lrg%20%28cropped%29.jpg,United Arab Emirates,https://en.wikipedia.org/wiki/Palm_Jumeirah,25.117222222,55.134444444
Q292117,Île Notre-Dame,islands,http://commons.wikimedia.org/wiki/Special:FilePath/Parc%20Jean-Drapeau%20Montr%C3%A9al.jpg,Canada,https://en.wikipedia.org/wiki/Notre_Dame_Island,45.508230555,-73.527388888
Q292258,île aux Cygnes,islands,http://commons.wikimedia.org/wiki/Special:FilePath/Paris%20View%20from%20the%20Eiffel%20Tower%20third%20floor%20Ile%20aux%20Cygnes.jpg,France,https://en.wikipedia.org/wiki/%C3%8Ele_aux_Cygnes,48.851666666,2.281944444
Q386154,Virgin Islands Coral Reef National Monument,islands,http://commons.wikimedia.org/wiki/Special:FilePath/VICR%20hurricane%20hole.jpg,United States,https://en.wikipedia.org/wiki/Virgin_Islands_Coral_Reef_National_Monument,18.3061,-64.7269
Q404733,Aiguilles Island,islands,http://commons.wikimedia.org/wiki/Special:FilePath/20230207%20045332%20Aiguilles%20Island.jpg,New Zealand,https://en.wikipedia.org/wiki/Aiguilles_Island,-36.034,175.407
Q404996,Aiktak Island,islands,http://commons.wikimedia.org/wiki/Special:FilePath/Aiktak%20beach.jpg,United States,https://en.wikipedia.org/wiki/Aiktak_Island,54.18361111,-164.82805556
Q405346,Ailsa Craig,islands,http://commons.wikimedia.org/wiki/Special:FilePath/Ailsa%20Craig%20Scotland%202022.jpg,United Kingdom,https://en.wikipedia.org/wiki/Ailsa_Craig,55.251944444,-5.116388888
Q407146,Air Force Island,islands,http://commons.wikimedia.org/wiki/Special:FilePath/Air%20Force%20Island%202021-08-28%20Sentinel-2%20L2A%20Highlight%20Optimized%20Natural%20Color.jpg,Canada,https://en.wikipedia.org/wiki/Air_Force_Island,67.9667,-74.0833
Q408206,Bartolomé Island,islands,http://commons.wikimedia.org/wiki/Special:FilePath/Bartoleme%20Island.jpg,Ecuador,https://en.wikipedia.org/wiki/Bartolom%C3%A9_Island,-0.285,-90.548611111
Q408211,Santa Fe Island,islands,http://commons.wikimedia.org/wiki/Special:FilePath/Opuntia%20echios%20-%20Santa%20Fe%2C%20Galapagos.jpg,Ecuador,https://en.wikipedia.org/wiki/Santa_Fe_Island,-0.82,-90.06
Q415599,Akamaru Island,islands,http://commons.wikimedia.org/wiki/Special:FilePath/Akamaru%20Island%202.1.2014.jpg,France,https://en.wikipedia.org/wiki/Akamaru_Island,-23.181111111,-134.915555555
Q417548,Aketx,islands,http://commons.wikimedia.org/wiki/Special:FilePath/Aketx%20des%20de%20la%20costa.jpg,Spain,,43.45161,-2.77553
Q418485,Akimiski Island,islands,http://commons.wikimedia.org/wiki/Special:FilePath/Akimiski%20Island%20NASA.jpg,Canada,https://en.wikipedia.org/wiki/Akimiski_Island,53.008333,-81.275
Q420625,Akpatok Island,islands,http://commons.wikimedia.org/wiki/Special:FilePath/Akpatok%20MODIS.jpg,Canada,https://en.wikipedia.org/wiki/Akpatok_Island,60.416667,-68.133333
Q421586,Aksi,islands,http://commons.wikimedia.org/wiki/Special:FilePath/Aksi%20%28Maa-amet%20kaldaerofoto%2020200329%20ID2918571%29.jpg,Estonia,https://en.wikipedia.org/wiki/Aksi,59.599722222,25.089722222
Q423507,ʻAta,islands,http://commons.wikimedia.org/wiki/Special:FilePath/%27Ata%20150211247%203204891b17%20o.jpg,Tonga,https://en.wikipedia.org/wiki/%CA%BBAta,-22.33333,-176.2
Q423530,ʻĀlau Island,islands,http://commons.wikimedia.org/wiki/Special:FilePath/Starr%20070321-5922%20Capparis%20sandwichiana.jpg,United States,,20.72830556,-155.97761111
Q423528,ʻEua,islands,http://commons.wikimedia.org/wiki/Special:FilePath/%CA%BBEuaFromTheISS%28Cropped%29.jpg,Tonga,https://en.wikipedia.org/wiki/%CA%BBEua,-21.370277777,-174.937777777
Q423736,Akun Island,islands,http://commons.wikimedia.org/wiki/Special:FilePath/Akun%20Island%20basalt%20sea%20cave.jpg,United States,https://en.wikipedia.org/wiki/Akun_Island,54.1883333,-165.5286111
Q423817,Akurey,islands,http://commons.wikimedia.org/wiki/Special:FilePath/CentralReykjav%C3%ADk%26harbour%20%28cropped%20to%20Akurey%29.jpg,Iceland,https://en.wikipedia.org/wiki/Akurey,64.171537717,-21.960901453
Q424195,Akutan Island,islands,http://commons.wikimedia.org/wiki/Special:FilePath/Akutan%20%28Aleuten%29.JPG,United States,https://en.wikipedia.org/wiki/Akutan_Island,54.1280556,-165.9180556
Q425995,Grass Island,islands,http://commons.wikimedia.org/wiki/Special:FilePath/Stromness-Bay.jpg,United Kingdom,"https://en.wikipedia.org/wiki/Grass_Island,_South_Georgia",-54.15,-36.6667
Q426176,Isla de León,islands,http://commons.wikimedia.org/wiki/Special:FilePath/Comarca%20de%20la%20Bahia%202.jpg,Spain,https://en.wikipedia.org/wiki/Isla_de_Le%C3%B3n,36.45401,-6.212836
Q426532,Mannar Island,islands,http://commons.wikimedia.org/wiki/Special:FilePath/Mannar%20Island%20-%20June%202019.jpg,Sri Lanka,https://en.wikipedia.org/wiki/Mannar_Island,9.05,79.83333333
Q426555,Fogo,islands,http://commons.wikimedia.org/wiki/Special:FilePath/Fogo%2C%20Cape%20Verde%20Islands.jpg,Cape Verde,"https://en.wikipedia.org/wiki/Fogo,_Cape_Verde",14.95,-24.35
Q846967,Nan Madol,islands,http://commons.wikimedia.org/wiki/Special:FilePath/Nan%20madol.jpg,Federated States of Micronesia,https://en.wikipedia.org/wiki/Nan_Madol,6.841944,158.332222
Q851603,Beveridge Reef,islands,http://commons.wikimedia.org/wiki/Special:FilePath/BeveridgeISS002-E-9895.png,Niue,https://en.wikipedia.org/wiki/Beveridge_Reef,-20.0,-167.8
Q863772,Binger Loch,islands,http://commons.wikimedia.org/wiki/Special:FilePath/Binger%20Loch%202011%201.JPG,Germany,,49.9745,7.8725
Q924769,Pampus,islands,http://commons.wikimedia.org/wiki/Special:FilePath/Droge%20gracht%20met%20beer%20-%20Muiden%20-%2020341757%20-%20RCE.jpg,Netherlands,https://en.wikipedia.org/wiki/Pampus,52.364722,5.068889
Q933185,U Thant Island,islands,http://commons.wikimedia.org/wiki/Special:FilePath/U%20Thant%20Island%20from%20West.jpg,United States,https://en.wikipedia.org/wiki/U_Thant_Island,40.746597222,-73.964386111
Q996935,Rapenburg,islands,http://commons.wikimedia.org/wiki/Special:FilePath/Rapenburgergracht.jpg,Netherlands,https://en.wikipedia.org/wiki/Rapenburg,52.3711,4.9086
Q1044668,Republic of Rose Island,islands,http://commons.wikimedia.org/wiki/Special:FilePath/Isola%20delle%20Rose%201968.jpg,Italy,https://en.wikipedia.org/wiki/Republic_of_Rose_Island,44.180277777,12.622222222
Q1048979,Tsukishima,islands,http://commons.wikimedia.org/wiki/Special:FilePath/Tsukishima%20monja%20street.jpg,Japan,https://en.wikipedia.org/wiki/Tsukishima,35.663569444,139.782
Q1104366,Coast Guard Island,islands,http://commons.wikimedia.org/wiki/Special:FilePath/Coast%20Guard%20Island%20May%202009.jpg,United States,https://en.wikipedia.org/wiki/Coast_Guard_Island,37.7821505,-122.249969
Q1207766,Port Island,islands,http://commons.wikimedia.org/wiki/Special:FilePath/PortIslandCloseup%202003262.jpg,Japan,https://en.wikipedia.org/wiki/Port_Island,34.666666666,135.216666666
Q1236765,Nakanshi,islands,http://commons.wikimedia.org/wiki/Special:FilePath/Nakanshi.jpg,Japan,,26.67611111,127.81888889
Q1466386,IJsseloog,islands,http://commons.wikimedia.org/wiki/Special:FilePath/IJsseloog%20eiland.JPG,Netherlands,https://en.wikipedia.org/wiki/IJsseloog,52.596389,5.741944
Q1536891,Mischief Reef,islands,http://commons.wikimedia.org/wiki/Special:FilePath/Mischief%20Reef%2C%20Spratly%20Islands.png,People's Republic of China,https://en.wikipedia.org/wiki/Mischief_Reef,9.916666666,115.533333333
Q1540159,Hoffman Island,islands,http://commons.wikimedia.org/wiki/Special:FilePath/Hoffman%20Island.jpg,United States,https://en.wikipedia.org/wiki/Hoffman_Island,40.5787161,-74.0537517
Q1632075,Hoy,islands,http://commons.wikimedia.org/wiki/Special:FilePath/Hoy%20%28Bodensee%29.jpg,Germany,https://en.wikipedia.org/wiki/Hoy_(Lake_Constance),47.54924,9.6967
Q1786134,Aspøya,islands,http://commons.wikimedia.org/wiki/Special:FilePath/Aspoy-Tingvoll.Norway.jpg,Norway,"https://en.wikipedia.org/wiki/Asp%C3%B8ya,_Tingvoll",63.0113,7.9253
Q1823657,Lido Isle,islands,http://commons.wikimedia.org/wiki/Special:FilePath/Lido%20Isle%20Photo%20D%20Ramey%20Logan.jpg,United States,"https://en.wikipedia.org/wiki/Lido_Isle,_Newport_Beach",33.6126,-117.9168
Q1860409,Middelgrundsfortet,islands,http://commons.wikimedia.org/wiki/Special:FilePath/Middelgrundsfortet%202016.jpg,Denmark,https://en.wikipedia.org/wiki/Middelgrundsfortet,55.72027778,12.66583333
Q1882682,Wittenburg,islands,http://commons.wikimedia.org/wiki/Special:FilePath/Windroosplein.jpg,Netherlands,,52.37162,4.92205
Q2066695,Island,islands,http://commons.wikimedia.org/wiki/Special:FilePath/Moskvarech.JPG,Russia,https://en.wikipedia.org/wiki/Island_(Zamoskvorechye),55.744444444,37.616666666
Q2068101,Hooft,islands,http://commons.wikimedia.org/wiki/Special:FilePath/Hooft.jpg,Netherlands,,52.34472,5.10583
Q2138322,Thilafushi,islands,http://commons.wikimedia.org/wiki/Special:FilePath/Thilafushi1.jpg,Maldives,https://en.wikipedia.org/wiki/Thilafushi,4.183333333,73.433333333
Q2163780,De Kluut,islands,http://commons.wikimedia.org/wiki/Special:FilePath/De%20Kluut.jpg,Netherlands,,52.37306,5.63528
Q2180090,Westerdokseiland,islands,http://commons.wikimedia.org/wiki/Special:FilePath/Westerdok001a.jpg,Netherlands,,52.38597,4.89239
Q2196029,De Dode Hond,islands,http://commons.wikimedia.org/wiki/Special:FilePath/Eemmeer.JPG,Netherlands,,52.293056,5.321944
Q2219631,Kleine Rieteiland,islands,http://commons.wikimedia.org/wiki/Special:FilePath/Amsterdam%20-%20IJburg%2022.JPG,Netherlands,https://en.wikipedia.org/wiki/Rieteilanden,52.3533,4.9928
Q2230298,Schalch,islands,http://commons.wikimedia.org/wiki/Special:FilePath/Schalch%20im%20Chiemsee%20von%20S%C3%BCdosten%2C%203.jpeg,Germany,,47.8747,12.4236
Q2268956,Oostenburg,islands,http://commons.wikimedia.org/wiki/Special:FilePath/Oostenburg.jpg,Netherlands,,52.37044,4.92621
Q2281741,De Schelp,islands,http://commons.wikimedia.org/wiki/Special:FilePath/De%20Schelp.jpg,Netherlands,,52.31508,5.16226
Q2367357,New Holland Island,islands,http://commons.wikimedia.org/wiki/Special:FilePath/Spb%2006-2017%20img33%20New%20Holland.jpg,Russia,https://en.wikipedia.org/wiki/New_Holland_Island,59.929,30.29
Q2421160,Uros floating islands,islands,http://commons.wikimedia.org/wiki/Special:FilePath/00%201634%20Titicacasee%20-%20Uros%20islands.jpg,Peru,https://en.wikipedia.org/wiki/Uros_floating_islands,-15.81895,-69.96957
Q2428755,Kattenburg,islands,http://commons.wikimedia.org/wiki/Special:FilePath/Amsterdam%20-%20Kattenburgerplein%20V.JPG,Netherlands,,52.37294,4.9189
Q2535125,Vuata Ono,islands,http://commons.wikimedia.org/wiki/Special:FilePath/Vuata%20Ono%20ISS002.jpg,Fiji,,-20.73333333,-178.88333333
Q2538727,Oosterdokseiland,islands,http://commons.wikimedia.org/wiki/Special:FilePath/CVA33.JPG,Netherlands,https://en.wikipedia.org/wiki/Oosterdokseiland,52.37667,4.90722
Q2576336,Wilhelmstein,islands,http://commons.wikimedia.org/wiki/Special:FilePath/Wilhelmstein%20Steinhuder%20Meer%20Eins.jpg,Germany,https://en.wikipedia.org/wiki/Wilhelmstein,52.4603,9.30778
Q2601409,Zeeburgereiland,islands,http://commons.wikimedia.org/wiki/Special:FilePath/Zeeburgereiland.png,Netherlands,https://en.wikipedia.org/wiki/Zeeburgereiland,52.372222222,4.964444444
Q2616820,Amwaj Islands,islands,http://commons.wikimedia.org/wiki/Special:FilePath/Amwaj%20Air.jpg,Bahrain,https://en.wikipedia.org/wiki/Amwaj_Islands,26.291111111,50.665277777
Q2646340,Kozachyi Island,islands,http://commons.wikimedia.org/wiki/Special:FilePath/Kozachyi%20Island%20-%20panoramio%20%287%29.jpg,Ukraine,https://en.wikipedia.org/wiki/Kozachyi_Island,46.572222222,31.559722222
Q2658546,Palm Jebel Ali,islands,http://commons.wikimedia.org/wiki/Special:FilePath/59F1%20The-Palm%20Dubai%202005-08-26%20H.png,United Arab Emirates,https://en.wikipedia.org/wiki/Palm_Jebel_Ali,25.006666666,54.988333333
Q2750029,Oostereiland,islands,http://commons.wikimedia.org/wiki/Special:FilePath/Oostereiland%2C%20Hoorn.JPG,Netherlands,https://en.wikipedia.org/wiki/Oostereiland,52.63472222,5.0625
Q2757538,Jal Mahal,islands,http://commons.wikimedia.org/wiki/Special:FilePath/Jal%20Mahal%20Palace%20in%20Jaipur%2C%2020191218%201427%209226.jpg,India,https://en.wikipedia.org/wiki/Jal_Mahal,26.953333333,75.846111111
Q2767153,Keteleiland,islands,http://commons.wikimedia.org/wiki/Special:FilePath/Schokkerplaat%20en%20Keteleiland.jpg,Netherlands,,52.58444,5.82722
Q2920169,Columbia Island,islands,http://commons.wikimedia.org/wiki/Special:FilePath/Columbia%20Island%20-%20aerial%20view%202005.jpg,United States,"https://en.wikipedia.org/wiki/Columbia_Island_(Washington,_D.C.)",38.8823,-77.0572
Q3011492,Steigereiland,islands,http://commons.wikimedia.org/wiki/Special:FilePath/Steigereiland%2C%20Vrijburcht%20foto%201.jpg,Netherlands,https://en.wikipedia.org/wiki/Steigereiland,52.361839,4.980068
Q3020080,De Biezen,islands,http://commons.wikimedia.org/wiki/Special:FilePath/De%20Biezen%202014.jpg,Netherlands,,52.3625,5.56528
Q3073253,Flakfortet,islands,http://commons.wikimedia.org/wiki/Special:FilePath/Flakfortet.jpg,Denmark,https://en.wikipedia.org/wiki/Flakfortet,55.703611,12.731389
Q3073667,Flevopolder,islands,http://commons.wikimedia.org/wiki/Special:FilePath/Flevopolder%20by%20Sentinel-2%2C%202018-06-30.jpg,Netherlands,https://en.wikipedia.org/wiki/Flevopolder,52.45,5.5
Q3127308,Harbor Island,islands,http://commons.wikimedia.org/wiki/Special:FilePath/Aerial%20view%20of%20Harbor%20Island%20in%20Seattle.jpg,United States,"https://en.wikipedia.org/wiki/Harbor_Island,_Seattle",47.5798206,-122.3520711
Q3509682,île du Belvédère,islands,http://commons.wikimedia.org/wiki/Special:FilePath/Parc%20des%20Buttes-Chaumont%2C%20%C3%AEle%20du%20Belv%C3%A9d%C3%A8re%2001.jpg,France,https://en.wikipedia.org/wiki/%C3%8Ele_du_Belv%C3%A9d%C3%A8re,48.8808,2.38306
Q3510089,île de Reuilly,islands,http://commons.wikimedia.org/wiki/Special:FilePath/Bois%20de%20Vincennes%2020060816%2016.jpg,France,,48.8308,2.41389
Q3510125,île de Bercy,islands,http://commons.wikimedia.org/wiki/Special:FilePath/%C3%8Ele%20Bercy%20Paris%201.jpg,France,,48.832,2.4111
Q3530881,Pirate's Lair on Tom Sawyer Island,islands,http://commons.wikimedia.org/wiki/Special:FilePath/Disneyland%20park%20-%20Anaheim%20Los%20Angeles%20California%20USA%20%289894763756%29%20%282%29.jpg,United States,https://en.wikipedia.org/wiki/Tom_Sawyer_Island,33.8124,-117.9213
Q3536037,Toyosu,islands,http://commons.wikimedia.org/wiki/Special:FilePath/Toyosu%202014.JPG,Japan,https://en.wikipedia.org/wiki/Toyosu,35.644313888,139.784655555
Q3593089,Heirisson Island,islands,http://commons.wikimedia.org/wiki/Special:FilePath/Heirisson%20Island%20Aug2020.jpg,Australia,https://en.wikipedia.org/wiki/Heirisson_Island,-31.9657807,115.8820498
Q3746178,"Island of Tears, Minsk",islands,http://commons.wikimedia.org/wiki/Special:FilePath/Island%20of%20Tears.jpg,Belarus,,53.909883333,27.554588888
Q4358435,Haveneiland,islands,http://commons.wikimedia.org/wiki/Special:FilePath/Amsterdam%20IJburg%2020041105.jpg,Netherlands,,52.35472,5.00167
Q4650302,Stationseiland,islands,http://commons.wikimedia.org/wiki/Special:FilePath/Aerial%20photograph%20of%20Amsterdam%20Central%20Station%20and%20the%20surrounding%20area.jpg,Netherlands,,52.379089,4.90005255
Q4915868,Bird Island,islands,http://commons.wikimedia.org/wiki/Special:FilePath/Bird%20Island%20%28Namibia%29%20wide.jpg,Namibia,https://en.wikipedia.org/wiki/Bird_Island_(Namibia),-22.8786,14.5357
Q4930007,Bluewaters Island,islands,http://commons.wikimedia.org/wiki/Special:FilePath/The%20Ain%20Dubai.jpg,United Arab Emirates,https://en.wikipedia.org/wiki/Bluewaters_Island,25.0796,55.122539
Q4958157,Brattøra,islands,http://commons.wikimedia.org/wiki/Special:FilePath/Trondheim%20havn%20Bratt%C3%B8ra%2004.jpg,Norway,https://en.wikipedia.org/wiki/Bratt%C3%B8ra,63.4387,10.4025
Q5265618,Vuurtoreneiland,islands,http://commons.wikimedia.org/wiki/Special:FilePath/Vuurtoreneiland.jpg,Netherlands,https://en.wikipedia.org/wiki/Vuurtoreneiland,52.3725,5.01333
Q5376128,Endicott Island,islands,http://commons.wikimedia.org/wiki/Special:FilePath/EndicottIsland.jpg,United States,https://en.wikipedia.org/wiki/Endicott_Island,70.35,-147.958333333
Q5447293,Fiery Cross Reef,islands,http://commons.wikimedia.org/wiki/Special:FilePath/Fiery%20Cross%20Reef%202020.jpg,People's Republic of China,https://en.wikipedia.org/wiki/Fiery_Cross_Reef,9.616666666,112.966666666
Q5922122,Flores Island,islands,http://commons.wikimedia.org/wiki/Special:FilePath/Isla%20de%20Flores%2C%20Pet%C3%A9n%2C%20vista%20a%C3%A9rea.jpg,Guatemala,"https://en.wikipedia.org/wiki/Flores_Island,_Guatemala",16.929444444,-89.891388888
Q6083040,Island City,islands,http://commons.wikimedia.org/wiki/Special:FilePath/Island%20city%28Fukuoka%20Japan%29kashii%20beach.jpg,Japan,"https://en.wikipedia.org/wiki/Island_City,_Fukuoka",33.66583333,130.41327778
Q6674378,Longue Vue Island,islands,http://commons.wikimedia.org/wiki/Special:FilePath/Longue%20Vue%20Island%20Postcard.jpg,United States,https://en.wikipedia.org/wiki/Longue_Vue_Island,44.3219938,-75.9405074
Q6674911,Looe Key,islands,http://commons.wikimedia.org/wiki/Special:FilePath/Elkhorn%2001%20Looe%20Key%202010.jpg,United States,https://en.wikipedia.org/wiki/Looe_Key,24.548611111,-81.405833333
Q122280949,"Kurgan No 8398, Novyi Myr",history_and_mysteries,http://commons.wikimedia.org/wiki/Special:FilePath/%D0%9A%D1%83%D1%80%D0%B3%D0%B0%D0%BD%20%E2%84%968398%20%D0%B1%D1%96%D0%BB%D1%8F%20%D1%81.%D0%9D%D0%BE%D0%B2%D0%B8%D0%B9%20%D0%9C%D0%B8%D1%80%2C%20%D0%BA%D1%83%D1%80%D0%B3%D0%B0%D0%BD%D0%B8%201%20%D1%82%D0%B0%202.JPG,Ukraine,,47.92463,33.109085
Q7059774,Northstar Island,islands,http://commons.wikimedia.org/wiki/Special:FilePath/Northstar%20Offshore%20Island%20Beaufort%20Sea.jpg,United States,https://en.wikipedia.org/wiki/Northstar_Island,70.490793,-148.697753
Q7112016,Outer Trial Bank,islands,http://commons.wikimedia.org/wiki/Special:FilePath/Outer%20Trial%20Bank%20%28aerial%29.jpg,United Kingdom,https://en.wikipedia.org/wiki/Outer_Trial_Bank,52.8418,0.2431
Q7241916,Preston Island,islands,http://commons.wikimedia.org/wiki/Special:FilePath/Preston%20Island.jpg,United Kingdom,https://en.wikipedia.org/wiki/Preston_Island,56.049444,-3.5958148
Q7334617,Rincon Island,islands,http://commons.wikimedia.org/wiki/Special:FilePath/RinconIsland1.jpg,United States,https://en.wikipedia.org/wiki/Rincon_Island_(California),34.3474966,-119.4453965
Q7451660,Some Sevit,islands,http://commons.wikimedia.org/wiki/Special:FilePath/Korea%20Sevit%20Island%2015%20%2815540663165%29.jpg,South Korea,https://en.wikipedia.org/wiki/Sebitseom,37.512266,126.995274
Q7960756,Wakae Island,islands,http://commons.wikimedia.org/wiki/Special:FilePath/Wakae-jima.jpg,Japan,https://en.wikipedia.org/wiki/Wakae_Island,35.300555555,139.550555555
Q9304163,Ras Zatar,islands,http://commons.wikimedia.org/wiki/Special:FilePath/RasZatarCorals.jpg,Egypt,,27.7656,34.255161111
Q10345560,Parrachos de Maracajaú,islands,http://commons.wikimedia.org/wiki/Special:FilePath/Maracajau%20HDR.jpg,Brazil,,-5.4023639,-35.2969135
Q10866444,Three Pools Mirroring the Moon,islands,http://commons.wikimedia.org/wiki/Special:FilePath/Three%20Pools%20Mirroring%20the%20Moon-pool.JPG,People's Republic of China,,30.240833333,120.140277777
Q11090204,Harumi,islands,http://commons.wikimedia.org/wiki/Special:FilePath/Harumi%20from%20Rainbow%20Bridge090505.JPG,Japan,"https://en.wikipedia.org/wiki/Harumi,_Tokyo",35.653488888,139.779888888
Q11151285,Umihotaru Parking Area,islands,http://commons.wikimedia.org/wiki/Special:FilePath/UmihotaruPA.JPG,Japan,,35.464444444,139.874444444
Q11285385,Hakkeijima,islands,http://commons.wikimedia.org/wiki/Special:FilePath/Yokohama%20Hakkeijima%20Sea%20Paradise.jpg,Japan,,35.33611111,139.6444444
Q11339441,Q11339441,islands,http://commons.wikimedia.org/wiki/Special:FilePath/Nagoya%20Port%20Aichi%20pref%20Japan01s8.jpg,Japan,,35.00736111,136.81238889
Q11362769,Nakanoshima,islands,http://commons.wikimedia.org/wiki/Special:FilePath/Nakanoshima-Bridge%20Kisarazu%20131230.jpg,Japan,https://en.wikipedia.org/wiki/Nakanoshima_(Chiba),35.38505556,139.91158333
Q11363816,Umi no mori,islands,http://commons.wikimedia.org/wiki/Special:FilePath/Uminomori-202305.JPG,Japan,,35.607,139.8064
Q11363817,Central Breakwater Landfill Sites,islands,http://commons.wikimedia.org/wiki/Special:FilePath/HanedaAirport%20tagged%20%282006-11-13%29.JPG,Japan,,35.597222,139.808333
Q11374528,Keihinjima,islands,http://commons.wikimedia.org/wiki/Special:FilePath/Keihinjima%202chome.JPG,Japan,,35.570872222,139.763922222
Q11391796,Yabiji,islands,http://commons.wikimedia.org/wiki/Special:FilePath/Yabishi1.jpg,Japan,https://en.wikipedia.org/wiki/Yabiji,25.0,125.26666667
Q11396471,Hatsushima,islands,http://commons.wikimedia.org/wiki/Special:FilePath/Hatsushima%20Island%20in%20Lake%20Suwako.JPG,Japan,,36.04944444,138.10888889
Q11400274,Katsushima,islands,http://commons.wikimedia.org/wiki/Special:FilePath/Shinagawa%20katsushima%201989.jpg,Japan,,35.593794444,139.741619444
Q11417294,Wakayama Marina City,islands,http://commons.wikimedia.org/wiki/Special:FilePath/Porto%20Europe%20-%20Entrance2.jpg,Japan,https://en.wikipedia.org/wiki/Wakayama_Marina_City,34.153889,135.177269
Q11418284,Sakishima,islands,http://commons.wikimedia.org/wiki/Special:FilePath/Osaka%20Sakishima%20Island.jpg,Japan,,34.63625,135.42244444
Q11426037,Jōnanjima,islands,http://commons.wikimedia.org/wiki/Special:FilePath/Johnan%20island%201989%20air.jpg,Japan,,35.581563888,139.779311111
Q11431451,Yumenoshima,islands,http://commons.wikimedia.org/wiki/Special:FilePath/Yumenoshima%20park%20koto%20tokyo%20summer%202014.jpg,Japan,https://en.wikipedia.org/wiki/Yumenoshima,35.649719444,139.830313888
Q11431648,Yumeshima,islands,http://commons.wikimedia.org/wiki/Special:FilePath/%E5%A4%A2%E6%B4%B2.JPG,Japan,https://en.wikipedia.org/wiki/Yumeshima,34.652415,135.389585
Q11443018,Tennōzu Isle,islands,http://commons.wikimedia.org/wiki/Special:FilePath/Sea%20fort%20square%20tennouzu%20higashishinagawa%20shingawa%20tokyo%202009-3.JPG,Japan,https://en.wikipedia.org/wiki/Tenn%C5%8Dzu_Isle,35.62319444,139.75047222
Q11482235,Heiwajima,islands,http://commons.wikimedia.org/wiki/Special:FilePath/Heiwa%20island%201989%20air.jpg,Japan,,35.582691666,139.743452777
Q11496835,Ōgishima,islands,http://commons.wikimedia.org/wiki/Special:FilePath/Ogi-shia%20Artificial%20Island%20Aerial%20photograph.2007.jpg,Japan,,35.47994444,139.7181944
Q11502760,Shinkō,islands,http://commons.wikimedia.org/wiki/Special:FilePath/Yokohama%20Cosmo%20World%20from%20Above%202.JPG,Japan,,35.453816666,139.640538888
Q11514068,Shōwajima,islands,http://commons.wikimedia.org/wiki/Special:FilePath/Showajima%202009.JPG,Japan,,35.571155555,139.750916666
Q11527048,Higashi-Ōgishima,islands,http://commons.wikimedia.org/wiki/Special:FilePath/Higahi%20Ohgishima%20West%20Park%20-%20panorama%20-%20june%2030%202015.jpg,Japan,,35.497033333,139.7553
Q11584160,Yabase Kihan Island,islands,http://commons.wikimedia.org/wiki/Special:FilePath/Yabasekihan-island%20park.JPG,Japan,,35.008805555,135.913333333
Q11607759,Midorinoshima,islands,http://commons.wikimedia.org/wiki/Special:FilePath/Midorinoshima.jpg,Japan,,41.771388888,140.714166666
Q11613634,Maishima,islands,http://commons.wikimedia.org/wiki/Special:FilePath/%E8%88%9E%E6%B4%B2.JPG,Japan,https://en.wikipedia.org/wiki/Maishima,34.66422222,135.39513889
Q11614676,Shibaura Island,islands,http://commons.wikimedia.org/wiki/Special:FilePath/Shibaura%20island%20overview%20minato%20tokyo%202009-2.JPG,Japan,,35.63993,139.75147
Q11627660,Nishinomiya-hama,islands,http://commons.wikimedia.org/wiki/Special:FilePath/Rokko-shidare%20%E5%85%AD%E7%94%B2%E6%9E%9D%E5%9E%82%E3%82%8C-Rokko%20garden%20terrace%20B217059.JPG,Japan,,34.71562,135.33199
Q12308910,Dragør Fort,islands,http://commons.wikimedia.org/wiki/Special:FilePath/Dragoer%20Fort%20Strube%20Indgang.jpg,Denmark,,55.588600908,12.678289657
Q13471352,Huizerhoef,islands,http://commons.wikimedia.org/wiki/Special:FilePath/20140918%20Gooimeer%20met%20Huizerhoef.jpg,Netherlands,,52.30639,5.29278
Q14201842,The Alternatives,islands,http://commons.wikimedia.org/wiki/Special:FilePath/AlternativesCorals.jpg,Egypt,,27.729261111,34.19725
Q14210166,Gordon Reef,islands,http://commons.wikimedia.org/wiki/Special:FilePath/SharmTiranLullia.jpg,Egypt,,27.987519444,34.453511111
Q14212222,"Jackfish Alley, Fisherman’s Bank",islands,http://commons.wikimedia.org/wiki/Special:FilePath/JackfishAlleyTurtle.jpg,Egypt,,27.745330555,34.255180555
Q14212223,Jackson Reef,islands,http://commons.wikimedia.org/wiki/Special:FilePath/JacksonReefBeacon.jpg,Egypt,,28.008830555,34.47325
Q14213694,Laguna Reef,islands,http://commons.wikimedia.org/wiki/Special:FilePath/SouthLagunaGorgonian.jpg,Egypt,,27.99745,34.483961111
Q14216932,Ocean Cay Marine Reserve,islands,http://commons.wikimedia.org/wiki/Special:FilePath/Ocean%20Cay%20overview%20from%20the%20south%20direction%20%28March%2012%2C%202024%29.jpg,The Bahamas,https://en.wikipedia.org/wiki/Ocean_Cay,25.4209,-79.2055
Q14218651,"Ras el-Ghazlani, Ras Ghozlani",islands,http://commons.wikimedia.org/wiki/Special:FilePath/RasGhazlaniCorals.jpg,Egypt,,27.790338888,34.25915
Q14219878,Sha'ab Mahmud,islands,http://commons.wikimedia.org/wiki/Special:FilePath/SmallCrackRay.jpg,Egypt,,27.738611111,34.094438888
Q14220255,Shag Rock,islands,http://commons.wikimedia.org/wiki/Special:FilePath/ShagRockBeacon.jpg,Egypt,,27.7766,33.881019444
Q14220276,Shark Observatory,islands,http://commons.wikimedia.org/wiki/Special:FilePath/SharkObservatoryPutterfish.jpg,Egypt,,27.732119444,34.259980555
Q14221722,Thomas Reef,islands,http://commons.wikimedia.org/wiki/Special:FilePath/ThomasReefCorals.jpg,Egypt,,27.9927,34.46031
Q14223403,Woodhouse Reef,islands,http://commons.wikimedia.org/wiki/Special:FilePath/SharmKorallen.jpg,Egypt,,28.001538888,34.465480555
Q14300517,"Anemone City, Shark Reef and Jolanda Reef",islands,http://commons.wikimedia.org/wiki/Special:FilePath/SharmMuraene.jpg,Egypt,,27.725738888,34.258688888
Q15228888,Isola di Lolando,islands,http://commons.wikimedia.org/wiki/Special:FilePath/Isola%20di%20lolando%20miami%20beach%2001.jpg,United States,https://en.wikipedia.org/wiki/Isola_di_Lolando,25.8043,-80.1584
Q15260948,Nanhai Pearl Artificial Island,islands,http://commons.wikimedia.org/wiki/Special:FilePath/Nanhai%20Pearl%20Artificial%20Island%20in%20May%202016.jpg,People's Republic of China,https://en.wikipedia.org/wiki/Nanhai_Pearl_Artificial_Island,20.0702,110.2349
Q18435343,Warenar,islands,http://commons.wikimedia.org/wiki/Special:FilePath/20141028%20IJmeer%20De%20Drost%20Warenar.jpg,Netherlands,,52.347538888,5.093697222
Q18511711,De Drost,islands,http://commons.wikimedia.org/wiki/Special:FilePath/20141028%20IJmeer%20met%20eilandje%20De%20Drost.jpg,Netherlands,,52.346194444,5.084422222
Q18701097,Kawasaki Artificial Island,islands,http://commons.wikimedia.org/wiki/Special:FilePath/Kawasaki%20artificial%20island.jpg,Japan,,35.49138889,139.83472222
Q19465307,Revaleiland,islands,http://commons.wikimedia.org/wiki/Special:FilePath/Revaleiland%20foto%206.JPG,Netherlands,,52.393611111,4.880555555
Q21051870,Xiaojinshan,islands,http://commons.wikimedia.org/wiki/Special:FilePath/%E7%98%A6%E8%A5%BF%E6%B9%96%E5%B0%8F%E9%87%91%E5%B1%B12017.jpg,People's Republic of China,https://en.wikipedia.org/wiki/Xiaojinshan_(Yangzhou),32.41,119.42
Q21654566,Benten Island,islands,http://commons.wikimedia.org/wiki/Special:FilePath/Temple%20Benten-do.jpg,Japan,,35.712222222,139.771111111
Q21922891,Arlington Reef,islands,http://commons.wikimedia.org/wiki/Special:FilePath/Arlington-Reef-2018-aerial-view-Luka-Peternel.jpg,Australia,https://en.wikipedia.org/wiki/Arlington_Reef,-16.694,146.05534
Q22773220,Centrumeiland,islands,http://commons.wikimedia.org/wiki/Special:FilePath/CentrumEilandJuli2015.JPG,Netherlands,,52.351666666,5.015
Q23044756,Tureholm,islands,http://commons.wikimedia.org/wiki/Special:FilePath/Tureholm.png,Sweden,https://en.wikipedia.org/wiki/Tureholm_(island),58.3453,11.9536
Q23749609,Christiansholm,islands,http://commons.wikimedia.org/wiki/Special:FilePath/Christianshavn%20%28%C3%B8%29.%20Papir%C3%B8en.%20K%C3%B8benhavn.%202025.%20Foto%20Hans%20Christian%20Hansen.jpg,Denmark,,55.6792,12.5985
Q23905739,Amazon Reef,islands,http://commons.wikimedia.org/wiki/Special:FilePath/Geodiversidade%20e%20biodiversidade%20do%20Recife%20Amazonas.jpg,France,https://en.wikipedia.org/wiki/Amazon_Reef,1.0,-49.0
Q24190508,Kuljak Island,islands,http://commons.wikimedia.org/wiki/Special:FilePath/Northern%20bridge%20to%20Kuljak%20Island%2C%20October%202023%2002.jpg,Australia,https://en.wikipedia.org/wiki/Kuljak_Island,-31.9409843,115.914479921
Q24899436,Marine Port Kagoshima,islands,http://commons.wikimedia.org/wiki/Special:FilePath/Marine%20port%20Kagoshima%20Fureai%20port%20Building.JPG,Japan,,31.536888888,130.554
Q25112774,Ocean Flower Island,islands,http://commons.wikimedia.org/wiki/Special:FilePath/Yangpu%20Bay.jpeg,People's Republic of China,https://en.wikipedia.org/wiki/Ocean_Flower_Island,19.665,109.175
Q27430473,Q27430473,islands,http://commons.wikimedia.org/wiki/Special:FilePath/Iate%20Clube%20do%20Rio%20de%20Janeiro%20%282695345015%29.jpg,Brazil,,-22.881467,-42.004683
Q28796013,Zhuhai-Macao Boundary Crossing Facilities of the Hong Kong-Zhuhai-Macao Bridge,islands,http://commons.wikimedia.org/wiki/Special:FilePath/Zhuhai%20Port%20of%20Hong%20Kong-Zhuhai-Macao%20Bridge%20%2820181024103355%29.jpg,People's Republic of China,https://en.wikipedia.org/wiki/Hong_Kong%E2%80%93Zhuhai%E2%80%93Macao_Bridge_Zhuhai%E2%80%93Macao_Port,22.204,113.5765
Q31872174,Sand Island,islands,http://commons.wikimedia.org/wiki/Special:FilePath/Johnston-Atoll-DF-ST-92-02431.JPEG,United States,,16.74488,-169.51492
Q46144490,île de la Porte-Jaune,islands,http://commons.wikimedia.org/wiki/Special:FilePath/%C3%8Ele%20Porte%20Jaune%20-%20Paris%20XII%20%28FR75%29%20-%202021-05-23%20-%204.jpg,France,,48.8382,2.4591
Q49173570,No.6 Battery,islands,http://commons.wikimedia.org/wiki/Special:FilePath/%E7%AC%AC%E5%85%AD%E5%8F%B0%E5%A0%B4%20-%20panoramio.jpg,Japan,,35.633611111,139.766666666
Q3108330,Glacier de Blaitière,glaciers,http://commons.wikimedia.org/wiki/Special:FilePath/Aiguille%20du%20Plan%20from%20La%20Fl%C3%A9g%C3%A8re%202.JPG,France,,45.9006,6.9025
Q3108331,Glacier de Chavière,glaciers,http://commons.wikimedia.org/wiki/Special:FilePath/Glacier%20de%20Chavi%C3%A8re%20%40%20Chalet%20de%20Chavi%C3%A8re.jpg,France,,45.2628,6.6136
Q3108334,Glacier de Freydane,glaciers,http://commons.wikimedia.org/wiki/Special:FilePath/Glacier%20freydane.jpg,France,,45.1708,5.9861
Q3108333,Crupillouse Glacier,glaciers,http://commons.wikimedia.org/wiki/Special:FilePath/Le%20Glacier%20de%20Crupillouse.jpg,France,,44.7717,6.23222
Q3108336,Glacier de Gébroulaz,glaciers,http://commons.wikimedia.org/wiki/Special:FilePath/Gebroulaz%20Glacier%2C%20Vanoise%20National%20Park%20%282%29.jpg,France,,45.2889,6.6325
Q3108342,Glacier de Mont-de-Lans,glaciers,http://commons.wikimedia.org/wiki/Special:FilePath/Glacier%20Deux-Alpes.jpg,France,,45.0,6.21667
Q3108343,Glacier de Péclet,glaciers,http://commons.wikimedia.org/wiki/Special:FilePath/Glacier%20de%20P%C3%A9clet%2004.jpg,France,,45.2883,6.61889
Q3108341,Frébouze Glacier,glaciers,http://commons.wikimedia.org/wiki/Special:FilePath/Glacier%20de%20Fr%C3%A9bouze%20%40%20Val%20de%20Malatra%2002.jpg,Italy,,45.8703,7.0083
Q3108344,Glacier de Miage,glaciers,http://commons.wikimedia.org/wiki/Special:FilePath/Chalets%20de%20Miage%20%2850731231717%29.jpg,France,,45.825,6.7972
Q3108351,Glacier de Taconnaz,glaciers,http://commons.wikimedia.org/wiki/Special:FilePath/Taconnaz.JPG,France,,45.877708,6.847089
Q3108349,Rupal Glacier,glaciers,http://commons.wikimedia.org/wiki/Special:FilePath/Nanga%20Parbat%2C%20Pakistan%2C%20Image%20of%20the%20Day%20DVIDS843821.jpg,Pakistan,https://en.wikipedia.org/wiki/Rupal_Glacier,35.1433,74.4144
Q3108352,Glacier de Talèfre,glaciers,http://commons.wikimedia.org/wiki/Special:FilePath/Ghiacciaio%20di%20Tal%C3%A8fre%20001.JPG,France,,45.9156,6.99417
Q3108353,Tête Rousse Glacier,glaciers,http://commons.wikimedia.org/wiki/Special:FilePath/Glacier%20de%20T%C3%AAte-Rousse%20%40%20Pointe%20de%20Merdassier.jpg,France,https://en.wikipedia.org/wiki/T%C3%AAte_Rousse_Glacier,45.8564,6.81917
Q3108358,Glacier de la Grande-Motte,glaciers,http://commons.wikimedia.org/wiki/Special:FilePath/Glacier%20de%20la%20Grande%20Motte%20en%20%C3%A9t%C3%A9%20%282018%29.JPG,France,,45.418222,6.880979
Q3108359,Grande Casse Glacier,glaciers,http://commons.wikimedia.org/wiki/Special:FilePath/Glacier%20de%20la%20Grande%20Casse%20%40%20Chalet%20des%20gardes.jpg,France,,45.4083,6.8028
Q3108356,Aneto Glacier,glaciers,http://commons.wikimedia.org/wiki/Special:FilePath/Glaciar%20del%20Aneto.jpg,Spain,https://en.wikipedia.org/wiki/Aneto_glacier,42.63,0.65
Q122280953,Group of 5 kurgans No 5869,history_and_mysteries,http://commons.wikimedia.org/wiki/Special:FilePath/%D0%9A%D1%83%D1%80%D0%B3%D0%B0%D0%BD%20%E2%84%965869%20%D0%B1%D1%96%D0%BB%D1%8F%20%D1%81.%D0%97%D0%BE%D0%BB%D0%BE%D1%82%D0%B0%20%D0%BF%D0%BE%D0%BB%D1%8F%D0%BD%D0%B0%2C%20%D0%BF%D0%B0%D0%BD%D0%BE%D1%80%D0%B0%D0%BC%D0%B0%20%D0%BE%D0%BA%D0%BE%D0%BB%D0%B8%D1%86%D1%8C%20%D0%B7%20%D0%B2%D0%B5%D1%80%D1%88%D0%B5%D1%87%D0%BA%D1%83%20%D0%BA%D1%83%D1%80%D0%B3%D0%B0%D0%BD%D1%83.jpg,Ukraine,,47.993081,33.530788
Q3108362,Maladeta glacier,glaciers,http://commons.wikimedia.org/wiki/Special:FilePath/Maladeta.jpg,Spain,,42.6542,0.63722
Q3108363,Glacier des Glaciers,glaciers,http://commons.wikimedia.org/wiki/Special:FilePath/Glacier%20des%20Glaciers%20%40%20T%C3%AAte%20Nord%20des%20Fours.jpg,France,,45.7661,6.79222
Q3108366,Glacier des Grands Couloirs,glaciers,http://commons.wikimedia.org/wiki/Special:FilePath/Glacier%20des%20Grands%20Couloirs%20%40%20Col%20Noir.jpg,France,,45.4028,6.81667
Q3108367,Glacier des Pélerins,glaciers,http://commons.wikimedia.org/wiki/Special:FilePath/Glacier%20des%20P%C3%A8lerins.jpg,France,,45.8922,6.88806
Q3108364,Glacier des Martinets,glaciers,http://commons.wikimedia.org/wiki/Special:FilePath/Glacier%20des%20Martinets%20%2815155817946%29.jpg,Switzerland,,46.202,7.079
Q3108369,Grandes Murailles Glacier,glaciers,http://commons.wikimedia.org/wiki/Special:FilePath/Ghiacciaio%20des%20Grandes%20Murailles.JPG,Italy,,45.967,7.583
Q3108374,Mont-Perdu Glacier,glaciers,http://commons.wikimedia.org/wiki/Special:FilePath/MONTE%20PERDIDO.JPG,Spain,,42.6806,0.0375
Q3108375,Glacier du Géant,glaciers,http://commons.wikimedia.org/wiki/Special:FilePath/Aerial%20view%20of%20Glacier%20du%20G%C3%A9ant.jpg,France,https://en.wikipedia.org/wiki/G%C3%A9ant_Glacier,45.8583,6.91667
Q3108372,Batura Glacier,glaciers,http://commons.wikimedia.org/wiki/Special:FilePath/Batura%20valley%20Passu%20Hunza.jpg,Pakistan,https://en.wikipedia.org/wiki/Batura_Glacier,36.533333333,74.65
Q3108373,Glacier du Monêtier,glaciers,http://commons.wikimedia.org/wiki/Special:FilePath/Vue%20Glacier%20et%20D%C3%B4mes%20du%20Mon%C3%AAtier.jpg,France,,44.9389,6.4417
Q3108378,Tacul Glacier,glaciers,http://commons.wikimedia.org/wiki/Special:FilePath/Glacier%20du%20Tacul%20-%208420761802.jpg,France,,45.8969,6.93778
Q3137543,Sulitjelmaisen,glaciers,http://commons.wikimedia.org/wiki/Special:FilePath/S%C3%A1llajieg%C5%8Ba-0649.jpg,Norway,https://en.wikipedia.org/wiki/Sulitjelma_Glacier,67.10369,16.37127
Q3157423,Jackson Glacier,glaciers,http://commons.wikimedia.org/wiki/Special:FilePath/Jackson%20Glacier%20terminus.jpg,United States,https://en.wikipedia.org/wiki/Jackson_Glacier,48.598611111,-113.701111111
Q3219709,Kjenndalsbreen,glaciers,http://commons.wikimedia.org/wiki/Special:FilePath/Kjenndalsbreen%20Norwegen.JPG,Norway,https://en.wikipedia.org/wiki/Kjenndalsbreen,61.723888888,7.016666666
Q3307471,Sarpo Laggo Glacier,glaciers,http://commons.wikimedia.org/wiki/Special:FilePath/Sarpo%20Laggo%20Glacier%2C%20is%20a%20glacier%20in%20the%20autonomous%20region%20Xinjiang%20of%20China.jpg,People's Republic of China,https://en.wikipedia.org/wiki/Sarpo_Laggo_Glacier,35.883333333,76.25
Q3307729,Drang-Drung Glacier,glaciers,http://commons.wikimedia.org/wiki/Special:FilePath/Drang-Drung-Glacier.jpg,India,https://en.wikipedia.org/wiki/Drang-Drung_Glacier,33.755213888,76.300963888
Q3347256,Garibaldi Névé,glaciers,http://commons.wikimedia.org/wiki/Special:FilePath/Isunnguata-sermia-greenland.jpg,Canada,https://en.wikipedia.org/wiki/Garibaldi_N%C3%A9v%C3%A9,49.8533,-122.99
Q122291674,Sotnytskyi Yar kurgan,history_and_mysteries,http://commons.wikimedia.org/wiki/Special:FilePath/%D0%9A%D1%83%D1%80%D0%B3%D0%B0%D0%BD%20%D0%A1%D0%BE%D1%82%D0%BD%D0%B8%D1%86%D1%8C%D0%BA%D0%B8%D0%B9%20%D1%8F%D1%80.jpg,Ukraine,,50.792209,34.980329
Q122291677,Kurgan in Verkhnia Syrovatka,history_and_mysteries,http://commons.wikimedia.org/wiki/Special:FilePath/%D0%91%D1%96%D0%BB%D1%8F%20%D0%BA%D1%83%D1%80%D0%B3%D0%B0%D0%BD%D1%83%20%D1%84%D0%BE%D1%81%D1%84%D0%BE%D0%B3%D1%96%D0%BF%D1%81%D0%BE%D0%B2%D1%96%20%D0%B7%D0%B0%D0%BA%D0%BB%D0%B0%D0%B4%D0%B5%D0%BD%D0%BD%D1%8F.jpg,Ukraine,,50.813654,34.924517
Q3373289,Björlings glaciär,glaciers,http://commons.wikimedia.org/wiki/Special:FilePath/View%20to%20glacier%20from%20Kebnekaise%20in%20Sweden.jpg,Sweden,,67.8942,18.5286
Q3373442,Nathorstbreen,glaciers,http://commons.wikimedia.org/wiki/Special:FilePath/Nathorst%20glacier%2C%20Svalbard%2C%20at%20midnight%20sun.jpg,Norway,https://en.wikipedia.org/wiki/Nathorstbreen,77.43728,16.21532
Q3376086,Hornbreen,glaciers,http://commons.wikimedia.org/wiki/Special:FilePath/Torell%20Land%20IMG%208969%20Flatbreen%20Hornbreen%20Storbreen.JPG,Norway,https://en.wikipedia.org/wiki/Hornbreen,77.07,16.7
Q3406241,Dome Glacier,glaciers,http://commons.wikimedia.org/wiki/Special:FilePath/Dome%20Glacier.jpg,United States,https://en.wikipedia.org/wiki/Dome_Glacier,48.3056,-121.039
Q3437416,Speilsalen,glaciers,http://commons.wikimedia.org/wiki/Special:FilePath/Spegelsalen%20i%20Trollheimen.jpg,Norway,https://en.wikipedia.org/wiki/Speilsalen,62.769044444,9.35275
Q3442923,Tystigbreen,glaciers,http://commons.wikimedia.org/wiki/Special:FilePath/Tystigbreen.jpg,Norway,https://en.wikipedia.org/wiki/Tystigbreen,61.91724,7.35322
Q1510,ancient theatre of Lyon,history_and_mysteries,http://commons.wikimedia.org/wiki/Special:FilePath/Lyon%20-%20Lugdunum%20-%20Th%C3%A9atre%20Romain.jpg,France,https://en.wikipedia.org/wiki/Ancient_Theatre_of_Fourvi%C3%A8re,45.759722,4.819722
Q3612492,Holåbreen,glaciers,http://commons.wikimedia.org/wiki/Special:FilePath/Hol%C3%A5breen%20eastern%20part%20of%20the%20glacier.jpg,Norway,https://en.wikipedia.org/wiki/Hol%C3%A5breen,61.75666667,7.9025
Q3646551,Pico Bonpland,glaciers,http://commons.wikimedia.org/wiki/Special:FilePath/Pico%20Bonpland%20visto%20desde%20el%20Pico%20Humboldt.JPG,Venezuela,https://en.wikipedia.org/wiki/Pico_Bonpland,8.5425,-71.003166666
Q3651069,Devdaraki,glaciers,http://commons.wikimedia.org/wiki/Special:FilePath/Devdorak%20glacier%20%28Moskvich%20guide%2C%201913%29.jpg,Russia,https://en.wikipedia.org/wiki/Devdaraki,42.709166666,44.531944444
Q3651223,Bezengi Glacier,glaciers,http://commons.wikimedia.org/wiki/Special:FilePath/Bezengi%20Wall%20by%20Konstantin%20Kleine.jpg,Russia,https://en.wikipedia.org/wiki/Bezengi_Glacier,43.085,43.108055555
Q3651772,Gergeti,glaciers,http://commons.wikimedia.org/wiki/Special:FilePath/The%20massive%20Gergeti%20glacier%20next%20to%20Mt.%20Kazbek%20%284%29.jpg,Georgia,https://en.wikipedia.org/wiki/Gergeti,42.683888888,44.502777777
Q3138,Trier,history_and_mysteries,http://commons.wikimedia.org/wiki/Special:FilePath/Trier%20126x.jpg,Germany,https://en.wikipedia.org/wiki/Trier,49.75565,6.63935
Q3761666,Presena Glacier,glaciers,http://commons.wikimedia.org/wiki/Special:FilePath/Ghiacciaio-Presena-agosto-2014.jpg,Italy,,46.222742,10.581227
Q3766,Damascus,history_and_mysteries,http://commons.wikimedia.org/wiki/Special:FilePath/Damascus%2C%20Syria%2C%20Panorama%20at%20sunset.jpg,Syria,https://en.wikipedia.org/wiki/Damascus,33.513,36.292
Q3761678,Ghiacciaio dei Forni,glaciers,http://commons.wikimedia.org/wiki/Special:FilePath/GhiacciaioForni.jpg,Italy,,46.3982,10.5881
Q3761679,Belvedere Glacier,glaciers,http://commons.wikimedia.org/wiki/Special:FilePath/Monte%20Rosa%20east%20face.jpg,Italy,https://en.wikipedia.org/wiki/Belvedere_Glacier,45.95055556,7.90972222
Q3761682,Coupé de Money Glacier,glaciers,http://commons.wikimedia.org/wiki/Special:FilePath/Coup%C3%A9%20de%20Money%20020.jpg,Italy,,45.5338,7.354
Q3761680,Glacier du Brouillard,glaciers,http://commons.wikimedia.org/wiki/Special:FilePath/Glacier%20du%20Brouillard%2C%20July%202009.jpg,Italy,,45.813166,6.870353
Q3761681,Careser Glacier,glaciers,http://commons.wikimedia.org/wiki/Special:FilePath/Ghiacciaio%20del%20Careser.jpg,Italy,,46.452347,10.711842
Q3761687,Laveciau Glacier,glaciers,http://commons.wikimedia.org/wiki/Special:FilePath/Laveciau%20007.jpg,Italy,,45.5225,7.2563
Q3761691,Ghiacciaio del Money,glaciers,http://commons.wikimedia.org/wiki/Special:FilePath/Money%2022.jpg,Italy,,45.5293,7.3419
Q3761688,Lys glacier,glaciers,http://commons.wikimedia.org/wiki/Special:FilePath/Ghiacciaio%20del%20Lys.JPG,Italy,,45.905336,7.841463
Q3761694,Glacier of Rutor,glaciers,http://commons.wikimedia.org/wiki/Special:FilePath/Glacier%20du%20Ruitor%20%40%20Lancrebranlette.jpg,Italy,,45.6473,7.0113
Q3761693,Nomenon Glacier,glaciers,http://commons.wikimedia.org/wiki/Special:FilePath/Nomenon%20023.jpg,Italy,,45.6034,7.2637
Q3761698,Ghiacciaio del Gleno,glaciers,http://commons.wikimedia.org/wiki/Special:FilePath/Ghiacciaio%20gleno.jpg,Italy,,46.06,9.96
Q3761699,Ghiacciaio del Tzasset,glaciers,http://commons.wikimedia.org/wiki/Special:FilePath/Tzasset%2030.jpg,Italy,,45.5388,7.2814
Q3761696,Ghiacciaio del Tessonet,glaciers,http://commons.wikimedia.org/wiki/Special:FilePath/Tessonet%20024.jpg,Italy,,45.62212,7.46845
Q3761697,Ghiacciaio del Trajo,glaciers,http://commons.wikimedia.org/wiki/Special:FilePath/011%20ghiacciaio%20del%20trajo.jpg,Italy,,45.5971,7.2719
Q3761702,Lex Blanche Glacier,glaciers,http://commons.wikimedia.org/wiki/Special:FilePath/Ghiacciaio%20Lex%20Blanche%202015.jpg,Italy,,45.7797,6.82028
Q3761703,Punta Tersiva Glacier,glaciers,http://commons.wikimedia.org/wiki/Special:FilePath/Glacier%20de%20la%20Pointe%20Tersiva%20025.jpg,Italy,,45.62252,7.46787
Q3761700,Ghiacciaio dell'Adamello,glaciers,http://commons.wikimedia.org/wiki/Special:FilePath/Veduta%20del%20Ghiacciaio%20Presena.jpg,Italy,,46.152554,10.535498
Q3761706,Ghiacciaio della Tribolazione,glaciers,http://commons.wikimedia.org/wiki/Special:FilePath/Ghiacciaio%20della%20Tribolazione.jpg,Italy,,45.52153,7.28213
Q3761707,Sengie Glacier,glaciers,http://commons.wikimedia.org/wiki/Special:FilePath/010%20ghiacciaio%20delle%20sengie.jpg,Italy,,45.526,7.3808
Q82359,Moiry Glacier,glaciers,http://commons.wikimedia.org/wiki/Special:FilePath/Glacier-moiry1.JPG,Switzerland,https://en.wikipedia.org/wiki/Moiry_Glacier,46.078333333,7.598611111
Q116999,Bagley Icefield,glaciers,http://commons.wikimedia.org/wiki/Special:FilePath/Bagley%20Icefield.jpg,United States,https://en.wikipedia.org/wiki/Bagley_Icefield,60.483611111,-141.583611111
Q144327,Nevado del Tolima,glaciers,http://commons.wikimedia.org/wiki/Special:FilePath/Nevado%20del%20tolima.jpg,Colombia,https://en.wikipedia.org/wiki/Nevado_del_Tolima,4.666666666,-75.333333333
Q4523,Chogha Zanbil,history_and_mysteries,http://commons.wikimedia.org/wiki/Special:FilePath/Choghazanbil2.jpg,Iran,https://en.wikipedia.org/wiki/Chogha_Zanbil,32.008333333,48.520833333
Q5680,Nineveh,history_and_mysteries,http://commons.wikimedia.org/wiki/Special:FilePath/Nineveh%20mashki%20gate%20from%20west.JPG,Iraq,https://en.wikipedia.org/wiki/Nineveh,36.366667,43.15
Q200793,Argentière Glacier,glaciers,http://commons.wikimedia.org/wiki/Special:FilePath/GalcierArgentiere7479.JPG,France,https://en.wikipedia.org/wiki/Argenti%C3%A8re_Glacier,45.960278,6.979444
Q204258,Zinal Glacier,glaciers,http://commons.wikimedia.org/wiki/Special:FilePath/Dent%20blanche.jpg,Switzerland,https://en.wikipedia.org/wiki/Zinal_Glacier,46.053611111,7.651944444
Q212613,Miage Glacier,glaciers,http://commons.wikimedia.org/wiki/Special:FilePath/Miage%20Glacier%20in%20Italy%20-%202009-07-27.jpg,Italy,https://en.wikipedia.org/wiki/Miage_Glacier,45.804166666,6.840555555
Q224374,Kangerdlugssuaq Glacier,glaciers,http://commons.wikimedia.org/wiki/Special:FilePath/Southeast%20Greenland%20M%C3%A9lange%20%285669763467%29.jpg,Greenland,https://en.wikipedia.org/wiki/Kangerlussuaq_Glacier,68.65444444,-33.03861111
Q250751,Snow Lake,glaciers,http://commons.wikimedia.org/wiki/Special:FilePath/Snow%20Lake%20under%20twilight.jpg,Pakistan,https://en.wikipedia.org/wiki/Snow_Lake_(Pakistan),36.0,75.583333333
Q258357,Äußeres Mullwitzkees,glaciers,http://commons.wikimedia.org/wiki/Special:FilePath/Defregger-Haus-%281980%29.jpg,Austria,,47.08765,12.379583333
Q261265,Gepatschferner,glaciers,http://commons.wikimedia.org/wiki/Special:FilePath/BrandenbugerHausUndWeisskugel.jpg,Italy,,46.8333,10.75
Q5684,Babylon,history_and_mysteries,http://commons.wikimedia.org/wiki/Special:FilePath/DSC%200658-Recovered.jpg,Iraq,https://en.wikipedia.org/wiki/Babylon,32.522907,44.42415
Q281428,Folgefonna,glaciers,http://commons.wikimedia.org/wiki/Special:FilePath/Folgefonna.jpg,Norway,https://en.wikipedia.org/wiki/Folgefonna,60.0,6.333333333
Q285768,Austfonna,glaciers,http://commons.wikimedia.org/wiki/Special:FilePath/Nordaustlandet.jpg,Norway,https://en.wikipedia.org/wiki/Austfonna,79.783333333,24.663333333
Q303215,Porchabella Glacier,glaciers,http://commons.wikimedia.org/wiki/Special:FilePath/Piz%20Kesch%20HQ.jpg,Switzerland,https://en.wikipedia.org/wiki/Porchabella_Glacier,46.629444444,9.880555555
Q308096,Øksfjordjøkelen,glaciers,http://commons.wikimedia.org/wiki/Special:FilePath/Isfjordj%C3%B8kelen%20in%20Kv%C3%A6nangen%2C%20Troms%2C%20Norway%2C%202014%20August.jpg,Norway,https://en.wikipedia.org/wiki/%C3%98ksfjordj%C3%B8kelen,70.166666666,22.05
Q330861,Übeltalferner,glaciers,http://commons.wikimedia.org/wiki/Special:FilePath/%C3%9Cbeltalferner2012.jpg,Italy,,46.95611111,11.18055556
Q332418,Übergossene Alm,glaciers,http://commons.wikimedia.org/wiki/Special:FilePath/Blick%20vom%20Hochk%C3%B6nig%20richtung%20Westen.JPG,Austria,https://en.wikipedia.org/wiki/%C3%9Cbergossene_Alm,47.4267,13.0617
Q333946,Siachen Glacier,glaciers,http://commons.wikimedia.org/wiki/Special:FilePath/Siachen%20glacier%203.jpg,India,https://en.wikipedia.org/wiki/Siachen_Glacier,35.19861,77.20139
Q335883,Þórisjökull,glaciers,http://commons.wikimedia.org/wiki/Special:FilePath/Thorisj%C3%B6kull%20glacier%20iceland.JPG,Iceland,https://en.wikipedia.org/wiki/%C3%9E%C3%B3risj%C3%B6kull,64.541944444,-20.715555555
Q358367,Adlergletscher,glaciers,http://commons.wikimedia.org/wiki/Special:FilePath/Allalinhorn%2C%20Rimpfischhorn%20und%20Strahlhorn.JPG,Switzerland,,46.01111,7.873716
Q367943,Perito Moreno Glacier,glaciers,http://commons.wikimedia.org/wiki/Special:FilePath/Perito%20Moreno%20Glacier%202023.jpg,Chile,https://en.wikipedia.org/wiki/Perito_Moreno_Glacier,-50.483333333,-73.05
Q382712,Ferpècle Glacier,glaciers,http://commons.wikimedia.org/wiki/Special:FilePath/Moraine%20glacier%20ferpecle.jpg,Switzerland,https://en.wikipedia.org/wiki/Ferp%C3%A8cle_Glacier,46.0275,7.571388888
Q386202,Ried Glacier,glaciers,http://commons.wikimedia.org/wiki/Special:FilePath/Riedgletscher.jpg,Switzerland,https://en.wikipedia.org/wiki/Ried_Glacier,46.130833333,7.857777777
Q390766,Agassiz Ice Cap,glaciers,http://commons.wikimedia.org/wiki/Special:FilePath/Agassiz%20ice%20cap.jpg,Canada,https://en.wikipedia.org/wiki/Agassiz_Ice_Cap,82.749,-71.65
Q391165,Athabasca Glacier,glaciers,http://commons.wikimedia.org/wiki/Special:FilePath/Athabasca%20Glacier%20BenWBell.jpg,Canada,https://en.wikipedia.org/wiki/Athabasca_Glacier,52.190833333,-117.255277777
Q403389,Aialik Glacier,glaciers,http://commons.wikimedia.org/wiki/Special:FilePath/Aialik%20glacier%20pano%202.jpg,United States,https://en.wikipedia.org/wiki/Aialik_Glacier,59.9681,-149.8
Q429243,Plateau Rosa,glaciers,http://commons.wikimedia.org/wiki/Special:FilePath/Plateau%20Ros%C3%A0%20001.JPG,Switzerland,https://en.wikipedia.org/wiki/Plateau_Rosa,45.965,7.7
Q429971,Crowfoot Glacier,glaciers,http://commons.wikimedia.org/wiki/Special:FilePath/Crowfoot%20Glacier%201.jpg,Canada,https://en.wikipedia.org/wiki/Crowfoot_Glacier,51.634128,-116.434478
Q68472,Great Otway National Park,national_parks,http://commons.wikimedia.org/wiki/Special:FilePath/Lake%20elizabeth.jpg,Australia,https://en.wikipedia.org/wiki/Great_Otway_National_Park,-38.7733,143.557
Q79753,Saklıkent Canyon,national_parks,http://commons.wikimedia.org/wiki/Special:FilePath/Sakl%C4%B1kent%20Kanyonu%20%282%29.jpg,Turkey,https://en.wikipedia.org/wiki/Sakl%C4%B1kent_National_Park,36.4687843,29.4034195
Q80343,West Cape Howe National Park,national_parks,http://commons.wikimedia.org/wiki/Special:FilePath/2002%20-%20View%20across%20Shelley%20Beach%20to%20West%20Cape%20Howe%2C%20WA%20-%20panoramio.jpg,Australia,https://en.wikipedia.org/wiki/West_Cape_Howe_National_Park,-35.1061,117.593
Q80344,Mount Olympus,national_parks,http://commons.wikimedia.org/wiki/Special:FilePath/Mt%20Olympus%20aerial%202.jpg,Greece,https://en.wikipedia.org/wiki/Mount_Olympus,40.083333333,22.35
Q82371,Semenic-Cheile Carașului National Park,national_parks,http://commons.wikimedia.org/wiki/Special:FilePath/Caras%20river.jpg,Romania,https://en.wikipedia.org/wiki/Semenic-Cara%C8%99_Gorge_National_Park,45.142,21.977
Q83397,Swiss National Park,national_parks,http://commons.wikimedia.org/wiki/Special:FilePath/Swiss%20National%20Park%20045.JPG,Switzerland,https://en.wikipedia.org/wiki/Swiss_National_Park,46.7,10.095
Q87172,Te Urewera National Park,national_parks,http://commons.wikimedia.org/wiki/Special:FilePath/Towards%20East%20Cape.jpg,New Zealand,https://en.wikipedia.org/wiki/Te_Urewera_National_Park,-38.539,177.029
Q112375,Galápagos National Park,national_parks,http://commons.wikimedia.org/wiki/Special:FilePath/Cerro%20Dragon%201.jpg,Ecuador,https://en.wikipedia.org/wiki/Gal%C3%A1pagos_National_Park,-0.333333333,-90.0
Q112854,Manuel Antonio National Park,national_parks,http://commons.wikimedia.org/wiki/Special:FilePath/Manuel%20Antonio%20CRI%2007%202016%207495.jpg,Costa Rica,https://en.wikipedia.org/wiki/Manuel_Antonio_National_Park,9.37555556,-84.13583333
Q113523,Royal National Park,national_parks,http://commons.wikimedia.org/wiki/Special:FilePath/WattamollaLiss.jpg,Australia,https://en.wikipedia.org/wiki/Royal_National_Park,-34.131666666,151.0511111
Q113952,Gorongosa National Park,national_parks,http://commons.wikimedia.org/wiki/Special:FilePath/Gorongosa%20Park%20Gate.JPG,Mozambique,https://en.wikipedia.org/wiki/Gorongosa_National_Park,-18.690277777,34.313611111
Q115591,Stirling Range National Park,national_parks,http://commons.wikimedia.org/wiki/Special:FilePath/Stirling%20range%20np%2004%20gnangarra.jpg,Australia,https://en.wikipedia.org/wiki/Stirling_Range_National_Park,-34.397718,118.047177
Q116715,Akagera National Park,national_parks,http://commons.wikimedia.org/wiki/Special:FilePath/Drone%20shots%20of%20the%20Kakum%20Nationa%20Park%2003.jpg,Rwanda,https://en.wikipedia.org/wiki/Akagera_National_Park,-1.633333333,30.783333333
Q117583,Cabañeros National Park,national_parks,http://commons.wikimedia.org/wiki/Special:FilePath/Los%20Navalucillos-Caba%C3%B1eros%202022%2010.jpg,Spain,https://en.wikipedia.org/wiki/Caba%C3%B1eros_National_Park,39.396388888,-4.487222222
Q119150,Björnlandet National Park,national_parks,http://commons.wikimedia.org/wiki/Special:FilePath/Bj%C3%B6rnlandets%20nationalpark.jpg,Sweden,https://en.wikipedia.org/wiki/Bj%C3%B6rnlandet_National_Park,63.974039971,18.01487125
Q119528,Jardine River National Park,national_parks,http://commons.wikimedia.org/wiki/Special:FilePath/Fruit%20Bat%20Falls%20-%20Jardine%20River%20National%20Park.jpg,Australia,https://en.wikipedia.org/wiki/Apudthama_National_Park,-10.9211,142.627
Q120414,Isalo National Park,national_parks,http://commons.wikimedia.org/wiki/Special:FilePath/IsaloRock.jpg,Madagascar,https://en.wikipedia.org/wiki/Isalo_National_Park,-22.4351,45.2884
Q120765,Hinchinbrook Island National Park,national_parks,http://commons.wikimedia.org/wiki/Special:FilePath/Hinchinbrook-island-from-mainland-queensland-australia.jpg,Australia,https://en.wikipedia.org/wiki/Hinchinbrook_Island_National_Park,-18.3819,146.247
Q123161,Woomargama National Park,national_parks,http://commons.wikimedia.org/wiki/Special:FilePath/Waterfall%2C%20Woomargama%20National%20Park.jpg,Australia,https://en.wikipedia.org/wiki/Woomargama_National_Park,-35.8714,147.485
Q125085,Lomsdal–Visten National Park,national_parks,http://commons.wikimedia.org/wiki/Special:FilePath/Lomsdalen.jpg,Norway,https://en.wikipedia.org/wiki/Lomsdal%E2%80%93Visten_National_Park,65.57436506,12.7935791
Q125333,Mũi Cà Mau National Park,national_parks,http://commons.wikimedia.org/wiki/Special:FilePath/Mui%20Ca%20Mau%20005.JPG,Vietnam,https://en.wikipedia.org/wiki/M%C5%A9i_C%C3%A0_Mau_National_Park,8.675,104.79166667
Q129902,Capitol Reef National Park,national_parks,http://commons.wikimedia.org/wiki/Special:FilePath/Capitol%20Reef%20-%20Cathedral%20Valley.jpg,United States,https://en.wikipedia.org/wiki/Capitol_Reef_National_Park,38.2,-111.167
Q130718,Deogyusan National Park,national_parks,http://commons.wikimedia.org/wiki/Special:FilePath/Deogyusan%20from%20Hyangjeok%20Peak.jpg,South Korea,https://en.wikipedia.org/wiki/Deogyusan_National_Park,35.864,127.744
Q131875,Udawalawe National Park,national_parks,http://commons.wikimedia.org/wiki/Special:FilePath/El%C3%A9phant-Uda%20Walawe%20National%20Park%20%286%29.jpg,Sri Lanka,https://en.wikipedia.org/wiki/Udawalawe_National_Park,6.438344444,80.888455555
Q133502,Warren National Park,national_parks,http://commons.wikimedia.org/wiki/Special:FilePath/Old%20growth%20karri%20forest%2C%20Warren%20National%20Park%2C%20southwest%20Western%20Australia.jpg,Australia,https://en.wikipedia.org/wiki/Warren_National_Park,-34.5006,115.956
Q137917,Magnetic Island National Park,national_parks,http://commons.wikimedia.org/wiki/Special:FilePath/Magnetic%20Island%20Horseshoe%20Bay%201.jpg,Australia,https://en.wikipedia.org/wiki/Magnetic_Island_National_Park,-19.135833333,146.842222222
Q140033,Glenveagh National Park,national_parks,http://commons.wikimedia.org/wiki/Special:FilePath/Glenveagh%20National%20Park%20-%20Lough%20Gleann.JPG,Ireland,https://en.wikipedia.org/wiki/Glenveagh,55.016666666,-8.05
Q141549,Day Forest National Park,national_parks,http://commons.wikimedia.org/wiki/Special:FilePath/Goda%20Mountains%20-%20National%20Park%20of%20For%C3%AAt%20du%20Day.jpg,Djibouti,https://en.wikipedia.org/wiki/Day_Forest_National_Park,11.8,42.683333333
Q141735,Whanganui National Park,national_parks,http://commons.wikimedia.org/wiki/Special:FilePath/Whanganui%20River.jpg,New Zealand,https://en.wikipedia.org/wiki/Whanganui_National_Park,-39.583333333,175.083333333
Q144029,Fazao Mafakassa National Park,national_parks,http://commons.wikimedia.org/wiki/Special:FilePath/Vue%20de%20la%20montagne%20%C3%A0%20Fazao.jpg,Togo,https://en.wikipedia.org/wiki/Fazao_Malfakassa_National_Park,9.0,1.0
Q152660,Sequoia National Park,national_parks,http://commons.wikimedia.org/wiki/Special:FilePath/Sequoia%20National%20Park%2C%20California%20%282011%29.jpg,United States,https://en.wikipedia.org/wiki/Sequoia_National_Park,36.564722222,-118.772777777
Q152688,Torngat Mountains National Park,national_parks,http://commons.wikimedia.org/wiki/Special:FilePath/Nachvak%20Fjord%20Labrador%202008.JPG,Canada,https://en.wikipedia.org/wiki/Torngat_Mountains_National_Park,59.435833333,-63.696388888
Q152820,Cuyahoga Valley National Park,national_parks,http://commons.wikimedia.org/wiki/Special:FilePath/Cuyahoga%20River.jpg,United States,https://en.wikipedia.org/wiki/Cuyahoga_Valley_National_Park,41.241666666,-81.549722222
Q155266,Cunnawarra National Park,national_parks,http://commons.wikimedia.org/wiki/Special:FilePath/Cunnawarra%20NP.JPG,Australia,https://en.wikipedia.org/wiki/Cunnawarra_National_Park,-30.624722222,152.217222222
Q163515,Isle Royale National Park,national_parks,http://commons.wikimedia.org/wiki/Special:FilePath/Lake%20Superior%20Shore%20at%20Isle%20Royale%20National%20Park%20%2849051653101%29.jpg,United States,https://en.wikipedia.org/wiki/Isle_Royale_National_Park,47.9958654,-88.9092899
Q164798,Folgefonna National Park,national_parks,http://commons.wikimedia.org/wiki/Special:FilePath/Hardanger%20Folgefonna-Gletscher%2011.JPG,Norway,https://en.wikipedia.org/wiki/Folgefonna_National_Park,60.0,6.333055555
Q165026,Girraween National Park,national_parks,http://commons.wikimedia.org/wiki/Special:FilePath/Vistagirrahween%20email.jpg,Australia,https://en.wikipedia.org/wiki/Girraween_National_Park,-28.7742,151.912
Q168372,Cheile Nerei-Beușnița National Park,national_parks,http://commons.wikimedia.org/wiki/Special:FilePath/Cascadele%20Beu%C8%99ni%C8%9Bei.JPG,Romania,https://en.wikipedia.org/wiki/Nera_Gorge-Beu%C8%99ni%C8%9Ba_National_Park,44.951194,21.8882
Q168421,Minerva Hills National Park,national_parks,http://commons.wikimedia.org/wiki/Special:FilePath/Minerva%20Hills%20Natl%20Park%20Qld%20Australia.jpg,Australia,https://en.wikipedia.org/wiki/Minerva_Hills_National_Park,-24.080555555,148.064166666
Q168618,Molle Islands National Park,national_parks,http://commons.wikimedia.org/wiki/Special:FilePath/On%20South%20Molle%20Island%20looking%20at%20North%20Molle%20and%20Daydream%20Islands.JPG,Australia,https://en.wikipedia.org/wiki/Molle_Islands_National_Park,-20.376666666,148.8575
Q174228,Caparaó National Park,national_parks,http://commons.wikimedia.org/wiki/Special:FilePath/Facedecristo.JPG,Brazil,https://en.wikipedia.org/wiki/Capara%C3%B3_National_Park,-20.45017583,-41.7837525
Q174250,Vanoise National Park,national_parks,http://commons.wikimedia.org/wiki/Special:FilePath/Parc%20Vanoise%20Vue%20vall%C3%A9e%20Termignon.jpg,France,https://en.wikipedia.org/wiki/Vanoise_National_Park,45.3333,6.83333
Q174656,Millstream Chichester National Park,national_parks,http://commons.wikimedia.org/wiki/Special:FilePath/Millstream-Chichester%20National%20Park%20DSC04092.JPG,Australia,https://en.wikipedia.org/wiki/Millstream_Chichester_National_Park,-21.2733,117.107
Q174918,Errinundra National Park,national_parks,http://commons.wikimedia.org/wiki/Special:FilePath/Errinundra%20National%20Park%202010.jpg,Australia,https://en.wikipedia.org/wiki/Errinundra_National_Park,-37.2858,148.895
Q175688,Congaree National Park,national_parks,http://commons.wikimedia.org/wiki/Special:FilePath/Congaree%20swamp.jpg,United States,https://en.wikipedia.org/wiki/Congaree_National_Park,33.783333333,-80.783333333
Q176792,Silent Valley National Park,national_parks,http://commons.wikimedia.org/wiki/Special:FilePath/Silent%20Valley%20National%20Park%20greenary.jpg,India,https://en.wikipedia.org/wiki/Silent_Valley_National_Park,11.133333333,76.466666666
Q176872,Barmah National Park,national_parks,http://commons.wikimedia.org/wiki/Special:FilePath/Barmah%20Lakes%2C%20Barmah%20National%20Park.jpg,Australia,https://en.wikipedia.org/wiki/Barmah_National_Park,-35.866666666,145.118055555
Q180402,Yosemite National Park,national_parks,http://commons.wikimedia.org/wiki/Special:FilePath/Half%20Dome%20with%20Eastern%20Yosemite%20Valley%20%2850MP%29.jpg,United States,https://en.wikipedia.org/wiki/Yosemite_National_Park,37.7425,-119.5375
Q181556,Brockman National Park,national_parks,http://commons.wikimedia.org/wiki/Special:FilePath/Brockman%20National%20Park%20%28mapillary%20759584592136590%20cropped%29.jpg,Australia,https://en.wikipedia.org/wiki/Brockman_National_Park,-34.5144,115.996
Q181891,Nullarbor National Park,national_parks,http://commons.wikimedia.org/wiki/Special:FilePath/Nullabor%20plain%20from%20the%20indian%20pacific.jpg,Australia,https://en.wikipedia.org/wiki/Nullarbor_National_Park,-31.4562,129.89905
Q181933,Rajaji National Park,national_parks,http://commons.wikimedia.org/wiki/Special:FilePath/Safari%20at%20Rajaji%20National%20Park%20%28Haridwar%29.jpg,India,https://en.wikipedia.org/wiki/Rajaji_National_Park,30.08333333,78.03333333
Q182981,Junkerdal National Park,national_parks,http://commons.wikimedia.org/wiki/Special:FilePath/Sjurfjellet.jpg,Norway,https://en.wikipedia.org/wiki/Junkerdal_National_Park,66.883333333,15.8
Q185284,Skarvan and Roltdalen National Park,national_parks,http://commons.wikimedia.org/wiki/Special:FilePath/Fonnfjellet.JPG,Norway,https://en.wikipedia.org/wiki/Skarvan_and_Roltdalen_National_Park,63.216666666,11.416666666
Q185602,Jostedalsbreen National Park,national_parks,http://commons.wikimedia.org/wiki/Special:FilePath/The%20road%20to%20Jostedals%20Glacier.jpg,Norway,https://en.wikipedia.org/wiki/Jostedalsbreen_National_Park,61.683333333,6.983333333
Q187592,Sjunkhatten National Park,national_parks,http://commons.wikimedia.org/wiki/Special:FilePath/Bl%C3%A5timen%20i%20Sjunkhatten%20nasjonalpark.jpg,Norway,https://en.wikipedia.org/wiki/Sjunkhatten_National_Park,67.42436395,15.06225586
Q191824,Redwood National and State Parks,national_parks,http://commons.wikimedia.org/wiki/Special:FilePath/.00%200561%20Coast%20redwood%20%28Sequoia%20sempervirens%29.jpg,United States,https://en.wikipedia.org/wiki/Redwood_National_Park,41.529167,-124.058333
Q192764,Kaziranga National Park,national_parks,http://commons.wikimedia.org/wiki/Special:FilePath/Indian%20Rhinoceros%20Rhinoceros%20unicornis%20by%20Dr.%20Raju%20Kasambe%20%285%29.JPG,India,https://en.wikipedia.org/wiki/Kaziranga_National_Park,26.666666666,93.35
Q198185,Moorrinya National Park,national_parks,http://commons.wikimedia.org/wiki/Special:FilePath/Squatter%20Pigeons%20Cement%20Mills.JPG,Australia,https://en.wikipedia.org/wiki/Moorrinya_National_Park,-21.3942,144.941
Q200521,Brimstone Hill Fortress National Park,national_parks,http://commons.wikimedia.org/wiki/Special:FilePath/BrimstoneHill01.jpg,Saint Kitts and Nevis,https://en.wikipedia.org/wiki/Brimstone_Hill_Fortress_National_Park,17.347,-62.836
Q200590,Ivvavik National Park,national_parks,http://commons.wikimedia.org/wiki/Special:FilePath/Sheep%20Slot%20Rapids%2C%20Firth%20River%2C%20Ivvavik%20National%20Park%2C%20YT.jpg,Canada,https://en.wikipedia.org/wiki/Ivvavik_National_Park,69.5197,-139.525
Q202845,Tongariro National Park,national_parks,http://commons.wikimedia.org/wiki/Special:FilePath/Tongariro%20Mahuia%20River%20n.jpg,New Zealand,https://en.wikipedia.org/wiki/Tongariro_National_Park,-39.2,175.583333
Q203368,Boodjamulla (Lawn Hill) National Park,national_parks,http://commons.wikimedia.org/wiki/Special:FilePath/Lawn%20Hill%20Gorge.JPG,Australia,https://en.wikipedia.org/wiki/Boodjamulla_National_Park,-18.7014,138.488
Q204931,Retezat National Park,national_parks,http://commons.wikimedia.org/wiki/Special:FilePath/Retezat%20near%20camp%20Bucura.JPG,Romania,https://en.wikipedia.org/wiki/Retezat_National_Park,45.333333333,22.833333333
Q205325,Zion National Park,national_parks,http://commons.wikimedia.org/wiki/Special:FilePath/Zion%20angels%20landing%20view.jpg,United States,https://en.wikipedia.org/wiki/Zion_National_Park,37.202619444,-112.98785
Q205952,Hawaiʻi Volcanoes National Park,national_parks,http://commons.wikimedia.org/wiki/Special:FilePath/Lava-streaming-into-ocean.jpg,United States,https://en.wikipedia.org/wiki/Hawai%CA%BBi_Volcanoes_National_Park,19.40083,-155.12361
Q211816,Pioneer Peaks National Park,national_parks,http://commons.wikimedia.org/wiki/Special:FilePath/Mt%20blackwood%20queensland01.jpg,Australia,https://en.wikipedia.org/wiki/Pioneer_Peaks_National_Park,-20.983888888,148.923888888
Q212134,Staaten River National Park,national_parks,http://commons.wikimedia.org/wiki/Special:FilePath/Golden-shouldered%20Parrot%20%28Psephotus%20chrysopterygius%29-6.jpg,Australia,https://en.wikipedia.org/wiki/Staaten_River_National_Park,-16.2553,142.679
Q215992,Los Glaciares National Park,national_parks,http://commons.wikimedia.org/wiki/Special:FilePath/Perito%20moreno%20argentini%C3%AB.JPEG,Argentina,https://en.wikipedia.org/wiki/Los_Glaciares_National_Park,-50.0,-73.0
Q219562,Bryce Canyon National Park,national_parks,http://commons.wikimedia.org/wiki/Special:FilePath/USA%2010654%20Bryce%20Canyon%20Luca%20Galuzzi%202007.jpg,United States,https://en.wikipedia.org/wiki/Bryce_Canyon_National_Park,37.64,-112.17
Q220289,Grand Canyon National Park,national_parks,http://commons.wikimedia.org/wiki/Special:FilePath/10%20Grand%20Canyon%20Navajo%20Point%20viewpoint%20terrace%2C%20Grand%20Canyon%20National%20Park%2C%20USA%20-%20American%20nature.jpg,United States,https://en.wikipedia.org/wiki/Grand_Canyon_National_Park,36.0553,-112.122
Q795332,Sirmilik National Park,national_parks,http://commons.wikimedia.org/wiki/Special:FilePath/Sirmilik%20Glacier%202%201997-08-06.jpg,Canada,https://en.wikipedia.org/wiki/Sirmilik_National_Park,72.833333333,-80.583333333
Q799012,Badgingarra National Park,national_parks,http://commons.wikimedia.org/wiki/Special:FilePath/Badgingarra%20National%20Park%20view%20over%20Badgingarra.JPG,Australia,https://en.wikipedia.org/wiki/Badgingarra_National_Park,-30.4686,115.44
Q799956,Bago Bluff National Park,national_parks,http://commons.wikimedia.org/wiki/Special:FilePath/Bago%20Bluff.jpg,Australia,https://en.wikipedia.org/wiki/Bago_Bluff_National_Park,-31.5322,152.629
Q804673,Balbalasang-Balbalan National Park,national_parks,http://commons.wikimedia.org/wiki/Special:FilePath/UpperUma2206.jpg,Philippines,https://en.wikipedia.org/wiki/Balbalasang%E2%80%93Balbalan_National_Park,17.45,121.1
Q804731,Bald Rock National Park,national_parks,http://commons.wikimedia.org/wiki/Special:FilePath/Bald%20Rock%20NP%20NSW%201.jpg,Australia,https://en.wikipedia.org/wiki/Bald_Rock_National_Park,-28.848333333,152.0511111
Q804881,Bale Mountains National Park,national_parks,http://commons.wikimedia.org/wiki/Special:FilePath/Bale%20mountains.jpg,Ethiopia,https://en.wikipedia.org/wiki/Bale_Mountains_National_Park,6.66667,39.6667
Q351,Yellowstone National Park,national_parks,http://commons.wikimedia.org/wiki/Special:FilePath/Grand%20Prismatic%20Spring%202013.jpg,United States,https://en.wikipedia.org/wiki/Yellowstone_National_Park,44.6,-110.5
Q3627,Chillagoe-Mungana Caves National Park,national_parks,http://commons.wikimedia.org/wiki/Special:FilePath/Chillagoe-Mungana%20Caves%20National%20Park.jpg,Australia,https://en.wikipedia.org/wiki/Chillagoe-Mungana_Caves_National_Park,-17.091666666,144.393055555
Q3625,Cudmore National Park,national_parks,http://commons.wikimedia.org/wiki/Special:FilePath/Daws%20Road%201948%20%283331207223%29.jpg,Australia,https://en.wikipedia.org/wiki/Cudmore_National_Park,-22.9409,146.2939
Q4111,Jiuzhaigou Valley,national_parks,http://commons.wikimedia.org/wiki/Special:FilePath/1%20nuorilang%20jiuzhaigou%202023.jpg,People's Republic of China,https://en.wikipedia.org/wiki/Jiuzhaigou,33.2,103.9
Q29723,Hasties Swamp National Park,national_parks,http://commons.wikimedia.org/wiki/Special:FilePath/Anseranas%20semipalmata%20-Edithvale%20Wetland%2C%20Melbourne%2C%20Australia-8.jpg,Australia,https://en.wikipedia.org/wiki/Hasties_Swamp_National_Park,-17.300277777,145.474166666
Q40544,Ala-Archa National Park,national_parks,http://commons.wikimedia.org/wiki/Special:FilePath/Ala%20Archa%201.JPG,Kyrgyzstan,https://en.wikipedia.org/wiki/Ala-Archa_Nature_Park,42.547516,74.484558
Q41858,Banff National Park,national_parks,http://commons.wikimedia.org/wiki/Special:FilePath/Moraine%20Lake%2017092005.jpg,Canada,https://en.wikipedia.org/wiki/Banff_National_Park,51.166666666,-115.55
Q42090,Los Haitises National Park,national_parks,http://commons.wikimedia.org/wiki/Special:FilePath/Los%20Haitises%20Park.jpeg,Dominican Republic,https://en.wikipedia.org/wiki/Los_Haitises_National_Park,19.02577,-69.62997
Q48153,Alexander von Humboldt National Park,national_parks,http://commons.wikimedia.org/wiki/Special:FilePath/Alejandro%20de%20Humboldt%20National%20Park.jpg,Cuba,https://en.wikipedia.org/wiki/Alejandro_de_Humboldt_National_Park,20.496745,-74.857897
Q222695,Grand Teton National Park,national_parks,http://commons.wikimedia.org/wiki/Special:FilePath/Barns%20grand%20tetons.jpg,United States,https://en.wikipedia.org/wiki/Grand_Teton_National_Park,43.833333333,-110.700833333
Q223589,Virunga National Park,national_parks,http://commons.wikimedia.org/wiki/Special:FilePath/Virunga%2001.jpg,Democratic Republic of the Congo,https://en.wikipedia.org/wiki/Virunga_National_Park,-0.5,29.5
Q223969,Arches National Park,national_parks,http://commons.wikimedia.org/wiki/Special:FilePath/Delicate%20Arch%20-%20Arches%20National%20Park%20%2828744386992%29.jpg,United States,https://en.wikipedia.org/wiki/Arches_National_Park,38.728055555,-109.54
Q235878,Kevladev National Park,national_parks,http://commons.wikimedia.org/wiki/Special:FilePath/Keoladeo%20Ghana%20National%20Park%2C%20Bharatpur%2C%20Rajasthan%2C%20India.jpg,India,https://en.wikipedia.org/wiki/Keoladeo_National_Park,27.166667,77.516667
Q237128,Mesa Verde National Park,national_parks,http://commons.wikimedia.org/wiki/Special:FilePath/Mesa%20Verde.jpg,United States,https://en.wikipedia.org/wiki/Mesa_Verde_National_Park,37.260375,-108.494444
Q241960,Cheile Bicazului-Hășmaș National Park,national_parks,http://commons.wikimedia.org/wiki/Special:FilePath/H%C4%83%C8%99ma%C8%99%20Mountains.jpg,Romania,https://en.wikipedia.org/wiki/Cheile_Bicazului-H%C4%83%C8%99ma%C8%99_National_Park,46.81198,25.81894
Q242681,Mammoth Cave National Park,national_parks,http://commons.wikimedia.org/wiki/Special:FilePath/Mammoth%20Cave%20Rotunda%20%28USGS%20Lwt02830%29.jpg,United States,https://en.wikipedia.org/wiki/Mammoth_Cave_National_Park,37.186944444,-86.101111111
Q246121,Kéran National Park,national_parks,http://commons.wikimedia.org/wiki/Special:FilePath/Keran%20National%20Park%20%2831294475930%29.jpg,Togo,https://en.wikipedia.org/wiki/K%C3%A9ran_National_Park,10.2001046,0.6279782
Q248825,Peak Charles National Park,national_parks,http://commons.wikimedia.org/wiki/Special:FilePath/Peak%20Charles%2010%20Peak%20Charles%20NP%20V-2013.jpeg,Australia,https://en.wikipedia.org/wiki/Peak_Charles_National_Park,-32.9097,121.107
Q253455,Dudhwa National Park,national_parks,http://commons.wikimedia.org/wiki/Special:FilePath/DeerDudhwa%20Blue.jpg,India,https://en.wikipedia.org/wiki/Dudhwa_National_Park,28.470872,80.699263
Q253517,Cape Breton Highlands National Park,national_parks,http://commons.wikimedia.org/wiki/Special:FilePath/NS%20CapeBretonHighlands2%20tango7174.jpg,Canada,https://en.wikipedia.org/wiki/Cape_Breton_Highlands_National_Park,46.7167,-60.6597
Q254556,Conondale National Park,national_parks,http://commons.wikimedia.org/wiki/Special:FilePath/Conondale%20National%20Park%2C%20Queensland%2C%202023%2C%2012.jpg,Australia,https://en.wikipedia.org/wiki/Conondale_National_Park,-26.663055555,152.645555555
Q256022,Wyperfeld National Park,national_parks,http://commons.wikimedia.org/wiki/Special:FilePath/Snowdrift.jpg,Australia,https://en.wikipedia.org/wiki/Wyperfeld_National_Park,-35.3892,141.877
Q257598,Gros Morne National Park,national_parks,http://commons.wikimedia.org/wiki/Special:FilePath/Western%20Brook%20Pond%20Newfoundland%20Canada%20DSC%206405.jpg,Canada,https://en.wikipedia.org/wiki/Gros_Morne_National_Park,49.689444444,-57.738055555
Q261577,Glacier Bay National Park and Preserve,national_parks,http://commons.wikimedia.org/wiki/Special:FilePath/GlacierBay3.jpg,United States,https://en.wikipedia.org/wiki/Glacier_Bay_National_Park_and_Preserve,58.7,-137.0
Q263406,Upemba National Park,national_parks,http://commons.wikimedia.org/wiki/Special:FilePath/Lake%20Upemba%20STS057-104-62.jpg,Democratic Republic of the Congo,https://en.wikipedia.org/wiki/Upemba_National_Park,-9.01666667,26.58333333
Q263883,Odzala National Park,national_parks,http://commons.wikimedia.org/wiki/Special:FilePath/Primage2.jpg,Republic of the Congo,https://en.wikipedia.org/wiki/Odzala-Kokoua_National_Park,0.8,14.9
Q267394,Serra da Capivara National Park,national_parks,http://commons.wikimedia.org/wiki/Special:FilePath/20030924PPedraFurada9.jpg,Brazil,https://en.wikipedia.org/wiki/Serra_da_Capivara_National_Park,-8.6667,-42.55
Q268533,Žemaitija National Park,national_parks,http://commons.wikimedia.org/wiki/Special:FilePath/Lithuania%20Plateliai%20lake.jpg,Lithuania,https://en.wikipedia.org/wiki/%C5%BDemaitija_National_Park,56.044,21.889
Q271087,Ånderdalen National Park,national_parks,http://commons.wikimedia.org/wiki/Special:FilePath/%C3%85nderdalen%20nasjonalpark%203.jpg,Norway,https://en.wikipedia.org/wiki/%C3%85nderdalen_National_Park,69.2,17.266666666
Q273195,Carlsbad Caverns National Park,national_parks,http://commons.wikimedia.org/wiki/Special:FilePath/Carlsbad%20Interior%20Formations.jpg,United States,https://en.wikipedia.org/wiki/Carlsbad_Caverns_National_Park,32.175277777,-104.443888888
Q274131,Everglades National Park,national_parks,http://commons.wikimedia.org/wiki/Special:FilePath/Sunset%20over%20the%20River%20of%20Grass%2C%20NPSphoto%2C%20G.Gardner%20%289255157507%29.jpg,United States,https://en.wikipedia.org/wiki/Everglades_National_Park,25.3125,-80.6875
Q277145,Tbilisi National Park,national_parks,http://commons.wikimedia.org/wiki/Special:FilePath/Tbilisi%20national%20park%20from%20Mtskheta.jpg,Georgia,https://en.wikipedia.org/wiki/Tbilisi_National_Park,41.8667,44.9333
Q282066,Rakiura National Park,national_parks,http://commons.wikimedia.org/wiki/Special:FilePath/Stewart%20Island%20Rakiura%20Track.jpg,New Zealand,https://en.wikipedia.org/wiki/Rakiura_National_Park,-46.976,167.814
Q283482,Pukaskwa National Park,national_parks,http://commons.wikimedia.org/wiki/Special:FilePath/Pukaskwa%20National%20Park%20southern%20headland%20trail.JPG,Canada,https://en.wikipedia.org/wiki/Pukaskwa_National_Park,48.25,-85.916666666
Q283855,Praslin National Park,national_parks,http://commons.wikimedia.org/wiki/Special:FilePath/Praslin%20Vall%C3%A9e%20de%20Mai%20asv2024-10%20img23.jpg,Seychelles,https://en.wikipedia.org/wiki/Praslin_National_Park_and_surrounding_areas_Important_Bird_Area,-4.33333,55.7333
Q284749,Kawésqar National Park,national_parks,http://commons.wikimedia.org/wiki/Special:FilePath/Alacalufes%20NR%20Magallanes%20Chile%20Dec%202018%20Ale%20Gallo.jpg,Chile,https://en.wikipedia.org/wiki/Kaw%C3%A9sqar_National_Park,-51.85,-74.32
Q286546,Yok Don National Park,national_parks,http://commons.wikimedia.org/wiki/Special:FilePath/Yokdon7.JPG,Vietnam,https://en.wikipedia.org/wiki/Yok_%C4%90%C3%B4n_National_Park,12.8038,107.671
Q305169,Los Katíos National Park,national_parks,http://commons.wikimedia.org/wiki/Special:FilePath/Giant%20anteater%20%284531346746%29.jpg,Colombia,https://en.wikipedia.org/wiki/Los_Kat%C3%ADos_National_Park,7.8,-77.15
Q305949,Petrified Forest National Park,national_parks,http://commons.wikimedia.org/wiki/Special:FilePath/The%20PEFO%20Tepees.jpg,United States,https://en.wikipedia.org/wiki/Petrified_Forest_National_Park,35.0881,-109.806
Q306193,Channel Islands National Park,national_parks,http://commons.wikimedia.org/wiki/Special:FilePath/Channel%20Islands%20National%20Park.jpg,United States,https://en.wikipedia.org/wiki/Channel_Islands_National_Park,33.66,-119.64
Q306216,Badlands National Park,national_parks,http://commons.wikimedia.org/wiki/Special:FilePath/MK00609%20Badlands.jpg,United States,https://en.wikipedia.org/wiki/Badlands_National_Park,43.75,-102.5
Q308893,Garamba National Park,national_parks,http://commons.wikimedia.org/wiki/Special:FilePath/Elephants%20in%20garamba%20national%20park.jpg,Democratic Republic of the Congo,https://en.wikipedia.org/wiki/Garamba_National_Park,4.0,29.25
Q309276,Northeast Greenland National Park,national_parks,http://commons.wikimedia.org/wiki/Special:FilePath/Franz%20Josef%20Fjord%2C%20glacier.jpg,Greenland,https://en.wikipedia.org/wiki/Northeast_Greenland_National_Park,77.0,-31.0
Q313071,Lake Nakuru National Park,national_parks,http://commons.wikimedia.org/wiki/Special:FilePath/Flamingoes-Lake%20Nakuru.jpg,Kenya,,-0.36666667,36.08333333
Q317226,Anárjohka National Park,national_parks,http://commons.wikimedia.org/wiki/Special:FilePath/Arctic%20sunset.jpg,Norway,https://en.wikipedia.org/wiki/An%C3%A1rjohka_National_Park,68.82916,24.64309
Q317225,Øvre Dividal National Park,national_parks,http://commons.wikimedia.org/wiki/Special:FilePath/%C3%96vre%20dividal%20anjajohka.jpg,Norway,https://en.wikipedia.org/wiki/%C3%98vre_Dividal_National_Park,68.633333333,19.866666666
Q317253,Øvre Pasvik National Park,national_parks,http://commons.wikimedia.org/wiki/Special:FilePath/Twisted%20trunk.jpg,Norway,https://en.wikipedia.org/wiki/%C3%98vre_Pasvik_National_Park,69.09351,28.95053
Q318357,Abel Tasman National Park,national_parks,http://commons.wikimedia.org/wiki/Special:FilePath/View%20south%20over%20Anatakapau%20Bay%20and%20Mutton%20Cove.jpg,New Zealand,https://en.wikipedia.org/wiki/Abel_Tasman_National_Park,-40.900027777,172.9715
Q319356,Aberdare National Park,national_parks,http://commons.wikimedia.org/wiki/Special:FilePath/Aberdare%20gate.JPG,Kenya,https://en.wikipedia.org/wiki/Aberdare_National_Park,-0.38,36.69916667
Q321200,Abijatta-Shalla National Park,national_parks,http://commons.wikimedia.org/wiki/Special:FilePath/Lake%20Shalla%20Landscape.jpg,Ethiopia,https://en.wikipedia.org/wiki/Abijatta-Shalla_National_Park,7.5,38.5
Q328488,Salonga National Park,national_parks,http://commons.wikimedia.org/wiki/Special:FilePath/La%20rivi%C3%A8re%20Lulilaka%2C%20parc%20national%20de%20Salonga%2C%202005.jpg,Democratic Republic of the Congo,https://en.wikipedia.org/wiki/Salonga_National_Park,-2.0,21.0
Q328577,Taï National Park,national_parks,http://commons.wikimedia.org/wiki/Special:FilePath/Ta%C3%AF%20National%20Park%20%2824148248710%29.jpg,Ivory Coast,https://en.wikipedia.org/wiki/Ta%C3%AF_National_Park,5.75,-7.12
Q332381,Jaú National Park,national_parks,http://commons.wikimedia.org/wiki/Special:FilePath/Jau%20National%20Park.jpg,Brazil,https://en.wikipedia.org/wiki/Ja%C3%BA_National_Park,-2.170277777,-62.617222222
Q337028,Gir Forest,national_parks,http://commons.wikimedia.org/wiki/Special:FilePath/Gir%20lion-Gir%20forest%2Cjunagadh%2Cgujarat%2Cindia.jpeg,India,https://en.wikipedia.org/wiki/Gir_National_Park,21.13556,70.79667
Q338542,Cabo de Hornos National Park,national_parks,http://commons.wikimedia.org/wiki/Special:FilePath/Hermite.Islands.JPG,Chile,https://en.wikipedia.org/wiki/Cabo_de_Hornos_National_Park,-55.833,-67.433
Q339555,Las Hermosas National Natural Park,national_parks,http://commons.wikimedia.org/wiki/Special:FilePath/Hermosas%20JAL.jpg,Colombia,https://en.wikipedia.org/wiki/Las_Hermosas_National_Natural_Park,3.53333333,-75.95
Q358729,Val Grande National Park,national_parks,http://commons.wikimedia.org/wiki/Special:FilePath/Laurasca.jpg,Italy,https://en.wikipedia.org/wiki/Val_Grande_National_Park,46.029167,8.459444
Q369655,Gesäuse National Park,national_parks,http://commons.wikimedia.org/wiki/Special:FilePath/Aerial%20image%20of%20the%20Ges%C3%A4use%20National%20Park%20%28view%20from%20the%20west%29.jpg,Austria,https://en.wikipedia.org/wiki/Ges%C3%A4use_National_Park,47.5922,14.6489
Q370159,Bako National Park,national_parks,http://commons.wikimedia.org/wiki/Special:FilePath/797%20-%20Bako%20NationalparkPANORAMA.JPG,Malaysia,https://en.wikipedia.org/wiki/Bako_National_Park,1.716667,110.466667
Q370501,Guadalupe Mountains National Park,national_parks,http://commons.wikimedia.org/wiki/Special:FilePath/Guadalupe%20Mtns%20El%20Capitan%202006.JPG,United States,https://en.wikipedia.org/wiki/Guadalupe_Mountains_National_Park,31.916666666,-104.866666666
Q372019,Amazônia National Park,national_parks,http://commons.wikimedia.org/wiki/Special:FilePath/Amazonia%20por%20Flaviz%20Guerra%2002.jpg,Brazil,https://en.wikipedia.org/wiki/Amaz%C3%B4nia_National_Park,-4.43944444,-56.84027778
Q372093,Olympic National Park,national_parks,http://commons.wikimedia.org/wiki/Special:FilePath/HurricaneRidge%207392t.jpg,United States,https://en.wikipedia.org/wiki/Olympic_National_Park,47.7,-123.75
Q373567,Glacier National Park,national_parks,http://commons.wikimedia.org/wiki/Special:FilePath/Saint%20Mary%20Lake%20and%20Wildgoose%20Island.jpg,United States,https://en.wikipedia.org/wiki/Glacier_National_Park_(U.S.),48.755,-113.8
Q376436,Vikos–Aoös National Park,national_parks,http://commons.wikimedia.org/wiki/Special:FilePath/Zagori%20Vikos%20gorge%20Oxia%20towards%20Vikos.jpg,Greece,https://en.wikipedia.org/wiki/Vikos%E2%80%93Ao%C3%B6s_National_Park,39.92472222,20.76194444
Q379080,Fort Jesus Museum,national_parks,http://commons.wikimedia.org/wiki/Special:FilePath/Fort%20JesusMombasa.jpg,Kenya,https://en.wikipedia.org/wiki/Fort_Jesus,-4.071166666,39.682055555
Q382227,Gargano National Park,national_parks,http://commons.wikimedia.org/wiki/Special:FilePath/Tremiti%201999%20-Isola%20di%20San%20Nicola%20-%20Santa%20Maria%20a%20Mare-%20by-RaBoe%20001.jpg,Italy,https://en.wikipedia.org/wiki/Gargano_National_Park,41.80611111,15.925
Q384739,Wilsons Promontory National Park,national_parks,http://commons.wikimedia.org/wiki/Special:FilePath/Wilsons%20prom%201.jpg,Australia,https://en.wikipedia.org/wiki/Wilsons_Promontory_National_Park,-39.0133,146.394
Q385021,Tazekka National Park,national_parks,http://commons.wikimedia.org/wiki/Special:FilePath/Landscape%20Tazekka%20Park%20Morocco%20Nov25%20A7CR%2009249.jpg,Morocco,https://en.wikipedia.org/wiki/Tazekka_National_Park,34.0827,-4.14624
Q385269,Dunggir National Park,national_parks,http://commons.wikimedia.org/wiki/Special:FilePath/Koala%20in%20NSW.jpg,Australia,https://en.wikipedia.org/wiki/Dunggir_National_Park,-30.676666666,152.651944444
Q385655,Walls of Jerusalem National Park,national_parks,http://commons.wikimedia.org/wiki/Special:FilePath/King%20David%27s%20Peak%2C%20Barn%20Bluff%20and%20Cradle%20Mountain%20from%20Mt%20Jerusalem%20track%20-%20Walls%20of%20Jerusalem.jpg,Australia,https://en.wikipedia.org/wiki/Walls_of_Jerusalem_National_Park,-41.8689,146.259
Q388279,Port-Cros National Park,national_parks,http://commons.wikimedia.org/wiki/Special:FilePath/Port-cros-nature%201.jpg,France,https://en.wikipedia.org/wiki/Port-Cros_National_Park,43.004166666,6.395277777
Q389707,Kaboré Tambi National Park,national_parks,http://commons.wikimedia.org/wiki/Special:FilePath/Kabore%20Tambi%20NP%20MS%2010798.jpg,Burkina Faso,https://en.wikipedia.org/wiki/Kabor%C3%A9_Tambi_National_Park,11.5335,-1.3226
Q390208,Saloum Delta National Park,national_parks,http://commons.wikimedia.org/wiki/Special:FilePath/Saloum.gif,Senegal,https://en.wikipedia.org/wiki/Saloum_Delta_National_Park,13.683333333,-16.683333333
Q391338,Wood Buffalo National Park,national_parks,http://commons.wikimedia.org/wiki/Special:FilePath/Wood-Buffalo-NP%20Waldbison%2098-07-02.jpg,Canada,https://en.wikipedia.org/wiki/Wood_Buffalo_National_Park,59.3833,-112.983
Q391391,Nahanni National Park Reserve,national_parks,http://commons.wikimedia.org/wiki/Special:FilePath/Nahanni%20-%20VirginiaFalls.jpg,Canada,https://en.wikipedia.org/wiki/Nahanni_National_Park_Reserve,61.5971,-125.852
Q392877,Anavilhanas National Park,national_parks,http://commons.wikimedia.org/wiki/Special:FilePath/Anavilhanas2.jpg,Brazil,https://en.wikipedia.org/wiki/Anavilhanas_National_Park,-2.39472222,-60.92055556
Q400200,Aukštaitija National Park,national_parks,http://commons.wikimedia.org/wiki/Special:FilePath/Lithuania%20Ladakalnis.jpg,Lithuania,https://en.wikipedia.org/wiki/Auk%C5%A1taitija_National_Park,55.3711,26.0067
Q426073,Ikara-Flinders Ranges National Park,national_parks,http://commons.wikimedia.org/wiki/Special:FilePath/Rawnsley%20Bluff%20%28Flinders%20Rangers%29.jpg,Australia,https://en.wikipedia.org/wiki/Ikara%E2%80%93Flinders_Ranges_National_Park,-31.4222,138.705
Q428102,Tsitsikamma National Park,national_parks,http://commons.wikimedia.org/wiki/Special:FilePath/Tsitsikamma%20Park.JPG,South Africa,https://en.wikipedia.org/wiki/Tsitsikamma_National_Park,-34.021669444,23.895561111
Q428123,Maiko National Park,national_parks,http://commons.wikimedia.org/wiki/Special:FilePath/South%20maiko%20panorama.jpg,Democratic Republic of the Congo,https://en.wikipedia.org/wiki/Maiko_National_Park,-0.4,27.56666667
Q429470,Theniet El Had National Park,national_parks,http://commons.wikimedia.org/wiki/Special:FilePath/150%20FORET%20DES%20CEDRES%20DE%20THENIET%20EL%20HAD.jpg,Algeria,https://en.wikipedia.org/wiki/Th%C3%A9niet_El_Had_National_Park,35.853694444,1.968305555
Q441861,Whitsunday Islands National Park,national_parks,http://commons.wikimedia.org/wiki/Special:FilePath/Whitsunday%20islands.jpg,Australia,https://en.wikipedia.org/wiki/Whitsunday_Islands_National_Park,-20.060277777,148.874166666
Q441890,Little Desert National Park,national_parks,http://commons.wikimedia.org/wiki/Special:FilePath/LittleDesert.jpg,Australia,https://en.wikipedia.org/wiki/Little_Desert_National_Park,-36.6067,141.189
Q442279,Cape Arid National Park,national_parks,http://commons.wikimedia.org/wiki/Special:FilePath/Cape%20Arid%20National%20Park%20393.jpg,Australia,https://en.wikipedia.org/wiki/Cape_Arid_National_Park,-33.7039,123.369
Q446220,Tunnel Creek National Park,national_parks,http://commons.wikimedia.org/wiki/Special:FilePath/Inside%20Dimalurru%20%28Tunnel%20Creek%29%20National%20Park.jpg,Australia,https://en.wikipedia.org/wiki/Tunnel_Creek_National_Park,-17.6119,125.143
Q447047,Altyn-Emel National Park,national_parks,http://commons.wikimedia.org/wiki/Special:FilePath/%D0%9A%D0%B5%D1%80%D0%B1%D1%83%D0%BB%D0%B0%D0%BA%D1%81%D0%BA%D0%B8%D0%B9%20%D1%80%D0%B0%D0%B9%D0%BE%D0%BD%2C%20%D0%B4%D0%BE%D0%B6%D0%B4%D1%8C%20%D0%B2%20%D1%81%D1%82%D0%B5%D0%BF%D0%B8.jpg,Kazakhstan,https://en.wikipedia.org/wiki/Altyn-Emel_National_Park,44.0,78.8
Q453513,Amamoor National Park,national_parks,http://commons.wikimedia.org/wiki/Special:FilePath/Platypus-Eungella.jpg,Australia,,-26.3245929,152.6457223
Q457324,Kahuzi-Biéga National Park,national_parks,http://commons.wikimedia.org/wiki/Special:FilePath/Kahuzi-Biega%20National%20Park%20%2839423247252%29.jpg,Democratic Republic of the Congo,https://en.wikipedia.org/wiki/Kahuzi-Bi%C3%A9ga_National_Park,-2.314805555,28.758666666
Q457882,Glass House Mountains National Park,national_parks,http://commons.wikimedia.org/wiki/Special:FilePath/Glasshouse%20mountain.jpg,Australia,https://en.wikipedia.org/wiki/Glass_House_Mountains_National_Park,-26.8475,152.954
Q458423,Amboseli National Park,national_parks,http://commons.wikimedia.org/wiki/Special:FilePath/Elephants%20Kili%202.jpg,Kenya,https://en.wikipedia.org/wiki/Amboseli_National_Park,-2.65,37.25
Q463141,Doñana National Park,national_parks,http://commons.wikimedia.org/wiki/Special:FilePath/Vista%20de%20las%20marismas%20del%20Parque%20Do%C3%B1ana.jpg,Spain,https://en.wikipedia.org/wiki/Do%C3%B1ana_National_Park,37.02,-6.44
Q464004,Great Smoky Mountains National Park,national_parks,http://commons.wikimedia.org/wiki/Special:FilePath/Great%20Smoky%20Mountains%20Cades%20Cove%20View.jpg,United States,https://en.wikipedia.org/wiki/Great_Smoky_Mountains_National_Park,35.611111111,-83.425
Q464942,Garajonay National Park,national_parks,http://commons.wikimedia.org/wiki/Special:FilePath/Bosque%20Encantado%2C%20Parque%20nacional%20de%20Garajonay%2C%20La%20Gomera%2C%20Espa%C3%B1a%2C%202012-12-14%2C%20DD%2019.jpg,Spain,https://en.wikipedia.org/wiki/Garajonay_National_Park,28.12625,-17.23722222
Q465811,National Mall,national_parks,http://commons.wikimedia.org/wiki/Special:FilePath/Aerial%20of%20the%20U.S.%20Capitol%20under%20restoration%2C%20Washington%2C%20D.C%20LCCN2010630859.jpg,United States,https://en.wikipedia.org/wiki/National_Mall,38.889444444,-77.023055555
Q473256,Kinglake National Park,national_parks,http://commons.wikimedia.org/wiki/Special:FilePath/Masons%20Falls.JPG,Australia,https://en.wikipedia.org/wiki/Kinglake_National_Park,-37.4064,145.211
Q476446,Écrins National Park,national_parks,http://commons.wikimedia.org/wiki/Special:FilePath/Villar-d%27Ar%C3%AAne%20%28Rif%20de%20la%20Planche%201975%20m.%29.JPG,France,https://en.wikipedia.org/wiki/%C3%89crins_National_Park,44.855833333,6.263611111
Q478677,Nyanga National Park,national_parks,http://commons.wikimedia.org/wiki/Special:FilePath/Central%20nyanga%20np.jpg,Zimbabwe,https://en.wikipedia.org/wiki/Nyanga_National_Park,-18.21666667,32.75
Q484112,Dadohaehaesang National Park,national_parks,http://commons.wikimedia.org/wiki/Special:FilePath/Korea-Hongdo%20Island-04.jpg,South Korea,https://en.wikipedia.org/wiki/Dadohaehaesang_National_Park,34.191,126.7
Q488639,Taeanhaean National Park,national_parks,http://commons.wikimedia.org/wiki/Special:FilePath/TaeanHaean%20National%20Park%2C%20Korea3.jpg,South Korea,https://en.wikipedia.org/wiki/Taeanhaean_National_Park,36.7872,126.144
Q490975,Gayasan National Park,national_parks,http://commons.wikimedia.org/wiki/Special:FilePath/GayaSanghwangbong.jpg,South Korea,https://en.wikipedia.org/wiki/Gayasan_National_Park,35.816666666,128.116666666
Q491005,Virgin Islands National Park,national_parks,http://commons.wikimedia.org/wiki/Special:FilePath/Virgin%20Islands%20National%20Park.jpg,United States,https://en.wikipedia.org/wiki/Virgin_Islands_National_Park,18.328055555,-64.933333333
Q491567,Gyeongju National Park,national_parks,http://commons.wikimedia.org/wiki/Special:FilePath/Anapji%20Pond-Gyeongju-Korea-2006-07.jpg,South Korea,https://en.wikipedia.org/wiki/Gyeongju_National_Park,35.8675,129.2225
Q491972,Mount William National Park,national_parks,http://commons.wikimedia.org/wiki/Special:FilePath/Stumpys%20Bay%20Beach%2C%20Tasmania.jpg,Australia,https://en.wikipedia.org/wiki/Mount_William_National_Park,-40.9375,148.253333
Q492185,River Gambia National Park,national_parks,http://commons.wikimedia.org/wiki/Special:FilePath/Riugambia-baboon.jpg,The Gambia,https://en.wikipedia.org/wiki/River_Gambia_National_Park,13.63888889,-14.95944444
Q492359,Gulf of Chiriquí National Marine Park,national_parks,http://commons.wikimedia.org/wiki/Special:FilePath/Parque%20Nacional%20Chiriqu%C3%AD.JPG,Panama,https://en.wikipedia.org/wiki/Gulf_of_Chiriqu%C3%AD_National_Marine_Park,8.1130935,-82.3035906
Q494689,Juwangsan National Park,national_parks,http://commons.wikimedia.org/wiki/Special:FilePath/Juwangsan%20national%20park%20canyon.jpg,South Korea,https://en.wikipedia.org/wiki/Juwangsan_National_Park,36.38833333,129.16666667
Q499550,Smith Islands National Park,national_parks,http://commons.wikimedia.org/wiki/Special:FilePath/HumpbackWhaleBreaching.jpg,Australia,https://en.wikipedia.org/wiki/Smith_Islands_National_Park,-20.589166666,149.110555555
Q501344,Comoé National Park,national_parks,http://commons.wikimedia.org/wiki/Special:FilePath/NationalparkComoe4.jpg,Ivory Coast,https://en.wikipedia.org/wiki/Como%C3%A9_National_Park,8.8225,-3.590555555
Q503429,Jasper National Park,national_parks,http://commons.wikimedia.org/wiki/Special:FilePath/Herbert%20Lake%20beim%20Icefields%20Parkway.jpg,Canada,https://en.wikipedia.org/wiki/Jasper_National_Park,52.8,-117.9
Q503514,Lochinvar National Park,national_parks,http://commons.wikimedia.org/wiki/Special:FilePath/Lochinvar%20National%20Park.png,Zambia,https://en.wikipedia.org/wiki/Lochinvar_National_Park,-15.89686,27.23801
Q503518,Lower Zambezi National Park,national_parks,http://commons.wikimedia.org/wiki/Special:FilePath/Lower%20Zambezi%2C%20Zambia%20%282518067857%29.jpg,Zambia,https://en.wikipedia.org/wiki/Lower_Zambezi_National_Park,-15.75,29.33333333
Q503530,Sioma Ngwezi National Park,national_parks,http://commons.wikimedia.org/wiki/Special:FilePath/NASA%20Barotse%20Floodplain%20compressed.JPG,Zambia,https://en.wikipedia.org/wiki/Sioma_Ngwezi_National_Park,-17.0,23.5
Q503835,Manovo-Gounda St. Floris National Park,national_parks,http://commons.wikimedia.org/wiki/Special:FilePath/Manovo.jpg,Central African Republic,https://en.wikipedia.org/wiki/Manovo-Gounda_St._Floris_National_Park,8.5,21.5
Q504315,Simien Mountains National Park,national_parks,http://commons.wikimedia.org/wiki/Special:FilePath/Simiensk%C3%A9%20hory.jpg,Ethiopia,https://en.wikipedia.org/wiki/Simien_Mountains_National_Park,13.183333333,38.066666666
Q506511,Manas National Park,national_parks,http://commons.wikimedia.org/wiki/Special:FilePath/Capped%20langur%20in%20manas.jpg,India,https://en.wikipedia.org/wiki/Manas_National_Park,26.716666666,90.933333333
Q510882,Phnom Kulen National Park,national_parks,http://commons.wikimedia.org/wiki/Special:FilePath/PhnomKulen.jpg,Cambodia,https://en.wikipedia.org/wiki/Phnom_Kulen_National_Park,13.6062,104.0957
Q512783,Sumaco Napo-Galeras National Park,national_parks,http://commons.wikimedia.org/wiki/Special:FilePath/Rain%20in%20Tena.jpg,Ecuador,https://en.wikipedia.org/wiki/Sumaco_Napo-Galeras_National_Park,-0.383333,-77.55
Q522250,Takamanda National Park,national_parks,http://commons.wikimedia.org/wiki/Special:FilePath/Mbe%20mountains%20community%20forest.jpg,Cameroon,https://en.wikipedia.org/wiki/Takamanda_National_Park,6.16666667,9.33333333
Q524956,Dorrigo National Park,national_parks,http://commons.wikimedia.org/wiki/Special:FilePath/Rainforest%20trail.jpg,Australia,https://en.wikipedia.org/wiki/Dorrigo_National_Park,-30.381666666,152.7511111
Q528924,Rago National Park,national_parks,http://commons.wikimedia.org/wiki/Special:FilePath/Rago-2015-8794.jpg,Norway,https://en.wikipedia.org/wiki/Rago_National_Park,67.433333333,15.983333333
Q532440,Sundarbans National Park,national_parks,http://commons.wikimedia.org/wiki/Special:FilePath/Sundarban%20Tiger.jpg,India,https://en.wikipedia.org/wiki/Sundarbans_National_Park,21.75,88.75
Q534596,Tel Be'er Sheva,national_parks,http://commons.wikimedia.org/wiki/Special:FilePath/Tel%20Be%27er%20Sheva%20Overview%202007041.JPG,Israel,https://en.wikipedia.org/wiki/Tel_Be%27er_Sheva,31.24482,34.84013
Q536703,Arcipelago di La Maddalena National Park,national_parks,http://commons.wikimedia.org/wiki/Special:FilePath/La%20Maddalena%20-%20Isola%20di%20Spargi%20%2801%29.JPG,Italy,https://en.wikipedia.org/wiki/Arcipelago_di_La_Maddalena_National_Park,41.24580483,9.41185
Q539518,Banc d'Arguin National Park,national_parks,http://commons.wikimedia.org/wiki/Special:FilePath/PNBA%2043.JPG,Mauritania,https://en.wikipedia.org/wiki/Banc_d%27Arguin_National_Park,20.234722,-16.108889
Q539925,Murray Valley National Park,national_parks,http://commons.wikimedia.org/wiki/Special:FilePath/BullanginyaLagoon.JPG,Australia,https://en.wikipedia.org/wiki/Murray_Valley_National_Park,-35.7933,145.027
Q541149,Hat Head National Park,national_parks,http://commons.wikimedia.org/wiki/Special:FilePath/Pandanus%20tectorius%20at%20Hat%20Head%20National%20Park%20NSW.jpg,Australia,https://en.wikipedia.org/wiki/Hat_Head_National_Park,-31.065,153.0177778
Q541856,Canyonlands National Park,national_parks,http://commons.wikimedia.org/wiki/Special:FilePath/CanyonlandsNP%20GreenRiverOverlook.jpg,United States,https://en.wikipedia.org/wiki/Canyonlands_National_Park,38.1669,-109.76
Q543703,Danube-Ipoly National Park,national_parks,http://commons.wikimedia.org/wiki/Special:FilePath/Dobogoko%20kilatas.jpg,Hungary,https://en.wikipedia.org/wiki/Danube-Ipoly_National_Park,47.76666667,18.95
Q548153,Periyar National Park,national_parks,http://commons.wikimedia.org/wiki/Special:FilePath/Periyar%20National%20Park%2001.jpg,India,https://en.wikipedia.org/wiki/Periyar_National_Park,9.5775,77.18
Q549295,Rāzna National Park,national_parks,http://commons.wikimedia.org/wiki/Special:FilePath/Raznas%20ezers.JPG,Latvia,https://en.wikipedia.org/wiki/R%C4%81zna_National_Park,56.26666667,27.5
Q550389,Réunion National Park,national_parks,http://commons.wikimedia.org/wiki/Special:FilePath/Voile%20de%20la%20Mari%C3%A9e%20Salazie%201.JPG,France,https://en.wikipedia.org/wiki/R%C3%A9union_National_Park,-21.15,55.5
Q559054,Khar Turan National Park,national_parks,http://commons.wikimedia.org/wiki/Special:FilePath/%D9%BE%D8%A7%D8%B1%DA%A9%20%D9%85%D9%84%DB%8C%20%D8%AA%D9%88%D8%B1%D8%A7%D9%86.jpg,Iran,https://en.wikipedia.org/wiki/Khar_Turan_National_Park,35.61,56.01
Q568121,Lake Eildon National Park,national_parks,http://commons.wikimedia.org/wiki/Special:FilePath/Lake%20Eildon%20MP1.jpg,Australia,https://en.wikipedia.org/wiki/Lake_Eildon_National_Park,-37.151530555,145.830138888
Q568264,Buila-Vânturarița National Park,national_parks,http://commons.wikimedia.org/wiki/Special:FilePath/Buila4.JPG,Romania,https://en.wikipedia.org/wiki/Buila-V%C3%A2nturari%C8%9Ba_National_Park,45.24,24.096
Q568521,Migdal Afek,national_parks,http://commons.wikimedia.org/wiki/Special:FilePath/Migdal-Afek-11-ne.jpg,Israel,https://en.wikipedia.org/wiki/Migdal_Afek,32.08083333,34.95694444
Q568693,Kakum National Park,national_parks,http://commons.wikimedia.org/wiki/Special:FilePath/Kakum.jpg,Ghana,https://en.wikipedia.org/wiki/Kakum_National_Park,5.353611111,-1.383333333
Q569069,Mavrovo National Park,national_parks,http://commons.wikimedia.org/wiki/Special:FilePath/Velky%20Korab%202011.jpg,North Macedonia,https://en.wikipedia.org/wiki/Mavrovo_National_Park,41.637222222,20.666944444
Q569960,Hamra National Park,national_parks,http://commons.wikimedia.org/wiki/Special:FilePath/Hamra%20Nationalpark.jpg,Sweden,https://en.wikipedia.org/wiki/Hamra_National_Park,61.756866112,14.807980747
Q570270,Lake Gairdner National Park,national_parks,http://commons.wikimedia.org/wiki/Special:FilePath/Lake%20Gairdner.jpg,Australia,https://en.wikipedia.org/wiki/Lake_Gairdner_National_Park,-31.6972,135.854
Q572064,Wadbilliga National Park,national_parks,http://commons.wikimedia.org/wiki/Special:FilePath/Wadbilliga%20rocky%20scenery.JPG,Australia,https://en.wikipedia.org/wiki/Wadbilliga_National_Park,-36.466666666,149.583333333
Q575822,Tumucumaque National Park,national_parks,http://commons.wikimedia.org/wiki/Special:FilePath/Oyapock%20maripa%20falls%20tree.jpg,Brazil,https://en.wikipedia.org/wiki/Tumucumaque_Mountains_National_Park,1.83333,-54.0
Q578202,Monte Roraima National Park,national_parks,http://commons.wikimedia.org/wiki/Special:FilePath/Mt%20Kukenan%20from%20Mt%20Roraima%20in%20Guyana%20HighLand%20001.JPG,Brazil,https://en.wikipedia.org/wiki/Monte_Roraima_National_Park,5.20194,-60.7369
Q579632,Sobaeksan National Park,national_parks,http://commons.wikimedia.org/wiki/Special:FilePath/Snow%20in%20Sobaeksan%20national%20park.jpg,South Korea,https://en.wikipedia.org/wiki/Sobaeksan_National_Park,36.965,128.507
Q580404,Muddus National Park,national_parks,http://commons.wikimedia.org/wiki/Special:FilePath/Muddus-wasserfall.jpg,Sweden,https://en.wikipedia.org/wiki/Muddus_National_Park,66.916315609,20.197333508
Q581646,Bladensburg National Park,national_parks,http://commons.wikimedia.org/wiki/Special:FilePath/Scrammy%20Gorge%20Winton.jpg,Australia,https://en.wikipedia.org/wiki/Bladensburg_National_Park,-22.6525,143.057222222
Q581883,Mummel Gulf National Park,national_parks,http://commons.wikimedia.org/wiki/Special:FilePath/NewCountrySwamp.JPG,Australia,https://en.wikipedia.org/wiki/Mummel_Gulf_National_Park,-31.3125,151.844444444
Q583518,Georgian Bay Islands National Park,national_parks,http://commons.wikimedia.org/wiki/Special:FilePath/BeausoleilIslandCedarSprings2004.jpg,Canada,https://en.wikipedia.org/wiki/Georgian_Bay_Islands_National_Park,44.8778,-79.8747
Q585251,Cotubanamá National Park,national_parks,http://commons.wikimedia.org/wiki/Special:FilePath/Isla%20Saona%20III.jpg,Dominican Republic,https://en.wikipedia.org/wiki/Cotubanam%C3%A1_National_Park,18.2283,-68.683
Q586786,Cape Range National Park,national_parks,http://commons.wikimedia.org/wiki/Special:FilePath/00%201867%20Cape%20Range%20National%20Park%20Westaustralien.jpg,Australia,https://en.wikipedia.org/wiki/Cape_Range_National_Park,-22.1233,113.921
Q586985,Tram Chim National Park,national_parks,http://commons.wikimedia.org/wiki/Special:FilePath/%C4%90%E1%BB%93ng%20c%E1%BB%8F%20v%C3%A0%20chim%20n%C6%B0%E1%BB%9Bc.jpg,Vietnam,https://en.wikipedia.org/wiki/Tr%C3%A0m_Chim_National_Park,10.725,105.517
Q591775,Yangudi Rassa National Park,national_parks,http://commons.wikimedia.org/wiki/Special:FilePath/Parc%20national%20de%20Yangudi%20Rassa%20%281%29.jpg,Ethiopia,https://en.wikipedia.org/wiki/Yangudi_Rassa_National_Park,11.0,40.8333
Q591878,National Park Sjeverni Velebit,national_parks,http://commons.wikimedia.org/wiki/Special:FilePath/Karstformationen%20Nationalpark-Nord-Velebit.JPG,Croatia,https://en.wikipedia.org/wiki/Northern_Velebit_National_Park,44.69305556,15.00694444
Q592741,Toro Toro National Park,national_parks,http://commons.wikimedia.org/wiki/Special:FilePath/Serranias%20de%20Toro%20Toro.jpg,Bolivia,https://en.wikipedia.org/wiki/Torotoro_National_Park,-18.1,-65.7667
Q593274,Göygöl National Park,national_parks,http://commons.wikimedia.org/wiki/Special:FilePath/Geygol.jpg,Azerbaijan,https://en.wikipedia.org/wiki/G%C3%B6yg%C3%B6l_National_Park,40.40583333,46.3225
Q595121,Gonarezhou National Park,national_parks,http://commons.wikimedia.org/wiki/Special:FilePath/Zimbabwe%20Gonarezhou%20Landscape%20Chilojo%20Cliffs.jpg,Zimbabwe,https://en.wikipedia.org/wiki/Gonarezhou_National_Park,-21.66666667,31.66666667
Q597959,Tuktut Nogait National Park,national_parks,http://commons.wikimedia.org/wiki/Special:FilePath/Hornaday%20River.jpg,Canada,https://en.wikipedia.org/wiki/Tuktut_Nogait_National_Park,68.8187,-121.749
Q600250,Garig Gunak Barlu National Park,national_parks,http://commons.wikimedia.org/wiki/Special:FilePath/Cape%20Don%20Lighthouse.jpg,Australia,https://en.wikipedia.org/wiki/Garig_Gunak_Barlu_National_Park,-11.36555556,132.23972222
Q602120,Tortuguero National Park,national_parks,http://commons.wikimedia.org/wiki/Special:FilePath/Tortuguero%20caribbean%20coast.jpg,Costa Rica,https://en.wikipedia.org/wiki/Tortuguero_National_Park,10.4232,-83.4967
Q603425,Well of Harod,national_parks,http://commons.wikimedia.org/wiki/Special:FilePath/Maayan%20harod.jpg,Israel,https://en.wikipedia.org/wiki/Ma%27ayan_Harod,32.548611111,35.355833333
Q605897,Valley of Flowers National Park,national_parks,http://commons.wikimedia.org/wiki/Special:FilePath/%22Flowers%20Blossom%20at%20Valley%20of%20Flowers%20Chamoli%2C%20India%22%2058.jpg,India,https://en.wikipedia.org/wiki/Valley_of_Flowers_National_Park,30.73,79.6175
Q606749,Villarrica National Park,national_parks,http://commons.wikimedia.org/wiki/Special:FilePath/VOLCAN%20VILLARICA.JPG,Chile,https://en.wikipedia.org/wiki/Villarrica_National_Park,-39.4931,-71.7168
Q607533,Lake Manyara National Park,national_parks,http://commons.wikimedia.org/wiki/Special:FilePath/Lake%20Manyara%20Wildlife.jpg,Tanzania,https://en.wikipedia.org/wiki/Lake_Manyara_National_Park,-3.5,35.833333333
Q607612,Poloniny National Park,national_parks,http://commons.wikimedia.org/wiki/Special:FilePath/%C4%8Eurkovec%20%28poh%C4%BEad%20z%20%C4%8Eurkovca%29%20001.jpg,Slovakia,https://en.wikipedia.org/wiki/Poloniny_National_Park,49.07138889,22.53361111
Q608315,Yarriabini National Park,national_parks,http://commons.wikimedia.org/wiki/Special:FilePath/Yarriabini%20rainforest.jpg,Australia,https://en.wikipedia.org/wiki/Yarriabini_National_Park,-30.8052,152.930688888
Q609902,Katmai National Park and Preserve,national_parks,http://commons.wikimedia.org/wiki/Special:FilePath/Katmai%20Crater%201980.jpg,United States,https://en.wikipedia.org/wiki/Katmai_National_Park_and_Preserve,58.5,-155.0
Q611989,Chaco National Park,national_parks,http://commons.wikimedia.org/wiki/Special:FilePath/Carpincho%20lake%20in%20National%20park%20Chaco.JPG,Argentina,https://en.wikipedia.org/wiki/Chaco_National_Park,-26.83333,-59.66667
Q612901,National Park Thayatal,national_parks,http://commons.wikimedia.org/wiki/Special:FilePath/Thaya%20080524%2010.jpg,Austria,https://en.wikipedia.org/wiki/Thayatal_National_Park,48.8522,15.8633
Q613251,Band-e Amir National Park,national_parks,http://commons.wikimedia.org/wiki/Special:FilePath/Lake%20Band-e-Amir.jpg,Afghanistan,https://en.wikipedia.org/wiki/Band-e_Amir_National_Park,34.839722222,67.230833333
Q614773,Walyunga National Park,national_parks,http://commons.wikimedia.org/wiki/Special:FilePath/Walyunga%20National%20Park%20entry%20station%2C%20September%202024%2006.jpg,Australia,https://en.wikipedia.org/wiki/Walyunga_National_Park,-31.7061,116.09
Q617635,Aparados da Serra National Park,national_parks,http://commons.wikimedia.org/wiki/Special:FilePath/Itaimb%C3%A9zinho%20Canyon%202006.jpg,Brazil,https://en.wikipedia.org/wiki/Aparados_da_Serra_National_Park,-29.19173,-50.09766
Q624443,Arabuko Sokoke National Park,national_parks,http://commons.wikimedia.org/wiki/Special:FilePath/The%20road%20in%20Arabuko%20Sokoke%20Forest%20-%20panoramio.jpg,Kenya,https://en.wikipedia.org/wiki/Arabuko_Sokoke_National_Park,-3.26666667,39.81666667
Q625172,Serra do Itajaí National Park,national_parks,http://commons.wikimedia.org/wiki/Special:FilePath/SpitzkopfPNSI2.jpg,Brazil,https://en.wikipedia.org/wiki/Serra_do_Itaja%C3%AD_National_Park,-27.2,-49.35
Q625511,Arakwal National Park,national_parks,http://commons.wikimedia.org/wiki/Special:FilePath/Byron%20Lighthouse%20looking%20south%202004-28-12.JPG,Australia,https://en.wikipedia.org/wiki/Arakwal_National_Park,-28.6603,153.621
Q629436,Morne Trois Pitons National Park,national_parks,http://commons.wikimedia.org/wiki/Special:FilePath/Valley%20of%20desolation.jpg,Dominica,https://en.wikipedia.org/wiki/Morne_Trois_Pitons_National_Park,15.266667,-61.283333
Q631183,Risnjak National Park,national_parks,http://commons.wikimedia.org/wiki/Special:FilePath/Nacionalni%20park%20Risnjak%20%28Berghutte%20unterhalb%20des%20Gipfels%20des%20Risnak%29.jpg,Croatia,https://en.wikipedia.org/wiki/Risnjak_National_Park,45.431,14.651
Q631981,Ubajara National Park,national_parks,http://commons.wikimedia.org/wiki/Special:FilePath/Viggo%2001.JPG,Brazil,https://en.wikipedia.org/wiki/Ubajara_National_Park,-3.766282,-40.89797967
Q634183,Puyehue National Park,national_parks,http://commons.wikimedia.org/wiki/Special:FilePath/Waterfall%20puyehue.jpg,Chile,https://en.wikipedia.org/wiki/Puyehue_National_Park,-40.64888889,-72.08444444
Q635414,Vesuvius National Park,national_parks,http://commons.wikimedia.org/wiki/Special:FilePath/Vesuvio%20-%20Atrio%20del%20cavallo.jpg,Italy,https://en.wikipedia.org/wiki/Vesuvius_National_Park,40.817,14.427
Q636823,Thousand Islands National Park,national_parks,http://commons.wikimedia.org/wiki/Special:FilePath/Gazebo%20a.jpg,Canada,https://en.wikipedia.org/wiki/Thousand_Islands_National_Park,44.3525,-75.955
Q640485,Djurö National Park,national_parks,http://commons.wikimedia.org/wiki/Special:FilePath/Stenh%C3%A4llar%20Djur%C3%B6.jpg,Sweden,https://en.wikipedia.org/wiki/Djur%C3%B6_National_Park,58.846795728,13.465248392
Q643478,Guy Fawkes River National Park,national_parks,http://commons.wikimedia.org/wiki/Special:FilePath/Guy%20Fawkes%20R.JPG,Australia,https://en.wikipedia.org/wiki/Guy_Fawkes_River_National_Park,-30.031666666,152.3011111
Q643667,Arevik National Park,national_parks,http://commons.wikimedia.org/wiki/Special:FilePath/Arevik%20National%20Park%20and%20Meghri%20mountains%20in%20winter.jpg,Armenia,https://en.wikipedia.org/wiki/Arevik_National_Park,39.0,46.15
Q643818,Belair National Park,national_parks,http://commons.wikimedia.org/wiki/Special:FilePath/Belair%20Old%20Government%20House.jpg,Australia,https://en.wikipedia.org/wiki/Belair_National_Park,-35.013055555,138.655833333
Q647206,Madidi National Park and Integrated Management Natural Area,national_parks,http://commons.wikimedia.org/wiki/Special:FilePath/Acantilados%20del%20r%C3%ADo%20Madidi%20-%20Parque%20Nacional%20Madidi%20-%20La%20Paz%20-%20Bolivia.jpg,Bolivia,https://en.wikipedia.org/wiki/Madidi_National_Park,-14.333333333,-68.333333333
Q647777,Lençóis Maranhenses National Park,national_parks,http://commons.wikimedia.org/wiki/Special:FilePath/Len%C3%A7%C3%B3is%20Maranhenses%202018.jpg,Brazil,https://en.wikipedia.org/wiki/Len%C3%A7%C3%B3is_Maranhenses_National_Park,-2.483333333,-43.133333333
Q648548,Guindy National Park,national_parks,http://commons.wikimedia.org/wiki/Special:FilePath/Guindy%20national%20park.jpg,India,https://en.wikipedia.org/wiki/Guindy_National_Park,13.00259,80.23079
Q648907,Sanjay Gandhi National Park,national_parks,http://commons.wikimedia.org/wiki/Special:FilePath/Sanjay%20Gandhi%20National%20Park.JPG,India,https://en.wikipedia.org/wiki/Sanjay_Gandhi_National_Park,19.25,72.9167
Q649680,Bach Ma National Park,national_parks,http://commons.wikimedia.org/wiki/Special:FilePath/Bach%20Ma%20NP2.jpg,Vietnam,https://en.wikipedia.org/wiki/B%E1%BA%A1ch_M%C3%A3_National_Park,16.2,107.86666667
Q650710,Noel Kempff Mercado National Park,national_parks,http://commons.wikimedia.org/wiki/Special:FilePath/Cataratas%20Arcoiris%20Bolivia.png,Bolivia,https://en.wikipedia.org/wiki/Noel_Kempff_Mercado_National_Park,-14.23028,-60.84667
Q650992,El Kala National Park,national_parks,http://commons.wikimedia.org/wiki/Special:FilePath/GM%20Parc%20national%20El%20Kala01.jpg,Algeria,https://en.wikipedia.org/wiki/El_Kala_National_Park,36.81666667,8.41666667
Q654866,"Saint Peter Church, Capernaum",national_parks,http://commons.wikimedia.org/wiki/Special:FilePath/Kafarnaum%20BW%2023.jpg,Israel,"https://en.wikipedia.org/wiki/St._Peter%27s_Church,_Capernaum",32.88056,35.57537
Q655191,Rocky Cape National Park,national_parks,http://commons.wikimedia.org/wiki/Special:FilePath/Rocky%20Cape%202009.jpg,Australia,https://en.wikipedia.org/wiki/Rocky_Cape_National_Park,-40.899722,145.535833
Q656363,Ruaha National Park,national_parks,http://commons.wikimedia.org/wiki/Special:FilePath/Ruaha%20River%2C%20Ruaha%20National%20Park%20%289%29%20%2829028717505%29.jpg,Tanzania,https://en.wikipedia.org/wiki/Ruaha_National_Park,-7.53111111,34.63694444
Q663484,Rodna National Park,national_parks,http://commons.wikimedia.org/wiki/Special:FilePath/Varful%20Pietrosul%20Rodnei.jpg,Romania,https://en.wikipedia.org/wiki/Rodna_Mountains_National_Park,47.54,24.735
Q665110,Bandipur National Park,national_parks,http://commons.wikimedia.org/wiki/Special:FilePath/Large%20Chital%20herd%20at%20Bandipur%20National%20Park.jpg,India,https://en.wikipedia.org/wiki/Bandipur_National_Park,11.664444,76.627222
Q665459,Guiana Amazonian Park,national_parks,http://commons.wikimedia.org/wiki/Special:FilePath/Parc%20naturel%20regional%20de%20guyane%20vue%20du%20dessus.JPG,France,https://en.wikipedia.org/wiki/Guiana_Amazonian_Park,2.83833333,-53.77222222
Q666044,Pieljekaise National Park,national_parks,http://commons.wikimedia.org/wiki/Special:FilePath/Pieljekaise%20rozcesti.jpg,Sweden,https://en.wikipedia.org/wiki/Pieljekaise_National_Park,66.354300785,16.768257591
Q667469,Shannon National Park,national_parks,http://commons.wikimedia.org/wiki/Special:FilePath/Mokare%27s%20Rock%201%20Rock%20Walktrail%20Shannon%20NP%20IX-2015.jpg,Australia,https://en.wikipedia.org/wiki/Shannon_National_Park,-34.6031,116.365
Q675633,Etosha National Park,national_parks,http://commons.wikimedia.org/wiki/Special:FilePath/Zebras%20Etosha%20Namibia%281%29.jpg,Namibia,https://en.wikipedia.org/wiki/Etosha_National_Park,-18.785278,16.263889
Q679568,Purnululu National Park,national_parks,http://commons.wikimedia.org/wiki/Special:FilePath/1%20Purnululu%20Nationalpark%20-%20Australien.jpg,Australia,https://en.wikipedia.org/wiki/Purnululu_National_Park,-17.448789,128.546055
Q679891,Niokolo-Koba National Park,national_parks,http://commons.wikimedia.org/wiki/Special:FilePath/River%20gambia%20Niokolokoba%20National%20Park.gif,Senegal,https://en.wikipedia.org/wiki/Niokolo-Koba_National_Park,13.074166666,-12.722222222
Q680312,Conguillío National Park,national_parks,http://commons.wikimedia.org/wiki/Special:FilePath/Araucaria%20araucana%20-%20Parque%20Nacional%20Conguill%C3%ADo%20por%20lautaroj%20-%20001.jpg,Chile,https://en.wikipedia.org/wiki/Conguill%C3%ADo_National_Park,-38.66666667,-71.65
Q680313,Alta Murgia National Park,national_parks,http://commons.wikimedia.org/wiki/Special:FilePath/La%20vallata%20di%20Poggiorsini%20vista%20nel%20dettaglio.jpg,Italy,https://en.wikipedia.org/wiki/Alta_Murgia_National_Park,40.99,16.37
Q684121,Ytre Hvaler National Park,national_parks,http://commons.wikimedia.org/wiki/Special:FilePath/Ytre%20Hvaler%2C%20Tisler%20coast.jpg,Norway,https://en.wikipedia.org/wiki/Ytre_Hvaler_National_Park,59.01666667,10.8
Q686088,Llogara National Park,national_parks,http://commons.wikimedia.org/wiki/Special:FilePath/Llogara%20pass.jpg,Albania,https://en.wikipedia.org/wiki/Llogara_National_Park,40.21638889,19.57027778
Q691597,Sonfjället National Park,national_parks,http://commons.wikimedia.org/wiki/Special:FilePath/S%C3%A5nfj%C3%A4llet%20Nyvallens%20f%C3%A4bodvall.jpg,Sweden,https://en.wikipedia.org/wiki/Sonfj%C3%A4llet_National_Park,62.277494331,13.551749514
Q692011,Padjelanta National Park,national_parks,http://commons.wikimedia.org/wiki/Special:FilePath/Padjelanta-mot-viriaure.JPG,Sweden,https://en.wikipedia.org/wiki/Padjelanta_National_Park,67.410021653,16.721859465
Q692472,Phuoc Binh National Park,national_parks,http://commons.wikimedia.org/wiki/Special:FilePath/Phuoc%20Binh%20from%20National%20Parks%20office.jpg,Vietnam,https://en.wikipedia.org/wiki/Ph%C6%B0%E1%BB%9Bc_B%C3%ACnh_National_Park,12.07111111,108.75055556
Q693254,Mana Pools,national_parks,http://commons.wikimedia.org/wiki/Special:FilePath/ZmbziRvr.jpg,Zimbabwe,https://en.wikipedia.org/wiki/Mana_Pools_National_Park,-15.75,29.333333
Q696014,Hohe Tauern National Park,national_parks,http://commons.wikimedia.org/wiki/Special:FilePath/Jungfernsprung%20im%20Nationalpark%20Hohe%20Tauern.JPG,Austria,https://en.wikipedia.org/wiki/Hohe_Tauern_National_Park,47.13556,12.32529
Q696959,Snowy River National Park,national_parks,http://commons.wikimedia.org/wiki/Special:FilePath/Little%20River%20Gorge.jpg,Australia,https://en.wikipedia.org/wiki/Snowy_River_National_Park,-37.275,148.553
Q700204,Salzburger Lungau and Kärntner Nockberge,national_parks,http://commons.wikimedia.org/wiki/Special:FilePath/Seeboden08ende%20145.jpg,Austria,https://en.wikipedia.org/wiki/Nockberge_National_Park,46.9692,13.7256
Q701698,Kinmen National Park,national_parks,http://commons.wikimedia.org/wiki/Special:FilePath/Kinmen%20National%20Park%2020140830.JPG,Taiwan,https://en.wikipedia.org/wiki/Kinmen_National_Park,24.4477,118.364
Q702566,Saxon Switzerland National Park,national_parks,http://commons.wikimedia.org/wiki/Special:FilePath/Basteibr%C3%BCcke%20morgens%20%28Zuschnitt%29.jpg,Germany,https://en.wikipedia.org/wiki/Saxon_Switzerland_National_Park,50.9142,14.2784
Q706301,Wolchulsan National Park,national_parks,http://commons.wikimedia.org/wiki/Special:FilePath/Wolchulsan%20mountain%20peak.jpg,South Korea,https://en.wikipedia.org/wiki/Wolchulsan_National_Park,34.744,126.675
Q706310,Seoraksan National Park,national_parks,http://commons.wikimedia.org/wiki/Special:FilePath/Seoraksan%20National%20Park%20panorama%203.jpg,South Korea,https://en.wikipedia.org/wiki/Seoraksan_National_Park,38.125,128.416
Q707067,Bukhansan National Park,national_parks,http://commons.wikimedia.org/wiki/Special:FilePath/Bukhansan%20National%20Park%202006-03-28.JPG,South Korea,https://en.wikipedia.org/wiki/Bukhansan_National_Park,37.675,126.982
Q707427,Taroko National Park,national_parks,http://commons.wikimedia.org/wiki/Special:FilePath/Eternal%20Spring%20Shrine%20in%20Taroko.JPG,Taiwan,https://en.wikipedia.org/wiki/Taroko_National_Park,24.166667,121.333333
Q707982,Kenting National Park,national_parks,http://commons.wikimedia.org/wiki/Special:FilePath/Maobitou%20Cape%2001.jpg,Taiwan,https://en.wikipedia.org/wiki/Kenting_National_Park,21.98,120.79694444
Q707996,Shei-Pa National Park,national_parks,http://commons.wikimedia.org/wiki/Special:FilePath/Hsuehshan%20CueiChih%20TheGreenJadePond.jpg,Taiwan,https://en.wikipedia.org/wiki/Shei-Pa_National_Park,24.414722222,121.287222222
Q709029,Yangmingshan National Park,national_parks,http://commons.wikimedia.org/wiki/Special:FilePath/Yangmingshan%20National%20Park%20-%20Chien%20Ying%20Lee%20-%2001.jpg,Taiwan,https://en.wikipedia.org/wiki/Yangmingshan,25.1775,121.5475
Q712300,Arthur's Pass National Park,national_parks,http://commons.wikimedia.org/wiki/Special:FilePath/Waimakariri%20River%20close%20to%20Arthur%27s%20Pass%2C%20New%20Zealand.jpg,New Zealand,https://en.wikipedia.org/wiki/Arthur%27s_Pass_National_Park,-42.889666666,171.721416666
Q715124,Teide National Park,national_parks,http://commons.wikimedia.org/wiki/Special:FilePath/Roque%20Cinchado%20und%20Teide%20%28Zuschnitt%29.jpg,Spain,https://en.wikipedia.org/wiki/Teide_National_Park,28.2647,-16.6181
Q716801,Arusha National Park,national_parks,http://commons.wikimedia.org/wiki/Special:FilePath/Giraffes%20Arusha%20Tanzania.jpg,Tanzania,https://en.wikipedia.org/wiki/Arusha_National_Park,-3.25,36.833333333
Q309436,Aït Benhaddou,cities,http://commons.wikimedia.org/wiki/Special:FilePath/Ksar%20A%C3%AFt%20Benhaddou%2C%20Marocco%20%28%D8%A3%D9%8A%D8%AA%20%D8%A8%D9%86%20%D8%AD%D8%AF%D9%88%D8%8C%20%D8%A7%D9%84%D9%85%D8%BA%D8%B1%D8%A8%2C%20%E2%B4%B0%E2%B5%A2%E2%B5%9C%20%E2%B5%83%E2%B4%B0%E2%B4%B7%E2%B4%B7%E2%B5%93%29.jpg,Morocco,https://en.wikipedia.org/wiki/A%C3%AFt_Benhaddou,31.05,-7.133333333
Q817274,Ksar Beni Isguen,cities,http://commons.wikimedia.org/wiki/Special:FilePath/Ksar%20de%20Beni%20Isguen.jpg,Algeria,,32.475222222,3.696194444
Q2670896,Ksar Ouled Soltane,cities,http://commons.wikimedia.org/wiki/Special:FilePath/Ksar%20Ouled%20Soltane%2001.jpg,Tunisia,https://en.wikipedia.org/wiki/Ksar_Ouled_Soltane,32.788533,10.514567
Q3200135,Ksar of Lamaarka,cities,http://commons.wikimedia.org/wiki/Special:FilePath/Ksar%20Lamaarka-Bab%20Jdid.jpg,Morocco,,31.6386,-4.21472
Q5242247,Daw's Castle,cities,http://commons.wikimedia.org/wiki/Special:FilePath/Watchet%20%282020-09-15%29%2049.jpg,United Kingdom,https://en.wikipedia.org/wiki/Daw%27s_Castle,51.1805,-3.34357
Q11736787,Ksar Hallouf,cities,http://commons.wikimedia.org/wiki/Special:FilePath/Ksar%20Hallouf.JPG,Tunisia,https://en.wikipedia.org/wiki/Ksar_Hallouf,33.291183,10.15715
Q12233025,Ksar Beni Barka,cities,http://commons.wikimedia.org/wiki/Special:FilePath/Ksar%20Beni%20Barka%20-%20Tunisia.jpg,Tunisia,,32.886283,10.434117
Q13366561,Ksar Azelouaz,cities,http://commons.wikimedia.org/wiki/Special:FilePath/20180410%20085108%20HDR%20AZELOUAZ%20PALACE%20DJANET.jpg,Algeria,https://en.wikipedia.org/wiki/Azelouaz,24.570833333,9.471666666
Q13374888,Ksar Adjahil,cities,http://commons.wikimedia.org/wiki/Special:FilePath/Porte%20du%20ksar%20Adjahil%201.jpg,Algeria,https://en.wikipedia.org/wiki/Adjahil,24.52972222,9.49166667
Q16593169,Ksar of Taourirt,cities,http://commons.wikimedia.org/wiki/Special:FilePath/Ksar%20of%20Taourirt%2C%20Ouarzazate%2C%20Morocco%20%28%D9%82%D8%B5%D8%A8%D8%A9%20%D8%AA%D8%A7%D9%88%D8%B1%D9%8A%D8%B1%D8%AA%2C%20%E2%B5%9C%E2%B4%B0%E2%B5%A1%E2%B5%94%E2%B5%89%E2%B5%94%E2%B5%9C%29.jpg,Morocco,https://en.wikipedia.org/wiki/Kasbah_Taourirt,30.92011,-6.89943
Q21029712,Ksar of Rgabi N'Ait Hassou,cities,http://commons.wikimedia.org/wiki/Special:FilePath/Ksar%20Rgabi.jpg,Morocco,https://en.wikipedia.org/wiki/Rgabi_Ait_Hassou,29.82222222,-5.72083333
Q25380615,Ksar Ouled Debbab,cities,http://commons.wikimedia.org/wiki/Special:FilePath/Gsar%20aouled%20debab%20%28tataouine%29%2003.jpg,Tunisia,,32.8696,10.381733
Q56280221,Ksar Beni Ghedir,cities,http://commons.wikimedia.org/wiki/Special:FilePath/Ksar%20Beni%20Ghedir%202018-2.jpg,Tunisia,,33.085867,10.352417
Q58331290,Ksar of Tansikht,cities,http://commons.wikimedia.org/wiki/Special:FilePath/Ksar%20Tansikht%20ruins%2017.jpg,Morocco,,30.683918,-6.1781
Q63055245,Ksar of Beni Zouli,cities,http://commons.wikimedia.org/wiki/Special:FilePath/%D9%82%D8%B5%D8%B1%20%D8%A8%D9%86%D9%8A%20%D8%B2%D9%88%D9%84%D9%8A%202.jpg,Morocco,,30.437796,-5.899251
Q63191228,Ksar of Tamnougalt,cities,http://commons.wikimedia.org/wiki/Special:FilePath/Tamnougalt%2C%20Morocco%20%28Unsplash%20i-P1lmY%20e1w%29.jpg,Morocco,,30.679339,-6.388203
Q63191792,Ksar of Tamdakht,cities,http://commons.wikimedia.org/wiki/Special:FilePath/Ksar%20of%20Tamedakhte.JPG,Morocco,,31.087303,-7.144513
Q63191869,Ksar of Tizourgane,cities,http://commons.wikimedia.org/wiki/Special:FilePath/Kasbah%20idaougnidif.jpg,Morocco,,29.886833333,-9.002166666
Q63196745,Amezrou,cities,http://commons.wikimedia.org/wiki/Special:FilePath/Amezrou%201.jpg,Morocco,,30.307571,-5.823171
Q63196829,Ksar of Tamegrout,cities,http://commons.wikimedia.org/wiki/Special:FilePath/Tamegroute-hydroxy05.jpg,Morocco,,30.260467,-5.679833
Q63203943,Ksar of Zenaga,cities,http://commons.wikimedia.org/wiki/Special:FilePath/Mosqu%C3%A9e%20du%20ksar%20Zenaga%20%C3%A0%20Figuig.jpg,Morocco,,32.099256,-1.235998
Q63204191,Ksar of Assa,cities,http://commons.wikimedia.org/wiki/Special:FilePath/%D9%82%D8%B5%D8%B1%20%D8%A3%D8%B3%D8%A7%20%D9%85%D9%86%20%D8%A7%D8%B9%D9%84%D9%89%20%D9%86%D9%82%D8%B7%D8%A9.jpg,Morocco,,28.604482059,-9.429765118
Q63530564,Ksar of Igharghar,cities,http://commons.wikimedia.org/wiki/Special:FilePath/Ksar%20Igharghar%2014032020%20040.jpg,Morocco,,30.677222222,-6.293333333
Q63564741,Ksar of Timidart,cities,http://commons.wikimedia.org/wiki/Special:FilePath/Timidarte.jpg,Morocco,,30.683055555,-6.298055555
Q63565254,Ksar of Ali Ait El Haj,cities,http://commons.wikimedia.org/wiki/Special:FilePath/Kasbha%20Tinghir%20Todra%20Morocco%20-%20panoramio.jpg,Morocco,,31.519444444,-5.5275
Q63565399,Ksar of Akka,cities,http://commons.wikimedia.org/wiki/Special:FilePath/Akka%2C%20Moschee%20%284%29.JPG,Morocco,,29.393055555,-8.261388888
Q63565422,Ksar of Tissint,cities,http://commons.wikimedia.org/wiki/Special:FilePath/Douar%20EL%20KASBAH%20DE%20CHERAFA%20Tissint%20province%20Tata.jpg,Morocco,,29.901944444,-7.315555555
Q63612647,Ksar of Lamaïz,cities,http://commons.wikimedia.org/wiki/Special:FilePath/Marabout%20of%20Ksar%20lamaiz.jpg,Morocco,,32.115833333,-1.229444444
Q63638210,Ksar of Taddamoute,cities,http://commons.wikimedia.org/wiki/Special:FilePath/Midelt%20Taddaout%20%282005%29.jpg,Morocco,,32.704444444,-4.78
Q65643514,Ksar El Atteuf,cities,http://commons.wikimedia.org/wiki/Special:FilePath/El-Atteuf%20Ghardaia%20Algeria.jpg,Algeria,,32.4755,3.7449
Q65643515,Ksar Bounoura,cities,http://commons.wikimedia.org/wiki/Special:FilePath/Bounoura%202%20%D8%A8%D9%84%D8%AF%D9%8A%D8%A9%20%D8%A8%D9%86%D9%88%D8%B1%D8%A9.jpg,Algeria,,32.4827,3.7039
Q65643516,Ksar Melika,cities,http://commons.wikimedia.org/wiki/Special:FilePath/Ksar%20Melika.png,Algeria,,32.4831,3.6867
Q65921574,Ksar of Ouadane,cities,http://commons.wikimedia.org/wiki/Special:FilePath/Oudane%20old%20tower.jpg,Mauritania,,20.9289,-11.6236
Q65921575,Ksar of Chinguetti,cities,http://commons.wikimedia.org/wiki/Special:FilePath/Chinguetti%20mosquee.jpg,Mauritania,,20.4633,-12.3667
Q73386731,Ksar Hadada,cities,http://commons.wikimedia.org/wiki/Special:FilePath/Ksar%20hadada03.jpg,Tunisia,,33.100267,10.314133
Q73797793,Ksar Barzalia,cities,http://commons.wikimedia.org/wiki/Special:FilePath/Gasr%20Elbarzalia%2007.jpg,Tunisia,,33.276283,10.1704
Q73797797,Ksar Zammour,cities,http://commons.wikimedia.org/wiki/Special:FilePath/Kasr%20Zemmour%2001.jpg,Tunisia,,33.268017,10.199217
Q73798648,Ksar Beni Khedache,cities,http://commons.wikimedia.org/wiki/Special:FilePath/%29%D8%A7%D9%84%D9%85%D8%AF%D9%8A%D9%86%D8%A9%20%29%D9%82%D8%B5%D8%B1%20%D8%A8%D9%86%D9%8A%20%D8%AE%D8%AF%D8%A7%D8%B4%2001.jpg,Tunisia,,33.2506,10.200367
Q73798652,Ksar Jouamaa béni Khédache madnine,cities,http://commons.wikimedia.org/wiki/Special:FilePath/Ksar%20Jouamaa.jpg,Tunisia,,33.250817,10.2581
Q73798653,Ksar Krikrya,cities,http://commons.wikimedia.org/wiki/Special:FilePath/Ksar%20El%20Krikriya%2011.jpg,Tunisia,,33.241813525,10.334065328
Q73798657,Ksar El Mhadha,cities,http://commons.wikimedia.org/wiki/Special:FilePath/%D9%82%D8%B5%D8%B1%20%D8%A7%D9%84%D9%85%D8%AD%D8%A7%D8%B6%D8%A9%2004.jpg,Tunisia,,33.2126,10.1877
Q73798665,Ksar El Kherachfa,cities,http://commons.wikimedia.org/wiki/Special:FilePath/%D9%82%D8%B5%D8%B1%20%D8%A7%D9%84%D8%AE%D8%B1%D8%A7%D9%81%D8%B4%D8%A9%20%D8%A8%D9%86%20%D8%AE%D8%AF%D8%A7%D8%B4%2002.jpg,Tunisia,,33.18855,10.292567
Q73799311,Ksar Ghbonten,cities,http://commons.wikimedia.org/wiki/Special:FilePath/Gsar%20Ghbonten%2033.jpg,Tunisia,,33.3932,10.438817
Q73799315,Ksar El Khoukha,cities,http://commons.wikimedia.org/wiki/Special:FilePath/Ksar%20El%20Khoukha.jpg,Tunisia,,33.36965,10.437067
Q73799313,Ksar Ouled Abdallah,cities,http://commons.wikimedia.org/wiki/Special:FilePath/Ghorfas%20in%20Ksar%20Ouled%20Abdallah.jpg,Tunisia,,33.368967,10.437
Q73799316,Ksar Essouk,cities,http://commons.wikimedia.org/wiki/Special:FilePath/Gsar%20Essoug%2002.jpg,Tunisia,,33.3701,10.437017
Q73799321,Ksar Ouled Meftah,cities,http://commons.wikimedia.org/wiki/Special:FilePath/Ksar%20Ouled%20Meftah.jpg,Tunisia,,33.3694,10.4375
Q73799326,Ksar Lobbeira,cities,http://commons.wikimedia.org/wiki/Special:FilePath/Alignement%20de%20ghorfa%20%C3%A0%20M%C3%A9denine.jpg,Tunisia,,33.34745,10.4915
Q73799325,Ksar Ommarsia,cities,http://commons.wikimedia.org/wiki/Special:FilePath/Ghorfa%20%C3%A0%20M%C3%A9denine%20%28Tunisie%29.jpg,Tunisia,,33.34745,10.492067
Q73800530,Ksar Ouled Brahim,cities,http://commons.wikimedia.org/wiki/Special:FilePath/Medenine-stegop-06.jpg,Tunisia,,33.34717,10.492483
Q73801039,Ksar Bir Lahmar,cities,http://commons.wikimedia.org/wiki/Special:FilePath/Ksar%20Bir%20Lahmar%2005.jpg,Tunisia,,33.17917,10.442733
Q73801042,Ksar Laaraf,cities,http://commons.wikimedia.org/wiki/Special:FilePath/Gsar%20La%C3%A2raf%2001.jpg,Tunisia,,33.134383,10.383717
Q73801040,Ksar Temzayet,cities,http://commons.wikimedia.org/wiki/Special:FilePath/Bir%20Lahmar%20Ksar%20Temzayet%2017.jpg,Tunisia,,33.147483,10.3625
Q73801046,Ksar Bayouli,cities,http://commons.wikimedia.org/wiki/Special:FilePath/Ksar%20Bayouli%20%28Oued%20Graguer%29%2006.jpg,Tunisia,,33.118467,10.40435
Q73801044,Ksar Ouled Boubaker,cities,http://commons.wikimedia.org/wiki/Special:FilePath/Ksar%20Ouled%20Boubaker%2001.jpg,Tunisia,,33.148083,10.448317
Q73801761,Ksar Boughali,cities,http://commons.wikimedia.org/wiki/Special:FilePath/ASC%20Leiden%20-%20van%20Achterberg%20Collection%20-%203%20-%20031%20-%20Une%20vieille%20ghorfa%20%28salle%20de%20stockage%20avec%20une%20vo%C3%BBte%20de%20tonneau%29%20-%20Ghomrassen%2C%20district%20de%20Tataoine%2C%20Tunisie%20-%20d%C3%A9cembre%201997.tif,Tunisia,,33.06083,10.337783
Q73801766,Ksar Mrabtine,cities,http://commons.wikimedia.org/wiki/Special:FilePath/Ksar%20mourabitine%20%281%29.jpg,Tunisia,,33.032017,10.37755
Q73801765,Ksar El Rosfa,cities,http://commons.wikimedia.org/wiki/Special:FilePath/ASC%20Leiden%20-%20van%20Achterberg%20Collection%20-%203%20-%20022%20-%20Ghorfas%20%28salles%20de%20stockage%20avec%20une%20vo%C3%BBte%20de%20tonneau%29%20-%20Ghomrassen%2C%20district%20de%20Tataoine%2C%20Tunisie%20-%20d%C3%A9cembre%201997.tif,Tunisia,,33.0534,10.334683
Q73801768,Ksar El Ferch,cities,http://commons.wikimedia.org/wiki/Special:FilePath/Ksar%20el-ferch-stegop-14.jpg,Tunisia,,33.006567,10.342883
Q73801773,Ksar Guermessa,cities,http://commons.wikimedia.org/wiki/Special:FilePath/KsarGuermessa.jpg,Tunisia,,32.98415,10.25195
Q73802943,Ksar Bhir,cities,http://commons.wikimedia.org/wiki/Special:FilePath/Bhir%2030.jpg,Tunisia,,32.970267,10.6612
Q73802951,Ksar El Ain,cities,http://commons.wikimedia.org/wiki/Special:FilePath/Kasr%20Al-Ain%20-vue%202.jpg,Tunisia,,32.907817,10.952083
Q73803579,Ksar Ouled M'hemed,cities,http://commons.wikimedia.org/wiki/Special:FilePath/Ksar%20Ouled%20M%27hemed.jpg,Tunisia,,32.897867,10.525133
Q73803576,Ksar Ouled Boujlida,cities,http://commons.wikimedia.org/wiki/Special:FilePath/Ksar%20Ouled%20Boujlida.jpg,Tunisia,,32.90395,10.523817
Q73804071,Ksar Ez Zahra,cities,http://commons.wikimedia.org/wiki/Special:FilePath/Ksar%20Ez%20Zahra.jpg,Tunisia,,32.816817,10.565883
Q73805413,Ksar Meguebla,cities,http://commons.wikimedia.org/wiki/Special:FilePath/Ksar%20Meguebla%202025%2003.jpg,Tunisia,,32.926217,10.426717
Q73805419,Ksar Chenini,cities,http://commons.wikimedia.org/wiki/Special:FilePath/Chenini-stegop-04.jpg,Tunisia,https://en.wikipedia.org/wiki/Ksar_Chenini,32.9123,10.262083
Q73805417,Ksar Dghaghra (Ouled Abdallah),cities,http://commons.wikimedia.org/wiki/Special:FilePath/Ksar%20Dghaghra%20%28Ouled%20Abdallah%29%2014.jpg,Tunisia,,32.92115,10.442017
Q73805423,Ksar Boujlida,cities,http://commons.wikimedia.org/wiki/Special:FilePath/Ksar%20Boujlida%2034.jpg,Tunisia,,32.908083,10.440917
Q73805427,Ksar Douiret,cities,http://commons.wikimedia.org/wiki/Special:FilePath/Ksar%20Douiret%20%2828%29.JPG,Tunisia,,32.868917,10.28645
Q73805425,Ksar Tounket,cities,http://commons.wikimedia.org/wiki/Special:FilePath/Ksar%20Tounket.jpg,Tunisia,,32.88235,10.49825
Q73805430,Ksar Ouled Oun,cities,http://commons.wikimedia.org/wiki/Special:FilePath/Ksar%20Ouled%20Aoun.jpg,Tunisia,,32.863767,10.472083
Q68744,Xiamen,cities,http://commons.wikimedia.org/wiki/Special:FilePath/Xiamen%20night%20cityscape%202018%20-%20Flickr%20-%20Jaykhuang.jpg,People's Republic of China,https://en.wikipedia.org/wiki/Xiamen,24.479722222,118.081944444
Q70231,Slavutych,cities,http://commons.wikimedia.org/wiki/Special:FilePath/Slavutych%20%2802710036%29.jpg,Ukraine,https://en.wikipedia.org/wiki/Slavutych,51.520555555,30.756944444
Q70592,Uzyn,cities,http://commons.wikimedia.org/wiki/Special:FilePath/%D0%A3%D0%B7%D0%B8%D0%BD%2C%20%D0%BB%D1%96%D1%82%D0%BE%202014%20-%20panoramio%20%283%29.jpg,Ukraine,https://en.wikipedia.org/wiki/Uzyn,49.824166666,30.4425
Q70598,Skvyra,cities,http://commons.wikimedia.org/wiki/Special:FilePath/Skver%20Beis%20Hamedrash%2C%20Skvyra%2C%20Ukraine.JPG,Ukraine,https://en.wikipedia.org/wiki/Skvyra,49.733333333,29.683333333
Q70602,Tetiiv,cities,http://commons.wikimedia.org/wiki/Special:FilePath/%D0%A2%D0%B5%D1%82%D1%96%D1%97%D0%B2.%20%D0%92%27%D1%97%D0%B7%D0%B4%20%D1%83%20%D0%BC%D1%96%D1%81%D1%82%D0%BE.jpg,Ukraine,https://en.wikipedia.org/wiki/Tetiiv,49.370833333,29.69
Q71727,Irpin,cities,http://commons.wikimedia.org/wiki/Special:FilePath/Potik%201-20220625.jpg,Ukraine,https://en.wikipedia.org/wiki/Irpin,50.516666666,30.25
Q71731,Rzhyshchiv,cities,http://commons.wikimedia.org/wiki/Special:FilePath/Rzhischev3.jpg,Ukraine,https://en.wikipedia.org/wiki/Rzhyshchiv,49.961111111,31.043611111
Q74881,Dalian,cities,http://commons.wikimedia.org/wiki/Special:FilePath/Dalian%20Skyline%20Enhanced.jpg,People's Republic of China,https://en.wikipedia.org/wiki/Dalian,38.9,121.6
Q77221,Oppidum d'Ensérune,cities,http://commons.wikimedia.org/wiki/Special:FilePath/Silo%20Enserunes%20%28France%29.jpg,France,https://en.wikipedia.org/wiki/Oppidum_d%27Ens%C3%A9rune,43.309722,3.110556
Q110668,Stebnyk,cities,http://commons.wikimedia.org/wiki/Special:FilePath/Stebnyk.jpg,Ukraine,https://en.wikipedia.org/wiki/Stebnyk,49.3,23.566666666
Q128499,Yalta,cities,http://commons.wikimedia.org/wiki/Special:FilePath/Widok%20na%20Ja%C5%82t%C4%99%20ze%20statku%2001.JPG,Russia,https://en.wikipedia.org/wiki/Yalta,44.499444444,34.155277777
Q130102,Heidetrank Oppidum,cities,http://commons.wikimedia.org/wiki/Special:FilePath/Heidetr%C3%A4nk%20Oppidum%20old%20Celtic%20oppidum.jpg,Germany,https://en.wikipedia.org/wiki/Heidetrank_Oppidum,50.2208,8.52194
Q134279,Luhansk,cities,http://commons.wikimedia.org/wiki/Special:FilePath/%D0%9C%D1%83%D0%B7%D0%B5%D0%B9%20%D0%B8%D1%81%D1%82%D0%BE%D1%80%D0%B8%D0%B8%20%D0%9B%D1%83%D0%B3%D0%B0%D0%BD%D1%81%D0%BA%D0%B0.jpg,Ukraine,https://en.wikipedia.org/wiki/Luhansk,48.5717084,39.2973153
Q140671,Ostroh,cities,http://commons.wikimedia.org/wiki/Special:FilePath/%D0%9E%D1%81%D1%82%D1%80%D0%BE%D0%B3%20.%D0%9A%D0%BE%D1%81%D1%82%D0%B5%D0%BB%20%D0%A3%D1%81%D0%BF%D1%96%D0%BD%D0%BD%D1%8F%20%D0%94%D1%96%D0%B2%D0%B8%20%D0%9C%D0%B0%D1%80%D1%96%D1%97.%D0%A4%D0%B0%D1%81%D0%B0%D0%B4.jpg,Ukraine,https://en.wikipedia.org/wiki/Ostroh,50.333333333,26.516666666
Q145957,Shpola,cities,http://commons.wikimedia.org/wiki/Special:FilePath/%D0%9F%D0%B0%D0%BC%D1%8F%D1%82%D0%BD%D0%B8%D0%BA%20%D0%A2.%D0%A8%D0%B5%D0%B2%D1%87%D0%B5%D0%BD%D0%BA%D1%83%20%D0%B2%20%D0%A8%D0%BF%D0%BE%D0%BB%D1%96%2C%20%D0%A7%D0%B5%D1%80%D0%BA%D0%B0%D1%89%D0%B8%D0%BD%D0%B0.TIF,Ukraine,https://en.wikipedia.org/wiki/Shpola,49.033333333,31.416666666
Q146450,Halych,cities,http://commons.wikimedia.org/wiki/Special:FilePath/Halych%20%2812%29.jpg,Ukraine,https://en.wikipedia.org/wiki/Halych,49.112777777,24.721666666
Q146453,Kalush,cities,http://commons.wikimedia.org/wiki/Special:FilePath/%D0%9A%D0%BE%D0%BB%D0%B0%D0%B6%20%D0%9A%D0%B0%D0%BB%D1%83%D1%88.jpg,Ukraine,"https://en.wikipedia.org/wiki/Kalush,_Ukraine",49.044166666,24.359722222
Q146474,Irshava,cities,http://commons.wikimedia.org/wiki/Special:FilePath/%D0%9F%D0%B0%D0%BD%D0%BE%D1%80%D0%B0%D0%BC%D0%B0%20%D0%86%D1%80%D1%88%D0%B0%D0%B2%D0%B8%2019.12.2009.jpg,Ukraine,https://en.wikipedia.org/wiki/Irshava,48.317222222,23.0375
Q146510,Rakhiv,cities,http://commons.wikimedia.org/wiki/Special:FilePath/Rakhiv.jpg,Ukraine,https://en.wikipedia.org/wiki/Rakhiv,48.05,24.216666666
Q146516,Tiachiv,cities,http://commons.wikimedia.org/wiki/Special:FilePath/Tiachiv%20Panorama%20%285668-5670%29.jpg,Ukraine,https://en.wikipedia.org/wiki/Tiachiv,48.011388888,23.572222222
Q146542,Perechyn,cities,http://commons.wikimedia.org/wiki/Special:FilePath/Perechyn1.JPG,Ukraine,https://en.wikipedia.org/wiki/Perechyn,48.733333333,22.466666666
Q146551,Svaliava,cities,http://commons.wikimedia.org/wiki/Special:FilePath/Svaliava%20Aerial%20View%202019.jpg,Ukraine,https://en.wikipedia.org/wiki/Svaliava,48.547222222,22.986111111
Q146557,Burshtyn,cities,http://commons.wikimedia.org/wiki/Special:FilePath/%D0%A3%D0%BA%D1%80%D0%B0%D1%97%D0%BD%D0%B0%20I%D0%B2%D0%B0%D0%BD%D0%BE-%D0%A4%D1%80%D0%B0%D0%BD%D0%BAi%D0%B2%D1%81%D1%8C%D0%BA%D0%B0%20%D0%BE%D0%B1%D0%BB.%20%D0%BCi%D1%81%D1%82%D0%BE%20%D0%91%D1%83%D1%80%D1%88%D1%82%D0%B8%D0%BD.jpg,Ukraine,https://en.wikipedia.org/wiki/Burshtyn,49.26,24.635
Q147292,Ustyluh,cities,http://commons.wikimedia.org/wiki/Special:FilePath/Ustyluh%20Volodymyr-Volynskyi%20Volynska-Saints%20Peter%20and%20Paul%20church-south-west%20view.jpg,Ukraine,https://en.wikipedia.org/wiki/Ustyluh,50.86,24.1569
Q147739,Izmail,cities,http://commons.wikimedia.org/wiki/Special:FilePath/%D0%9A%D0%B0%D1%84%D0%B5%D0%B4%D1%80%D0%B0%D0%BB%D1%8C%D0%BD%D0%B8%D0%B9%20%D1%81%D0%BE%D0%B1%D0%BE%D1%80%20%D0%9F%D0%BE%D0%BA%D1%80%D0%BE%D0%B2%D0%B0%20%D0%9F%D1%80%D0%B5%D1%81%D0%B2%D1%8F%D1%82%D0%BE%D1%97%20%D0%91%D0%BE%D0%B3%D0%BE%D1%80%D0%BE%D0%B4%D0%B8%D1%86%D1%96%20%D1%96%20%D0%BF%D1%80%D0%B8%D0%B4%D1%96%D0%BB%D1%8C%D0%BD%D0%B0%20%D1%86%D0%B5%D1%80%D0%BA%D0%B2%D0%B0%20%D0%A1%D0%B2.%20%D0%9C%D0%B8%D0%BA%D0%BE%D0%BB%D0%B0%D1%8F.jpg,Ukraine,https://en.wikipedia.org/wiki/Izmail,45.341778,28.834556
Q147741,Hertsa,cities,http://commons.wikimedia.org/wiki/Special:FilePath/Herca%20Spyrydonivska%20cerkva.jpg,Ukraine,https://en.wikipedia.org/wiki/Hertsa,48.15,26.25
Q147747,Storozhynets,cities,http://commons.wikimedia.org/wiki/Special:FilePath/Storozhynets%20ratusz%20DSC%205963%2073-245-0005.jpg,Ukraine,https://en.wikipedia.org/wiki/Storozhynets,48.159722222,25.715
Q148473,Chortkiv,cities,http://commons.wikimedia.org/wiki/Special:FilePath/%D0%A7%D0%BE%D1%80%D1%82%D0%BA%D1%96%D0%B2%20-%20%D0%A2%D1%80%D0%B0%D0%B2%D0%B5%D0%BD%D1%8C%202018.jpg,Ukraine,https://en.wikipedia.org/wiki/Chortkiv,49.016666666,25.8
Q148890,Kivertsi,cities,http://commons.wikimedia.org/wiki/Special:FilePath/Kiwerce%20dworzec%20kolejowy.jpg,Ukraine,https://en.wikipedia.org/wiki/Kivertsi,50.833055555,25.461388888
Q148896,Rozhyshche,cities,http://commons.wikimedia.org/wiki/Special:FilePath/Rozhysche%20Mykhaylivs%27ka%20Tserkva%2002%20%28YDS%207328%29.jpg,Ukraine,https://en.wikipedia.org/wiki/Rozhyshche,50.913055555,25.27
Q148910,Berezne,cities,http://commons.wikimedia.org/wiki/Special:FilePath/Berezne%20Church.JPG,Ukraine,https://en.wikipedia.org/wiki/Berezne,51.0,26.75
Q148909,Andrushivka,cities,http://commons.wikimedia.org/wiki/Special:FilePath/%D0%A1%D0%B0%D0%B4%D0%B8%D0%B1%D0%B0%20%D0%A2%D0%B5%D1%80%D0%B5%D1%89%D0%B5%D0%BD%D0%BA%D1%96%D0%B2%2C%20%D0%90%D0%BD%D0%B4%D1%80%D1%83%D1%88%D1%96%D0%B2%D0%BA%D0%B0.jpg,Ukraine,https://en.wikipedia.org/wiki/Andrushivka,50.016666666,29.016666666
Q148917,Baranivka,cities,http://commons.wikimedia.org/wiki/Special:FilePath/%D0%9A%D0%BE%D1%81%D1%82%D1%8C%D0%BE%D0%BB-%D0%91%D0%B0%D1%80%D0%B0%D0%BD%D1%96%D0%B2%D0%BA%D0%B0.JPG,Ukraine,"https://en.wikipedia.org/wiki/Baranivka,_Zhytomyr_Oblast",50.3,27.666666666
Q148923,Borshchiv,cities,http://commons.wikimedia.org/wiki/Special:FilePath/Borschiv%20montage.png,Ukraine,https://en.wikipedia.org/wiki/Borshchiv,48.802385274,26.040006814
Q161909,Iłowa,cities,http://commons.wikimedia.org/wiki/Special:FilePath/Pa%C5%82ac%20w%20I%C5%82owej.jpg,Poland,https://en.wikipedia.org/wiki/I%C5%82owa,51.501944444,15.205833333
Q170322,Qingdao,cities,http://commons.wikimedia.org/wiki/Special:FilePath/%E9%9D%92%E5%B2%9B%E6%B9%9B%E5%B1%B1%E5%8F%8A%E5%A4%AA%E5%B9%B3%E5%B1%B1%E4%BF%AF%E7%9E%B0%202018-10-10.jpg,People's Republic of China,https://en.wikipedia.org/wiki/Qingdao,36.116666666,120.4
Q281494,Entremont,cities,http://commons.wikimedia.org/wiki/Special:FilePath/Entremont%20-%20Habitat%201%20%28ville%20haute%29%2005%20%282007%29.jpg,France,https://en.wikipedia.org/wiki/Entremont_(oppidum),43.55222222,5.43916667
Q428756,Heuneburg,cities,http://commons.wikimedia.org/wiki/Special:FilePath/Heuneburg.jpg,Germany,https://en.wikipedia.org/wiki/Heuneburg,48.094722222,9.411944444
Q515932,Agedincum,cities,http://commons.wikimedia.org/wiki/Special:FilePath/Sens%20mosa%C3%AFque.jpg,France,,48.2,3.283333333
Q564771,Glauberg,cities,http://commons.wikimedia.org/wiki/Special:FilePath/Grabhugel%20Glauberg.JPG,Germany,https://en.wikipedia.org/wiki/Glauberg,50.305556,9.008611
Q564775,Oppidum of Manching,cities,http://commons.wikimedia.org/wiki/Special:FilePath/Oppidium%20Manching%20Osttor%20Modell.jpg,Germany,https://en.wikipedia.org/wiki/Oppidum_of_Manching,48.7167,11.5167
Q603603,Jastres-nord,cities,http://commons.wikimedia.org/wiki/Special:FilePath/Ruine%20de%20l%27Oppidum%20de%20Jastres.JPG,France,,44.61,4.41
Q650053,Bibracte,cities,http://commons.wikimedia.org/wiki/Special:FilePath/Bibracte%20%28Mont%20Beuvray%29%2017.jpg,France,https://en.wikipedia.org/wiki/Bibracte,46.923055555,4.0375
Q683705,New York metropolitan area,cities,http://commons.wikimedia.org/wiki/Special:FilePath/A%20view%20of%20New%20York%20City%20with%20the%20Empire%20State%20Building%20and%20One%20World%20Trade%20Center%20from%20the%20Rockefeller%20Center.jpg,United States,https://en.wikipedia.org/wiki/New_York_metropolitan_area,40.808611111,-74.020277777
Q775166,Gondole,cities,http://commons.wikimedia.org/wiki/Special:FilePath/Gondole%20Fouilles.JPG,France,,45.7225,3.187222
Q835966,Alesia,cities,http://commons.wikimedia.org/wiki/Special:FilePath/Vue%20a%C3%A9rienne%20vestiges%20Al%C3%A9sia.jpg,France,https://en.wikipedia.org/wiki/Alesia_(city),47.539166666,4.500555555
Q856700,Bibrax,cities,http://commons.wikimedia.org/wiki/Special:FilePath/Camp%20de%20st%20Thomas%2035143.jpg,France,https://en.wikipedia.org/wiki/Bibrax,49.0,3.0
Q998798,Greater Buenos Aires,cities,http://commons.wikimedia.org/wiki/Special:FilePath/NASA%20ISS006-E-24987.jpg,Argentina,https://en.wikipedia.org/wiki/Greater_Buenos_Aires,-34.6083,-58.3719
Q1016103,Burgus Ahegg,cities,http://commons.wikimedia.org/wiki/Special:FilePath/Burgus3.JPG,Germany,,47.71,10.2503
Q1016105,Q1016105,cities,http://commons.wikimedia.org/wiki/Special:FilePath/Goch%20Asperden%20Glasofen%20am%20Burgus.JPG,Germany,,51.7131,6.09306
Q1016110,Burgus of Bač-Bács,cities,http://commons.wikimedia.org/wiki/Special:FilePath/Burgus%20ladenburg%20modell.jpg,Serbia,,45.34559444,19.23398333
Q1016109,Burgus Budakalász-Luppa csárda,cities,http://commons.wikimedia.org/wiki/Special:FilePath/Budakal%C3%A1sz%20burgus.png,Hungary,,47.62231111,19.08516944
Q1016115,Q1016115,cities,http://commons.wikimedia.org/wiki/Special:FilePath/Burgus%20Finningen%20Neu-Ulm%20Bayern.png,Germany,,48.3824,10.0769
Q1016113,Q1016113,cities,http://commons.wikimedia.org/wiki/Special:FilePath/Burgus%20Hirschleitengraben%20%28Ruine%20r%C3%B6mischer%20Wachturm%20K%C3%BCrnberger%20Wald%29.jpg,Austria,,48.3239,14.1906
Q1016118,Q1016118,cities,http://commons.wikimedia.org/wiki/Special:FilePath/Hollenburg%20Hausberg%20Bertholdstein.JPG,Austria,,48.37975,15.68147
Q1016117,Burgus Dunakömlőd,cities,http://commons.wikimedia.org/wiki/Special:FilePath/Dunak%C3%B6ml%C5%91d%20l%C3%A9gifot%C3%B34.jpg,Hungary,,46.63911,18.887684
Q1016120,Burgus Leányfalu,cities,http://commons.wikimedia.org/wiki/Special:FilePath/Burgus%20Le%C3%A1nyfalu%20-%20Burgus%20Cirpi%202%20-%20Blick%20von%20S%C3%BCden.jpg,Hungary,,47.71714444,19.0885
Q1016124,Burgus Szigetmonostor-Horány,cities,http://commons.wikimedia.org/wiki/Special:FilePath/Burgus%20Szigetmonostor-Hor%C3%A1ny%20-%203.jpg,Hungary,,47.65848,19.11246
Q1016128,Q1016128,cities,http://commons.wikimedia.org/wiki/Special:FilePath/Ybbs%20Reste%20Sp%C3%A4tantikes%20Kleinkastell%2001.jpg,Austria,,48.1667,15.0667
Q1027253,Calleva Atrebatum,cities,http://commons.wikimedia.org/wiki/Special:FilePath/Silchester%20Roman%20city%20walls%2021.jpg,United Kingdom,https://en.wikipedia.org/wiki/Calleva_Atrebatum,51.3573,-1.0829
Q1290232,Uxellodunum,cities,http://commons.wikimedia.org/wiki/Special:FilePath/Plan%20d%27Uxellodunum%20%28Puy%20d%27Issolu%29%20-1.jpg,France,https://en.wikipedia.org/wiki/Uxellodunum,44.95,1.69722222
Q1341754,Q1341754,cities,http://commons.wikimedia.org/wiki/Special:FilePath/Engehalbinsel%20R%C3%B6mertheater%20von%20oben.jpg,Switzerland,,46.975,7.453333333
Q1458146,Ambrussum,cities,http://commons.wikimedia.org/wiki/Special:FilePath/Ambrussum%20voies%20marqu%C3%A9es%2010-04-2006.jpg,France,https://en.wikipedia.org/wiki/Ambrussum,43.719166666,4.148055555
Q1463952,Titelberg,cities,http://commons.wikimedia.org/wiki/Special:FilePath/Titelberg%20west%2007.jpg,Luxembourg,https://en.wikipedia.org/wiki/Titelberg,49.5375,5.8625
Q1494290,Mont-Terri (prehistoric settlement/medieval castle),cities,http://commons.wikimedia.org/wiki/Special:FilePath/Mont%20Terri.JPG,Switzerland,https://en.wikipedia.org/wiki/Mont-Terri_Castle,47.39157,7.16106
Q1639663,Oppidum Finsterlohr,cities,http://commons.wikimedia.org/wiki/Special:FilePath/Keltenwall131011%2026wall.jpg,Germany,,49.4354,10.1161
Q1660449,Le Cheslé,cities,http://commons.wikimedia.org/wiki/Special:FilePath/Reconstitution%20porte.JPG,Belgium,,50.16333,5.6472
Q1920699,Menosgada,cities,http://commons.wikimedia.org/wiki/Special:FilePath/Staffelberg%20Hochplateau%20006.JPG,Germany,https://en.wikipedia.org/wiki/Menosgada,50.0922,11.0247
Q2027146,Oppidum Steinsburg,cities,http://commons.wikimedia.org/wiki/Special:FilePath/Steinsburg-022.jpg,Germany,https://en.wikipedia.org/wiki/Oppidum_Steinsburg,50.412091,10.592884
Q2027149,Oppidum Üetliberg,cities,http://commons.wikimedia.org/wiki/Special:FilePath/Z%C3%BCrich%20-%20Uetliberg%20Reste%20innerer%20%26%20%C3%A4usserer%20Wall.jpg,Switzerland,https://en.wikipedia.org/wiki/Oppidum_Uetliberg,47.3494,8.49083
Q2027152,Oppidum Mont Vully,cities,http://commons.wikimedia.org/wiki/Special:FilePath/Mont%20Vully%20Helvetian%20Fortification%20Aug%202011.jpg,Switzerland,,46.963966,7.093995
Q2240221,Bechyně Castle,cities,http://commons.wikimedia.org/wiki/Special:FilePath/Z%C3%A1mek%20Bechyn%C4%9B%20L%20crop.jpg,Czech Republic,,49.29150556,14.46808333
Q2664521,Kastell Burgsalach,cities,http://commons.wikimedia.org/wiki/Special:FilePath/Burgus%20Burgsalach.jpg,Germany,,49.01638,11.07939
Q2710144,Cenabum,cities,http://commons.wikimedia.org/wiki/Special:FilePath/Inscription%20Cenab%20Orl%C3%A9ans.jpg,France,https://en.wikipedia.org/wiki/Cenabum,47.9025,1.909
Q2741490,Kleinkastell Oberranna,cities,http://commons.wikimedia.org/wiki/Special:FilePath/Oberranna%20%28Burgus-3%29.JPG,Austria,,48.4715,13.7737
Q2860982,Argentomagus,cities,http://commons.wikimedia.org/wiki/Special:FilePath/Le%20th%C3%A9%C3%A2tre%20romain%20Saint-Marcel%20%28Indre%29.JPG,France,https://en.wikipedia.org/wiki/Argentomagus,46.600388888,1.515027777
Q2935234,Camp d'Affrique,cities,http://commons.wikimedia.org/wiki/Special:FilePath/Cite%20Affrique2.jpg,France,,48.6189,6.145
Q2935237,Camp de Bierre,cities,http://commons.wikimedia.org/wiki/Special:FilePath/Camp%20de%20Bierre.jpg,France,,48.834167,-0.052222
Q2935296,Q2935296,cities,http://commons.wikimedia.org/wiki/Special:FilePath/Camp%20Pr%C3%A9historique%20Portes%20-%20Contrevoz%20%28FR01%29%20-%202022-06-12%20-%206.jpg,France,,45.7823,5.64446
Q2935313,Camp de César,cities,http://commons.wikimedia.org/wiki/Special:FilePath/Camp%20Cesar%20St%20Ave.JPG,France,,47.7103,-2.7222
Q3322302,Q3322302,cities,http://commons.wikimedia.org/wiki/Special:FilePath/Servoz%20%40%20Montvauthier%20%40%20Les%20Houches%20%2851251187078%29%20%28cropped%29.jpg,France,,45.930906,6.744589
Q3322814,Montlaurès,cities,http://commons.wikimedia.org/wiki/Special:FilePath/Oppidum%20de%20Montlaur%C3%A8s015.JPG,France,,43.21885,2.98367
Q3354352,Musée Archéologique du Pègue,cities,http://commons.wikimedia.org/wiki/Special:FilePath/Coupe%20%C3%A0%20vin%20de%20style%20r%C3%A9cent%20%28-%20500%20-%20450%29.JPG,France,,44.4316,5.0537
Q3354357,Oppidum d'Altimurium,cities,http://commons.wikimedia.org/wiki/Special:FilePath/Fouilles%20altimurium.JPG,France,https://en.wikipedia.org/wiki/Oppidum_d%27Altimurium,43.60898611,3.73460833
Q3354363,Oppidum du Cayla,cities,http://commons.wikimedia.org/wiki/Special:FilePath/Oppidum%20du%20Cayla%20porte%20sud%20%28zone140%29%20vue%20du%20Nord%20Est.jpg,France,,43.3098,2.82248
Q3354365,Oppidum of Corent,cities,http://commons.wikimedia.org/wiki/Special:FilePath/Base%20colonne%20Corent%202013%2010.JPG,France,,45.6647,3.18833
Q3354370,Oppidum of Moulay,cities,http://commons.wikimedia.org/wiki/Special:FilePath/Fouiles%20du%20grand%20oppidum%20de%20Moulay%2C%20habitation..jpg,France,https://en.wikipedia.org/wiki/Oppidum_of_Moulay,48.2719,-0.626944
Q3354369,Oppidum de Jastres-Sud,cities,http://commons.wikimedia.org/wiki/Special:FilePath/Mur%20d%27enceinte%20sud.JPG,France,,44.602,4.427
Q3354374,Oppidum de Murcens,cities,http://commons.wikimedia.org/wiki/Special:FilePath/A%20l%27entr%C3%A9e%20du%20site%20de%20l%27oppidum%20de%20Murcens%20-%20Lot%20-%20France.jpg,France,,44.3241,1.3331
Q3354378,Oppidum de Nages,cities,http://commons.wikimedia.org/wiki/Special:FilePath/Nages%20Oppidum%204006.JPG,France,https://en.wikipedia.org/wiki/Oppidum_de_Nages,43.7952,4.227
Q3354377,Oppidum de Pierredon à Éguilles,cities,http://commons.wikimedia.org/wiki/Special:FilePath/%C3%89guilles%20-%20Colline%20de%20Pierredon.jpg,France,,43.5576,5.3595
Q3354382,Oppidum de Mus,cities,http://commons.wikimedia.org/wiki/Special:FilePath/Oppidum%20de%20Mus%20-%20murs%20antiques%20%285%29.jpg,France,,43.963,3.9335
Q3354380,Oppidum de Saint-Blaise,cities,http://commons.wikimedia.org/wiki/Special:FilePath/Oppidum%20de%20Saint-Blaise.JPG,France,,43.4618,4.98262
Q3354390,Oppidum de la Roque,cities,http://commons.wikimedia.org/wiki/Special:FilePath/Fabr%C3%A8gues%20oppidum%20la%20Roque.jpg,France,,43.5553,3.8089
Q3354391,Baou de Saint-Marcel,cities,http://commons.wikimedia.org/wiki/Special:FilePath/Baou%20de%20Saint-Marcel-94.JPG,France,,43.2992,5.46694
Q3354389,Oppidum de la Fare,cities,http://commons.wikimedia.org/wiki/Special:FilePath/Oppidum%20de%20la%20Fare%20-%20Centre.jpg,France,,44.8641,4.3254
Q3354394,Oppidum du Châtelard (Courzieu),cities,http://commons.wikimedia.org/wiki/Special:FilePath/Courzieu%2C%20oppidum%20du%20Chatelard.jpg,France,,45.7346,4.60129
Q3354392,Oppidum des Caisses de Jean-Jean,cities,http://commons.wikimedia.org/wiki/Special:FilePath/Caisses%20Jean-Jean%203%20by%20Malost.JPG,France,,43.7115,4.87917
Q3354397,Oppidum du Poulailler,cities,http://commons.wikimedia.org/wiki/Special:FilePath/Land%C3%A9an%20-%20oppidum%20du%20Poulailler.jpg,France,,48.3889,-1.1944
Q3373902,Pech Maho,cities,http://commons.wikimedia.org/wiki/Special:FilePath/Vue%20a%C3%A9rienne%20v1.jpg,France,https://en.wikipedia.org/wiki/Pech_Maho,43.04568056,2.95622222
Q3477735,Segeda,cities,http://commons.wikimedia.org/wiki/Special:FilePath/Zona%20arqueol%C3%B3gica%20de%20Segeda%2C%20Belmonte%20de%20Graci%C3%A1n%2C%20Zaragoza%2C%20Espa%C3%B1a%2C%202017-01-05%2C%20DD%2014.jpg,Spain,https://en.wikipedia.org/wiki/Segeda,41.289132,-1.51768
Q3814961,Pintia,cities,http://commons.wikimedia.org/wiki/Special:FilePath/VacceanGraveAtPintiaSpain.JPG,Spain,https://en.wikipedia.org/wiki/Pintia,41.617777777,-4.17
Q4443275,Oppidum Stradonice,cities,http://commons.wikimedia.org/wiki/Special:FilePath/IMG%200101%20Stradonice1am.jpg,Czech Republic,,49.9925,14.00305556
Q5843680,Halicarnassus,cities,http://commons.wikimedia.org/wiki/Special:FilePath/The%20ruins%20of%20the%20Mausoleum%20at%20Halicarnassus.jpg,Turkey,https://en.wikipedia.org/wiki/Halicarnassus,37.035173,27.41724
Q6022349,Monte Bernorio's oppidum,cities,http://commons.wikimedia.org/wiki/Special:FilePath/Bernorio.JPG,Spain,,42.7939,-4.19278
Q6169529,La Covalta,cities,http://commons.wikimedia.org/wiki/Special:FilePath/Yacimiento%20de%20la%20Covalta.jpg,Spain,,38.805805555,-0.497777777
Q7380627,Rusaddir,cities,http://commons.wikimedia.org/wiki/Special:FilePath/Plaza%20de%20Armas%20y%20baluarte%20de%20San%20Pedro%2C%20Melilla.jpg,Spain,https://en.wikipedia.org/wiki/Rusadir,35.29222222,-2.96
Q7922962,Vertillum,cities,http://commons.wikimedia.org/wiki/Special:FilePath/Vertillum03.JPG,France,https://en.wikipedia.org/wiki/Vertillum,47.918887,4.346037
Q10418986,Arvika Town,cities,http://commons.wikimedia.org/wiki/Special:FilePath/ArvikaStadshus2.JPG,Sweden,,59.6578,12.5942
Q10423533,Q10423533,cities,http://commons.wikimedia.org/wiki/Special:FilePath/Avesta%20kommunhus%2001.jpg,Sweden,,60.144672,16.167428
Q10474985,Djursholms stad,cities,http://commons.wikimedia.org/wiki/Special:FilePath/Djursholms%20slott%20stor.JPG,Sweden,,59.397222222,18.0875
Q10520559,Helsingborg city,cities,http://commons.wikimedia.org/wiki/Special:FilePath/Helsingborg%20town%20hall.jpg,Sweden,,56.042411944,12.720996111
Q10527417,Huskvarna Town,cities,http://commons.wikimedia.org/wiki/Special:FilePath/Unionshuset%20Huskvarna%2001.jpg,Sweden,,57.7875,14.273611111
Q28041076,Q28041076,cities,http://commons.wikimedia.org/wiki/Special:FilePath/Lion%20en%20bronze%20mus%C3%A9e%20Emile%20Ch%C3%A9non.JPG,France,,46.56277778,2.20138889
Q28041138,Q28041138,cities,http://commons.wikimedia.org/wiki/Special:FilePath/Aumance%20%28Allier%29.JPG,France,,46.50944444,2.71222222
Q30314986,Qasr Usaykhim,cities,http://commons.wikimedia.org/wiki/Special:FilePath/Qasr%20Aseikhim.jpg,Jordan,https://en.wikipedia.org/wiki/Qasr_Usaykhim,31.945944444,36.952286111
Q37832395,Q37832395,cities,http://commons.wikimedia.org/wiki/Special:FilePath/Ybbs%20Reste%20Sp%C3%A4tantikes%20Kleinkastell%2001.jpg,Austria,,48.17781,15.08549
Q38150471,Hradiště Kolo,cities,http://commons.wikimedia.org/wiki/Special:FilePath/Hradi%C5%A1t%C4%9B%20Kolo%20-%20informa%C4%8Dn%C3%AD%20tabule%2001.jpg,Czech Republic,,50.045819,15.3735328
Q102118366,San Nicolás,cities,http://commons.wikimedia.org/wiki/Special:FilePath/Pamplona%20-%20Iglesia%20de%20San%20Nicol%C3%A1s%2005.JPG,Spain,,42.815871835,-1.645525106
Q108908360,La Chaussée-Tirancourt oppidum,cities,http://commons.wikimedia.org/wiki/Special:FilePath/Oppidum%20de%20La%20Chauss%C3%A9e-Tirancourt%2C%20lev%C3%A9e%20de%20terre%20et%20foss%C3%A9%20Sarrasin%2001.jpg,France,,49.9475,2.176666666
Q110300943,Heidenstadt,cities,http://commons.wikimedia.org/wiki/Special:FilePath/Ernolsheim%20Heidenstadt%20Lidar%20MNT%2001.jpg,France,,48.780623,7.362205
Q110881163,"Fryburg, Late Latène oppidum",cities,http://commons.wikimedia.org/wiki/Special:FilePath/2026-Roggwil-BE-Oppidum.jpg,Switzerland,,47.24702,7.82301
Q114645442,La Tranchée des Portes,cities,http://commons.wikimedia.org/wiki/Special:FilePath/Tranch%C3%A9e%20des%20portes2.jpg,Belgium,,49.636111111,5.629166666
Q115205363,Village of Irulegi,cities,http://commons.wikimedia.org/wiki/Special:FilePath/Irulegiko%20eskua%20-%20Nafarroako%20Gobernuaren%20irudi%20galeria%2014.jpg,Spain,,42.77879,-1.51439
Q118363056,Intxur,cities,http://commons.wikimedia.org/wiki/Special:FilePath/Intxurre%20-%20LIDAR.jpg,Spain,,43.115987195,-2.145287349
Q123377447,Q123377447,cities,http://commons.wikimedia.org/wiki/Special:FilePath/Rempart%20oppidum%20du%20Grand%20Clapier%2C%20C%C3%A9reste.jpg,France,,43.863611111,5.579444444
Q123570876,oppidum of Altikogaña,cities,http://commons.wikimedia.org/wiki/Special:FilePath/Altikoga%C3%B1a.jpg,Spain,,42.708546416,-2.060395027
Q124214570,Q124214570,cities,http://commons.wikimedia.org/wiki/Special:FilePath/Oppidum%20de%20Bramefan%20%282023%29.jpg,France,,43.53266,5.64577
Q125731339,Castellar oppidum,cities,http://commons.wikimedia.org/wiki/Special:FilePath/Oppidum%20du%20Castellar%20%28Cadenet%29%201.jpg,France,,43.73552,5.39807
Q135829368,Causse Oppidum,cities,http://commons.wikimedia.org/wiki/Special:FilePath/Oppidum%20du%20Rocher%20du%20Causse.jpg,France,,43.841334,3.870568
Q136667109,Q136667109,cities,http://commons.wikimedia.org/wiki/Special:FilePath/Est%C3%A0tua-estela%20de%20Turbil%2020180804%20125033.jpg,Spain,,42.47618822,-1.587204932
Q270,Warsaw,cities,http://commons.wikimedia.org/wiki/Special:FilePath/Castle%20Square%20%2822346p%29.jpg,Poland,https://en.wikipedia.org/wiki/Warsaw,52.23,21.011111111
Q269,Tashkent,cities,http://commons.wikimedia.org/wiki/Special:FilePath/Aerial%20view%20of%20Tashkent%2C%20Uzbekistan.JPG,Uzbekistan,https://en.wikipedia.org/wiki/Tashkent,41.311111111,69.279722222
Q279,Modena,cities,http://commons.wikimedia.org/wiki/Special:FilePath/Panorama%20modena%2009.jpg,Italy,https://en.wikipedia.org/wiki/Modena,44.64582,10.92572
Q334,Singapore,cities,http://commons.wikimedia.org/wiki/Special:FilePath/Raffles%20Place.jpg,Singapore,https://en.wikipedia.org/wiki/Singapore,1.3,103.8
Q340,Montreal,cities,http://commons.wikimedia.org/wiki/Special:FilePath/Montreal-canada-parc-urban.jpg,Canada,https://en.wikipedia.org/wiki/Montreal,45.5033426,-73.5868411
Q350,Cambridge,cities,http://commons.wikimedia.org/wiki/Special:FilePath/KingsCollegeChapelWest.jpg,United Kingdom,https://en.wikipedia.org/wiki/Cambridge,52.208055555,0.1225
Q365,Cologne,cities,http://commons.wikimedia.org/wiki/Special:FilePath/Stadtbild%20K%C3%B6ln%20%2850MP%29.jpg,Germany,https://en.wikipedia.org/wiki/Cologne,50.942222222,6.957777777
Q385,Gdynia,cities,http://commons.wikimedia.org/wiki/Special:FilePath/00%20sea%20towers%20%28April%202018%29.jpg,Poland,https://en.wikipedia.org/wiki/Gdynia,54.5175,18.54
Q393,Szczecin,cities,http://commons.wikimedia.org/wiki/Special:FilePath/Szczecin%20aerial%203a.jpg,Poland,https://en.wikipedia.org/wiki/Szczecin,53.424722222,14.555277777
Q406,Istanbul,cities,http://commons.wikimedia.org/wiki/Special:FilePath/Istanbul%20Montage%202016.png,Turkey,https://en.wikipedia.org/wiki/Istanbul,41.01,28.960277777
Q438,Vrhnika,cities,http://commons.wikimedia.org/wiki/Special:FilePath/Vrhnika%3B%20view%20along%20Tr%C5%BEa%C5%A1ka%20Street%20from%20Dr%C4%8Da.jpg,Slovenia,https://en.wikipedia.org/wiki/Vrhnika,45.962222222,14.293611111
Q439,Wąchock,cities,http://commons.wikimedia.org/wiki/Special:FilePath/2023-05%20W%C4%85chock%20%2814%29.jpg,Poland,https://en.wikipedia.org/wiki/W%C4%85chock,51.074166666,21.013611111
Q436,Szczebrzeszyn,cities,http://commons.wikimedia.org/wiki/Special:FilePath/PL%20Szczebrzeszyn%20church%205.jpg,Poland,https://en.wikipedia.org/wiki/Szczebrzeszyn,50.7,22.966666666
Q437,Ljubljana,cities,http://commons.wikimedia.org/wiki/Special:FilePath/2021-07-28%20Ljubljana-0881.jpg,Slovenia,https://en.wikipedia.org/wiki/Ljubljana,46.051388888,14.506111111
Q472,Sofia,cities,http://commons.wikimedia.org/wiki/Special:FilePath/Russian%20church%20%2837591925970%29.jpg,Bulgaria,https://en.wikipedia.org/wiki/Sofia,42.697886,23.321726
Q490,Milan,cities,http://commons.wikimedia.org/wiki/Special:FilePath/Milano%2C%20Duomo%20with%20Milan%20Cathedral%20and%20Galleria%20Vittorio%20Emanuele%20II%2C%202016.jpg,Italy,https://en.wikipedia.org/wiki/Milan,45.466944444,9.19
Q546,Trieste,cities,http://commons.wikimedia.org/wiki/Special:FilePath/Trieste%20%2828766391880%29.jpg,Italy,https://en.wikipedia.org/wiki/Trieste,45.650277777,13.770277777
Q580,Łódź,cities,http://commons.wikimedia.org/wiki/Special:FilePath/%C5%81%C3%B3d%C5%BA%20Fabryczna%2C%202017.jpg,Poland,https://en.wikipedia.org/wiki/%C5%81%C3%B3d%C5%BA,51.75,19.466666666
Q586,Bonn,cities,http://commons.wikimedia.org/wiki/Special:FilePath/Altes%20Rathaus%20Bonn.jpg,Germany,https://en.wikipedia.org/wiki/Bonn,50.735277777,7.102222222
Q588,Katowice,cities,http://commons.wikimedia.org/wiki/Special:FilePath/Katowice%20Rynek.jpg,Poland,https://en.wikipedia.org/wiki/Katowice,50.25,19.0
Q598,Rzeszów,cities,http://commons.wikimedia.org/wiki/Special:FilePath/PL%20Rzesz%C3%B3w%2C%20ratusz%202021-05-04--11-00-20%20%28cropped%29.jpg,Poland,https://en.wikipedia.org/wiki/Rzesz%C3%B3w,50.041111111,21.998888888
Q612,Dubai,cities,http://commons.wikimedia.org/wiki/Special:FilePath/Dubai%20Skyline%20mit%20Burj%20Khalifa%20%28cropped%29.jpg,United Arab Emirates,https://en.wikipedia.org/wiki/Dubai,25.269722222,55.309444444
Q622,Ludwigsburg,cities,http://commons.wikimedia.org/wiki/Special:FilePath/Residenzschloss%20in%20Ludwigsburg%20%E2%80%94%20Luftaufnahme%202010.jpg,Germany,https://en.wikipedia.org/wiki/Ludwigsburg,48.8975,9.191944444
Q628,Bergamo,cities,http://commons.wikimedia.org/wiki/Special:FilePath/The%20Upper%20City%20of%20Bergamo.%20View%20from%20Via%20al%20Castello.%20Italy.jpg,Italy,https://en.wikipedia.org/wiki/Bergamo,45.695,9.67
Q641,Venice,cities,http://commons.wikimedia.org/wiki/Special:FilePath/Venice%20Old%20Town%20Lagoon%20Aerial%20View.jpg,Italy,https://en.wikipedia.org/wiki/Venice,45.439722222,12.331944444
Q644,Sharm el-Sheikh,cities,http://commons.wikimedia.org/wiki/Special:FilePath/Sharm%20El%20Sheikh%20Panoramic.jpg,Egypt,https://en.wikipedia.org/wiki/Sharm_El_Sheikh,27.851944444,34.305
Q649,Moscow,cities,http://commons.wikimedia.org/wiki/Special:FilePath/Saint%20Basil%27s%20Cathedral%20and%20the%20Red%20Square.jpg,Russia,https://en.wikipedia.org/wiki/Moscow,55.750555555,37.6175
Q656,Saint Petersburg,cities,http://commons.wikimedia.org/wiki/Special:FilePath/Peter%20%26%20Paul%20fortress%20in%20SPB%2003.jpg,Russia,https://en.wikipedia.org/wiki/Saint_Petersburg,59.95,30.316666666
Q727,Amsterdam,cities,http://commons.wikimedia.org/wiki/Special:FilePath/Amsterdam%20airphoto.jpg,Netherlands,https://en.wikipedia.org/wiki/Amsterdam,52.366666666,4.883333333
Q749,Groningen,cities,http://commons.wikimedia.org/wiki/Special:FilePath/Hoge%20der%20Aa2.jpg,Netherlands,https://en.wikipedia.org/wiki/Groningen,53.218888888,6.5675
Q761,Białystok,cities,http://commons.wikimedia.org/wiki/Special:FilePath/Bazylika%20w%20Bia%C5%82ymstoku%20-%20Emilia%20Ernst.jpg,Poland,https://en.wikipedia.org/wiki/Bia%C5%82ystok,53.132355821,23.168672448
Q798,Assen,cities,http://commons.wikimedia.org/wiki/Special:FilePath/AssenMarkt.JPG,Netherlands,https://en.wikipedia.org/wiki/Assen,52.995277777,6.560555555
Q802,Nowy Sącz,cities,http://commons.wikimedia.org/wiki/Special:FilePath/Nowy%20S%C4%85cz%20ratusz.jpg,Poland,https://en.wikipedia.org/wiki/Nowy_S%C4%85cz,49.625,20.695555555
Q875,Abakan,cities,http://commons.wikimedia.org/wiki/Special:FilePath/Abakan%20017.jpg,Russia,https://en.wikipedia.org/wiki/Abakan,53.716666666,91.416666666
Q906,Chelyabinsk,cities,http://commons.wikimedia.org/wiki/Special:FilePath/Views%20from%20360%C2%B0%20Ferris%20Wheel%20in%20Chelyabinsk%20%28August%202025%29%20-%200%209.jpg,Russia,https://en.wikipedia.org/wiki/Chelyabinsk,55.15,61.4
Q959,Vladivostok,cities,http://commons.wikimedia.org/wiki/Special:FilePath/Views%20of%20Vladivostok%20%28October%202024%29-0%203.jpg,Russia,https://en.wikipedia.org/wiki/Vladivostok,43.115,131.885277777
Q956,Beijing,cities,http://commons.wikimedia.org/wiki/Special:FilePath/Skyline%20of%20Beijing%20CBD%20with%20B-5906%20approaching%20%2820211016171955%29.jpg,People's Republic of China,https://en.wikipedia.org/wiki/Beijing,39.90403,116.407526
Q994,Tbilisi,cities,http://commons.wikimedia.org/wiki/Special:FilePath/View%20of%20Tbilisi%20from%20Tabori%20Church%202023-10-08-2.jpg,Georgia,https://en.wikipedia.org/wiki/Tbilisi,41.7225,44.7925
Q995,Appingedam,cities,http://commons.wikimedia.org/wiki/Special:FilePath/The%20hanging%20kitchens%20of%20Appingedam%20De%20hangende%20keukens%20van%20Appingedam%20%286172038068%29.jpg,Netherlands,https://en.wikipedia.org/wiki/Appingedam,53.316666666,6.866666666
Q1015,Koper,cities,http://commons.wikimedia.org/wiki/Special:FilePath/BEAUTIFUL%20PANORAMIC%20KOPER%2C%20avtor%20Ubald%20Trnkoczy%20-%20Copy.jpg,Slovenia,https://en.wikipedia.org/wiki/Koper,45.547542728,13.7306571
Q1012,Celje,cities,http://commons.wikimedia.org/wiki/Special:FilePath/Celje%202016.jpg,Slovenia,https://en.wikipedia.org/wiki/Celje,46.22909194,15.264128741
Q1021,Kranj,cities,http://commons.wikimedia.org/wiki/Special:FilePath/Kranj%20-%202019-04-21%2001.jpg,Slovenia,https://en.wikipedia.org/wiki/Kranj,46.23887,14.35561
Q1055,Hamburg,cities,http://commons.wikimedia.org/wiki/Special:FilePath/Hamburg%20view%20St.%20Nikolai.jpg,Germany,https://en.wikipedia.org/wiki/Hamburg,53.55,10.0
Q1083,Salerno,cities,http://commons.wikimedia.org/wiki/Special:FilePath/SalernoCanalone.jpg,Italy,https://en.wikipedia.org/wiki/Salerno,40.680555555,14.759444444
Q1154,Jamnagar,cities,http://commons.wikimedia.org/wiki/Special:FilePath/Lakhota%20Tower%20in%20evening%20by%20Rangilo.JPG,India,https://en.wikipedia.org/wiki/Jamnagar,22.47,70.07
Q1156,Mumbai,cities,http://commons.wikimedia.org/wiki/Special:FilePath/Panoramic%20view%20of%20Taj%20Palace%20Hotel%20and%20Taj%20Tower%20with%20the%20iconic%20Gateway%20of%20India%20in%20the%20background%20%28cropped%29.jpg,India,https://en.wikipedia.org/wiki/Mumbai,19.075833333,72.8775
Q1218,Jerusalem,cities,http://commons.wikimedia.org/wiki/Special:FilePath/Dome%20of%20the%20Rock%20seen%20from%20the%20Mount%20of%20Olives%20%2812395649153%29%20%28cropped%29.jpg,Israel,https://en.wikipedia.org/wiki/Jerusalem,31.776679,35.234156
Q1305,Wageningen,cities,http://commons.wikimedia.org/wiki/Special:FilePath/Wageningen%20old%20city%20ruins.JPG,Netherlands,https://en.wikipedia.org/wiki/Wageningen,51.964444444,5.663055555
Q1310,Arnhem,cities,http://commons.wikimedia.org/wiki/Special:FilePath/Arnhem%20river%202003%2001.jpg,Netherlands,https://en.wikipedia.org/wiki/Arnhem,51.983333333,5.916666666
Q1308,Como,cities,http://commons.wikimedia.org/wiki/Special:FilePath/Como%20and%20its%20lake.jpg,Italy,https://en.wikipedia.org/wiki/Como,45.81025,9.086138888
Q1341,Tolyatti,cities,http://commons.wikimedia.org/wiki/Special:FilePath/Komsomolsky%20district%2C%20Tolyatti%2C%20Russia.JPG,Russia,https://en.wikipedia.org/wiki/Tolyatti,53.516666666,49.416666666
Q1348,Kolkata,cities,http://commons.wikimedia.org/wiki/Special:FilePath/Ketan%20donate4.jpg,India,https://en.wikipedia.org/wiki/Kolkata,22.5675,88.37
Q1354,Dhaka,cities,http://commons.wikimedia.org/wiki/Special:FilePath/Dhaka%20skyline1.jpg,Bangladesh,https://en.wikipedia.org/wiki/Dhaka,23.728888888,90.394444444
Q1355,Bengaluru,cities,http://commons.wikimedia.org/wiki/Special:FilePath/UB%20City.jpg,India,https://en.wikipedia.org/wiki/Bengaluru,12.9791198,77.5912997
Q1353,Delhi,cities,http://commons.wikimedia.org/wiki/Special:FilePath/Red%20Fort%20in%20Delhi%2003-2016%20img3.jpg,India,https://en.wikipedia.org/wiki/Delhi,28.666666666,77.216666666
Q1361,Hyderabad,cities,http://commons.wikimedia.org/wiki/Special:FilePath/Hyderabad%20Montage%202020.jpg,India,https://en.wikipedia.org/wiki/Hyderabad,17.361666666,78.474722222
Q1382,Piran,cities,http://commons.wikimedia.org/wiki/Special:FilePath/Piran%20old%20town.jpg,Slovenia,https://en.wikipedia.org/wiki/Piran,45.527107649,13.568531066
Q1461,Manila,cities,http://commons.wikimedia.org/wiki/Special:FilePath/Big%20Manila.jpg,Philippines,https://en.wikipedia.org/wiki/Manila,14.595833333,120.977222222
Q1490,Tokyo,cities,http://commons.wikimedia.org/wiki/Special:FilePath/Skyscrapers%20of%20Shinjuku%202009%20January%20%28revised%29.jpg,Japan,https://en.wikipedia.org/wiki/Tokyo,35.689444444,139.691666666
Q1491,La Paz,cities,http://commons.wikimedia.org/wiki/Special:FilePath/La%20Paz-center.jpg,Bolivia,https://en.wikipedia.org/wiki/La_Paz,-16.495833333,-68.133333333
Q1489,Mexico City,cities,http://commons.wikimedia.org/wiki/Special:FilePath/Sobrevuelos%20CDMX%20HJ2A5091%20%2840386338731%29.jpg,Mexico,https://en.wikipedia.org/wiki/Mexico_City,19.353773,-99.13589
Q1519,Abu Dhabi,cities,http://commons.wikimedia.org/wiki/Special:FilePath/%D0%90%D0%B1%D1%83-%D0%94%D0%B0%D0%B1%D0%B8%20%28Abu%20Dhabi%29%20-%20panoramio%20%281%29.jpg,United Arab Emirates,https://en.wikipedia.org/wiki/Abu_Dhabi,24.451111111,54.396944444
Q1524,Athens,cities,http://commons.wikimedia.org/wiki/Special:FilePath/Akropolis%202015.jpg,Greece,https://en.wikipedia.org/wiki/Athens,37.984166666,23.728055555
Q1726,Munich,cities,http://commons.wikimedia.org/wiki/Special:FilePath/Stadtbild%20M%C3%BCnchen.jpg,Germany,https://en.wikipedia.org/wiki/Munich,48.1375,11.575
Q1741,Vienna,cities,http://commons.wikimedia.org/wiki/Special:FilePath/Wien%20katedra%20sw%20Szczepana%20widok%20z%20wiezy%206.jpg,Austria,https://en.wikipedia.org/wiki/Vienna,48.208333333,16.3725
Q1757,Helsinki,cities,http://commons.wikimedia.org/wiki/Special:FilePath/Helsinki%20Lutheran%20Cathedral%20%28panoraaman%C3%A4k%C3%B6ala%29-2%20%28s%C3%A4%C3%A4t%C3%B6%29.jpg,Finland,https://en.wikipedia.org/wiki/Helsinki,60.170833333,24.9375
Q1854,Ho Chi Minh City,cities,http://commons.wikimedia.org/wiki/Special:FilePath/Ho%20Chi%20Minh%20City%20Skyline.jpg,Vietnam,https://en.wikipedia.org/wiki/Ho_Chi_Minh_City,10.775555555,106.701944444
Q1861,Bangkok,cities,http://commons.wikimedia.org/wiki/Special:FilePath/Temple%20of%20the%20Emerald%20of%20buddha%20or%20Wat%20Phra%20Kaew%20%28cropped%29.jpg,Thailand,https://en.wikipedia.org/wiki/Bangkok,13.75,100.516666666
Q1874,Odesa,cities,http://commons.wikimedia.org/wiki/Special:FilePath/Odesa-Montage-2016.png,Ukraine,https://en.wikipedia.org/wiki/Odesa,46.47747,30.73262
Q1899,Kyiv,cities,http://commons.wikimedia.org/wiki/Special:FilePath/Kyiv%20%28234807751%29.jpeg,Ukraine,https://en.wikipedia.org/wiki/Kyiv,50.45,30.523611111
Q2256,Birmingham,cities,http://commons.wikimedia.org/wiki/Special:FilePath/Birmingham-Skyline-from-Edgbaston-crop.jpg,United Kingdom,https://en.wikipedia.org/wiki/Birmingham,52.48,-1.9025
Q2868,Lima,cities,http://commons.wikimedia.org/wiki/Special:FilePath/Plaza%20Mayor%20de%20Lima-1.jpg,Peru,https://en.wikipedia.org/wiki/Lima,-12.06,-77.0375
Q3616,Tehran,cities,http://commons.wikimedia.org/wiki/Special:FilePath/North%20of%20tehran.jpg,Iran,https://en.wikipedia.org/wiki/Tehran,35.688888888,51.389722222
Q3630,Jakarta,cities,http://commons.wikimedia.org/wiki/Special:FilePath/Jakarta.jpg,Indonesia,https://en.wikipedia.org/wiki/Jakarta,-6.175277777,106.826944444
Q3838,Kinshasa,cities,http://commons.wikimedia.org/wiki/Special:FilePath/Vue%20Kinshasa.jpg,Democratic Republic of the Congo,https://en.wikipedia.org/wiki/Kinshasa,-4.321944444,15.311944444
Q5826,Xi'an,cities,http://commons.wikimedia.org/wiki/Special:FilePath/%E8%A5%BF%E5%AE%89%E9%92%9F%E6%A5%BC2020%20%281%29.jpg,People's Republic of China,https://en.wikipedia.org/wiki/Xi%27an,34.261111111,108.942222222
Q7525,Sevastopol,cities,http://commons.wikimedia.org/wiki/Special:FilePath/Sevastopol%20Collage%202015.png,Russia,https://en.wikipedia.org/wiki/Sevastopol,44.605,33.5225
Q7830,Sudak,cities,http://commons.wikimedia.org/wiki/Special:FilePath/View%20of%20Sudak%20from%20Genoese%20Fortress.jpg,Russia,https://en.wikipedia.org/wiki/Sudak,44.851388888,34.9725
Q8660,Karachi,cities,http://commons.wikimedia.org/wiki/Special:FilePath/Karachi%20from%20above.jpg,Pakistan,https://en.wikipedia.org/wiki/Karachi,24.86,67.01
Q8673,Lagos,cities,http://commons.wikimedia.org/wiki/Special:FilePath/Skywater.jpg,Nigeria,https://en.wikipedia.org/wiki/Lagos,6.456111111,3.393611111
Q8678,Rio de Janeiro,cities,http://commons.wikimedia.org/wiki/Special:FilePath/Cidade%20Maravilhosa.jpg,Brazil,https://en.wikipedia.org/wiki/Rio_de_Janeiro,-22.911111111,-43.205555555
Q8686,Shanghai,cities,http://commons.wikimedia.org/wiki/Special:FilePath/20191222%E9%99%86%E5%AE%B6%E5%98%B4.jpg,People's Republic of China,https://en.wikipedia.org/wiki/Shanghai,31.2325,121.469166666
Q8684,Seoul,cities,http://commons.wikimedia.org/wiki/Special:FilePath/%EA%B2%BD%EB%B3%B5%EA%B6%81%20%EC%A0%84%EA%B2%BD.jpg,South Korea,https://en.wikipedia.org/wiki/Seoul,37.56,126.99
Q11725,Chongqing,cities,http://commons.wikimedia.org/wiki/Special:FilePath/Chongqing%2C%20China%20ESA23338300.jpeg,People's Republic of China,https://en.wikipedia.org/wiki/Chongqing,29.55,106.506944444
Q11739,Lahore,cities,http://commons.wikimedia.org/wiki/Special:FilePath/Eye%20Of%20Lahore%20%28Minar%20e%20Pakistan%29%20evening.jpg,Pakistan,https://en.wikipedia.org/wiki/Lahore,31.549722222,74.343611111
Q11736,Tianjin,cities,http://commons.wikimedia.org/wiki/Special:FilePath/Tianjin%2C%20China%20ESA15420167.jpeg,People's Republic of China,https://en.wikipedia.org/wiki/Tianjin,39.146666666,117.205555555
Q11751,Nagoya,cities,http://commons.wikimedia.org/wiki/Special:FilePath/Japan%20Nagoya.png,Japan,https://en.wikipedia.org/wiki/Nagoya,35.181388888,136.906388888
Q13580,Metro Manila,cities,http://commons.wikimedia.org/wiki/Special:FilePath/Iss047e099713%20lrg%20Manila.jpg,Philippines,https://en.wikipedia.org/wiki/Metro_Manila,14.583333333,121.0
Q15174,Shenzhen,cities,http://commons.wikimedia.org/wiki/Special:FilePath/The%20west%20panorama%20of%20Shenzhen2021.jpg,People's Republic of China,https://en.wikipedia.org/wiki/Shenzhen,22.546666666,114.054444444
Q16572,Guangzhou,cities,http://commons.wikimedia.org/wiki/Special:FilePath/Canton%20Tower%2020220626%20%28cropped%29.jpg,People's Republic of China,https://en.wikipedia.org/wiki/Guangzhou,23.13,113.26
Q16869,Constantinople,cities,http://commons.wikimedia.org/wiki/Special:FilePath/Byzantine%20Constantinople-en.png,Turkey,https://en.wikipedia.org/wiki/Constantinople,41.01224,28.976018
Q16978,Krymsk,cities,http://commons.wikimedia.org/wiki/Special:FilePath/KRYMSK%2C%20KRASNODAR%20REGION.jpg,Russia,https://en.wikipedia.org/wiki/Krymsk,44.933333333,38.0
Q17856,Ballarat,cities,http://commons.wikimedia.org/wiki/Special:FilePath/Aerialviewgardens.jpg,Australia,https://en.wikipedia.org/wiki/Ballarat,-37.560833333,143.8475
Q17895,Palmerston,cities,http://commons.wikimedia.org/wiki/Special:FilePath/Channel%20Island%20NT.jpg,Australia,"https://en.wikipedia.org/wiki/Palmerston,_Northern_Territory",-12.48602,130.9833
Q18021,Biella,cities,http://commons.wikimedia.org/wiki/Special:FilePath/Biella%20veduta.jpg,Italy,https://en.wikipedia.org/wiki/Biella,45.566388888,8.053333333
Q1858,Hanoi,cities,http://commons.wikimedia.org/wiki/Special:FilePath/Hanoi%20Skyline%20-%20NKS.jpg,Vietnam,https://en.wikipedia.org/wiki/Hanoi,21.0245,105.84117
Q1884,Düren,cities,http://commons.wikimedia.org/wiki/Special:FilePath/Rathaus%20D%C3%BCren-5502.jpg,Germany,https://en.wikipedia.org/wiki/D%C3%BCren,50.8031684,6.4820806
Q2948,Neuss,cities,http://commons.wikimedia.org/wiki/Special:FilePath/Neuss%2C%20Rathaus%202008.JPG,Germany,https://en.wikipedia.org/wiki/Neuss,51.200277777,6.693888888
Q2971,Paderborn,cities,http://commons.wikimedia.org/wiki/Special:FilePath/Paderborn%20Dom%20asv2024-05%20img13.jpg,Germany,https://en.wikipedia.org/wiki/Paderborn,51.716666666,8.766666666
Q3050,Recklinghausen,cities,http://commons.wikimedia.org/wiki/Special:FilePath/Recklinghausen%2C%20Rathaus%20--%202015%20--%207398.jpg,Germany,https://en.wikipedia.org/wiki/Recklinghausen,51.616666666,7.2
Q3117,Bergisch Gladbach,cities,http://commons.wikimedia.org/wiki/Special:FilePath/Bensberger%20Rathaus-2018-Bergisch%20Gladbach.jpg,Germany,https://en.wikipedia.org/wiki/Bergisch_Gladbach,50.991666666,7.136666666
Q3132,Moers,cities,http://commons.wikimedia.org/wiki/Special:FilePath/Moers%2C%20Schloss%2C%202024-07%20CN-01.jpg,Germany,https://en.wikipedia.org/wiki/Moers,51.459166666,6.619722222
Q3167,Siegen,cities,http://commons.wikimedia.org/wiki/Special:FilePath/Siegen%20-%20panoramio%20%289%29.jpg,Germany,https://en.wikipedia.org/wiki/Siegen,50.875555555,8.016666666
Q3764,Witten,cities,http://commons.wikimedia.org/wiki/Special:FilePath/Witten%2020090218.jpg,Germany,https://en.wikipedia.org/wiki/Witten,51.433333333,7.333333333
Q3771,Gütersloh,cities,http://commons.wikimedia.org/wiki/Special:FilePath/Veerhoffhaus%20G%C3%BCtersloh.jpg,Germany,https://en.wikipedia.org/wiki/G%C3%BCtersloh,51.9,8.383333333
Q3791,Ratingen,cities,http://commons.wikimedia.org/wiki/Special:FilePath/Ratingen.jpg,Germany,https://en.wikipedia.org/wiki/Ratingen,51.3,6.85
Q3813,Marl,cities,http://commons.wikimedia.org/wiki/Special:FilePath/Rathaus%20Marl.jpg,Germany,"https://en.wikipedia.org/wiki/Marl,_North_Rhine-Westphalia",51.666666666,7.116666666
Q3822,Lünen,cities,http://commons.wikimedia.org/wiki/Special:FilePath/Luenen%20lippebruecke.jpg,Germany,https://en.wikipedia.org/wiki/L%C3%BCnen,51.616666666,7.516666666
Q3840,Velbert,cities,http://commons.wikimedia.org/wiki/Special:FilePath/Forum%20Niederberg%20Velbert%2003.JPG,Germany,https://en.wikipedia.org/wiki/Velbert,51.340048,7.041629
Q3846,Minden,cities,http://commons.wikimedia.org/wiki/Special:FilePath/Minden%20ueber%20weser%20von%20norden.jpg,Germany,https://en.wikipedia.org/wiki/Minden,52.288333333,8.916666666
Q3886,Dorsten,cities,http://commons.wikimedia.org/wiki/Special:FilePath/Wallanlagen%20blick%20recklinghauser%20tor.jpg,Germany,https://en.wikipedia.org/wiki/Dorsten,51.66,6.964166666
Q3890,Rheine,cities,http://commons.wikimedia.org/wiki/Special:FilePath/Stadtkirche%20Sankt%20Dionysus%20Rheine.jpg,Germany,https://en.wikipedia.org/wiki/Rheine,52.283333333,7.433333333
Q3893,Lüdenscheid,cities,http://commons.wikimedia.org/wiki/Special:FilePath/Luedenscheid-Rathaus1-Bubo.JPG,Germany,https://en.wikipedia.org/wiki/L%C3%BCdenscheid,51.21977,7.6273
Q3898,Castrop-Rauxel,cities,http://commons.wikimedia.org/wiki/Special:FilePath/Altstadt%20Castrop%20mit%20Foerderturm%20Erin.jpg,Germany,https://en.wikipedia.org/wiki/Castrop-Rauxel,51.55,7.316666666
Q3902,Viersen,cities,http://commons.wikimedia.org/wiki/Special:FilePath/Viersen%20-%20Rathausmarkt%20-%20Stadthaus%2001%20ies.jpg,Germany,https://en.wikipedia.org/wiki/Viersen,51.25557,6.39168
Q3900,Troisdorf,cities,http://commons.wikimedia.org/wiki/Special:FilePath/Sonnenuntergang%20-%20panoramio%20%2838%29.jpg,Germany,https://en.wikipedia.org/wiki/Troisdorf,50.816111111,7.155555555
Q3905,Gladbeck,cities,http://commons.wikimedia.org/wiki/Special:FilePath/%2820250310%29%20Flagge%20zeigen%20f%C3%BCr%20Tibet%2005.jpg,Germany,https://en.wikipedia.org/wiki/Gladbeck,51.57134,6.98267
Q3912,Arnsberg,cities,http://commons.wikimedia.org/wiki/Special:FilePath/Arnsberg-Altstadt.jpg,Germany,https://en.wikipedia.org/wiki/Arnsberg,51.396666666,8.064444444
Q3917,Bocholt,cities,http://commons.wikimedia.org/wiki/Special:FilePath/Bocholt%2C%20Ortsansicht%20--%202014%20--%200044.jpg,Germany,"https://en.wikipedia.org/wiki/Bocholt,_Germany",51.833333333,6.616666666
Q3922,Detmold,cities,http://commons.wikimedia.org/wiki/Special:FilePath/Residenzschloss%20Detmold01.jpg,Germany,https://en.wikipedia.org/wiki/Detmold,51.937777777,8.883333333
Q3939,Dinslaken,cities,http://commons.wikimedia.org/wiki/Special:FilePath/Loesch.jpg,Germany,https://en.wikipedia.org/wiki/Dinslaken,51.566666666,6.733333333
Q3943,Lippstadt,cities,http://commons.wikimedia.org/wiki/Special:FilePath/Lippstadt%20Altes%20Postamt%2004.jpg,Germany,https://en.wikipedia.org/wiki/Lippstadt,51.666666666,8.35
Q3949,Unna,cities,http://commons.wikimedia.org/wiki/Special:FilePath/Unna%20Alter%20Markt.jpg,Germany,https://en.wikipedia.org/wiki/Unna,51.534722222,7.688888888
Q3959,Kerpen,cities,http://commons.wikimedia.org/wiki/Special:FilePath/Kerpen%20Schloss%20Loersfeld%20Wasserburg%2002.jpg,Germany,https://en.wikipedia.org/wiki/Kerpen,50.871944444,6.696111111
Q3971,Herford,cities,http://commons.wikimedia.org/wiki/Special:FilePath/Herford%20innovative%20sights.JPG,Germany,https://en.wikipedia.org/wiki/Herford,52.114569444,8.673430555
Q3973,Grevenbroich,cities,http://commons.wikimedia.org/wiki/Special:FilePath/Rathaus%20%28Grevenbroich%29.JPG,Germany,https://en.wikipedia.org/wiki/Grevenbroich,51.088333333,6.5875
Q3978,Dormagen,cities,http://commons.wikimedia.org/wiki/Special:FilePath/Dormagen%20Rathausbrunnen.jpg,Germany,https://en.wikipedia.org/wiki/Dormagen,51.0964,6.84
Q3985,Herten,cities,http://commons.wikimedia.org/wiki/Special:FilePath/Germany%20Herten%20Castle%20%281%29.jpg,Germany,https://en.wikipedia.org/wiki/Herten,51.6,7.133333333
Q3989,Bergheim,cities,http://commons.wikimedia.org/wiki/Special:FilePath/Aachener%20Tor.jpg,Germany,"https://en.wikipedia.org/wiki/Bergheim,_North_Rhine-Westphalia",50.954061111,6.641238888
Q4011,Wesel,cities,http://commons.wikimedia.org/wiki/Special:FilePath/Wesel01.jpg,Germany,https://en.wikipedia.org/wiki/Wesel,51.658611111,6.617777777
Q7033,Nordhausen,cities,http://commons.wikimedia.org/wiki/Special:FilePath/Nordhausen%20-%20inner%20city%20by%20Vincent%20Eisfeld.jpg,Germany,"https://en.wikipedia.org/wiki/Nordhausen,_Thuringia",51.505,10.791111111
Q9300,Bernau bei Berlin,cities,http://commons.wikimedia.org/wiki/Special:FilePath/Bernau%20bei%20Berlin%20Steintor%20und%20Hungerturm.JPG,Germany,https://en.wikipedia.org/wiki/Bernau_bei_Berlin,52.666666666,13.583055555
Q9306,Eberswalde,cities,http://commons.wikimedia.org/wiki/Special:FilePath/17-07-06-Fotoflug-Eberswalde-Marktplatz%20RR75029.jpg,Germany,https://en.wikipedia.org/wiki/Eberswalde,52.833055555,13.833055555
Q14808,Oranienburg,cities,http://commons.wikimedia.org/wiki/Special:FilePath/Schloss%20Oranienburg%20-%20Jan%202013.jpg,Germany,https://en.wikipedia.org/wiki/Oranienburg,52.754444444,13.236944444
Q14842,Falkensee,cities,http://commons.wikimedia.org/wiki/Special:FilePath/Falkensee%2020110705%20Rathaus%20AMA%20fec%20%289%29.JPG,Germany,https://en.wikipedia.org/wiki/Falkensee,52.558333333,13.091666666
Q15674,Kagoshima,cities,http://commons.wikimedia.org/wiki/Special:FilePath/Sakurajima%20-%E5%9F%8E%E5%B1%B1%E5%B1%95%E6%9C%9B%E5%8F%B0%E3%82%88%E3%82%8A.jpg,Japan,https://en.wikipedia.org/wiki/Kagoshima,31.596805555,130.557138888
Q16008,Schwedt/Oder,cities,http://commons.wikimedia.org/wiki/Special:FilePath/18-06-06-Fotoflug-Uckermark%20RRK3940.jpg,Germany,https://en.wikipedia.org/wiki/Schwedt,53.063055555,14.283055555
Q16106,Eisenhüttenstadt,cities,http://commons.wikimedia.org/wiki/Special:FilePath/Eisenh%C3%BCttenstadt%20Weg%20zum%20Hochofen%202012.jpg,Germany,https://en.wikipedia.org/wiki/Eisenh%C3%BCttenstadt,52.14655,14.63001
Q16666,Nanjing,cities,http://commons.wikimedia.org/wiki/Special:FilePath/Nanjing%20CBD%20from%20City%20Wall.jpg,People's Republic of China,https://en.wikipedia.org/wiki/Nanjing,32.060833333,118.778888888
Q17139,Akita,cities,http://commons.wikimedia.org/wiki/Special:FilePath/Akita%20City%20Hall%20main%20building%2020190114.jpg,Japan,https://en.wikipedia.org/wiki/Akita_(city),39.719888888,140.102583333
Q19566,Simferopol,cities,http://commons.wikimedia.org/wiki/Special:FilePath/Simferopol%2C%20Cathedral%20of%20Peter%20and%20Paul%2C%202016.06.21%20%2806%29%20%2829653802846%29.jpg,Russia,https://en.wikipedia.org/wiki/Simferopol,44.948376,34.100039
Q25282,Da Nang,cities,http://commons.wikimedia.org/wiki/Special:FilePath/Dragon%20bridge%20from%20above.png,Vietnam,https://en.wikipedia.org/wiki/Da_Nang,16.069444444,108.209722222
Q26101,Kasugai,cities,http://commons.wikimedia.org/wiki/Special:FilePath/Kasugai%20City%20Hall%20ac%20%281%29.jpg,Japan,"https://en.wikipedia.org/wiki/Kasugai,_Aichi",35.2475,136.972222222
Q26410,Yokkaichi,cities,http://commons.wikimedia.org/wiki/Special:FilePath/Yokkaichi%2C%20Mie%20-%20Downtown.jpg,Japan,https://en.wikipedia.org/wiki/Yokkaichi,34.965027777,136.624416666
Q27039,Ovruch,cities,http://commons.wikimedia.org/wiki/Special:FilePath/%D0%A1%D0%B2%D1%8F%D1%82%D0%BE-%D0%92%D0%B0%D1%81%D0%B8%D0%BB%D1%96%D0%B2%D1%81%D1%8C%D0%BA%D0%B8%D0%B9%20%D1%86%D0%B5%D1%80%D0%BA%D0%B2%D0%B0%20%D1%96%20%D0%B6%D1%96%D0%BD%D0%BE%D1%87%D0%B8%D0%B9%20%D0%BC%D0%BE%D0%BD%D0%B0%D1%81%D1%82%D0%B8%D1%80.jpg,Ukraine,https://en.wikipedia.org/wiki/Ovruch,51.324444444,28.808055555
Q27425,Hillerød,cities,http://commons.wikimedia.org/wiki/Special:FilePath/Hiller%C3%B8d%20105.jpg,Denmark,https://en.wikipedia.org/wiki/Hiller%C3%B8d,55.933333333,12.3
Q27447,Uddevalla,cities,http://commons.wikimedia.org/wiki/Special:FilePath/Centre%20of%20Uddevalla.jpg,Sweden,https://en.wikipedia.org/wiki/Uddevalla,58.349166666,11.938055555
Q27452,Frederikshavn,cities,http://commons.wikimedia.org/wiki/Special:FilePath/Frederikshavn%20Kirke%202005%20ubt.jpg,Denmark,https://en.wikipedia.org/wiki/Frederikshavn,57.433888888,10.536111111
Q27660,Jizan,cities,http://commons.wikimedia.org/wiki/Special:FilePath/Jazan%20port.jpg,Saudi Arabia,https://en.wikipedia.org/wiki/Jizan,16.889166666,42.561111111
Q27678,Holstebro,cities,http://commons.wikimedia.org/wiki/Special:FilePath/Holstebro%20001.JPG,Denmark,https://en.wikipedia.org/wiki/Holstebro,56.358055555,8.6175
Q28031,Svendborg,cities,http://commons.wikimedia.org/wiki/Special:FilePath/Svendborg.3.jpg,Denmark,https://en.wikipedia.org/wiki/Svendborg,55.059722222,10.61
Q28042,Holbæk,cities,http://commons.wikimedia.org/wiki/Special:FilePath/Holb%C3%A6k%20luftfoto.jpg,Denmark,https://en.wikipedia.org/wiki/Holb%C3%A6k,55.7181,11.7103
Q28374,Kungsbacka,cities,http://commons.wikimedia.org/wiki/Special:FilePath/Stefkubaktorg.jpg,Sweden,https://en.wikipedia.org/wiki/Kungsbacka,57.4875,12.076388888
Q704240,Arzhan,landmarks,http://commons.wikimedia.org/wiki/Special:FilePath/%D0%90%D1%80%D0%B6%D0%B0%D0%B0%D0%BD%20-%202.JPG,Russia,https://en.wikipedia.org/wiki/Arzhan_culture,52.0805,93.66378
Q846027,Solokha,landmarks,http://commons.wikimedia.org/wiki/Special:FilePath/Solokha%20barrow.%20V%20c.%20BC%20-%20panoramio.jpg,Ukraine,https://en.wikipedia.org/wiki/Solokha,47.416666666,34.183333333
Q2254138,Black Grave,landmarks,http://commons.wikimedia.org/wiki/Special:FilePath/%D0%9A%D1%83%D1%80%D0%B3%D0%B0%D0%BD%20%D0%A7%D1%91%D1%80%D0%BD%D0%B0%D1%8F%20%D0%BC%D0%BE%D0%B3%D0%B8%D0%BB%D0%B0.jpg,Ukraine,https://en.wikipedia.org/wiki/Black_Grave,51.487466666,31.293966666
Q2605056,Issyk kurgan,landmarks,http://commons.wikimedia.org/wiki/Special:FilePath/A%20kurgan%20at%20Issyk.JPG,Kazakhstan,https://en.wikipedia.org/wiki/Issyk_kurgan,43.33,77.618611111
Q3273537,Pazyryk burials,landmarks,http://commons.wikimedia.org/wiki/Special:FilePath/PazyrikHorseman.JPG,Russia,https://en.wikipedia.org/wiki/Pazyryk_burials,49.579,88.153
Q4289312,Melek-Chesmenskiy kurgan,landmarks,http://commons.wikimedia.org/wiki/Special:FilePath/Melek-Chesmenskiy%20Kurgan%2C%20Crimea%2C%20Ukraine.jpg,Russia,,45.363011111,36.470333333
Q4445190,Q4445190,landmarks,http://commons.wikimedia.org/wiki/Special:FilePath/Suvorov%20Hill.JPG,Moldova,,46.774406,29.464623
Q6881682,King of Poland Władysław II Jagiełło Mound,landmarks,http://commons.wikimedia.org/wiki/Special:FilePath/Grunwald%20-%20zesp%C3%B3%C5%82%20pola%20bitwy%20z%201410%20%28kopiec%20Jagie%C5%82%C5%82y%29.jpg,Poland,,53.4794,20.1407
Q11689408,Tsar's Kurgan,landmarks,http://commons.wikimedia.org/wiki/Special:FilePath/%D0%A6%D0%B0%D1%80%D1%81%D1%8C%D0%BA%D0%B8%D0%B9%20%D0%BA%D1%83%D1%80%D0%B3%D0%B0%D0%BD%20010.jpg,Russia,https://en.wikipedia.org/wiki/Royal_Kurgan,45.373967,36.526076
Q11744607,Kozel Kurgan,landmarks,http://commons.wikimedia.org/wiki/Special:FilePath/West%20side%20of%20a%20barrow%20-%20panoramio.jpg,Ukraine,,46.95555,34.406522
Q12077324,Q12077324,landmarks,http://commons.wikimedia.org/wiki/Special:FilePath/Akkembet%20kurgan.jpg,Ukraine,,46.045613,30.402431
Q12088276,Velyka Tsymbalka,landmarks,http://commons.wikimedia.org/wiki/Special:FilePath/%D0%A0%D0%BE%D0%B7%D0%BE%D1%80%D0%B5%D0%BD%D0%B0%20%D1%87%D0%B0%D1%81%D1%82%D0%B8%D0%BD%D0%B0%20%D0%BA%D1%83%D1%80%D0%B3%D0%B0%D0%BD%D1%83%20%D0%A6%D0%B8%D0%BC%D0%B1%D0%B0%D0%BB%D0%BE%D0%B2%D0%B0%20%D0%9C%D0%BE%D0%B3%D0%B8%D0%BB%D0%B0.jpg,Ukraine,,47.27416667,34.71
Q12121064,Mamay-mountain,landmarks,http://commons.wikimedia.org/wiki/Special:FilePath/%D0%92%D0%B8%D0%B4%20%D0%BD%D0%B0%20%D0%9C%D0%B0%D0%BC%D0%B0%D0%B9-%D0%BC%D0%BE%D0%B3%D0%B8%D0%BB%D1%83%20%D1%87%D0%B5%D1%80%D0%B5%D0%B7%20%D0%9A%D0%B0%D1%85%D0%BE%D0%B2%D1%81%D1%8C%D0%BA%D0%B5%20%D0%BC%D0%BE%D1%80%D0%B5%2002.JPG,Ukraine,,47.433,34.2722
Q12122408,Melgunov Kurgan,landmarks,http://commons.wikimedia.org/wiki/Special:FilePath/Skifskaya%20baba%20%28Kirovgrad%29.JPG,Ukraine,https://en.wikipedia.org/wiki/Melgunov_Kurgan,48.72456,32.37936
Q12133614,Nechaieva Mohyla,landmarks,http://commons.wikimedia.org/wiki/Special:FilePath/%D0%9D%D0%B5%D1%87%D0%B0%D0%B5%D0%B2%D0%B0%20%D0%BC%D0%BE%D0%B3%D0%B8%D0%BB%D0%B0%20-%20panoramio.jpg,Ukraine,,47.910215,34.490933
Q13031172,Mound of Immortality of Adam Mickievič,landmarks,http://commons.wikimedia.org/wiki/Special:FilePath/%D0%93.%20%D0%9D%D0%B0%D0%B2%D0%B0%D0%B3%D1%80%D0%B0%D0%B4%D0%B0%D0%BA%20-%20%D0%9A%D1%83%D1%80%D0%B3%D0%B0%D0%BD%20%D0%91%D0%B5%D1%81%D1%81%D1%8C%D0%BC%D1%8F%D1%80%D0%BE%D1%82%D0%BD%D0%B0%D1%81%D1%8C%D1%86%D1%96%20%D0%90%D0%B4%D0%B0%D0%BC%D0%B0%20%D0%9C%D1%96%D1%86%D0%BA%D0%B5%D0%B2%D1%96%D1%87%D0%B0%20DSC07967.JPG,Belarus,,53.60215,25.82643
Q16704164,Memorial Golodomor 1933,landmarks,http://commons.wikimedia.org/wiki/Special:FilePath/Memorial%20%22Holodomor-33%22.JPG,Ukraine,,50.03093333,33.05059444
Q16722477,Q16722477,landmarks,http://commons.wikimedia.org/wiki/Special:FilePath/%D0%A6%D0%B0%D1%80%D0%B5%D0%B2%D0%B0%20%D0%BC%D0%BE%D0%B3%D0%B8%D0%BB%D0%B0.png,Ukraine,,47.860833333,33.299444444
Q24948266,Mound in Liplas,landmarks,http://commons.wikimedia.org/wiki/Special:FilePath/Kopiec-POL%2C%20Liplas.jpg,Poland,,49.934167,20.208056
Q25437553,Zolota Balka 15,landmarks,http://commons.wikimedia.org/wiki/Special:FilePath/%D0%9A%D1%83%D1%80%D0%B3%D0%B0%D0%BD%20%D0%97%D0%BE%D0%BB%D0%BE%D1%82%D0%B0%20%D0%91%D0%B0%D0%BB%D0%BA%D0%B0%2015.jpg,Ukraine,,47.36555556,33.88027778
Q25514691,Berel kurgan,landmarks,http://commons.wikimedia.org/wiki/Special:FilePath/Berel%20kurgans.jpg,Kazakhstan,https://en.wikipedia.org/wiki/Berel_kurgan,49.3732082,86.4380264
Q28667924,Q28667924,landmarks,http://commons.wikimedia.org/wiki/Special:FilePath/Wikitrip%20to%20Novocherkassk%2011-06-2017%2013.jpg,Russia,,47.409428,40.103461
Q51755105,Velyka Fedorivka burial mound,landmarks,http://commons.wikimedia.org/wiki/Special:FilePath/%D0%9A%D1%83%D1%80%D0%B3%D0%B0%D0%BD%20%E2%80%9C%D0%91%D1%96%D0%BB%D1%8C%D1%88%D0%B8%D0%B9%20%D0%A4%D0%B5%D0%B4%D0%BE%D1%80%D1%96%D0%B2%D0%BA%D0%B0%E2%80%9D%2008.JPG,Ukraine,,47.99711,33.498976
Q51755122,"Yarushchana Mohyla kurgan, Kryvyi Rih",landmarks,http://commons.wikimedia.org/wiki/Special:FilePath/%D0%9A%D1%83%D1%80%D0%B3%D0%B0%D0%BD%20%E2%80%9C%D0%AF%D1%80%D1%83%D1%89%D0%B0%D0%BD%D0%B0%20%D0%BC%D0%BE%D0%B3%D0%B8%D0%BB%D0%B0%E2%80%9D%2001.jpg,Ukraine,,47.91,33.451388888
Q51755131,Q51755131,landmarks,http://commons.wikimedia.org/wiki/Special:FilePath/%D0%9A%D1%83%D1%80%D0%B3%D0%B0%D0%BD%20%D0%9B%D1%8F%D1%85%D0%BE%D0%B2%D0%B0%20%D0%9C%D0%BE%D0%B3%D0%B8%D0%BB%D0%B0%2C%20%D0%BF%D1%96%D0%B2%D0%B4%D0%B5%D0%BD%D0%BD%D0%BE-%D0%B7%D0%B0%D1%85%D1%96%D0%B4%D0%BD%D0%B8%D0%B9%20%D1%81%D1%85%D0%B8%D0%BB.JPG,Ukraine,,47.8963,33.23825
Q51755145,"Kurgan No 7808, Kryvyi Rih",landmarks,http://commons.wikimedia.org/wiki/Special:FilePath/%D0%9A%D1%83%D1%80%D0%B3%D0%B0%D0%BD%20%D0%BD%D0%B0%20%D0%A8%D0%B8%D1%80%D0%BE%D0%BA%D1%96%D0%B2%D1%81%D1%8C%D0%BA%D0%BE%D0%BC%D1%83%20%D0%BA%D0%BB%D0%B0%D0%B4%D0%BE%D0%B2%D0%B8%D1%89%D1%96%2006.JPG,Ukraine,,47.887672,33.352754
Q55657705,Glubishche Kurgan,landmarks,http://commons.wikimedia.org/wiki/Special:FilePath/%D0%9A%D1%83%D1%80%D0%B3%D0%B0%D0%BD%D1%8B%20%D0%91%D0%B5%D0%B7%D1%8B%D0%BC%D1%8F%D0%BD%D0%BD%D1%8B%D0%B9%20%D0%B8%20%D0%93%D1%83%D0%BB%D1%8C%D0%B1%D0%B8%D1%89%D0%B5.jpg,Ukraine,,51.487222222,31.293888888
Q56246462,"Mohyla Nalietina, Kryvyi Rih",landmarks,http://commons.wikimedia.org/wiki/Special:FilePath/%D0%9A%D1%83%D1%80%D0%B3%D0%B0%D0%BD%20%D0%9C%D0%BE%D0%B3%D0%B8%D0%BB%D0%B0%20%D0%9A%D0%BE%D0%BF%D0%B5%D0%BD%D1%94%D0%B2%D0%B0%20%E2%84%965868%2002.JPG,Ukraine,,47.944166666,33.469722222
Q64808171,Tuekta kurgans,landmarks,http://commons.wikimedia.org/wiki/Special:FilePath/35.%20Samruk%20%28Griffin%29%20buriel%20mound%20Tuekta%20%28V.%20B.C.%29%20Altay.JPG,Russia,,50.845433333,85.883016666
Q97198468,"Kurgan No 2728, Nemyrivka",landmarks,http://commons.wikimedia.org/wiki/Special:FilePath/%D0%9A%D1%83%D1%80%D0%B3%D0%B0%D0%BD%2C%20%D1%81.%20%D0%9D%D0%B5%D0%BC%D0%B8%D1%80%D1%96%D0%B2%D0%BA%D0%B0%20%28%D0%9A%D0%BE%D1%80%D0%BE%D1%81%D1%82%D0%B5%D0%BD%D1%81%D1%8C%D0%BA%D0%B8%D0%B9%20%D1%80%D0%B0%D0%B9%D0%BE%D0%BD%29%2002.jpg,Ukraine,,50.9965359,28.7209252
Q122280955,Group of 2 kurgans in Kamiane Pole,landmarks,http://commons.wikimedia.org/wiki/Special:FilePath/12-218-0226.%D0%9A%D0%B0%D0%BC%D0%B5%D0%BD%D0%BD%D0%BE%D0%B5%20%D0%BF%D0%BE%D0%BB%D0%B5.%D0%9C%D0%BE%D0%B3%D0%B8%D0%BB%D1%8C%D0%BD%D0%B8%D0%BA.JPG,Ukraine,,48.126341,33.601427
Q122280958,Group of 5 kurgans No 5859,landmarks,http://commons.wikimedia.org/wiki/Special:FilePath/%D0%9A%D1%83%D1%80%D0%B3%D0%B0%D0%BD%20%E2%84%965859%20%D0%B1%D1%96%D0%BB%D1%8F%20%D1%81.%D0%97%D0%BE%D0%BB%D0%BE%D1%82%D0%B0%20%D0%9F%D0%BE%D0%BB%D1%8F%D0%BD%D0%B0%2C%20%D0%BF%D0%B0%D0%BD%D0%BE%D1%80%D0%B0%D0%BC%D0%B0%20%D0%BF%D0%BE%D0%BB%D1%8F%20%D0%B7%20%D0%BA%D1%83%D1%80%D0%B3%D0%B0%D0%BD%D0%BE%D0%BC.jpg,Ukraine,,48.001151,33.554349
Q122280962,"Kurgan No 8179, Novopillia",landmarks,http://commons.wikimedia.org/wiki/Special:FilePath/%D0%A1%D0%BA%D1%96%D1%84%D1%81%D1%8C%D0%BA%D0%B8%D0%B9%20%D0%BA%D1%83%D1%80%D0%B3%D0%B0%D0%BD%20%E2%84%968179%2004.JPG,Ukraine,,47.969468,33.479419
Q122280963,"Kurgan No 8210, Novopillia",landmarks,http://commons.wikimedia.org/wiki/Special:FilePath/%D0%97%D0%BE%D0%BD%D0%B0%20%D1%80%D0%BE%D0%B7%D1%82%D0%B0%D1%88%D1%83%D0%B2%D0%B0%D0%BD%D0%BD%D1%8F%20%D1%81%D0%BA%D1%96%D1%84%D1%81%D1%8C%D0%BA%D0%BE%D0%B3%D0%BE%20%D0%BA%D1%83%D1%80%D0%B3%D0%B0%D0%BD%D1%83%20%E2%84%968210%2C%20%D0%BA%D0%B2%D0%B0%D0%B4%D1%80%D0%B0%D1%82%201.jpg,Ukraine,,47.949228,33.46903
Q122280961,"Kurgan No 8162, Novopillia",landmarks,http://commons.wikimedia.org/wiki/Special:FilePath/%D0%A1%D0%BA%D1%96%D1%84%D1%81%D1%8C%D0%BA%D0%B8%D0%B9%20%D0%BA%D1%83%D1%80%D0%B3%D0%B0%D0%BD%20%E2%84%968162%2004.JPG,Ukraine,,47.968714,33.48532
Q122280966,"Kurgan No 8171, Novoselivka",landmarks,http://commons.wikimedia.org/wiki/Special:FilePath/%D0%9A%D1%83%D1%80%D0%B3%D0%B0%D0%BD%20%D0%B1%D1%96%D0%BB%D1%8F%20%D0%BA%D0%BB%D0%B0%D0%B4%D0%BE%D0%B2%D0%B8%D1%89%D0%B0%20%D1%81.%D0%9D%D0%BE%D0%B2%D0%BE%D1%81%D0%B5%D0%BB%D1%96%D0%B2%D0%BA%D0%B0%2C%20%D0%BF%D0%B0%D0%BD%D0%BE%D1%80%D0%B0%D0%BC%D0%B0.jpg,Ukraine,,47.940841,33.603917
Q122280965,"Group of 2 kurgans No 5890, Novopokrovka",landmarks,http://commons.wikimedia.org/wiki/Special:FilePath/%D0%9A%D1%83%D1%80%D0%B3%D0%B0%D0%BD%20%D0%B1%D1%96%D0%BB%D1%8F%20%D0%9F%D0%B8%D1%87%D1%83%D0%B3%D1%96%D0%BD%D0%BE%2C%20%D0%BF%D1%96%D0%B2%D0%BD%D1%96%D1%87%20%D0%B2%D0%B5%D1%80%D1%85.JPG,Ukraine,,48.016195,33.608959
Q122280970,"Kurgan No 8161, Chervoni Pody",landmarks,http://commons.wikimedia.org/wiki/Special:FilePath/%D0%9A%D1%83%D1%80%D0%B3%D0%B0%D0%BD%20%D1%83%20%D1%81%D0%B5%D0%BB%D1%96%20%D0%A7%D0%B5%D1%80%D0%B2%D0%BE%D0%BD%D1%96%20%D0%9F%D0%BE%D0%B4%D0%B8%2C%20%D0%BF%D0%B0%D0%BD%D0%BE%D1%80%D0%B0%D0%BC%D0%B0%20%D0%B7%20%D0%B7%D0%B0%D1%85%D0%BE%D0%B4%D1%83.jpg,Ukraine,,47.91736,33.513806
Q122280971,"Group of 11 kurgans No 8219, Shevchenkivske",landmarks,http://commons.wikimedia.org/wiki/Special:FilePath/12-218-0213.%D0%9E%D1%80%D0%B4%D0%B6%D0%BE%D0%BD%D0%B8%D0%BA%D0%B8%D0%B4%D0%B7%D0%B5.%D0%9C%D0%BE%D0%B3%D0%B8%D0%BB%D1%8C%D0%BD%D0%B8%D0%BA.JPG,Ukraine,,48.100983,33.619752
Q122280968,"Kurgan No 8166, Romanivka",landmarks,http://commons.wikimedia.org/wiki/Special:FilePath/%D0%9F%D0%B0%D0%BD%D0%BE%D1%80%D0%B0%D0%BC%D0%B0%20%D0%B7%D0%BE%D0%BD%D0%B8%2C%20%D0%B4%D0%B5%20%D0%BC%D0%B0%D1%94%20%D0%B1%D1%83%D1%82%D0%B8%20%D0%BA%D1%83%D1%80%D0%B3%D0%B0%D0%BD%2C%20%D0%B1%D1%96%D0%BB%D1%8F%20%D1%81.%D0%A0%D0%BE%D0%BC%D0%B0%D0%BD%D1%96%D0%B2%D0%BA%D0%B0.jpg,Ukraine,,48.004855,33.61428
Q122280975,"Kurgan No 8160, Stepove",landmarks,http://commons.wikimedia.org/wiki/Special:FilePath/%D0%9A%D1%83%D1%80%D0%B3%D0%B0%D0%BD%20%D0%BD%D0%B5%D0%BF%D0%BE%D0%B4%D0%B0%D0%BB%D1%96%D0%BA%20%D1%81%D1%96%D0%BB%20%D0%A7%D0%B0%D0%BF%D0%B0%D1%94%D0%B2%D0%BA%D0%B0%20%D1%82%D0%B0%20%D0%9B%D1%96%D1%81%D0%BE%D0%BF%D0%B8%D1%82%D0%BE%D0%BC%D0%BD%D0%B8%D0%BA%2002.JPG,Ukraine,,47.953087,33.570614
Q122280972,"Group of 2 kurgans No 8220, Shevchenkivske",landmarks,http://commons.wikimedia.org/wiki/Special:FilePath/12-218-0214.%D0%9E%D1%80%D0%B4%D0%B6%D0%BE%D0%BD%D0%B8%D0%BA%D0%B8%D0%B4%D0%B7%D0%B5.%D0%9C%D0%BE%D0%B3%D0%B8%D0%BB%D1%8C%D0%BD%D0%B8%D0%BA.JPG,Ukraine,,48.091037,33.609967
Q122281089,"Group of 4 kurgans No 4072, Polyvanivka",landmarks,http://commons.wikimedia.org/wiki/Special:FilePath/%D0%9A%D1%83%D1%80%D0%B3%D0%B0%D0%BD%D0%BD%D0%B8%D0%B9%20%D0%BC%D0%BE%D0%B3%D0%B8%D0%BB%D1%8C%D0%BD%D0%B8%D0%BA%204072.jpg,Ukraine,,48.855539,34.980426
Q153645,Poulnabrone dolmen,landmarks,http://commons.wikimedia.org/wiki/Special:FilePath/IRL%20Burren%20National%20Park%2012.jpg,Ireland,https://en.wikipedia.org/wiki/Poulnabrone_dolmen,53.0486903,-9.1400214
Q180100,Taber Hill,landmarks,http://commons.wikimedia.org/wiki/Special:FilePath/Taber%20Hill.JPG,Canada,https://en.wikipedia.org/wiki/Taber_Hill,43.759,-79.235
Q189652,Zennor Quoit,landmarks,http://commons.wikimedia.org/wiki/Special:FilePath/Zennor%20Quoit%20%28small%29%20%289612120%29.jpg,United Kingdom,https://en.wikipedia.org/wiki/Zennor_Quoit,50.1879,-5.54741
Q240198,Sieben Steinhäuser,landmarks,http://commons.wikimedia.org/wiki/Special:FilePath/Siebensteinhaeuser%20grab%20d-2.jpg,Germany,https://en.wikipedia.org/wiki/Sieben_Steinh%C3%A4user,52.800555555,9.7975
Q262118,Seven Saints chapel,landmarks,http://commons.wikimedia.org/wiki/Special:FilePath/Les%20Sept-Saints%20La%20chapelle%201.jpg,France,,48.6325,-3.42388889
Q282769,Haga dolmen,landmarks,http://commons.wikimedia.org/wiki/Special:FilePath/Hagad%C3%B6sen%20%28Ra%C3%A4-nr%20Stala%2081-1%29%2000555.jpg,Sweden,https://en.wikipedia.org/wiki/Haga_dolmen,58.140513,11.611918
Q317680,tomb of Züschen,landmarks,http://commons.wikimedia.org/wiki/Special:FilePath/Z%C3%BCschen%20tomb1.JPG,Germany,https://en.wikipedia.org/wiki/Z%C3%BCschen_(megalithic_tomb),51.1739,9.24056
Q400525,Ahlhorner Kellersteine,landmarks,http://commons.wikimedia.org/wiki/Special:FilePath/Ahlhorner-Kellersteine-Ost-a.jpg,Germany,,52.8811,8.28097
Q421819,Wanda Mound,landmarks,http://commons.wikimedia.org/wiki/Special:FilePath/Mogi%C5%82a%20Wandy%20pod%20Krakowem.jpg,Poland,https://en.wikipedia.org/wiki/Wanda_Mound,50.070277777,20.068055555
Q448829,Alversteen,landmarks,http://commons.wikimedia.org/wiki/Special:FilePath/Alversteen%203.jpg,Germany,,54.41788889,11.09933333
Q454527,Roman theater at Mainz,landmarks,http://commons.wikimedia.org/wiki/Special:FilePath/Roemisches-Theater-Mainz.jpg,Germany,https://en.wikipedia.org/wiki/Roman_Theatre_(Mainz),49.993055555,8.277777777
Q462630,Tralleis,landmarks,http://commons.wikimedia.org/wiki/Special:FilePath/4489k%20Istanbul%20-%20Museo%20archeol.%20-%20Apollo%20-%20sec.%20II%20a.C.%20-%20da%20Tralles%20-%20Foto%20G.%20Dall%27Orto%2028-5-2006.jpg,Turkey,,37.8444,27.8458
Q464266,Dura-Europos,landmarks,http://commons.wikimedia.org/wiki/Special:FilePath/Ifpo%2020128%20Syrie%2C%20gouvernorat%20de%20Deir%20ez-Zor%2C%20District%20de%20Boukamal%2C%20Doura%20Europos%2C%20vue%20a%C3%A9rienne%20oblique.jpg,Syria,https://en.wikipedia.org/wiki/Dura-Europos,34.747,40.73
Q464936,Xanthos,landmarks,http://commons.wikimedia.org/wiki/Special:FilePath/Entrance%20into%20theatre%20of%20Xanthos.jpg,Turkey,https://en.wikipedia.org/wiki/Xanthos,36.357132,29.319255
Q476971,Goldbusch,landmarks,http://commons.wikimedia.org/wiki/Special:FilePath/Goldbusch%20Altensien.JPG,Germany,https://en.wikipedia.org/wiki/Goldbusch,54.359066666,13.681675
Q495286,"Gochang, Hwasun and Ganghwa Dolmen Sites",landmarks,http://commons.wikimedia.org/wiki/Special:FilePath/Ganghwado.jpg,South Korea,"https://en.wikipedia.org/wiki/Gochang,_Hwasun_and_Ganghwa_Dolmen_Sites",34.96667,126.92917
Q499828,Castrum Praetorium (of Mehadia),landmarks,http://commons.wikimedia.org/wiki/Special:FilePath/Plan%20of%20Roman%20Castra%20of%20Mehadia%20in%20Danubius%20Pannonico-Mysicus%201726%20by%20Marsigli.gif,Romania,https://en.wikipedia.org/wiki/Praetorium_(castra_of_Mehadia),44.9229,22.3522
Q499898,Castra Lemanis,landmarks,http://commons.wikimedia.org/wiki/Special:FilePath/Part%20of%20Stutfall%20Castle%2C%20a%20Roman%20fort%20-%20geograph.org.uk%20-%202080714.jpg,United Kingdom,https://en.wikipedia.org/wiki/Portus_Lemanis,51.0684,1.02123
Q508458,Diana Fortress,landmarks,http://commons.wikimedia.org/wiki/Special:FilePath/Tvrdjava%20Diana%20istocna%20kapija2.jpg,Serbia,https://en.wikipedia.org/wiki/Diana_Fort,44.65372,22.54439
Q508815,Carnuntum,landmarks,http://commons.wikimedia.org/wiki/Special:FilePath/Carnuntum%20Petronell.JPG,Austria,https://en.wikipedia.org/wiki/Carnuntum,48.113333333,16.861388888
Q515850,Castra Herculis,landmarks,http://commons.wikimedia.org/wiki/Special:FilePath/Peutinger%20Casaromago.jpg,Netherlands,,51.970833333,5.873611111
Q517712,Drie Tommen,landmarks,http://commons.wikimedia.org/wiki/Special:FilePath/Drie%20Tommen.jpg,Belgium,,50.7996,4.95842
Q532466,Castra Vetera,landmarks,http://commons.wikimedia.org/wiki/Special:FilePath/Stadium%20%283%29%20%28archaeological%20park%20Xanten%2C%20Germany%2C%202005-04-23%29.jpg,Germany,https://en.wikipedia.org/wiki/Vetera,51.64639,6.47
Q542329,Saalburg Roman Fort,landmarks,http://commons.wikimedia.org/wiki/Special:FilePath/Saalburg%20Main%20Gate%20%28Porta%20Praetoria%29.jpg,Germany,https://en.wikipedia.org/wiki/Saalburg,50.2715,8.56666
Q555201,Roman Theatre at Palmyra,landmarks,http://commons.wikimedia.org/wiki/Special:FilePath/Palmyra%20theater02%28js%29.jpg,Syria,https://en.wikipedia.org/wiki/Roman_Theatre_at_Palmyra,34.5505,38.2687
Q564800,Magdalenenberg,landmarks,http://commons.wikimedia.org/wiki/Special:FilePath/Magdalenenberg.jpg,Germany,https://en.wikipedia.org/wiki/Magdalenenberg,48.0443,8.4437
Q572453,Blestium,landmarks,http://commons.wikimedia.org/wiki/Special:FilePath/Blestium%20plaque%2C%20Monmouth%20-%20December%202013.jpg,United Kingdom,https://en.wikipedia.org/wiki/Blestium,51.809,-2.717
Q575698,Great Dolmen of Dwasieden,landmarks,http://commons.wikimedia.org/wiki/Special:FilePath/Dolmen%20Dwasieden3.jpg,Germany,https://en.wikipedia.org/wiki/Great_Dolmen_of_Dwasieden,54.5021,13.6091
Q577724,Roman fort Oberaden,landmarks,http://commons.wikimedia.org/wiki/Special:FilePath/Oberaden%20Roemerberg%20IMGP5494%20wp.jpg,Germany,,51.6125,7.58444
Q583459,Roman Theatre of Zaragoza,landmarks,http://commons.wikimedia.org/wiki/Special:FilePath/Antiguo%20teatro%20romano%20de%20Zaragoza%2C%20Espa%C3%B1a%2C%20Spain.jpg,Spain,https://en.wikipedia.org/wiki/Roman_Theater_(Zaragoza),41.652172,-0.877658
Q600690,Roman Theatre of Catania,landmarks,http://commons.wikimedia.org/wiki/Special:FilePath/Catania%20roman%20theatre%20msu2017-9981.jpg,Italy,https://en.wikipedia.org/wiki/Roman_Theatre_of_Catania,37.502778,15.083611
Q602000,Burrium,landmarks,http://commons.wikimedia.org/wiki/Special:FilePath/Segontium.JPG,United Kingdom,https://en.wikipedia.org/wiki/Burrium,51.700221,-2.899177
Q612476,Anundshög,landmarks,http://commons.wikimedia.org/wiki/Special:FilePath/Anundsh%C3%B6g%2C%20V%C3%A4ster%C3%A5s1004.jpg,Sweden,https://en.wikipedia.org/wiki/Anundsh%C3%B6g,59.63055556,16.64472222
Q612820,Castra of Reci,landmarks,http://commons.wikimedia.org/wiki/Special:FilePath/Castra%20of%20Reci%2000.jpg,Romania,https://en.wikipedia.org/wiki/Castra_of_Reci,45.844173,25.900222
Q612835,Castra of Olteni,landmarks,http://commons.wikimedia.org/wiki/Special:FilePath/Cohors%20IIII%20Baetica.png,Romania,https://en.wikipedia.org/wiki/Castra_of_Olteni,45.97094,25.84962
Q612849,Castra Buridava,landmarks,http://commons.wikimedia.org/wiki/Special:FilePath/Castra%20Buridava%2000.JPG,Romania,https://en.wikipedia.org/wiki/Buridava_(castra),45.033901,24.304256
Q612867,Castra of Răcarii de Jos,landmarks,http://commons.wikimedia.org/wiki/Special:FilePath/Castra%20of%20Racarii%20de%20Jos%20-%20Praetorium%20-%20Plan.svg,Romania,https://en.wikipedia.org/wiki/Castra_of_R%C4%83carii_de_Jos,44.514101,23.571889
Q612877,Castra of Boroșneu Mare,landmarks,http://commons.wikimedia.org/wiki/Special:FilePath/Castra%20of%20Borosneu%20Mare%2000.jpg,Romania,https://en.wikipedia.org/wiki/Castra_of_Boro%C8%99neu_Mare,45.84386,26.016985
Q612921,Castra Germisara,landmarks,http://commons.wikimedia.org/wiki/Special:FilePath/Castra%20of%20Cigmau%20-%2026.JPG,Romania,https://en.wikipedia.org/wiki/Germisara_(castra),45.897054,23.164363
Q612993,Castra Angustia,landmarks,http://commons.wikimedia.org/wiki/Special:FilePath/Castra%20Angustia%2000.jpg,Romania,https://en.wikipedia.org/wiki/Angustia_(castra),46.050994,26.312836
Q613338,Castra of Gilău,landmarks,http://commons.wikimedia.org/wiki/Special:FilePath/Roman%20castra%20of%20Gilau%2C%20Romania.jpg,Romania,https://en.wikipedia.org/wiki/Ulpianum_(castra),46.757343,23.380517
Q613565,Castra Cumidava,landmarks,http://commons.wikimedia.org/wiki/Special:FilePath/Castra%20Cumidava%20001.jpg,Romania,https://en.wikipedia.org/wiki/Cumidava_(castra),45.60081,25.46168
Q615397,Flevum,landmarks,http://commons.wikimedia.org/wiki/Special:FilePath/Terrein%20waarin%20resten%20fort%20en%20haven%20uit%20Romeinse%20tijd%203.JPG,Netherlands,https://en.wikipedia.org/wiki/Flevum,52.451944444,4.669444444
Q622981,Castrum Aquae Mattiacorum,landmarks,http://commons.wikimedia.org/wiki/Special:FilePath/Kochbrunnen%20WIS.jpg,Germany,,50.086375,8.241862
Q623345,Aquincum,landmarks,http://commons.wikimedia.org/wiki/Special:FilePath/Polg%C3%A1rv%C3%A1ros1.jpg,Hungary,https://en.wikipedia.org/wiki/Aquincum,47.564139,19.049472
Q630604,Camulodunum,landmarks,http://commons.wikimedia.org/wiki/Special:FilePath/The%20Roman%20Town%20Wall%2C%20Head%20Street%20to%20the%20Balkerne%20Gate%203.JPG,United Kingdom,https://en.wikipedia.org/wiki/Camulodunum,51.889852,0.901298
Q637958,Castrum Segedunum,landmarks,http://commons.wikimedia.org/wiki/Special:FilePath/Segedunum%20Roman%20Fort%20and%20Baths%20-%20geograph.org.uk%20-%2037360.jpg,United Kingdom,https://en.wikipedia.org/wiki/Segedunum,54.98791,-1.53231
Q638525,Weißenburg Roman Fort,landmarks,http://commons.wikimedia.org/wiki/Special:FilePath/Wei%C3%9Fenburg%20Rekonstruktionsversuch.jpg,Germany,https://en.wikipedia.org/wiki/Biriciana,49.0308,10.9625
Q641907,Hochdorf Chieftain's Grave,landmarks,http://commons.wikimedia.org/wiki/Special:FilePath/Keltengrabhuegel%20Hochdorf.jpg,Germany,https://en.wikipedia.org/wiki/Hochdorf_Chieftain%27s_Grave,48.888611,9.009722
Q645533,Tumuli of Seron,landmarks,http://commons.wikimedia.org/wiki/Special:FilePath/Belgium%20Tumuli%20de%20S%C3%A9ron%2003.jpg,Belgium,,50.59379,5.00842
Q647481,Castra Ponte Navata,landmarks,http://commons.wikimedia.org/wiki/Special:FilePath/Visegr%C3%A1d%20-%20Sibrik%20Hill.jpg,Hungary,,47.798219,18.980285
Q651202,Aillevans dolmen,landmarks,http://commons.wikimedia.org/wiki/Special:FilePath/Dolmen%20%C3%A0%20antennes%20d%27Aillevans%2C%20Haute%20Sa%C3%B4ne%2C%20France.jpg,France,,47.584316,6.406845
Q654470,Q654470,landmarks,http://commons.wikimedia.org/wiki/Special:FilePath/Kastell%20Obernburg.png,Germany,,49.8411,9.14597
Q659138,Theatre of Marcellus,landmarks,http://commons.wikimedia.org/wiki/Special:FilePath/Teatro%20di%20Marcello%20intero.jpg,Italy,https://en.wikipedia.org/wiki/Theatre_of_Marcellus,41.891911,12.479483
Q667713,Contra-Aquincum,landmarks,http://commons.wikimedia.org/wiki/Special:FilePath/Contra-Aquincum.svg,Hungary,,47.4927,19.0514
Q667811,"Vindonissa, Celtic oppidum / Roman legionary camp / civilian settlement",landmarks,http://commons.wikimedia.org/wiki/Special:FilePath/Vindonissa%20Ausgrabung%20Ofen%203714.JPG,Switzerland,https://en.wikipedia.org/wiki/Vindonissa,47.48092744,8.220067498
Q709266,Tomb of King Kongmin,landmarks,http://commons.wikimedia.org/wiki/Special:FilePath/Tomb%20at%20Kaesong%20%285063812324%29.jpg,North Korea,https://en.wikipedia.org/wiki/Mausoleum_of_King_Kongmin,37.9817,126.473
Q722446,Krakus Mound,landmarks,http://commons.wikimedia.org/wiki/Special:FilePath/Kopiec%20Kraka-widok%20z%20po%C5%82udnia-POL%2C%20Krak%C3%B3w.jpg,Poland,https://en.wikipedia.org/wiki/Krakus_Mound,50.03805,19.95844
Q752696,Roman Theatre of Trieste,landmarks,http://commons.wikimedia.org/wiki/Special:FilePath/Teatro%20Romano%20di%20Trieste%204.jpg,Italy,,45.64917,13.77167
Q759197,Dolmen de Saint-Fort-sur-le-Né,landmarks,http://commons.wikimedia.org/wiki/Special:FilePath/StFortsurN%C3%A98.JPG,France,,45.572455,-0.29425
Q762664,Portus Adurni,landmarks,http://commons.wikimedia.org/wiki/Special:FilePath/Portchester%20castle%2002.jpg,United Kingdom,https://en.wikipedia.org/wiki/Portus_Adurni,50.8381,-1.115
Q764173,Dolmen de la Cabana Arqueta,landmarks,http://commons.wikimedia.org/wiki/Special:FilePath/Dolmen%20de%20la%20Cabana%20Arqueta.jpg,Spain,,42.3847,2.98803
Q774266,Castrum Apulum,landmarks,http://commons.wikimedia.org/wiki/Special:FilePath/Alba%20Carolina%20Fortress%202011%20-%20Ruins.jpg,Romania,https://en.wikipedia.org/wiki/Apulum_(castra),46.0679,23.5727
Q784118,Kleinaspergle,landmarks,http://commons.wikimedia.org/wiki/Special:FilePath/Kleinaspergle.jpg,Germany,https://en.wikipedia.org/wiki/Kleinaspergle,48.8975,9.143056
Q805410,Ballykeel Dolmen and Cairn,landmarks,http://commons.wikimedia.org/wiki/Special:FilePath/Ballykeel%20Dolmen%20-%20geograph.org.uk%20-%20257798.jpg,United Kingdom,https://en.wikipedia.org/wiki/Ballykeel_Dolmen,54.13185,-6.479006
Q807965,Barclodiad y Gawres,landmarks,http://commons.wikimedia.org/wiki/Special:FilePath/BarclodiadyGawres.JPG,United Kingdom,https://en.wikipedia.org/wiki/Barclodiad_y_Gawres,53.207,-4.50352
Q808456,Barnenez,landmarks,http://commons.wikimedia.org/wiki/Special:FilePath/Barnenez%20front2.jpg,France,https://en.wikipedia.org/wiki/Barnenez,48.6675,-3.858611111
Q835315,Castra Gelduba,landmarks,http://commons.wikimedia.org/wiki/Special:FilePath/Keramik%20Gelduba%20Museum%20Burg%20Linn.jpg,Germany,https://en.wikipedia.org/wiki/Gelduba,51.3332,6.6825
Q868928,Burgus Contra Florentiam,landmarks,http://commons.wikimedia.org/wiki/Special:FilePath/Dunafalva%20-%20Burgus%20contra%20Florentiam%20-%20B.jpg,Hungary,,46.0875,18.769166666
Q870515,Oldendorfer Totenstatt,landmarks,http://commons.wikimedia.org/wiki/Special:FilePath/Huenenbett%20IV%20Oldenburger%20Totenstatt.JPG,Germany,https://en.wikipedia.org/wiki/Oldendorfer_Totenstatt,53.1464,10.2194
Q873563,Poppostein,landmarks,http://commons.wikimedia.org/wiki/Special:FilePath/Poppostein%202008.jpg,Germany,,54.6094,9.47806
Q891063,Bois des Géantes dolmens,landmarks,http://commons.wikimedia.org/wiki/Special:FilePath/Dolmen%20du%20Bois%20des%20G%C3%A9antes%20no.%202.JPG,France,,44.36777778,4.58
Q902380,Brautberg,landmarks,http://commons.wikimedia.org/wiki/Special:FilePath/Brautberg-Bordesholm.jpg,Germany,,54.1874,10.0175
Q929778,Isca Augusta,landmarks,http://commons.wikimedia.org/wiki/Special:FilePath/Caerleon-Roman%20Prysg%20Field%20Barracks.JPG,United Kingdom,https://en.wikipedia.org/wiki/Isca_Augusta,51.609862,-2.9564985
Q943660,Castrum Anderitum,landmarks,http://commons.wikimedia.org/wiki/Special:FilePath/Pevensey%20Castle%20%2830%29%20%2840269032085%29.jpg,United Kingdom,https://en.wikipedia.org/wiki/Anderitum,50.8193,0.3329
Q944814,Theatre of Pompey,landmarks,http://commons.wikimedia.org/wiki/Special:FilePath/Theatre%20of%20Pompey%203D%20cut%20out.png,Italy,https://en.wikipedia.org/wiki/Theatre_of_Pompey,41.89527778,12.47361111
Q944813,Gonio,landmarks,http://commons.wikimedia.org/wiki/Special:FilePath/Castle%20of%20Gonio.2.jpg,Georgia,https://en.wikipedia.org/wiki/Gonio_(fortress),41.57305556,41.57361111
Q958961,Roman Theatre of Orange,landmarks,http://commons.wikimedia.org/wiki/Special:FilePath/Le%20Th%C3%A9%C3%A2tre%20Antique%20d%27Orange%2C%202007.jpg,France,https://en.wikipedia.org/wiki/Roman_Theatre_of_Orange,44.135754,4.808895
Q963503,Dolmen of Viera,landmarks,http://commons.wikimedia.org/wiki/Special:FilePath/Dolmen%20de%20Viera%2001.jpg,Spain,https://en.wikipedia.org/wiki/Dolmen_de_Viera,37.02341767,-4.549080042
Q972055,Q972055,landmarks,http://commons.wikimedia.org/wiki/Special:FilePath/Megalithgrab%20Stuer%203.jpg,Germany,,53.378,12.332
Q972128,Gallo-Roman theatre at Arles,landmarks,http://commons.wikimedia.org/wiki/Special:FilePath/Arles%20Amphitheatre%20gallo%20romain%20pano.jpg,France,https://en.wikipedia.org/wiki/Roman_Theatre_of_Arles,43.676388888,4.629722222
Q980054,Castra of Felixstowe,landmarks,http://commons.wikimedia.org/wiki/Special:FilePath/Walton%20Castle%20-%201623%20drawing.jpg,United Kingdom,"https://en.wikipedia.org/wiki/Walton_Castle,_Suffolk",51.97166667,1.37930556
Q991810,Table des Marchand,landmarks,http://commons.wikimedia.org/wiki/Special:FilePath/Cairn%20Table%20des%20Marchand%20Locmariaquer.jpg,France,,47.571611,-2.949778
Q994700,Großsteingrab Albersdorf 7,landmarks,http://commons.wikimedia.org/wiki/Special:FilePath/Albersdorf%20Steingrab%20%28Brutkamp%29%209.jpg,Germany,,54.1435,9.29089
Q995804,Q995804,landmarks,http://commons.wikimedia.org/wiki/Special:FilePath/Br%C3%B6t-Anunds%20grav%2C%20%C3%85rasl%C3%B6v.jpg,Sweden,,56.101469,13.958672
Q1003161,Castra of Brașov,landmarks,http://commons.wikimedia.org/wiki/Special:FilePath/Brass%C3%B3i%20Gespreng-hegy.jpg,Romania,https://en.wikipedia.org/wiki/Castra_of_Bra%C8%99ov,45.6606,25.5754
Q1015950,Burgstall Wagesenberg,landmarks,http://commons.wikimedia.org/wiki/Special:FilePath/Burgstall%20Wagesenberg%202.jpg,Germany,,48.5708,11.0584
Q1016119,Castra of Szentendre-Dera,landmarks,http://commons.wikimedia.org/wiki/Special:FilePath/Br%C3%BCckenkopfkastell%20Szentendre-Dera.png,Hungary,,47.64134444,19.0799
Q1016127,Castra of Verőce,landmarks,http://commons.wikimedia.org/wiki/Special:FilePath/R%C3%B3mai%20kori%20h%C3%ADdf%C5%91%C3%A1ll%C3%A1s%20romjai%2C%20Ver%C5%91ce.JPG,Hungary,,47.81853,19.05143
Q1021552,Castra of Pinianis,landmarks,http://commons.wikimedia.org/wiki/Special:FilePath/Gundremmingen%20Buergle%20aus%20NW.jpg,Germany,,48.5052,10.4148
Q1025963,Cnoc Freiceadain Long Cairns,landmarks,http://commons.wikimedia.org/wiki/Special:FilePath/Cnoc%20Freiceadain%20Long%20Cairns%206.jpg,United Kingdom,,58.565161,-3.698471
Q1043399,Q1043399,landmarks,http://commons.wikimedia.org/wiki/Special:FilePath/Carlstenen.jpg,Denmark,,55.95196335,11.927914632
Q1044900,Q1044900,landmarks,http://commons.wikimedia.org/wiki/Special:FilePath/Carreg%20Coetan%2C%20Newport%20-%20geograph.org.uk%20-%2054506.jpg,United Kingdom,https://en.wikipedia.org/wiki/Carreg_Coetan_Arthur,52.018595,-4.8282027
Q1045004,Carrickglass Dolmen,landmarks,http://commons.wikimedia.org/wiki/Special:FilePath/Dolmen%20at%20Carrickglass%2C%20Co.%20Sligo%20-%20geograph.org.uk%20-%201011926.jpg,Ireland,,54.090544,-8.312727
Q1049798,Castra Regina,landmarks,http://commons.wikimedia.org/wiki/Special:FilePath/Legionslager%20Castra%20Regina.jpg,Germany,https://en.wikipedia.org/wiki/Castra_Regina,49.0201,12.0986
Q1049806,Castris Rubris,landmarks,http://commons.wikimedia.org/wiki/Special:FilePath/Castra%20rubra%20PD%202011%20046.JPG,Bulgaria,,41.93222222,26.09222222
Q1049811,Castra Martis,landmarks,http://commons.wikimedia.org/wiki/Special:FilePath/Kula%20%28%D0%9A%D1%83%D0%BB%D0%B0%29%20-%20Castra%20Martis.JPG,Bulgaria,https://en.wikipedia.org/wiki/Castra_Martis,43.88888889,22.52222222
Q1049836,Castra Praetoria,landmarks,http://commons.wikimedia.org/wiki/Special:FilePath/Castra%20Praetoria%20-%2001-12-2019%20ALT.jpg,Italy,https://en.wikipedia.org/wiki/Castra_Praetoria,41.908798668,12.507940792
Q1061020,Allée couverte du Champ-Grosset,landmarks,http://commons.wikimedia.org/wiki/Special:FilePath/Dolmen%20du%20Champ-Grosset%2C%20Quessoy%2C%20France.jpg,France,,48.42166667,-2.69194444
Q1090350,Tumulus de Château Bû,landmarks,http://commons.wikimedia.org/wiki/Special:FilePath/Saint-Just%20%2835%29%20Ch%C3%A2teau%20B%C3%BB%204.jpg,France,,47.765057,-1.985017
Q1091060,Chûn Quoit,landmarks,http://commons.wikimedia.org/wiki/Special:FilePath/Chun%20Quoit.jpg,United Kingdom,https://en.wikipedia.org/wiki/Ch%C3%BBn_Quoit,50.1486,-5.6377
Q1095021,Clandon Barrow,landmarks,http://commons.wikimedia.org/wiki/Special:FilePath/Clandon.jpg,United Kingdom,https://en.wikipedia.org/wiki/Clandon_Barrow,50.6996,-2.48805
Q1110796,Kercadoret dolmen,landmarks,http://commons.wikimedia.org/wiki/Special:FilePath/Dolmen%20de%20Kercadoret%20%C3%A0%20Locmariaquer%20Jean-Charles%20GUILLO.JPG,France,,47.589722222,-2.978333333
Q1112042,Hügelgrab von Wiera,landmarks,http://commons.wikimedia.org/wiki/Special:FilePath/H%C3%BCgelgrab%20von%20Wiera%20HDR.jpg,Germany,,50.8726,9.14633
Q1112701,Großsteingrab Qualitz,landmarks,http://commons.wikimedia.org/wiki/Special:FilePath/Gro%C3%9Fsteingrab%20Qualitz%20p2.jpg,Germany,,53.8361,11.851
Q1120206,Q1120206,landmarks,http://commons.wikimedia.org/wiki/Special:FilePath/Werste-Steingrab.jpg,Germany,,52.2157,8.77701
Q1124663,"Ad Fines, late Roman fort",landmarks,http://commons.wikimedia.org/wiki/Special:FilePath/Luftaufnahme%20Pfyn.jpg,Switzerland,,47.5944,8.96144
Q1131391,Arbeia South Shields Roman Fort,landmarks,http://commons.wikimedia.org/wiki/Special:FilePath/Arbeia.jpg,United Kingdom,https://en.wikipedia.org/wiki/Arbeia,55.0044,-1.43111
Q1497366,Großsteingrab Blankensee,landmarks,http://commons.wikimedia.org/wiki/Special:FilePath/Luebeck-Blankensee%20Grosssteingrab%20Gesamtansicht.JPG,Germany,,53.7908,10.7013
Q1523314,Q1523314,landmarks,http://commons.wikimedia.org/wiki/Special:FilePath/Gro%C3%9Fsteingrab%20Grumfeld%20West.JPG,Germany,,52.4868,7.87947
Q1525914,Q1525914,landmarks,http://commons.wikimedia.org/wiki/Special:FilePath/Gro%C3%9Fsteingrab%20Werpeloh%20II.jpg,Germany,,52.89069444,7.50313889
Q1526659,Roman Theatre of Cádiz,landmarks,http://commons.wikimedia.org/wiki/Special:FilePath/Teatro%20Romano%20de%20C%C3%A1diz%20-%20Grader%C3%ADo.JPG,Spain,https://en.wikipedia.org/wiki/Roman_Theatre_(C%C3%A1diz),36.528429425,-6.293573118
Q1527175,Gretescher Steine,landmarks,http://commons.wikimedia.org/wiki/Special:FilePath/Gretescher%20steine%2010.jpg,Germany,,52.2701,8.11868
Q1529197,Glaner Braut,landmarks,http://commons.wikimedia.org/wiki/Special:FilePath/D%C3%B6tlingen-Teil%20der%20zerst%C3%B6rten%20Gro%C3%9Fsteingr%C3%A4ber.JPG,Germany,,52.930534,8.375015
Q1530891,Großsteingrab von Rheine,landmarks,http://commons.wikimedia.org/wiki/Special:FilePath/Megalithgrab%2C%20Rheine-Schotthock%203158.JPG,Germany,,52.3008,7.43667
Q1538668,Großsteingrab Jeggen,landmarks,http://commons.wikimedia.org/wiki/Special:FilePath/Megalithgrab%20jeggen%2010.jpg,Germany,,52.275556,8.200833
Q1540835,Grabkammer Malente,landmarks,http://commons.wikimedia.org/wiki/Special:FilePath/Malente%20-%20Grabkammer%20Malente.JPG,Germany,,54.1806,10.5704
Q1541941,Visbeker Bräutigam,landmarks,http://commons.wikimedia.org/wiki/Special:FilePath/Visbeker%20Br%C3%A4utigam%202.JPG,Germany,,52.8784,8.2664
Q1544818,Großsteingrab Hammah 1,landmarks,http://commons.wikimedia.org/wiki/Special:FilePath/Hammah%20-%20Hoevelgraf2.jpg,Germany,,53.633842,9.372314
Q1547033,Q1547033,landmarks,http://commons.wikimedia.org/wiki/Special:FilePath/Arch%C3%A4ologisch-%C3%96kologisches%20Zentrum%20Albersdorf%20IMG%200070.JPG,Germany,,54.253,10.104
Q1548108,Q1548108,landmarks,http://commons.wikimedia.org/wiki/Special:FilePath/Poggendorfer%20Forst%20Gro%C3%9Fdolmen%201.jpg,Germany,,54.03433056,13.16826111
Q1548109,Q1548109,landmarks,http://commons.wikimedia.org/wiki/Special:FilePath/Sassen2.jpg,Germany,,54.00909444,13.204175
Q1548407,Großsteingrab Thölstedt,landmarks,http://commons.wikimedia.org/wiki/Special:FilePath/Gro%C3%9Fsteingrab%20Th%C3%B6lstedt%2004.JPG,Germany,,52.881417,8.336778
Q1548411,Großsteingrab Stenum,landmarks,http://commons.wikimedia.org/wiki/Special:FilePath/Stenum%20%28930%29.jpg,Germany,,53.0749463,8.5550664
Q1549595,Großsteingrab Beesewege,landmarks,http://commons.wikimedia.org/wiki/Special:FilePath/Bekmann%20Beesewege%20Fpl%201.jpg,Germany,,52.651,11.6341
Q1549601,Großsteingrab Bockholm,landmarks,http://commons.wikimedia.org/wiki/Special:FilePath/Gro%C3%9Fsteingrab%20Bockholm%20Pastor%20Harries%202.jpg,Germany,,54.835625,9.58823056
Q1549611,Großsteingrab Auf Bruneforths Esch,landmarks,http://commons.wikimedia.org/wiki/Special:FilePath/Stavern%20-%20Ber%C3%9Fener%20Stra%C3%9Fe%20-%20Auf%20Bruneforths%20Esch%2014%20ies.jpg,Germany,,52.782857,7.436457
Q1549616,Großsteingrab Hüven-Süd,landmarks,http://commons.wikimedia.org/wiki/Special:FilePath/H%C3%BCven%20-%20H%C3%BCvener%20M%C3%BChle%20-%20Gro%C3%9Fsteingrab%20H%C3%BCven%20S%C3%BCd%2011%20ies.jpg,Germany,,52.776956728,7.557211822
Q1549626,Ganggrab Liepen 8,landmarks,http://commons.wikimedia.org/wiki/Special:FilePath/Ganggrab%208%20bei%20Liepen%2021-08-2008%20105.jpg,Germany,,54.0691,12.5899
Q1549627,Großsteingrab Lähden I,landmarks,http://commons.wikimedia.org/wiki/Special:FilePath/Gro%C3%9Fsteingrab%20L%C3%A4hden%20I.JPG,Germany,,52.76502778,7.57111111
Q1549624,Großsteingrab Liepen 10,landmarks,http://commons.wikimedia.org/wiki/Special:FilePath/Gro%C3%9Fsteingrab%20Liepen%2010%20p3.jpg,Germany,,54.06613,12.59321
Q1549625,Ganggrab Liepen 7,landmarks,http://commons.wikimedia.org/wiki/Special:FilePath/Ganggrab%207%20bei%20Liepen%2021-08-2008%20096.jpg,Germany,,54.0692,12.5893
Q1549634,Großsteingrab Mühlensteine,landmarks,http://commons.wikimedia.org/wiki/Special:FilePath/Gro%C3%9Fsteingrab%20M%C3%BChlensteine%2011.JPG,Germany,,52.873333,8.3265
Q1549632,Mellen dolmen,landmarks,http://commons.wikimedia.org/wiki/Special:FilePath/Lenzen%20Mellen%20dolmen.jpg,Germany,,53.155022,11.591134
Q1549646,Großsteingrab Restrup,landmarks,http://commons.wikimedia.org/wiki/Special:FilePath/Gro%C3%9Fsteingrab%20Restrup.jpg,Germany,,52.57455556,7.77494444
Q1549644,Großsteingrab Püttkesberge,landmarks,http://commons.wikimedia.org/wiki/Special:FilePath/S%C3%B6gel%20-%20Nach%20P%C3%BCttkesberge%20-%20Gro%C3%9Fsteingrab%20P%C3%BCttkesberge%2016%20ies.jpg,Germany,,52.83011111,7.51077778
Q1549650,Großsteingrab Steenberg,landmarks,http://commons.wikimedia.org/wiki/Special:FilePath/Steenbeqrg.jpg,Germany,,52.998694,8.331806
Q1549653,Großsteingrab Tannenhausen,landmarks,http://commons.wikimedia.org/wiki/Special:FilePath/Butter%20Brot%20und%20Kaese%20matthiassuessen-7507.jpg,Germany,,53.51471111,7.47040556
Q1549659,Großsteingrab Werpeloh III,landmarks,http://commons.wikimedia.org/wiki/Special:FilePath/Werpeloh%20-%20Zum%20Steingrab%20-%20Steingrab%20Werpeloh%20III%2008%20ies.jpg,Germany,,52.87888889,7.52377778
Q1549657,Teufelssteine,landmarks,http://commons.wikimedia.org/wiki/Special:FilePath/Teufelssteine%2006.jpg,Germany,,52.265569,8.107583
Q1549662,Großsteingrab Wiemelsberger Steine,landmarks,http://commons.wikimedia.org/wiki/Special:FilePath/Ueffeln%20Wiemelsberger%20Steine.JPG,Germany,,52.45015,7.86185
Q1549661,Großsteingrab Westerloh I,landmarks,http://commons.wikimedia.org/wiki/Special:FilePath/Gro%C3%9Fsteingrab%20Westerloh%201.JPG,Germany,,52.73972222,7.51438889
Q1549667,Ganggrab auf dem Ladenesch,landmarks,http://commons.wikimedia.org/wiki/Special:FilePath/Gro%C3%9Fsteingrab%20auf%20dem%20Ladenesch.JPG,Germany,,52.71736111,7.69752778
Q1549670,Ganggrab auf dem Sonderling,landmarks,http://commons.wikimedia.org/wiki/Special:FilePath/Auf%20dem%20Sonderling%20.jpg,Germany,,52.80217222,7.872325
Q1549668,Großsteingrab auf dem Radberg,landmarks,http://commons.wikimedia.org/wiki/Special:FilePath/Gro%C3%9Fsteingrab%20auf%20dem%20Radberg.jpg,Germany,,52.51605556,7.46158333
Q1549675,Großsteingrab Albersdorf 8,landmarks,http://commons.wikimedia.org/wiki/Special:FilePath/Albersdorf%20Steingrab%20%28Papenbusch%29%201.jpg,Germany,,54.1475,9.28797
Q1549672,Großsteingrab im Alt-Frerener Forst,landmarks,http://commons.wikimedia.org/wiki/Special:FilePath/Gro%C3%9Fsteingrab%20im%20Alt-Frerener%20Forst.jpg,Germany,,52.504,7.55173611
Q1549673,Großsteingrab im Ipeken,landmarks,http://commons.wikimedia.org/wiki/Special:FilePath/Gro%C3%9F%20Ber%C3%9Fen%20Im%20Ipeken.JPG,Germany,,52.78111667,7.50691667
Q1549679,Großsteingrab Bunsoh,landmarks,http://commons.wikimedia.org/wiki/Special:FilePath/GST%20Bunsoh%20von%20Norden%20JM%20P5200163.JPG,Germany,,54.165135,9.306946
Q1549677,Großsteingrab in der Kunkenvenne,landmarks,http://commons.wikimedia.org/wiki/Special:FilePath/Gro%C3%9Fsteingrab%20in%20der%20Kunkenvenne%201.jpg,Germany,,52.505473,7.506269
Q1549680,Großsteingrab Frestedt,landmarks,http://commons.wikimedia.org/wiki/Special:FilePath/Albersdorf%20Steingrab%20%28Frestedt%29%20b.jpg,Germany,,54.1333,9.29194
Q1549685,Q1549685,landmarks,http://commons.wikimedia.org/wiki/Special:FilePath/H%C3%BCnengrab%20Klein%20G%C3%B6rnow%201.jpg,Germany,,53.7609,11.8111
Q1549689,Großsteingräber Deymanns Mühle I-IV,landmarks,http://commons.wikimedia.org/wiki/Special:FilePath/Stavern%20Deymanns%20M%C3%BChle.JPG,Germany,,52.77308333,7.42972222
Q1549694,Birkenmoor tombs,landmarks,http://commons.wikimedia.org/wiki/Special:FilePath/Daenischer-Wohld%20-%20Dolmen%20Kuhholzberg.JPG,Germany,,54.435,10.06
Q1549692,Großsteingräber auf der Buschhöhe,landmarks,http://commons.wikimedia.org/wiki/Special:FilePath/Werpeloh-Steingrab-4-a.jpg,Germany,,52.87283333,7.52458333
Q1549700,Großsteingräber bei Glücksburg,landmarks,http://commons.wikimedia.org/wiki/Special:FilePath/Gluecksburg%20Steingrab%203d.jpg,Germany,,54.84652778,9.56084722
Q1549705,Q1549705,landmarks,http://commons.wikimedia.org/wiki/Special:FilePath/Lahn%20K%C3%B6lkesdose.JPG,Germany,,52.80091667,7.57880556
Q1549715,Q1549715,landmarks,http://commons.wikimedia.org/wiki/Special:FilePath/Gro%C3%9Fsteingrab%20D%C3%BCvelskuhlen%20I.JPG,Germany,,52.81475,7.48430556
Q1549713,Großsteingräber bei Vehrte,landmarks,http://commons.wikimedia.org/wiki/Special:FilePath/Belm%20-%20Vehrte%20-%20Teufels%20Backofen%20-BT-%2001.jpg,Germany,,52.34963,8.15922
Q1549719,Q1549719,landmarks,http://commons.wikimedia.org/wiki/Special:FilePath/Gro%C3%9Fsteingrab%20Frauenmark%282%29.jpg,Germany,,53.5322,11.8028
Q1549722,Q1549722,landmarks,http://commons.wikimedia.org/wiki/Special:FilePath/Pustow5%20Eingang.jpg,Germany,,54.02257,13.2305
Q1549725,Großsteingrab Mechelsdorf 3,landmarks,http://commons.wikimedia.org/wiki/Special:FilePath/20140616%20Mechelsdorf%203%20DSC06405%20PtrQs.jpg,Germany,,54.114805555,11.644111111
Q1550373,Großsteingrab Grumfeld West,landmarks,http://commons.wikimedia.org/wiki/Special:FilePath/Grumfeld%20Megalithen.jpg,Germany,,52.4836,7.88108
Q1551315,Skegriedösen,landmarks,http://commons.wikimedia.org/wiki/Special:FilePath/Skegried%C3%B6sen%202.jpg,Sweden,,55.447285,13.030193
Q1562154,Großsteingräber bei Steinfeld,landmarks,http://commons.wikimedia.org/wiki/Special:FilePath/Gro%C3%9Fsteingrab%20Steinfeld%202.jpg,Germany,,53.22023,9.21292
Q1617215,Roman Theatre,landmarks,http://commons.wikimedia.org/wiki/Special:FilePath/Benevento-Teatro%20Romano.jpg,Italy,"https://en.wikipedia.org/wiki/Roman_Theatre,_Benevento",41.1303701,14.7711024
Q1825356,Roman Theatre of Volterra,landmarks,http://commons.wikimedia.org/wiki/Special:FilePath/Volterra-TheatreRomain.jpg,Italy,https://en.wikipedia.org/wiki/Roman_Theatre_at_Volterra,43.4036,10.86
Q1851628,Gallo-Roman Theatre of Mandeure,landmarks,http://commons.wikimedia.org/wiki/Special:FilePath/2020-08%20-%20Th%C3%A9%C3%A2tre%20antique%20de%20Mandeure%20-%2004.jpg,France,,47.449016,6.796224
Q2148270,Roman Theatre of Verulamium,landmarks,http://commons.wikimedia.org/wiki/Special:FilePath/Verulamium%20Roman%20Theatre%202.jpg,United Kingdom,"https://en.wikipedia.org/wiki/Roman_Theatre,_St_Albans",51.753819,-0.35855
Q2176743,Roman Theatre of Spoleto,landmarks,http://commons.wikimedia.org/wiki/Special:FilePath/Teatro%20Romano.jpg,Italy,,42.7331,12.73489
Q2202658,Roman Theatre of Neapolis,landmarks,http://commons.wikimedia.org/wiki/Special:FilePath/CaveaAnticaglia.jpg,Italy,,40.85235375,14.25668389
Q2291068,Theatre of Dougga,landmarks,http://commons.wikimedia.org/wiki/Special:FilePath/Roman%20Theatre%20Dougga.jpg,Tunisia,https://en.wikipedia.org/wiki/Roman_theatre_of_Dougga,36.42379,9.2203
Q2383749,Théâtre gallo-romain des Bardiaux,landmarks,http://commons.wikimedia.org/wiki/Special:FilePath/Th%C3%A9%C3%A2tre%20des%20Bardiaux%20%28Panoramique%29%201.jpg,France,,47.0572,4.0085
Q2388770,Gennes amphitheatre,landmarks,http://commons.wikimedia.org/wiki/Special:FilePath/Ar%C3%A8ne%20du%20th%C3%A9%C3%A2tre-Amphith%C3%A9%C3%A2tre%20de%20Gennes.JPG,France,,47.3351,-0.238599
Q2429753,Roman Theatre of Thubursicum Numidarum,landmarks,http://commons.wikimedia.org/wiki/Special:FilePath/GM%20Khamissa%20Roman%20Theatre01.jpg,Algeria,,36.193686,7.655947
Q2575871,"Roman Theatre, Fiesole",landmarks,http://commons.wikimedia.org/wiki/Special:FilePath/FiesoleDec092023%2011.jpg,Italy,,43.808006,11.293928
Q2627735,Roman Theatre of Cartagena,landmarks,http://commons.wikimedia.org/wiki/Special:FilePath/Teatro%20Romano%20Cartagena%20vista%20panor%C3%A1mica.jpg,Spain,https://en.wikipedia.org/wiki/Roman_Theatre_(Cartagena),37.5995,-0.9841
Q2634316,Roman Theatre of Amman,landmarks,http://commons.wikimedia.org/wiki/Special:FilePath/Roman%20theater%20of%20Amman%2001.jpg,Jordan,https://en.wikipedia.org/wiki/Roman_Theatre_(Amman),31.951673,35.939363
Q2700544,Roman Theatre of Emerita Augusta,landmarks,http://commons.wikimedia.org/wiki/Special:FilePath/Ancient%20Roman%20theatre%20in%20M%C3%A9rida%202023.jpg,Spain,https://en.wikipedia.org/wiki/Roman_Theatre_(M%C3%A9rida),38.915363055,-6.338661111
Q2734384,Theatre of Balbus,landmarks,http://commons.wikimedia.org/wiki/Special:FilePath/Theatre%20of%20Balbus.jpg,Italy,https://en.wikipedia.org/wiki/Theatre_of_Balbus,41.8944,12.4786
Q2769798,Roman Theatre of Augustodunum,landmarks,http://commons.wikimedia.org/wiki/Special:FilePath/Theatre%20autun%20panorama.jpg,France,,46.9528,4.30995
Q3056297,Roman Theatre at Bosra,landmarks,http://commons.wikimedia.org/wiki/Special:FilePath/Syria%20bosra%20theater.jpg,Syria,https://en.wikipedia.org/wiki/Roman_Theatre_at_Bosra,32.51773,36.48157
Q3079841,Roman theatre of Tarraco,landmarks,http://commons.wikimedia.org/wiki/Special:FilePath/Teatre%20Rom%C3%A0%20de%20Tarragona-4.JPG,Spain,https://en.wikipedia.org/wiki/Roman_Theatre_(Tarraco),41.1128,1.2494
Q3527590,Roman Theatre of Augusta Raurica,landmarks,http://commons.wikimedia.org/wiki/Special:FilePath/Augustaraurica%20theater1.jpg,Switzerland,,47.5332,7.72207
Q3527839,Gallo-Roman Theatre of Alba Augusta Helviorum,landmarks,http://commons.wikimedia.org/wiki/Special:FilePath/CaveaAlba-la-romaine.jpg,France,,44.55985,4.60189
Q3527840,Gallo-Roman theatre at Les Bouchauds,landmarks,http://commons.wikimedia.org/wiki/Special:FilePath/Saint-Cybardeaux%20Th%C3%A9%C3%A2tre%20des%20Bouchauds%202014.jpg,France,,45.7817,-0.0062
Q3527841,Théâtre antique de Marseille,landmarks,http://commons.wikimedia.org/wiki/Special:FilePath/Marseille%20th%C3%A9%C3%A2tre%20plan.svg,France,,43.296388888,5.364722222
Q3527911,Roman Theatre of Aosta,landmarks,http://commons.wikimedia.org/wiki/Special:FilePath/2104AostaTeatroRomano.jpg,Italy,"https://en.wikipedia.org/wiki/Roman_Theatre,_Aosta",45.73841,7.3223
Q3527915,Q3527915,landmarks,http://commons.wikimedia.org/wiki/Special:FilePath/Mauves%20-%20Plan%20th%C3%A9%C3%A2tre%20Ma%C3%AEtre.jpg,France,,47.30613,-1.38138
Q3527913,Roman theatre of Cordoba,landmarks,http://commons.wikimedia.org/wiki/Special:FilePath/Teatro%20romano%20de%20C%C3%B3rdoba%2001.jpg,Spain,,37.881966,-4.777886
Q3537241,Theater of Herod,landmarks,http://commons.wikimedia.org/wiki/Special:FilePath/%D7%90%D7%9E%D7%A4%D7%99%20%D7%A7%D7%99%D7%A1%D7%A8%D7%99%D7%94.jpg,Israel,,32.49605,34.89097
Q3849447,Roman Theatre of Malaca,landmarks,http://commons.wikimedia.org/wiki/Special:FilePath/Roman%20Malaga.jpg,Spain,,36.721188676,-4.41687142
Q3896297,Roman Theatre of Saguntum,landmarks,http://commons.wikimedia.org/wiki/Special:FilePath/Teatre%20rom%C3%A0%20Sagunt.jpg,Spain,https://en.wikipedia.org/wiki/Sagunto_Roman_theatre,39.6768,-0.277925
Q3966846,Roman Theater in Tiberias,landmarks,http://commons.wikimedia.org/wiki/Special:FilePath/PikiWiki%20Israel%2072635%20the%20roman%20theater%20in%20tiberias.jpg,Israel,,32.77361111,35.54416667
Q3982012,Great Theatre of Pompeii,landmarks,http://commons.wikimedia.org/wiki/Special:FilePath/Grand%20Th%C3%A9%C3%A2tre%20de%20Pomp%C3%A9i.JPG,Italy,,40.748795,14.488416
Q3982324,Theatre of Hierapolis,landmarks,http://commons.wikimedia.org/wiki/Special:FilePath/The%20Roman%20theatre%2C%20built%20in%20the%202nd%20century%20AD%20under%20Hadrian%20on%20the%20ruins%20of%20an%20earlier%20theatre%2C%20later%20renovated%20under%20Septimius%20Severus%2C%20Hierapolis%2C%20Turkey%20-%2017033619498.jpg,Turkey,,37.9267,29.1292
Q3982350,Greco-Roman theatre of Marina di Gioiosa Ionica,landmarks,http://commons.wikimedia.org/wiki/Special:FilePath/MarinaGioiosaIonicaRomanThermae.JPG,Italy,,38.3014307,16.3328588
Q3982363,Roman Theatre of Amiternum,landmarks,http://commons.wikimedia.org/wiki/Special:FilePath/Teatro%20romano%20di%20Amiternum%20%28dettaglio%29.jpg,Italy,,42.40386111,13.30991944
Q3982366,Roman Theatre of Ascoli Piceno,landmarks,http://commons.wikimedia.org/wiki/Special:FilePath/Teatro%20Romano%20di%20Ascoli%20Piceno.jpg,Italy,,42.85366111,13.56858056
Q3982367,Roman Theatre of Locri,landmarks,http://commons.wikimedia.org/wiki/Special:FilePath/Locri%20Epizefiri%20Teatro%20Greco%2002.jpg,Italy,,38.21618056,16.22863611
Q3982364,Roman Theatre of Anzio,landmarks,http://commons.wikimedia.org/wiki/Special:FilePath/Teatro%20anzio%20orchestra.JPG,Italy,,41.45516111,12.62865278
Q3982365,Roman Theatre of Brescia,landmarks,http://commons.wikimedia.org/wiki/Special:FilePath/Teatro%20antico%201.JPG,Italy,,45.539868,10.2269897
Q3982370,Roman Theatre of Ostia,landmarks,http://commons.wikimedia.org/wiki/Special:FilePath/Ostia%20Theatre.jpg,Italy,,41.755833333,12.291388888
Q3982371,Roman Theatre of Turin,landmarks,http://commons.wikimedia.org/wiki/Special:FilePath/Teatro%20romano%20di%20torino%2001.JPG,Italy,,45.07397222,7.68551389
Q3982368,Roman Theatre of Milan,landmarks,http://commons.wikimedia.org/wiki/Special:FilePath/Lapide%20del%20teatro%20romano%20a%20Palazzo%20Mezzanotte.jpg,Italy,,45.46527778,9.18277778
Q3982369,Roman Theatre of Lecce,landmarks,http://commons.wikimedia.org/wiki/Special:FilePath/Ancient%20Roman%20theatre%20%28Lecce%29%2001.jpg,Italy,,40.3513908,18.1705391
Q3982372,Roman Theatre of Teramo,landmarks,http://commons.wikimedia.org/wiki/Special:FilePath/Teatro%20romano%20di%20Teramo.jpg,Italy,,42.65789722,13.704075
Q4453457,Roman Theatre of Kourion,landmarks,http://commons.wikimedia.org/wiki/Special:FilePath/Episkopi%2001-2017%20img04%20Kourion.jpg,Cyprus,,34.66421,32.887954
Q6023471,Ancient Theatre of Halicarnassus,landmarks,http://commons.wikimedia.org/wiki/Special:FilePath/The%20theatre%20of%20ancient%20Halicarnassus%2C%20built%20in%20the%204th%20century%20BC%20during%20the%20reign%20of%20King%20Mausolos%20and%20enlarged%20in%20the%202nd%20century%20AD%2C%20the%20original%20capacity%20of%20the%20theatre%20was%2010%2C000%2C%20Bodrum%2C%20Turkey%20%2816456817694%29.jpg,Turkey,https://en.wikipedia.org/wiki/Theatre_at_Halicarnassus,37.040121,27.4215425
Q7362208,Roman Theatre at Apamea,landmarks,http://commons.wikimedia.org/wiki/Special:FilePath/ApameaTeatro01.jpg,Syria,,35.418,36.398
Q7777503,Theatre of Clunia Sulpicia,landmarks,http://commons.wikimedia.org/wiki/Special:FilePath/Clunia%20Sulpicia%20%28Pe%C3%B1alba%20de%20Castro%29%20-%20001%20%2835754335521%29.jpg,Spain,https://en.wikipedia.org/wiki/Theatre_of_Clunia_Sulpicia,41.783908333,-3.365336111
Q10378913,Roman Theatre of Braga,landmarks,http://commons.wikimedia.org/wiki/Special:FilePath/Teatro%20Romano%20de%20Maximinos.jpg,Portugal,,41.54671111,-8.43031389
Q11704271,Roman Theatre of Italica,landmarks,http://commons.wikimedia.org/wiki/Special:FilePath/Italica%20Roman%20Theatre.JPG,Spain,,37.4401,-6.03878
Q11951065,Roman theater at Reina,landmarks,http://commons.wikimedia.org/wiki/Special:FilePath/ReginateatroELWI.JPG,Spain,,38.203322,-5.953497833
Q12192976,Roman Theatre of Alexandria,landmarks,http://commons.wikimedia.org/wiki/Special:FilePath/Alexandrie%20112004%2002.jpg,Egypt,,31.19463,29.90405
Q13043692,Apollonia Odeon,landmarks,http://commons.wikimedia.org/wiki/Special:FilePath/Odeon%20of%20Apollonia%2C%20Abania%2001.jpg,Albania,,40.721805555,19.473055555
Q13102725,Q13102725,landmarks,http://commons.wikimedia.org/wiki/Special:FilePath/Ancient%20Roman%20theatre%20in%20Dalheim.jpg,Luxembourg,,49.540833333,6.256666666
Q15813010,Großsteingräber bei Altenmedingen,landmarks,http://commons.wikimedia.org/wiki/Special:FilePath/Altenmedingen%20Haa%C3%9Fel%20-%20K%C3%B6nigsgr%C3%A4ber%2007%20ies.jpg,Germany,,53.12591389,10.62275833
Q15813009,Großsteingrab Wittstedt,landmarks,http://commons.wikimedia.org/wiki/Special:FilePath/Gro%C3%9Fsteingrab%20Wittstedt%2003.JPG,Germany,,53.40321389,8.634825
Q15813013,Bexhövede dolmen,landmarks,http://commons.wikimedia.org/wiki/Special:FilePath/Gro%C3%9Fsteingrab%20Bexh%C3%B6vede%2005.JPG,Germany,,53.477175,8.67226944
Q15813016,Großsteingräber bei Burtevitz,landmarks,http://commons.wikimedia.org/wiki/Special:FilePath/Gro%C3%9Fsteingr%C3%A4ber%20bei%20Lancken-Granitz%20und%20Burtevitz%2001.JPG,Germany,,54.35733056,13.6275
Q15814262,Q15814262,landmarks,http://commons.wikimedia.org/wiki/Special:FilePath/Gro%C3%9Fsteingrab%20grambergen%201.jpg,Germany,,52.29083333,8.30216667
Q15814267,Großsteingräber bei Heine,landmarks,http://commons.wikimedia.org/wiki/Special:FilePath/Gro%C3%9Fsteingrab%20Heine%202%2008.JPG,Germany,,53.28670556,8.65107778
Q15814265,Großsteingräber bei Haaren,landmarks,http://commons.wikimedia.org/wiki/Special:FilePath/Haaren%20megalithgrab%20i%2004.jpg,Germany,,52.31897778,8.19878056
Q15814274,Großsteingräber bei Lübberstedt,landmarks,http://commons.wikimedia.org/wiki/Special:FilePath/L%C3%BCbberstedt%20Grab1%20%282%29.JPG,Germany,,53.19104167,10.113525
Q15814276,Großsteingräber bei Niendorf I,landmarks,http://commons.wikimedia.org/wiki/Special:FilePath/Gro%C3%9Fsteingr%C3%A4ber%20bei%20Niendorf%20I%20Estorff.jpg,Germany,,53.12251667,10.63526667
Q15814277,Großsteingräber bei Oetzen,landmarks,http://commons.wikimedia.org/wiki/Special:FilePath/Gro%C3%9Fsteingrab%20Oetzen%202%20Estorff.jpg,Germany,,53.01666667,10.68333333
Q15814280,Großsteingräber bei Steden,landmarks,http://commons.wikimedia.org/wiki/Special:FilePath/Gro%C3%9Fsteingrab%20Steden%202%2001.jpg,Germany,,53.3625,8.8852
Q15814285,Großsteingräber im Fuhrenkamp,landmarks,http://commons.wikimedia.org/wiki/Special:FilePath/Gro%C3%9Fsteingrab%20im%20Fuhrenkamp%201.JPG,Germany,,52.78085,7.82038889
Q15819724,Dolmen of Plestlin,landmarks,http://commons.wikimedia.org/wiki/Special:FilePath/Neu%20Plestlin%20Teufelsstein%2005.jpg,Germany,,53.954959,13.2361
Q15822555,Kammer von Warringholz,landmarks,http://commons.wikimedia.org/wiki/Special:FilePath/Itzehoe%2C%20Germany%20Germanengrab%20-%20Warringholz.jpg,Germany,,53.929939,9.516603
Q15833735,Mané-Brisil dolmen,landmarks,http://commons.wikimedia.org/wiki/Special:FilePath/D%C3%A9fimenhir%20-%20site4-6.JPG,France,,47.6178,-3.065
Q15857354,Bois l'Évêque dolmen,landmarks,http://commons.wikimedia.org/wiki/Special:FilePath/Dolmen%20de%20bois%20l%27%C3%A9v%C3%AAque.jpg,France,,48.6493,6.006
Q15867550,Pierre de l'Armoire,landmarks,http://commons.wikimedia.org/wiki/Special:FilePath/Dolmen%20de%20Rumont.jpg,France,,48.27947,2.506987
Q15929890,dolmen de Coët-Courzo,landmarks,http://commons.wikimedia.org/wiki/Special:FilePath/Dolmen%20de%20Co%C3%ABt%20Courzo.jpg,France,,47.5905,-2.9723
Q15929899,dolmen d'Er Houel,landmarks,http://commons.wikimedia.org/wiki/Special:FilePath/Dolmen%20d%27Er%20Houel%20-%20Locmariaquer%20%28France%29%20-%202.JPG,France,,47.554,-2.9626
Q15929995,dolmens de Kerdaniel,landmarks,http://commons.wikimedia.org/wiki/Special:FilePath/2%20dolmens%20de%20Kerdaniel.jpg,France,,47.6004,-2.9771
Q15930005,dolmen de Kerlud,landmarks,http://commons.wikimedia.org/wiki/Special:FilePath/Dolmen%20de%20Kerlud%2C%20Locmariaquer%2C%20France%20-%2004.JPG,France,,47.567,-2.9564
Q15930022,dolmen de Kerveresse,landmarks,http://commons.wikimedia.org/wiki/Special:FilePath/Dolmen%20de%20Kerveresse%207488.JPG,France,,47.5818,-2.9631
Q15945083,Dolmen des Pierres-Folles,landmarks,http://commons.wikimedia.org/wiki/Special:FilePath/Commequiers%20pierres-folles%2004.jpg,France,,46.7532,-1.8499
Q15948561,Dolmen de Pierre-Fade,landmarks,http://commons.wikimedia.org/wiki/Special:FilePath/Dolmen%20de%20la%20Pierre-Fade.JPG,France,,45.7967,2.59528
Q15948596,Dolmen de la Grotte,landmarks,http://commons.wikimedia.org/wiki/Special:FilePath/Cournols%20dolmen%20la%20Grotta%20%288%29.JPG,France,,45.641361111,3.036430555
Q15948600,Dolmen de Mettray,landmarks,http://commons.wikimedia.org/wiki/Special:FilePath/Saint-Antoine-du-Rocher%2C%20Dolmen%20de%20la%20Grotte%20aux%20F%C3%A9es.jpg,France,,47.4629,0.6504
Q15948639,Dolmen des Collets de Cotlliure,landmarks,http://commons.wikimedia.org/wiki/Special:FilePath/Dolmen%20des%20collets%20de%20Cotlliure02.jpg,France,,42.521111111,3.032916666
Q15948636,Les Claps dolmen,landmarks,http://commons.wikimedia.org/wiki/Special:FilePath/Dolmen%20des%20claps.jpg,France,,43.7257,6.78598
Q15949919,West Lanyon Quoit,landmarks,http://commons.wikimedia.org/wiki/Special:FilePath/West%20Lanyon%20Quoit%20-%20geograph.org.uk%20-%201964991.jpg,United Kingdom,https://en.wikipedia.org/wiki/West_Lanyon_Quoit,50.148,-5.60839
Q15950299,Grosse Pierre,landmarks,http://commons.wikimedia.org/wiki/Special:FilePath/Dolmen%20dit%20la%20grosse%20pierre%20%282%29.jpg,France,,47.5216,6.1224
Q15952988,Pierre couverte de Bué,landmarks,http://commons.wikimedia.org/wiki/Special:FilePath/Dolmen%2002.JPG,France,,47.1777,1.7709
Q15952995,Pierre du Vert-Galant,landmarks,http://commons.wikimedia.org/wiki/Special:FilePath/Le%20vert%20galant%20%28Tavers%29.JPG,France,,47.7681,1.58667
Q15953001,Dolmen de la pierre tournante,landmarks,http://commons.wikimedia.org/wiki/Special:FilePath/La%20pierre%20tournante%20%28Tavers%29.JPG,France,,47.7706,1.58778
Q15953348,Lillebonne Gallo-Roman theater,landmarks,http://commons.wikimedia.org/wiki/Special:FilePath/TheatreLillebonne.jpg,France,https://en.wikipedia.org/wiki/Roman_theatre_of_Lillebonne,49.5177,0.536753
Q16031898,Q16031898,landmarks,http://commons.wikimedia.org/wiki/Special:FilePath/Dolmen%20du%20Camp%20Gran%20I%20-%201.jpg,France,,42.642277777,2.611333333
Q16031900,Q16031900,landmarks,http://commons.wikimedia.org/wiki/Special:FilePath/DolmenDePeyralade00.jpg,France,,42.762583333,2.496777777
Q16031906,Dolmen du Coll de la Llosa,landmarks,http://commons.wikimedia.org/wiki/Special:FilePath/Dolmen%20du%20Coll%20de%20la%20Llosa%20-%201.jpg,France,https://en.wikipedia.org/wiki/Coll_de_la_Llosa_dolmen,42.6305,2.605805555
Q16031907,Coll de les Portes dolmen,landmarks,http://commons.wikimedia.org/wiki/Special:FilePath/Dolmen%20Coll%20de%20les%20Portes%20-%203.jpg,France,,42.446611111,3.123555555
Q16031905,Dolmen del Coll de la Farella,landmarks,http://commons.wikimedia.org/wiki/Special:FilePath/Dolmen%20Coll%20de%20la%20Farella%20-%203.jpg,Spain,,42.43507,3.12973
Q16031910,dolmen de la Coma Enestapera,landmarks,http://commons.wikimedia.org/wiki/Special:FilePath/Dolmen%20de%20Coma%20Enestapera%20-%201.jpg,France,https://en.wikipedia.org/wiki/Coma_Enestapera_dolmen,42.451777777,3.143388888
Q16031908,dolmen of the Coll del Tribe,landmarks,http://commons.wikimedia.org/wiki/Special:FilePath/Dolmen%20col%20l%20del%20Tribes.jpg,France,,42.678916666,2.409555555
Q16031914,Dolmen de la Creu del Senyal,landmarks,http://commons.wikimedia.org/wiki/Special:FilePath/Dolmen%20de%20la%20Creu%20del%20Senyal%20-%208.jpg,France,,42.506666666,2.860055555
Q16031913,Creu de la Llosa dolmen,landmarks,http://commons.wikimedia.org/wiki/Special:FilePath/Dolmen%20de%20la%20creu%20Falibe.jpg,France,,42.634222222,2.643638888
Q16031920,Dolmen de Galuert,landmarks,http://commons.wikimedia.org/wiki/Special:FilePath/Dolmen%20de%20Galuert%207.JPG,France,,42.534361111,2.745805555
Q16031921,Dolmen de Gratallops,landmarks,http://commons.wikimedia.org/wiki/Special:FilePath/Dolmen%20de%20Gratallops%20-%205.jpg,France,,42.458361111,3.136416666
Q16031926,Q16031926,landmarks,http://commons.wikimedia.org/wiki/Special:FilePath/Dolmen%20de%20B%C3%A9lesta.JPG,France,,42.726555555,2.605861111
Q16031925,Dolmen du Mas Llussanes II,landmarks,http://commons.wikimedia.org/wiki/Special:FilePath/Dolmen%20du%20Mas%20Llussanes%20II.jpg,France,,42.672694444,2.512666666
Q16031931,Pech Laglaire dolmens,landmarks,http://commons.wikimedia.org/wiki/Special:FilePath/Gr%C3%A9alou%20Pech%20Laglayre%202b.JPG,France,,44.5348,1.86535
Q16031934,Dolmen del Pla de l'Arca,landmarks,http://commons.wikimedia.org/wiki/Special:FilePath/Dolmen%20du%20Pla%20de%20l%27Arca%20%28Molitg-les-Bains%29%207.jpg,France,,42.672972222,2.400416666
Q16031938,Dolmen de lo Pou,landmarks,http://commons.wikimedia.org/wiki/Special:FilePath/Coffre%20%22Lo%20Pou%22.jpg,France,,42.481138888,2.079444444
Q16031941,Q16031941,landmarks,http://commons.wikimedia.org/wiki/Special:FilePath/Dolmen%20d%27el%20Quadr%C3%B3.jpg,France,,42.529861111,2.88625
Q16112130,"Roman Theatre, Pula",landmarks,http://commons.wikimedia.org/wiki/Special:FilePath/Small%20Roman%20Theatre%2C%20Pula.JPG,Croatia,,44.87018,13.8468
Q16697381,Roman Theatre of Aspendos,landmarks,http://commons.wikimedia.org/wiki/Special:FilePath/Aspendos%20teatro%20romano%20-%20panoramio.jpg,Turkey,https://en.wikipedia.org/wiki/Roman_Theatre_of_Aspendos,36.938889,31.172222
Q122281618,"Kurgan I, Ivanivske",landmarks,http://commons.wikimedia.org/wiki/Special:FilePath/%D0%9C%D1%96%D1%81%D1%86%D0%B5%20%D0%B4%D0%B5%20%D0%B1%D1%83%D0%BB%D0%B0%20%D0%BA%D1%83%D1%80%D0%B3%D0%B0%D0%BD%D0%BD%D0%B0%20%D0%B3%D1%80%D1%83%D0%BF%D0%B0.%20%D0%9A%D1%83%D1%80%D0%B3%D0%B0%D0%BD%201.jpg,Ukraine,,48.566944,37.963611
Q1652127,Kummerhy tomb,landmarks,http://commons.wikimedia.org/wiki/Special:FilePath/Kummerhy.jpg,Germany,,54.6421,9.76814
Q1658360,Vongshøj,landmarks,http://commons.wikimedia.org/wiki/Special:FilePath/Vongsh%C3%B8j.jpg,Denmark,,55.088031851,8.921546985
Q1798858,Tumulus de la Hogue,landmarks,http://commons.wikimedia.org/wiki/Special:FilePath/Tumulus%20Hogue.JPG,France,,49.09569444,-0.36236111
Q1820643,Tumulus of Hochtumsknopf,landmarks,http://commons.wikimedia.org/wiki/Special:FilePath/Burg-Reuland-Tumulus%20van%20Hochtumsknopf%20%282%29.JPG,Belgium,,50.23163,6.05816
Q1877295,Regolini-Galassi tomb,landmarks,http://commons.wikimedia.org/wiki/Special:FilePath/Rude%20Stone%20Monuments%200060.png,Italy,https://en.wikipedia.org/wiki/Regolini-Galassi_tomb,41.991944444,12.099444444
Q1891971,Mané-er-Hroëk tumulus,landmarks,http://commons.wikimedia.org/wiki/Special:FilePath/H%201%20Tumulus%20Mane%20er%20Hroech%20C.jpg,France,,47.56283333,-2.93875
Q1899395,Tombe de l'Empereur,landmarks,http://commons.wikimedia.org/wiki/Special:FilePath/Belgium%20Tumulus%20de%20l%27Empereur%2001.jpg,Belgium,,50.63816,5.08519
Q1913292,Othée Tumulus,landmarks,http://commons.wikimedia.org/wiki/Special:FilePath/Awans-Tumulus%20van%20Oth%C3%A9e%20%283%29.JPG,Belgium,,50.72329,5.45953
Q1981929,Butte Saint-Sauveur,landmarks,http://commons.wikimedia.org/wiki/Special:FilePath/Braives-Butte%20Saint-Sauveur%20%284%29.JPG,Belgium,,50.60324,5.18821
Q1985405,Piłsudski's Mound,landmarks,http://commons.wikimedia.org/wiki/Special:FilePath/KopiecPi%C5%82sudskiego-Sowiniec-POL%2C%20Krak%C3%B3w.jpg,Poland,https://en.wikipedia.org/wiki/Pi%C5%82sudski%27s_Mound,50.06006,19.84724
Q1997166,Tumulus of Koninksem,landmarks,http://commons.wikimedia.org/wiki/Special:FilePath/Tongeren-Tumulus%20Koninksem%20%28Paardsweidestraat%29%20%282%29.JPG,Belgium,,50.76888,5.44443
Q2001444,Tumuli of Libersart,landmarks,http://commons.wikimedia.org/wiki/Special:FilePath/Belgique%20-%20Tumuli%20de%20Libersart%20-%2003.JPG,Belgium,,50.6552,4.72158
Q2004450,Tumulus of Vechmaal,landmarks,http://commons.wikimedia.org/wiki/Special:FilePath/Vechmaal-Tumulus%20van%20Vechmaal%20%283%29.JPG,Belgium,,50.75704,5.3518
Q2020031,Tumulus of Brustem,landmarks,http://commons.wikimedia.org/wiki/Special:FilePath/Tumulus%20de%20Brustem.jpg,Belgium,,50.7926,5.24247
Q2029782,Tumulus of Piétrain,landmarks,http://commons.wikimedia.org/wiki/Special:FilePath/Jodoigne-Tumulus%20van%20Pi%C3%A9train%20%282%29.JPG,Belgium,,50.71538,4.92136
Q2083670,Hyrdehøj,landmarks,http://commons.wikimedia.org/wiki/Special:FilePath/Hyrdeh%C3%B8j%28Ramlose%29.jpg,Denmark,,56.017851971,12.131437708
Q2085821,Tumulus of Vaux,landmarks,http://commons.wikimedia.org/wiki/Special:FilePath/Villers-le-Bouillet-Tumulus%20van%20Vaux%20%282%29.JPG,Belgium,,50.620967,5.230172
Q2088193,Tumulus of Hodeige,landmarks,http://commons.wikimedia.org/wiki/Special:FilePath/Remicourt-Tumulus%20van%20Hoedeige%20%282%29.JPG,Belgium,,50.70041,5.36442
Q2112661,Tumulus of Tilly,landmarks,http://commons.wikimedia.org/wiki/Special:FilePath/Tombe%20de%20Tilly%20-%20Tumulus%20de%20Tilly.jpg,Belgium,,50.57663,4.55465
Q2120021,Tumulus Vaalserberg,landmarks,http://commons.wikimedia.org/wiki/Special:FilePath/Vaals-Grafheuvel%20Vaalserberg%20%282%29.JPG,Netherlands,,50.75661,6.01947
Q2139595,Tumulus of Émael,landmarks,http://commons.wikimedia.org/wiki/Special:FilePath/Bassenge-Tumulus%20van%20Emael%20%283%29.JPG,Belgium,,50.78972,5.67556
Q2153128,Rillaton Barrow,landmarks,http://commons.wikimedia.org/wiki/Special:FilePath/Rillaton%20Cup.jpg,United Kingdom,https://en.wikipedia.org/wiki/Rillaton_Barrow,50.5211,-4.45566
Q2156054,tumulus of Gutschoven,landmarks,http://commons.wikimedia.org/wiki/Special:FilePath/Gutshoven-Graf%20van%20Gutshoven%20%284%29.JPG,Belgium,,50.77012,5.33237
Q2161403,Tombe of Yve,landmarks,http://commons.wikimedia.org/wiki/Special:FilePath/Braives-Tombe%20van%20Yve%20%281%29.JPG,Belgium,,50.60592,5.14188
Q2171278,Tumulus of Oleye,landmarks,http://commons.wikimedia.org/wiki/Special:FilePath/Oleye-Tumulus%20van%20Oleye%20%281%29.JPG,Belgium,,50.7158,5.28212
Q2172118,Tumulus of Herderen,landmarks,http://commons.wikimedia.org/wiki/Special:FilePath/Tumulus%20van%20Herderen%20%28Grootbos%29.jpg,Belgium,,50.80676,5.5545
Q2207902,Vorstengraf Oss,landmarks,http://commons.wikimedia.org/wiki/Special:FilePath/Vorstengraf.JPG,Netherlands,https://en.wikipedia.org/wiki/Vorstengraf_(Oss),51.73302,5.56689
Q2209037,D7,landmarks,http://commons.wikimedia.org/wiki/Special:FilePath/Hunebed%20D7%20Kniphorstbos%20bij%20Anloo.jpg,Netherlands,,53.06129,6.68461
Q2222361,Tumulus of Schinkelsknopf,landmarks,http://commons.wikimedia.org/wiki/Special:FilePath/Sankt%20Vith-H%C3%BCgelgr%C3%A4ber%20Schinkelsknopf%20%283%29.jpg,Belgium,,50.255608333,6.110852777
Q2223625,Tumulus of Havelange,landmarks,http://commons.wikimedia.org/wiki/Special:FilePath/Havelange-Tumulus%20van%20Havelange%20%282%29.JPG,Belgium,,50.39051,5.28808
Q2230537,Tumulus aux Six Frères,landmarks,http://commons.wikimedia.org/wiki/Special:FilePath/Eghezee-Tumulus%20aux%20Six%20Fr%C3%A8res%20%284%29.JPG,Belgium,,50.55867,4.86556
Q2232672,Avernassetombe,landmarks,http://commons.wikimedia.org/wiki/Special:FilePath/Gingelom-Avernassetombe%20%282%29.JPG,Belgium,,50.70596,5.12973
Q2235189,Tumulus of Xhendremael,landmarks,http://commons.wikimedia.org/wiki/Special:FilePath/Tumuls%20xhendremael.jpg,Belgium,,50.69735,5.47812
Q2236903,Tumulus of Genoelselderen,landmarks,http://commons.wikimedia.org/wiki/Special:FilePath/Riemst-Tumulus%20van%20Genoelselderen%20%281%29.JPG,Belgium,,50.80348,5.52802
Q2247766,Tumulus of Glimes,landmarks,http://commons.wikimedia.org/wiki/Special:FilePath/Tumulus%20de%20Glimes%2001.jpg,Belgium,,50.67676,4.83276
Q2260941,Tumulus of Aineffe,landmarks,http://commons.wikimedia.org/wiki/Special:FilePath/Faimes-Tumulus%20van%20Aineffe%20%281%29.JPG,Belgium,,50.62294,5.26101
Q2276428,Jelling Mounds,landmarks,http://commons.wikimedia.org/wiki/Special:FilePath/Jelling-Kirche%20suedlicher%20Huegel.jpg,Denmark,,55.75651427,9.419743429
Q2283365,Tumulus of Blehen,landmarks,http://commons.wikimedia.org/wiki/Special:FilePath/Hannut-Tumulus%20van%20Blehen%20%281%29.JPG,Belgium,,50.66862,5.13022
Q2329073,Eppiesbargie,landmarks,http://commons.wikimedia.org/wiki/Special:FilePath/Eppiesbergje%20tussen%20Valthe%20en%20Odoorn.jpg,Netherlands,,52.84759,6.86586
Q2373696,Twee Tommen,landmarks,http://commons.wikimedia.org/wiki/Special:FilePath/Gingelom-Twee%20Tommen%20%283%29.JPG,Belgium,,50.71601,5.16581
Q2398610,Tumulus Gendersteyn,landmarks,http://commons.wikimedia.org/wiki/Special:FilePath/Grafheuvel-Gendersteyn%20PeterMaas.jpg,Netherlands,,51.38599,5.36104
Q2409112,Zwarte Berg,landmarks,http://commons.wikimedia.org/wiki/Special:FilePath/Hoogeloon-Zwarte%20Berg%20%281%29.JPG,Netherlands,,51.40541,5.26102
Q2409909,Tumulus of Avernas,landmarks,http://commons.wikimedia.org/wiki/Special:FilePath/Tumulus%20Avernas%2001.jpg,Belgium,,50.7013,5.07125
Q2437551,Q2437551,landmarks,http://commons.wikimedia.org/wiki/Special:FilePath/L%C3%BCneburger%20Heide%20-%20F%C3%BCrstengrab%20001.jpg,Germany,,53.166666666,9.933333333
Q2455642,Tumulus of Marcinelle,landmarks,http://commons.wikimedia.org/wiki/Special:FilePath/Marcinelle%20-%20Tumulus.jpg,Belgium,,50.38826,4.42728
Q2458578,Tumulus of Trou de Billemont,landmarks,http://commons.wikimedia.org/wiki/Special:FilePath/Tumulus%20du%20Trou%20de%20Billemont%2001.jpg,Belgium,,50.57089,3.46152
Q212831,20 Exchange Place,skyscrapers,http://commons.wikimedia.org/wiki/Special:FilePath/20%20Exchange%20Place%20Tower%20111.JPG,United States,https://en.wikipedia.org/wiki/20_Exchange_Place,40.705555555,-74.009722222
Q212834,20 Fenchurch Street,skyscrapers,http://commons.wikimedia.org/wiki/Special:FilePath/Walkie-Talkie%2C%20Londres%2C%20Inglaterra%2C%202014-08-11%2C%20DD%20098.JPG,United Kingdom,https://en.wikipedia.org/wiki/20_Fenchurch_Street,51.511277777,-0.083527777
Q214855,Bank of China Tower,skyscrapers,http://commons.wikimedia.org/wiki/Special:FilePath/HK%20Bank%20of%20China%20Tower%20View.jpg,People's Republic of China,https://en.wikipedia.org/wiki/Bank_of_China_Tower_(Hong_Kong),22.279166666,114.161388888
Q216264,23 Marina,skyscrapers,http://commons.wikimedia.org/wiki/Special:FilePath/Mage%202024-05-14%20at%2019.29.21.jpg,United Arab Emirates,https://en.wikipedia.org/wiki/23_Marina,25.089806,55.150611
Q216357,Grande Arche,skyscrapers,http://commons.wikimedia.org/wiki/Special:FilePath/Grande%20Arche%2C%20France%20-%20April%202011.jpg,France,https://en.wikipedia.org/wiki/Grande_Arche,48.8928,2.235830555
Q216865,Transamerica Pyramid,skyscrapers,http://commons.wikimedia.org/wiki/Special:FilePath/SF%20Transamerica%20full%20CA.jpg,United States,https://en.wikipedia.org/wiki/Transamerica_Pyramid,37.795135,-122.402748
Q217652,Woolworth Building,skyscrapers,http://commons.wikimedia.org/wiki/Special:FilePath/Woolworth%20bldg%20nov2005c.jpg,United States,https://en.wikipedia.org/wiki/Woolworth_Building,40.7124,-74.00822
Q217727,875 North Michigan Avenue,skyscrapers,http://commons.wikimedia.org/wiki/Special:FilePath/Hancock%20from%20Navy%20Pier.jpg,United States,https://en.wikipedia.org/wiki/875_North_Michigan_Avenue,41.898889,-87.623056
Q217827,250 East 57th Street,skyscrapers,http://commons.wikimedia.org/wiki/Special:FilePath/252-East-57th-Street.jpg,United States,https://en.wikipedia.org/wiki/252_East_57th_Street,40.7593,-73.9664
Q218305,40 Wall Street,skyscrapers,http://commons.wikimedia.org/wiki/Special:FilePath/40%20Wall%20Street.jpg,United States,https://en.wikipedia.org/wiki/40_Wall_Street,40.706944444,-74.009722222
Q219984,277 Park Avenue,skyscrapers,http://commons.wikimedia.org/wiki/Special:FilePath/277parkave.jpg,United States,https://en.wikipedia.org/wiki/277_Park_Avenue,40.755292,-73.974769
Q223207,Oriental Pearl Tower,skyscrapers,http://commons.wikimedia.org/wiki/Special:FilePath/Oriental%20Pearl%20Tower%202012.jpg,People's Republic of China,https://en.wikipedia.org/wiki/Oriental_Pearl_Tower,31.241669444,121.494716666
Q223788,300 North LaSalle,skyscrapers,http://commons.wikimedia.org/wiki/Special:FilePath/300%20North%20LaSalle%20in%202011.JPG,United States,https://en.wikipedia.org/wiki/300_North_LaSalle,41.8882,-87.6331
Q224126,30 Park Place,skyscrapers,http://commons.wikimedia.org/wiki/Special:FilePath/30%20Park%20Place.jpg,United States,https://en.wikipedia.org/wiki/Four_Seasons_Hotel_New_York_Downtown,40.712778,-74.009167
Q224563,311 South Wacker Drive,skyscrapers,http://commons.wikimedia.org/wiki/Special:FilePath/311%20South%20Wacker%20Drive%20060528.jpg,United States,https://en.wikipedia.org/wiki/311_South_Wacker_Drive,41.877777777,-87.635555555
Q225835,333 Wacker Drive,skyscrapers,http://commons.wikimedia.org/wiki/Special:FilePath/333%20Wacker%20Drive%20Chicago.jpg,United States,https://en.wikipedia.org/wiki/333_Wacker_Drive,41.8861,-87.6358
Q227873,375 Pearl Street,skyscrapers,http://commons.wikimedia.org/wiki/Special:FilePath/375%20Pearl%20Street.jpg,United States,https://en.wikipedia.org/wiki/375_Pearl_Street,40.7108,-74.0012
Q228242,383 Madison Avenue,skyscrapers,http://commons.wikimedia.org/wiki/Special:FilePath/383%20Madison%20Ave%20Bear%20Stearns%20C%20R%20Flickr%203.jpg,United States,https://en.wikipedia.org/wiki/383_Madison_Avenue,40.755555555,-73.976944444
Q229605,3 Hudson Boulevard,skyscrapers,http://commons.wikimedia.org/wiki/Special:FilePath/3%20Hudson%20Blvd%20June%2027%2016.jpg,United States,https://en.wikipedia.org/wiki/3_Hudson_Boulevard,40.755646,-74.001638
Q233940,432 Park Avenue,skyscrapers,http://commons.wikimedia.org/wiki/Special:FilePath/432%20Park%20Avenue%2C%20NY%20%28cropped%29.jpg,United States,https://en.wikipedia.org/wiki/432_Park_Avenue,40.761666666,-73.971944444
Q234368,MiMA,skyscrapers,http://commons.wikimedia.org/wiki/Special:FilePath/YOtel%20W42%2010Av%20jeh.jpg,United States,https://en.wikipedia.org/wiki/MiMA_(building),40.7593,-73.995
Q236201,Shun Hing Square,skyscrapers,http://commons.wikimedia.org/wiki/Special:FilePath/Shun%20Hing%20Square%20exterior%20southwest2021.jpg,People's Republic of China,https://en.wikipedia.org/wiki/Shun_Hing_Square,22.545277777,114.105555555
Q241648,Victoria Towers,skyscrapers,http://commons.wikimedia.org/wiki/Special:FilePath/The%20Victoria%20Towers%200704.jpg,People's Republic of China,https://en.wikipedia.org/wiki/Victoria_Towers,22.302361111,114.168472222
Q243921,555 California Street,skyscrapers,http://commons.wikimedia.org/wiki/Special:FilePath/Bank%20of%20America%20Tower%20San%20Francisco.jpg,United States,https://en.wikipedia.org/wiki/555_California_Street,37.792081,-122.403764
Q244114,55 Water Street,skyscrapers,http://commons.wikimedia.org/wiki/Special:FilePath/55%20Water%20Street%20and%20north%20wing.jpg,United States,https://en.wikipedia.org/wiki/55_Water_Street,40.70306,-74.00925
Q244358,56 Leonard Street,skyscrapers,http://commons.wikimedia.org/wiki/Special:FilePath/56%20Leonard%20St%20New%20York%2028-02-2016%2011-28-31.JPG,United States,https://en.wikipedia.org/wiki/56_Leonard_Street,40.7177,-74.0064
Q244391,General Electric Building,skyscrapers,http://commons.wikimedia.org/wiki/Special:FilePath/General%20Electric%20Building%20570%20Lexington.jpg,United States,https://en.wikipedia.org/wiki/General_Electric_Building,40.757222222,-73.9725
Q245246,CITIC Plaza,skyscrapers,http://commons.wikimedia.org/wiki/Special:FilePath/Guangzhou%20CITIC%20Plaza%20DSC02461.jpg,People's Republic of China,https://en.wikipedia.org/wiki/CITIC_Plaza,23.144444444,113.319444444
Q245308,599 Lexington Avenue,skyscrapers,http://commons.wikimedia.org/wiki/Special:FilePath/Citigroup%20center.jpg,United States,https://en.wikipedia.org/wiki/599_Lexington_Avenue,40.75784,-73.97073
Q247531,Silberturm,skyscrapers,http://commons.wikimedia.org/wiki/Special:FilePath/Frankfurt%20Silver%20Tower.20130616.jpg,Germany,https://en.wikipedia.org/wiki/Silberturm,50.109719444,8.669438888
Q247799,Oxford Tower,skyscrapers,http://commons.wikimedia.org/wiki/Special:FilePath/Biurowiec%20Cha%C5%82ubi%C5%84skiego%208%20w%20Warszawie%202020.jpg,Poland,https://en.wikipedia.org/wiki/Cha%C5%82ubi%C5%84skiego_8,52.22611111,21.00416667
Q247887,60 Wall Street,skyscrapers,http://commons.wikimedia.org/wiki/Special:FilePath/60%20Wall%20Street%20building.jpg,United States,https://en.wikipedia.org/wiki/60_Wall_Street,40.70626,-74.0085
Q249053,Złota 44,skyscrapers,http://commons.wikimedia.org/wiki/Special:FilePath/2018%20Warszawa%20Z%C5%82ota%2044%20z%20PKiN.jpg,Poland,https://en.wikipedia.org/wiki/Z%C5%82ota_44,52.23111111,21.0025
Q249065,Złote Tarasy,skyscrapers,http://commons.wikimedia.org/wiki/Special:FilePath/Z%C5%82ote%20Tarasy%202016.jpg,Poland,https://en.wikipedia.org/wiki/Z%C5%82ote_Tarasy,52.230139,21.002641
Q252160,McKesson Plaza,skyscrapers,http://commons.wikimedia.org/wiki/Special:FilePath/McKesson%20HQ.jpg,United States,https://en.wikipedia.org/wiki/McKesson_Plaza,37.7887,-122.403
Q262041,70 Pine Street,skyscrapers,http://commons.wikimedia.org/wiki/Special:FilePath/American%20International%20Building3.JPG,United States,https://en.wikipedia.org/wiki/70_Pine_Street,40.706388888,-74.0075
Q264203,Vegas World,skyscrapers,http://commons.wikimedia.org/wiki/Special:FilePath/Las%20Vegas.%20Veduta%20del%20Vegas%20World%20dalla%20strada.jpg,United States,https://en.wikipedia.org/wiki/Vegas_World,36.148293,-115.155137
Q264439,225 Liberty Street,skyscrapers,http://commons.wikimedia.org/wiki/Special:FilePath/Two%20World%20Financial%20Center.jpg,United States,https://en.wikipedia.org/wiki/225_Liberty_Street,40.7125,-74.015277777
Q264858,M Resort,skyscrapers,http://commons.wikimedia.org/wiki/Special:FilePath/M%20Resort.jpg,United States,https://en.wikipedia.org/wiki/M_Resort,35.9648,-115.168
Q266965,Japan Center,skyscrapers,http://commons.wikimedia.org/wiki/Special:FilePath/Frankfurt%20Main%20Japan%20Tower%206240a.jpg,Germany,https://en.wikipedia.org/wiki/Japan_Center_(Frankfurt),50.111111111,8.6725
Q268559,77 West Wacker Drive,skyscrapers,http://commons.wikimedia.org/wiki/Special:FilePath/UnitedAirlinesBuildingChicagoIL.jpg,United States,https://en.wikipedia.org/wiki/77_West_Wacker_Drive,41.8865,-87.6305
Q269261,Sompo Japan Building,skyscrapers,http://commons.wikimedia.org/wiki/Special:FilePath/Sompo%20Japan%20Head%20Office%20Building%202009%2002.jpg,Japan,https://en.wikipedia.org/wiki/Sompo_Japan_Building,35.69272222,139.69611111
Q270066,7 World Trade Center,skyscrapers,http://commons.wikimedia.org/wiki/Special:FilePath/7%20World%20Trade%20Center.jpg,United States,https://en.wikipedia.org/wiki/7_World_Trade_Center,40.7133,-74.012
Q271695,Aon Center,skyscrapers,http://commons.wikimedia.org/wiki/Special:FilePath/2006-06-07%20840x1500%20chicago%20aon%20building.jpg,United States,https://en.wikipedia.org/wiki/Aon_Center_(Chicago),41.885277777,-87.621388888
Q273155,860–880 Lake Shore Drive Apartments,skyscrapers,http://commons.wikimedia.org/wiki/Special:FilePath/860-880%20Lake%20Shore%20Drive.jpg,United States,https://en.wikipedia.org/wiki/860%E2%80%93880_Lake_Shore_Drive,41.898611,-87.618611
Q273780,Hydro-Québec Building,skyscrapers,http://commons.wikimedia.org/wiki/Special:FilePath/Hydro%20Qu%C3%A9bec%2C%20building%20in%20Montreal%202005-10-21.JPG,Canada,https://en.wikipedia.org/wiki/Hydro-Qu%C3%A9bec_Building,45.5083,-73.5625
Q273781,Édifice Marie-Guyart,skyscrapers,http://commons.wikimedia.org/wiki/Special:FilePath/EdificeMarieGuyart.JPG,Canada,https://en.wikipedia.org/wiki/%C3%89difice_Marie-Guyart,46.808056,-71.217222
Q274916,8 Spruce Street,skyscrapers,http://commons.wikimedia.org/wiki/Special:FilePath/8%20Spruce%20Street%20%2801030p%29.jpg,United States,https://en.wikipedia.org/wiki/8_Spruce,40.710922,-74.005686
Q278380,Fontainebleau Las Vegas,skyscrapers,http://commons.wikimedia.org/wiki/Special:FilePath/South%20end%20of%20Fontainebleau%20Las%20Vegas%20%282024%29.png,United States,https://en.wikipedia.org/wiki/Fontainebleau_Las_Vegas,36.1375,-115.158889
Q280339,Tropicana Las Vegas,skyscrapers,http://commons.wikimedia.org/wiki/Special:FilePath/Las%20Vegas%20Tropicana%20P4230726.jpg,United States,https://en.wikipedia.org/wiki/Tropicana_Las_Vegas,36.09968,-115.17192
Q280910,Vdara,skyscrapers,http://commons.wikimedia.org/wiki/Special:FilePath/Vdara%20-%20South%20-%202010-03-06.JPG,United States,https://en.wikipedia.org/wiki/Vdara,36.10943,-115.17808
Q282968,Postgirobygget,skyscrapers,http://commons.wikimedia.org/wiki/Special:FilePath/Postgirobygget%20top.jpg,Norway,https://en.wikipedia.org/wiki/Posthuset_(building),59.91171389,10.75399444
Q290724,995 Fifth Avenue,skyscrapers,http://commons.wikimedia.org/wiki/Special:FilePath/WTM3%20Chenumuri%200019.jpg,United States,https://en.wikipedia.org/wiki/995_Fifth_Avenue,40.777778,-73.9625
Q296392,Arag-Tower,skyscrapers,http://commons.wikimedia.org/wiki/Special:FilePath/ARAG-Tower.jpg,Germany,https://en.wikipedia.org/wiki/Arag-Tower,51.25,6.800556
Q300254,AXA Equitable Center,skyscrapers,http://commons.wikimedia.org/wiki/Special:FilePath/AXA%20Center%20from%20GE%20Building%2C%20cropped.jpg,United States,https://en.wikipedia.org/wiki/Axa_Equitable_Center,40.7617,-73.9818
Q302517,Nabemba Tower,skyscrapers,http://commons.wikimedia.org/wiki/Special:FilePath/FLEUVE%2001.jpg,Republic of the Congo,https://en.wikipedia.org/wiki/Nabemba_Tower,-4.27212,15.2891
Q308279,apm,skyscrapers,http://commons.wikimedia.org/wiki/Special:FilePath/Apm-outlook-c.jpg,People's Republic of China,https://en.wikipedia.org/wiki/Apm_(Hong_Kong),22.3125,114.225
Q317034,International Commerce Centre,skyscrapers,http://commons.wikimedia.org/wiki/Special:FilePath/International%20Commerce%20Centre%20200911.jpg,People's Republic of China,https://en.wikipedia.org/wiki/International_Commerce_Centre,22.303391666,114.160169444
Q321291,Main Tower,skyscrapers,http://commons.wikimedia.org/wiki/Special:FilePath/Maintower%20Frankfurt.jpg,Germany,https://en.wikipedia.org/wiki/Main_Tower,50.1125,8.672222222
Q323767,Montparnasse Tower,skyscrapers,http://commons.wikimedia.org/wiki/Special:FilePath/Remote%20view%20of%20the%20Tour%20Montparnasse%20%26%20Eiffel%20Tower%20in%202005.jpg,France,https://en.wikipedia.org/wiki/Tour_Montparnasse,48.84211,2.32198
Q328491,Bayer-Hochhaus,skyscrapers,http://commons.wikimedia.org/wiki/Special:FilePath/Bayer-Hochhaus%20Japangarten.jpg,Germany,https://en.wikipedia.org/wiki/Bayer-Hochhaus,51.0136,6.9816
Q328507,Hochhaus Uptown München,skyscrapers,http://commons.wikimedia.org/wiki/Special:FilePath/Uptown%20Munich%201.jpg,Germany,https://en.wikipedia.org/wiki/Hochhaus_Uptown_M%C3%BCnchen,48.176944444,11.531666666
Q328505,Bank of America Tower,skyscrapers,http://commons.wikimedia.org/wiki/Special:FilePath/OBP%20-%20Ext%20-%2042nd%20East.jpg,United States,https://en.wikipedia.org/wiki/Bank_of_America_Tower_(Manhattan),40.755278,-73.984167
Q328512,Colonia-Haus,skyscrapers,http://commons.wikimedia.org/wiki/Special:FilePath/Coloniahochhaus.jpg,Germany,https://en.wikipedia.org/wiki/Colonia-Haus,50.960555555,6.9825
Q332518,Absolute World,skyscrapers,http://commons.wikimedia.org/wiki/Special:FilePath/Absolute%20Towers%20Mississauga.%20South-west%20view.jpg,Canada,https://en.wikipedia.org/wiki/Absolute_World,43.5946,-79.6354
Q333305,One Raffles Place,skyscrapers,http://commons.wikimedia.org/wiki/Special:FilePath/OUB%20Centre%20Skyward.JPG,Singapore,https://en.wikipedia.org/wiki/One_Raffles_Place,1.284258333,103.851063888
Q336246,Torre Glòries,skyscrapers,http://commons.wikimedia.org/wiki/Special:FilePath/Torre%20Agbar%20-%20Barcelona%2C%20Spain%20-%20Jan%202007.jpg,Spain,https://en.wikipedia.org/wiki/Torre_Gl%C3%B2ries,41.403489,2.189519
Q337631,Tuntex Sky Tower,skyscrapers,http://commons.wikimedia.org/wiki/Special:FilePath/Kaohsiung%2085%20Sky%20Tower%2001.jpg,Taiwan,https://en.wikipedia.org/wiki/85_Sky_Tower,22.611666666,120.3
Q351892,Adams Express Building,skyscrapers,http://commons.wikimedia.org/wiki/Special:FilePath/Adams%20Express%20Company%20Building%2C%20New%20York%20City.jpg,United States,https://en.wikipedia.org/wiki/Adams_Express_Building,40.707,-74.0127
Q366005,Adolphus Hotel,skyscrapers,http://commons.wikimedia.org/wiki/Special:FilePath/Adolphus01.jpg,United States,https://en.wikipedia.org/wiki/Adolphus_Hotel,32.779981,-96.799658
Q368017,Bocom Financial Towers,skyscrapers,http://commons.wikimedia.org/wiki/Special:FilePath/Bocom%20Financial%20Towers%20closeup.jpg,People's Republic of China,https://en.wikipedia.org/wiki/Bocom_Financial_Towers,31.241,121.499
Q368489,Los Angeles City Hall,skyscrapers,http://commons.wikimedia.org/wiki/Special:FilePath/Los%20Angeles%20City%20Hall%20%28color%29%20edit1.jpg,United States,https://en.wikipedia.org/wiki/Los_Angeles_City_Hall,34.0536,-118.243
Q369338,Dubai World Trade Centre,skyscrapers,http://commons.wikimedia.org/wiki/Special:FilePath/Dubai%20World%20Trade%20Centre%20on%2028%20December%202007.jpg,United Arab Emirates,https://en.wikipedia.org/wiki/Dubai_World_Trade_Centre,25.225583333,55.288769444
Q373143,Édifice Price,skyscrapers,http://commons.wikimedia.org/wiki/Special:FilePath/%C3%89difice%20Price-Qu%C3%A9bec.jpg,Canada,https://en.wikipedia.org/wiki/%C3%89difice_Price,46.812963888,-71.208066666
Q375910,Argentine,skyscrapers,http://commons.wikimedia.org/wiki/Special:FilePath/Kavanagh%20building.jpg,Argentina,https://en.wikipedia.org/wiki/Kavanagh_Building,-34.59541667,-58.37466667
Q376658,The Heritage at Millennium Park,skyscrapers,http://commons.wikimedia.org/wiki/Special:FilePath/20071007%20Harris%20Theater%20and%20Heritage.JPG,United States,https://en.wikipedia.org/wiki/The_Heritage_at_Millennium_Park,41.884019,-87.625597
Q381996,AfE-Turm,skyscrapers,http://commons.wikimedia.org/wiki/Special:FilePath/Frankfurt%20Am%20Main-AfE-Turm-Ansicht%20vom%20Messeturm-20130525.jpg,Germany,https://en.wikipedia.org/wiki/AfE-Turm,50.116111111,8.650833333
Q382121,Zifeng Tower,skyscrapers,http://commons.wikimedia.org/wiki/Special:FilePath/Zifeng%20Tower%202017.jpg,People's Republic of China,https://en.wikipedia.org/wiki/Zifeng_Tower,32.062472222,118.778055555
Q391243,Citigroup Center,skyscrapers,http://commons.wikimedia.org/wiki/Special:FilePath/Citigroup%20Center%202015%20%28cropped%29.jpg,United States,https://en.wikipedia.org/wiki/Citigroup_Center,40.758611111,-73.970277777
Q391648,Cayan Tower,skyscrapers,http://commons.wikimedia.org/wiki/Special:FilePath/Infinity%20Tower%20during%20construction%2C%202010-03-06.jpg,United Arab Emirates,https://en.wikipedia.org/wiki/Cayan_Tower,25.086889,55.145222
Q420521,Nagoya-Center Tower,skyscrapers,http://commons.wikimedia.org/wiki/Special:FilePath/Nagoya-Center%20Tower.jpg,Japan,,35.156194,136.907972
Q429236,One Dag Hammarskjöld Plaza,skyscrapers,http://commons.wikimedia.org/wiki/Special:FilePath/1-dag.jpg,United States,https://en.wikipedia.org/wiki/One_Dag_Hammarskj%C3%B6ld_Plaza,40.7535,-73.97
Q430218,Shanghai Wheelock Square,skyscrapers,http://commons.wikimedia.org/wiki/Special:FilePath/C121%20Shanghai%20Wheelock%20Square.jpg,People's Republic of China,https://en.wikipedia.org/wiki/Shanghai_Wheelock_Square,31.22361111,121.44013889
Q432494,COSCO Tower,skyscrapers,http://commons.wikimedia.org/wiki/Special:FilePath/Cosco%20Tower%202011.jpg,People's Republic of China,https://en.wikipedia.org/wiki/COSCO_Tower,22.285430555,114.153088888
Q440082,Deutsche Bank Building,skyscrapers,http://commons.wikimedia.org/wiki/Special:FilePath/DeutscheBank.jpg,United States,https://en.wikipedia.org/wiki/Deutsche_Bank_Building,40.7097,-74.0133
Q446265,Altus Skyscraper,skyscrapers,http://commons.wikimedia.org/wiki/Special:FilePath/Katowice%2005.15%20Altus.JPG,Poland,https://en.wikipedia.org/wiki/Altus_Skyscraper,50.26155,19.02444444
Q449607,Gallileo,skyscrapers,http://commons.wikimedia.org/wiki/Special:FilePath/Gallileo-ffm001.jpg,Germany,https://en.wikipedia.org/wiki/Gallileo_(skyscraper),50.109444444,8.671111111
Q454985,Treptowers,skyscrapers,http://commons.wikimedia.org/wiki/Special:FilePath/Berlin-alt-treptow%20treptowers%2020050922%20441%20corr.jpg,Germany,https://en.wikipedia.org/wiki/Treptowers,52.4953,13.4611
Q463677,American Center,skyscrapers,http://commons.wikimedia.org/wiki/Special:FilePath/AmericanCenter2.jpg,United States,https://en.wikipedia.org/wiki/American_Center,42.49,-83.298888888
Q464482,MetLife Building,skyscrapers,http://commons.wikimedia.org/wiki/Special:FilePath/Metlife%20building%20from%20empire%20state%20building.jpg,United States,https://en.wikipedia.org/wiki/MetLife_Building,40.753333333,-73.976666666
Q466979,American Radiator Building,skyscrapers,http://commons.wikimedia.org/wiki/Special:FilePath/NYC%20-%20American%20Radiator%20Building.jpg,United States,https://en.wikipedia.org/wiki/American_Radiator_Building,40.752805555,-73.983777777
Q467043,American Surety Building,skyscrapers,http://commons.wikimedia.org/wiki/Special:FilePath/100%20Broadway%20IMG%209055.JPG,United States,https://en.wikipedia.org/wiki/American_Surety_Building,40.70793,-74.01112
Q467467,Americas Tower,skyscrapers,http://commons.wikimedia.org/wiki/Special:FilePath/Americas-tower.jpg,United States,https://en.wikipedia.org/wiki/Americas_Tower,40.7572,-73.9827
Q470245,Ames Building,skyscrapers,http://commons.wikimedia.org/wiki/Special:FilePath/Ames%20Building%2C%20Boston%2C%20Massachusetts.jpg,United States,https://en.wikipedia.org/wiki/Ames_Building,42.3589,-71.05786
Q471329,City-Hochhaus Leipzig,skyscrapers,http://commons.wikimedia.org/wiki/Special:FilePath/Rainbowflash%202013%20Leipzig%20%284%29.jpg,Germany,https://en.wikipedia.org/wiki/City-Hochhaus_Leipzig,51.3375,12.379444444
Q680614,30 Rockefeller Plaza,skyscrapers,http://commons.wikimedia.org/wiki/Special:FilePath/30%20Rockefeller%20Plaza%20viewed%20from%205th%20Avenue%2C%20August%2029%2C%202024%20%28cropped%29.jpg,United States,https://en.wikipedia.org/wiki/30_Rockefeller_Plaza,40.75897222,-73.97938889
Q680905,345 California Center,skyscrapers,http://commons.wikimedia.org/wiki/Special:FilePath/345%20California%20Street.JPG,United States,https://en.wikipedia.org/wiki/345_California_Center,37.792536,-122.400431
Q683345,Prime Tower,skyscrapers,http://commons.wikimedia.org/wiki/Special:FilePath/Industriequartier%20-%20Prime%20Tower%202011-08-08%2013-44-40.JPG,Switzerland,https://en.wikipedia.org/wiki/Prime_Tower,47.3859,8.51689
Q80367,Triumph Palace,skyscrapers,http://commons.wikimedia.org/wiki/Special:FilePath/Moscow%2005-2017%20img42%20Triumph%20Palace.jpg,Russia,https://en.wikipedia.org/wiki/Triumph_Palace,55.798333333,37.520833333
Q80495,Millennium Tower,skyscrapers,http://commons.wikimedia.org/wiki/Special:FilePath/Wien%20-%20Millennium%20Tower%20%281%29.JPG,Austria,https://en.wikipedia.org/wiki/Millennium_Tower_(Vienna),48.24,16.386944444
Q80499,Flame Towers,skyscrapers,http://commons.wikimedia.org/wiki/Special:FilePath/Flame%20towers%20baku.jpg,Azerbaijan,https://en.wikipedia.org/wiki/Flame_Towers,40.359722222,49.826111111
Q80813,Jin Mao Tower,skyscrapers,http://commons.wikimedia.org/wiki/Special:FilePath/Jin%20Mao%20Tower.jpg,People's Republic of China,https://en.wikipedia.org/wiki/Jin_Mao_Tower,31.237222222,121.501388888
Q80852,Shanghai World Financial Center,skyscrapers,http://commons.wikimedia.org/wiki/Special:FilePath/%E4%B8%8A%E6%B5%B7%E5%9B%BD%E9%99%85%E9%87%91%E8%9E%8D%E4%B8%AD%E5%BF%83.jpg,People's Republic of China,https://en.wikipedia.org/wiki/Shanghai_World_Financial_Center,31.236666666,121.502777777
Q83063,Petronas Towers,skyscrapers,http://commons.wikimedia.org/wiki/Special:FilePath/Kuala%20Lumpur%20-%20panoramio%20%2818%29.jpg,Malaysia,https://en.wikipedia.org/wiki/Petronas_Towers,3.157777777,101.711666666
Q83101,Taipei 101,skyscrapers,http://commons.wikimedia.org/wiki/Special:FilePath/101.portrait.altonthompson.jpg,Taiwan,https://en.wikipedia.org/wiki/Taipei_101,25.033611111,121.564722222
Q112640,Central Plaza,skyscrapers,http://commons.wikimedia.org/wiki/Special:FilePath/%E4%B8%AD%E7%92%B0%E5%BB%A3%E5%A0%B4.JPG,People's Republic of China,https://en.wikipedia.org/wiki/Central_Plaza_(Hong_Kong),22.28,114.173611111
Q116002,200 West Street,skyscrapers,http://commons.wikimedia.org/wiki/Special:FilePath/200%20West%20Street%20-%20Lower%20Manhattan.jpg,United States,https://en.wikipedia.org/wiki/200_West_Street,40.7147,-74.0144
Q118214,Telekom Tower,skyscrapers,http://commons.wikimedia.org/wiki/Special:FilePath/Menara%20telekom.jpg,Malaysia,https://en.wikipedia.org/wiki/Telekom_Tower,3.115833,101.666111
Q120546,Empire Tower,skyscrapers,http://commons.wikimedia.org/wiki/Special:FilePath/Empire%20Tower%20at%20sunset.jpg,Thailand,https://en.wikipedia.org/wiki/Empire_Tower_(Bangkok),13.720277777,100.530277777
Q124304,Kista Science Tower,skyscrapers,http://commons.wikimedia.org/wiki/Special:FilePath/Kista%20Science%20Tower.jpg,Sweden,https://en.wikipedia.org/wiki/Kista_Science_Tower,59.402,17.947
Q125846,Q1 Tower,skyscrapers,http://commons.wikimedia.org/wiki/Special:FilePath/Q1%20Tower%2C%20Gold%20Coast%2C%20Queensland.jpg,Australia,https://en.wikipedia.org/wiki/Q1_(building),-28.006111111,153.429444444
Q127172,Sede do BankBoston,skyscrapers,http://commons.wikimedia.org/wiki/Special:FilePath/Bank%20Boston%20-%20sede%20%27.JPG,Brazil,https://en.wikipedia.org/wiki/Sede_do_BankBoston,-23.617078,-46.699192
Q130478,The Center,skyscrapers,http://commons.wikimedia.org/wiki/Special:FilePath/HK%20Peak%20The%20Center%20West%20Kln%20COSCO%20Tower.JPG,People's Republic of China,https://en.wikipedia.org/wiki/The_Center,22.284722222,114.154444444
Q133599,500 Fifth Avenue,skyscrapers,http://commons.wikimedia.org/wiki/Special:FilePath/500%20Fifth%20Avenue%20Panorama.jpg,United States,https://en.wikipedia.org/wiki/500_Fifth_Avenue,40.7538,-73.9813
Q134124,Ocean Heights,skyscrapers,http://commons.wikimedia.org/wiki/Special:FilePath/Ocean%20Heights%20Dubai%20Marina.jpg,United Arab Emirates,https://en.wikipedia.org/wiki/Ocean_Heights_(Dubai),25.090914,55.149989
Q135672,Essen City Hall,skyscrapers,http://commons.wikimedia.org/wiki/Special:FilePath/Townhall-Essen-2012.jpg,Germany,https://en.wikipedia.org/wiki/Essen_City_Hall,51.458055555,7.016111111
Q138755,40 Bank Street,skyscrapers,http://commons.wikimedia.org/wiki/Special:FilePath/40%20Bank%20Street%20Heron%20Quay%20London.jpg,United Kingdom,https://en.wikipedia.org/wiki/40_Bank_Street,51.5025,-0.019444444
Q138752,25 Bank Street,skyscrapers,http://commons.wikimedia.org/wiki/Special:FilePath/25%20Bank%20Street%202012.JPG,United Kingdom,https://en.wikipedia.org/wiki/25_Bank_Street,51.502972222,-0.021027777
Q138760,10 Upper Bank Street,skyscrapers,http://commons.wikimedia.org/wiki/Special:FilePath/10%20Upper%20Bank%20Street%20London.jpg,United Kingdom,https://en.wikipedia.org/wiki/10_Upper_Bank_Street,51.502777777,-0.016388888
Q138768,One Churchill Place,skyscrapers,http://commons.wikimedia.org/wiki/Special:FilePath/Canary%20Wharf%20-%20geograph.org.uk%20-%2023058.jpg,United Kingdom,https://en.wikipedia.org/wiki/One_Churchill_Place,51.505277777,-0.014444444
Q138778,10 Holloway Circus,skyscrapers,http://commons.wikimedia.org/wiki/Special:FilePath/Holloway%20Circus%20Tower%20Birmingham%20%28cropped%29.JPG,United Kingdom,https://en.wikipedia.org/wiki/10_Holloway_Circus,52.4754,-1.90016
Q139815,Grand International Mansion,skyscrapers,http://commons.wikimedia.org/wiki/Special:FilePath/The%20Pinnacle%20%28Guangzhou%2C%20China%29%20indexxrus.JPG,People's Republic of China,https://en.wikipedia.org/wiki/The_Pinnacle_(Guangzhou),23.1278,113.318
Q143235,Wuhan Greenland Center,skyscrapers,http://commons.wikimedia.org/wiki/Special:FilePath/Wuhan%20Greenland%20Center.jpg,People's Republic of China,https://en.wikipedia.org/wiki/Wuhan_Greenland_Center,30.585941666,114.317475
Q151765,Commerzbank Tower,skyscrapers,http://commons.wikimedia.org/wiki/Special:FilePath/Commerzbank-Hochhaus%202010-09-06%2001.jpg,Germany,https://en.wikipedia.org/wiki/Commerzbank_Tower,50.11116,8.67437
Q152129,Carew Tower,skyscrapers,http://commons.wikimedia.org/wiki/Special:FilePath/Carew%20Tower%2C%20Cincinnati%2C%20Ohio.jpg,United States,https://en.wikipedia.org/wiki/Carew_Tower,39.10083,-84.5132
Q153625,Simpson Tower,skyscrapers,http://commons.wikimedia.org/wiki/Special:FilePath/Simpson%20Tower.JPG,Canada,https://en.wikipedia.org/wiki/Simpson_Tower,43.652,-79.3812
Q156198,Messeturm,skyscrapers,http://commons.wikimedia.org/wiki/Special:FilePath/Frankfurt%20am%20Main%2C%20MesseTurm.jpg,Germany,https://en.wikipedia.org/wiki/Messeturm,50.112222222,8.652777777
Q164877,1000 de La Gauchetière,skyscrapers,http://commons.wikimedia.org/wiki/Special:FilePath/Edifice%201000%20de%20La%20Gauchetiere%2C%20Montreal%2015.jpg,Canada,https://en.wikipedia.org/wiki/1000_de_La_Gaucheti%C3%A8re,45.4982,-73.5663
Q165506,101 Collins Street,skyscrapers,http://commons.wikimedia.org/wiki/Special:FilePath/AUS%20Melbourne%2C%20Central%20Business%20District%2C%20Princes%20Bridge%2C%20View%20002.jpg,Australia,https://en.wikipedia.org/wiki/101_Collins_Street,-37.815,144.970777777
Q166882,Istanbul Sapphire,skyscrapers,http://commons.wikimedia.org/wiki/Special:FilePath/Istanbul%20Sapphire%2002.jpg,Turkey,https://en.wikipedia.org/wiki/Istanbul_Sapphire,41.085,29.005833333
Q167195,Post Tower,skyscrapers,http://commons.wikimedia.org/wiki/Special:FilePath/Posttower%20Bonn%20001.jpg,Germany,https://en.wikipedia.org/wiki/Post_Tower,50.715512,7.130037
Q167566,Palace of Culture and Science,skyscrapers,http://commons.wikimedia.org/wiki/Special:FilePath/Pa%C5%82ac%20Kultury%20i%20Nauki%202019.jpg,Poland,https://en.wikipedia.org/wiki/Palace_of_Culture_and_Science,52.231666666,21.006388888
Q167870,Boardwalk Hotel and Casino,skyscrapers,http://commons.wikimedia.org/wiki/Special:FilePath/Boarwalkhotellv.jpg,United States,https://en.wikipedia.org/wiki/Boardwalk_Hotel_and_Casino,36.106666666,-115.174166666
Q168575,CTF Finance Centre,skyscrapers,http://commons.wikimedia.org/wiki/Special:FilePath/Guangzhou%20CTF%20Finance%20Centre%2002-10-2018.jpg,People's Republic of China,https://en.wikipedia.org/wiki/Guangzhou_CTF_Finance_Centre,23.12027778,113.32055556
Q169420,Edifício Altino Arantes,skyscrapers,http://commons.wikimedia.org/wiki/Special:FilePath/Edif%C3%ADcio%20do%20Banespa%20%28cropped%29.jpg,Brazil,https://en.wikipedia.org/wiki/Altino_Arantes_Building,-23.545675,-46.6341
Q170442,111 South Wacker Drive,skyscrapers,http://commons.wikimedia.org/wiki/Special:FilePath/111%20south%20wacker%20chicago.jpg,United States,https://en.wikipedia.org/wiki/111_South_Wacker_Drive,41.8803,-87.6375
Q170441,111 Huntington Avenue,skyscrapers,http://commons.wikimedia.org/wiki/Special:FilePath/111HuntingtonBoston.jpg,United States,https://en.wikipedia.org/wiki/111_Huntington_Avenue,42.3468,-71.0814
Q170610,Edifício Itália,skyscrapers,http://commons.wikimedia.org/wiki/Special:FilePath/Edif%C3%ADcio%20It%C3%A1lia%2C%20SP.jpg,Brazil,https://en.wikipedia.org/wiki/Edif%C3%ADcio_It%C3%A1lia,-23.545417,-46.643611
Q172402,120 Collins Street,skyscrapers,http://commons.wikimedia.org/wiki/Special:FilePath/120CollinsSt.jpg,Australia,https://en.wikipedia.org/wiki/120_Collins_Street,-37.813833333,144.9695
Q172408,120 Wall Street,skyscrapers,http://commons.wikimedia.org/wiki/Special:FilePath/120%20Wall%20Street%202.jpg,United States,https://en.wikipedia.org/wiki/120_Wall_Street,40.70476,-74.00597
Q172811,1221 Avenue of the Americas,skyscrapers,http://commons.wikimedia.org/wiki/Special:FilePath/McGraw-Hill%20Building%20Rock%20Center%20by%20David%20Shankbone.jpg,United States,https://en.wikipedia.org/wiki/1221_Avenue_of_the_Americas,40.759166666,-73.981666666
Q173454,1250 René-Lévesque,skyscrapers,http://commons.wikimedia.org/wiki/Special:FilePath/1250RLevesque.jpg,Canada,https://en.wikipedia.org/wiki/1250_Ren%C3%A9-L%C3%A9vesque,45.4973,-73.5704
Q173498,Exxon Building,skyscrapers,http://commons.wikimedia.org/wiki/Special:FilePath/1251%20Avenue%20of%20the%20Americas.JPG,United States,https://en.wikipedia.org/wiki/1251_Avenue_of_the_Americas,40.76,-73.9814
Q175182,Frick Building,skyscrapers,http://commons.wikimedia.org/wiki/Special:FilePath/FrickBuildingPittsburgh.jpg,United States,https://en.wikipedia.org/wiki/Frick_Building,40.439166666,-79.9975
Q176278,Montevideo,skyscrapers,http://commons.wikimedia.org/wiki/Special:FilePath/Rotterdam%20montevideotoren.jpg,Netherlands,https://en.wikipedia.org/wiki/Montevideo_(Rotterdam),51.903611,4.485556
Q176723,Büro Center Nibelungenplatz,skyscrapers,http://commons.wikimedia.org/wiki/Special:FilePath/Frankfurt%20Nibelungenplatz%203.Shell-Hochhaus.20130811.jpg,Germany,https://en.wikipedia.org/wiki/City_Gate_(Frankfurt),50.128725,8.691775
Q186406,Tianjin World Financial Center,skyscrapers,http://commons.wikimedia.org/wiki/Special:FilePath/2010%E5%B9%B412%E6%9C%8827%E6%97%A5%E7%9A%84%E6%B4%A5%E5%A1%94.jpg,People's Republic of China,https://en.wikipedia.org/wiki/Tianjin_World_Financial_Center,39.128888888,117.196388888
Q189476,Abraj Al Bait,skyscrapers,http://commons.wikimedia.org/wiki/Special:FilePath/%E0%B4%85%E0%B4%AC%E0%B5%8D%E0%B4%B0%E0%B4%BE%E0%B4%9C%E0%B5%8D%20%E0%B4%85%E0%B5%BD-%E0%B4%AC%E0%B5%88%E0%B4%A4%E0%B5%8D%E0%B4%A4%E0%B5%8D%20%E0%B4%9F%E0%B4%B5%E0%B5%BC.jpg,Saudi Arabia,https://en.wikipedia.org/wiki/The_Clock_Towers,21.418888888,39.826388888
Q191161,30 St Mary Axe,skyscrapers,http://commons.wikimedia.org/wiki/Special:FilePath/30%20St%20Mary%20Axe%20from%20Leadenhall%20Street.jpg,United Kingdom,https://en.wikipedia.org/wiki/The_Gherkin,51.514444444,-0.080277777
Q192680,New York Times Building,skyscrapers,http://commons.wikimedia.org/wiki/Special:FilePath/The%20New%20York%20Times%20Building%20at%20sunset%2C%202021-09-30.jpg,United States,https://en.wikipedia.org/wiki/The_New_York_Times_Building,40.756111111,-73.99
Q194347,15 Penn Plaza,skyscrapers,http://commons.wikimedia.org/wiki/Special:FilePath/15%20Penn%20Plaza%20Photomontage.jpg,United States,https://en.wikipedia.org/wiki/15_Penn_Plaza,40.7497,-73.9906
Q194871,IBC Tower,skyscrapers,http://commons.wikimedia.org/wiki/Special:FilePath/Frankfurt%20IBC.20130423.jpg,Germany,https://en.wikipedia.org/wiki/IBC_Tower,50.1144,8.6425
Q195138,City-Haus,skyscrapers,http://commons.wikimedia.org/wiki/Special:FilePath/City-Haus-2008.jpg,Germany,https://en.wikipedia.org/wiki/City-Haus,50.110277777,8.66
Q195155,Millennium Tower,skyscrapers,http://commons.wikimedia.org/wiki/Special:FilePath/Europaviertel%20modell.jpg,Germany,https://en.wikipedia.org/wiki/Millennium_Tower_(Frankfurt),50.10944444,8.65555556
Q195166,Trianon,skyscrapers,http://commons.wikimedia.org/wiki/Special:FilePath/Frankfurt%20Trianon.S%C3%BCd.20130618.jpg,Germany,https://en.wikipedia.org/wiki/Trianon_(Frankfurt_am_Main),50.1125,8.666666666
Q195212,Park Tower,skyscrapers,http://commons.wikimedia.org/wiki/Special:FilePath/Frankfurt%20Park%20Tower.20131019.jpg,Germany,https://en.wikipedia.org/wiki/Park_Tower_(Frankfurt),50.1169,8.67056
Q197833,China Zun,skyscrapers,http://commons.wikimedia.org/wiki/Special:FilePath/China%20Zun%2005-11-2018.jpg,People's Republic of China,https://en.wikipedia.org/wiki/China_Zun,39.91151,116.46023
Q198046,Eurotower,skyscrapers,http://commons.wikimedia.org/wiki/Special:FilePath/Eurotower%20mit%20Euro-Skulptur.jpg,Germany,https://en.wikipedia.org/wiki/Eurotower_(Frankfurt_am_Main),50.109722222,8.674166666
Q198226,Zhujiang New City Tower,skyscrapers,http://commons.wikimedia.org/wiki/Special:FilePath/Guangzhou%20Twin%20Towers%20IMP%28cropped%29.jpg,People's Republic of China,https://en.wikipedia.org/wiki/Global_City_Square,23.118219,113.327271
Q198238,1717 Broadway,skyscrapers,http://commons.wikimedia.org/wiki/Special:FilePath/1717%20Broadway%20Feb%202017.png,United States,https://en.wikipedia.org/wiki/1717_Broadway,40.7644,-73.9826
Q200780,181 West Madison Street,skyscrapers,http://commons.wikimedia.org/wiki/Special:FilePath/181%20West%20Madison%20Street%2008.JPG,United States,https://en.wikipedia.org/wiki/181_West_Madison_Street,41.881528,-87.633636
Q202477,Seoul Lite,skyscrapers,http://commons.wikimedia.org/wiki/Special:FilePath/Seoul%20Light%20DMC%20Tower.png,South Korea,https://en.wikipedia.org/wiki/Seoul_Lite,37.574575,126.888419
Q202599,Stardust Resort and Casino,skyscrapers,http://commons.wikimedia.org/wiki/Special:FilePath/Stardust%20Hotel%20And%20Casino.jpg,United States,https://en.wikipedia.org/wiki/Stardust_Resort_and_Casino,36.133611111,-115.165833333
Q206435,Turning Torso,skyscrapers,http://commons.wikimedia.org/wiki/Special:FilePath/The%20Turning%20Torso%2C%20Malmo.JPG,Sweden,https://en.wikipedia.org/wiki/Turning_Torso,55.613333333,12.976388888
Q209017,1 Wall Street,skyscrapers,http://commons.wikimedia.org/wiki/Special:FilePath/1%20Wall%20Street%20panoramic.jpg,United States,https://en.wikipedia.org/wiki/1_Wall_Street,40.707222222,-74.011666666
Q471336,Garden Tower,skyscrapers,http://commons.wikimedia.org/wiki/Special:FilePath/Garden%20Towers%20Frankfurt.jpg,Germany,https://en.wikipedia.org/wiki/Garden_Tower,50.1117,8.6725
Q471340,Messe Torhaus,skyscrapers,http://commons.wikimedia.org/wiki/Special:FilePath/Messe-Torhaus%2C%20Frankfurt.jpg,Germany,https://en.wikipedia.org/wiki/Messe_Torhaus,50.111388888,8.642777777
Q484441,Samsung Tower Palace,skyscrapers,http://commons.wikimedia.org/wiki/Special:FilePath/View%20of%20YangJe-Cheon.jpg,South Korea,https://en.wikipedia.org/wiki/Samsung_Tower_Palace,37.48847222,127.05402778
Q492112,Andraus Building,skyscrapers,http://commons.wikimedia.org/wiki/Special:FilePath/30-12-2008%20017.%28By%20Felipe%20Mostarda%29.JPG,Brazil,https://en.wikipedia.org/wiki/Andraus_Building,-23.54150833,-46.64236111
Q496218,Busan Lotte World Tower,skyscrapers,http://commons.wikimedia.org/wiki/Special:FilePath/Construction%20site%20of%20Busan%20Lotte%20Tower.jpg,South Korea,https://en.wikipedia.org/wiki/Busan_Lotte_Town_Tower,35.097457,129.037213
Q499486,Bank of America Plaza,skyscrapers,http://commons.wikimedia.org/wiki/Special:FilePath/Bankofamerica-atlanta.jpg,United States,https://en.wikipedia.org/wiki/Bank_of_America_Plaza_(Atlanta),33.770833333,-84.386111111
Q500732,Bridgewater Place,skyscrapers,http://commons.wikimedia.org/wiki/Special:FilePath/Bridgewater%20Place%20Sideview.JPG,United Kingdom,https://en.wikipedia.org/wiki/Bridgewater_Place,53.792,-1.5479
Q503477,One Canada Square,skyscrapers,http://commons.wikimedia.org/wiki/Special:FilePath/1%20Canada%20Square%20From%20Cabot%20Square.jpg,United Kingdom,https://en.wikipedia.org/wiki/One_Canada_Square,51.505,-0.02
Q507939,Lodha World One,skyscrapers,http://commons.wikimedia.org/wiki/Special:FilePath/World%20One.png,India,https://en.wikipedia.org/wiki/World_One,19.0025407,72.8265301
Q510272,Olympic Tower,skyscrapers,http://commons.wikimedia.org/wiki/Special:FilePath/Olympic%20Tower%20NY%20by%20David%20Shankbone.JPG,United States,https://en.wikipedia.org/wiki/Olympic_Tower,40.759166666,-73.976111111
Q511612,Bahrain World Trade Center,skyscrapers,http://commons.wikimedia.org/wiki/Special:FilePath/Bahrain%20World%20trade%20Center%20.jpg,Bahrain,https://en.wikipedia.org/wiki/Bahrain_World_Trade_Center,26.239166666,50.581388888
Q512867,Andromeda Tower,skyscrapers,http://commons.wikimedia.org/wiki/Special:FilePath/Image-Andromeda-Tower%20Vienna%202005.JPG,Austria,https://en.wikipedia.org/wiki/Andromeda_Tower,48.233,16.4142
Q512913,Trust Bank Building,skyscrapers,http://commons.wikimedia.org/wiki/Special:FilePath/Trust%20Bank%20Building.jpg,South Africa,https://en.wikipedia.org/wiki/Trust_Bank_Building,-26.206111111,28.044722222
Q519568,Torre Moeve,skyscrapers,http://commons.wikimedia.org/wiki/Special:FilePath/Torre%20Cepsa%20%28Madrid%29%2001.jpg,Spain,https://en.wikipedia.org/wiki/Torre_Moeve,40.475555555,-3.687777777
Q520839,Nina Tower,skyscrapers,http://commons.wikimedia.org/wiki/Special:FilePath/HK%20Nina%20Tower%20200803.jpg,People's Republic of China,https://en.wikipedia.org/wiki/Nina_Tower,22.368611111,114.113055555
Q521935,Seven Sisters,skyscrapers,http://commons.wikimedia.org/wiki/Special:FilePath/Seven%20sisters%20in%20Moscow.jpg,Russia,https://en.wikipedia.org/wiki/Seven_Sisters_(Moscow),55.703055555,37.530277777
Q525790,Cadillac Place,skyscrapers,http://commons.wikimedia.org/wiki/Special:FilePath/General%20Motors%20building%20089833pv.jpg,United States,https://en.wikipedia.org/wiki/Cadillac_Place,42.3686,-83.0756
Q526963,BMW Headquarters,skyscrapers,http://commons.wikimedia.org/wiki/Special:FilePath/4%20cilindros%20y%20museo%20BMW%2C%20M%C3%BAnich%2C%20Alemania%202012-04-28%2C%20DD%2002.JPG,Germany,https://en.wikipedia.org/wiki/BMW_Headquarters,48.176944444,11.56
Q531394,Hotell Triangeln,skyscrapers,http://commons.wikimedia.org/wiki/Special:FilePath/Hilton%20Malm%C3%B6%20City.jpg,Sweden,,55.59638889,13.00138889
Q531752,CenterPoint Energy Plaza,skyscrapers,http://commons.wikimedia.org/wiki/Special:FilePath/Centerpoint%20energy%20plaza.jpg,United States,https://en.wikipedia.org/wiki/CenterPoint_Energy_Plaza,29.757214,-95.367962
Q538076,Liberty Tower,skyscrapers,http://commons.wikimedia.org/wiki/Special:FilePath/Liberty%20Tower%20from%20west.jpg,United States,https://en.wikipedia.org/wiki/Liberty_Tower_(Manhattan),40.70884,-74.00938
Q540000,Two Logan Square,skyscrapers,http://commons.wikimedia.org/wiki/Special:FilePath/Two%20Logan%20Square.jpg,United States,https://en.wikipedia.org/wiki/Two_Logan_Square,39.9556,-75.1699
Q543353,Plaza 66,skyscrapers,http://commons.wikimedia.org/wiki/Special:FilePath/Plaza%2066%202008.jpg,People's Republic of China,https://en.wikipedia.org/wiki/Plaza_66,31.22991667,121.44930556
Q544726,Chateau Tower of Puerto Madero,skyscrapers,http://commons.wikimedia.org/wiki/Special:FilePath/Torres%20Chateau%20y%20El%20Faro.JPG,Argentina,https://en.wikipedia.org/wiki/Torre_Chateau_de_Puerto_Madero,-34.613055555,-58.360277777
Q546221,Trump International Hotel and Tower,skyscrapers,http://commons.wikimedia.org/wiki/Special:FilePath/20090518%20Trump%20International%20Hotel%20and%20Tower%2C%20Chicago.jpg,United States,https://en.wikipedia.org/wiki/Trump_International_Hotel_and_Tower_(Chicago),41.8891,-87.626672222
Q550342,Akasaka Tower Residence,skyscrapers,http://commons.wikimedia.org/wiki/Special:FilePath/Akasaka-Tower-Residence-01.jpg,Japan,,35.671159,139.7392
Q555113,Frankfurter Büro Center,skyscrapers,http://commons.wikimedia.org/wiki/Special:FilePath/Fbc-ffm001.jpg,Germany,https://en.wikipedia.org/wiki/Frankfurter_B%C3%BCro_Center,50.1114,8.66444
Q555142,Cologne Tower,skyscrapers,http://commons.wikimedia.org/wiki/Special:FilePath/Mediapark%20K%C3%B6lnTurm%20%280508-10%29.jpg,Germany,https://en.wikipedia.org/wiki/Cologne_Tower,50.9481,6.9431
Q555225,Grand Prince Hotel Akasaka,skyscrapers,http://commons.wikimedia.org/wiki/Special:FilePath/Grand%20Prince%20Hotel%20Akasaka.jpg,Japan,https://en.wikipedia.org/wiki/Grand_Prince_Hotel_Akasaka,35.6798825,139.7372472
Q557933,Al Hamra Tower,skyscrapers,http://commons.wikimedia.org/wiki/Special:FilePath/Al%20Hamra%20Kuwait%20Mai%202010.jpg,Kuwait,https://en.wikipedia.org/wiki/Al_Hamra_Tower,29.378611111,47.992777777
Q99319,"George V Bridge, Orléans",bridges,http://commons.wikimedia.org/wiki/Special:FilePath/France%20Orleans%20Pont%20George%20V%20Cathedrale%2002.JPG,France,"https://en.wikipedia.org/wiki/George_V_Bridge,_Orl%C3%A9ans",47.89666667,1.90416667
Q113645,Landwasser Viaduct,bridges,http://commons.wikimedia.org/wiki/Special:FilePath/G%204-5%20107%20Albula%20Landwasser%20normal.jpg,Switzerland,https://en.wikipedia.org/wiki/Landwasser_Viaduct,46.680833333,9.675833333
Q130095,Bridge at Kanne,bridges,http://commons.wikimedia.org/wiki/Special:FilePath/Br%C3%A9ck%20vu%20Kanne.JPG,Belgium,,50.810611,5.671222
Q130206,London Bridge,bridges,http://commons.wikimedia.org/wiki/Special:FilePath/London%20Bridge%20from%20South%20bank.jpg,United Kingdom,https://en.wikipedia.org/wiki/London_Bridge,51.508055555,-0.087777777
Q142164,Cornelius bridge,bridges,http://commons.wikimedia.org/wiki/Special:FilePath/Corneliusbruecke%20Europaeisches%20Patentamt-1.jpg,Germany,,48.1285,11.5801
Q160996,Friedensbrücke,bridges,http://commons.wikimedia.org/wiki/Special:FilePath/Peace%20bridge%20Bautzen%20100.JPG,Germany,,51.1795,14.4208
Q161907,Weidendammer Bridge,bridges,http://commons.wikimedia.org/wiki/Special:FilePath/Berlin-Mitte%20Weidendammer%20Bruecke%201.JPG,Germany,https://en.wikipedia.org/wiki/Weidendammer_Bridge,52.5222,13.3881
Q175610,Talbrücke Wilde Gera,bridges,http://commons.wikimedia.org/wiki/Special:FilePath/TalbrueckeWildeGera.jpg,Germany,,50.715,10.7875
Q189764,Pont du Gard,bridges,http://commons.wikimedia.org/wiki/Special:FilePath/Pont%20du%20Gard%20BLS.jpg,France,https://en.wikipedia.org/wiki/Pont_du_Gard,43.9473,4.5355
Q197790,Zhijinghe River Bridge,bridges,http://commons.wikimedia.org/wiki/Special:FilePath/Zhijinghe%20River%20Bridge-1.jpg,People's Republic of China,https://en.wikipedia.org/wiki/Zhijing_River_Bridge,30.626666666,110.196666666
Q198758,Goat's Bridge,bridges,http://commons.wikimedia.org/wiki/Special:FilePath/Sarajevo%20Kozija%20Cuprija.JPG,Bosnia and Herzegovina,https://en.wikipedia.org/wiki/Goat%27s_Bridge,43.85361111,18.45722222
Q204871,Charles Bridge,bridges,http://commons.wikimedia.org/wiki/Special:FilePath/Prague%2007-2016%20View%20from%20Petrinska%20Tower%20img2.jpg,Czech Republic,https://en.wikipedia.org/wiki/Charles_Bridge,50.086388888,14.411944444
Q205682,Three Countries Bridge,bridges,http://commons.wikimedia.org/wiki/Special:FilePath/Weil%20am%20Rhein%20-%20Dreil%C3%A4nderbr%C3%BCcke10.jpg,France,https://en.wikipedia.org/wiki/Three_Countries_Bridge,47.591666666,7.590277777
Q210055,Mehmed Paša Sokolović Bridge,bridges,http://commons.wikimedia.org/wiki/Special:FilePath/Visegrad%20Drina%20Bridge%201.jpg,Bosnia and Herzegovina,https://en.wikipedia.org/wiki/Mehmed_Pa%C5%A1a_Sokolovi%C4%87_Bridge,43.78248,19.28794
Q211304,Alte Mainbrücke,bridges,http://commons.wikimedia.org/wiki/Special:FilePath/Alte%20mainbruecke.JPG,Germany,,49.793027777,9.926194444
Q218588,Zollbrücke Magdeburg,bridges,http://commons.wikimedia.org/wiki/Special:FilePath/Zollbr%C3%BCcke%20Magdeburg.jpg,Germany,,52.1278,11.6482
Q226913,Zottbachbrücke,bridges,http://commons.wikimedia.org/wiki/Special:FilePath/LohmaZottbachbruecke%2006.jpg,Germany,,49.624777967,12.415462195
Q244947,Aqueduct of Segovia,bridges,http://commons.wikimedia.org/wiki/Special:FilePath/Aqueduct%20of%20Segovia%2008.jpg,Spain,https://en.wikipedia.org/wiki/Aqueduct_of_Segovia,40.947888888,-4.117805555
Q247323,Pont de Zaehringen,bridges,http://commons.wikimedia.org/wiki/Special:FilePath/Pont%20de%20Zaehringen%2C%20Fribourg%2C%20depuis%20le%20clocher%20de%20la%20cath%C3%A9drale.jpg,Switzerland,,46.80627778,7.16636111
Q253210,Egyptian Bridge,bridges,http://commons.wikimedia.org/wiki/Special:FilePath/Sankt%20Petersburg%20Egyptian%20Bridge%20Spinx.jpg,Russia,https://en.wikipedia.org/wiki/Egyptian_Bridge,59.91695,30.29725
Q254087,Kazarma Mycenaean Bridge,bridges,http://commons.wikimedia.org/wiki/Special:FilePath/Arkadiko2.jpg,Greece,https://en.wikipedia.org/wiki/Arkadiko_Bridge,37.59363,22.937556
Q280131,Viaduc de Lavaur,bridges,http://commons.wikimedia.org/wiki/Special:FilePath/Lavaur%20-%20Viaduc%20S%C3%A9journ%C3%A9%20sur%20l%27Agout%20-1.jpg,France,,43.70333333,1.82388889
Q284444,pont Saint-Bénézet,bridges,http://commons.wikimedia.org/wiki/Special:FilePath/Le%20pont%20d%27Avignon%20depuis%20l%27%C3%AEle%20de%20la%20Barthelasse.jpg,France,https://en.wikipedia.org/wiki/Pont_Saint-B%C3%A9n%C3%A9zet,43.953266,4.805419
Q291093,Pont Mirabeau,bridges,http://commons.wikimedia.org/wiki/Special:FilePath/Pont%20Mirabeau%20from%20Ballon%20Generali%2C%20Paris%207%20August%202016.jpg,France,https://en.wikipedia.org/wiki/Pont_Mirabeau,48.84639,2.27639
Q307327,Östra bron,bridges,http://commons.wikimedia.org/wiki/Special:FilePath/East%20bridge%20karlstad%2020061022%20002.jpg,Sweden,,59.38458905,13.51326942
Q314940,Bietigheim Enz Valley Viaduct,bridges,http://commons.wikimedia.org/wiki/Special:FilePath/Aerial%20image%20of%20the%20Bietigheim%20Viaduct%20%28view%20from%20the%20southeast%29.jpg,Germany,https://en.wikipedia.org/wiki/Bietigheim_Viaduct,48.9549,9.13067
Q322253,Alte Lahnbrücke,bridges,http://commons.wikimedia.org/wiki/Special:FilePath/Lahnbr%C3%BCcke%20Wetzlar%2001.jpg,Germany,,50.555833,8.498889
Q335277,Pont Neuf,bridges,http://commons.wikimedia.org/wiki/Special:FilePath/The%20western%20sides%20of%20the%20%C3%8Ele%20de%20la%20Cit%C3%A9%20and%20the%20Pont%20Neuf%2C%2014%20July%202008.jpg,France,https://en.wikipedia.org/wiki/Pont_Neuf,48.8575,2.341666666
Q347997,Adalbertbrücke,bridges,http://commons.wikimedia.org/wiki/Special:FilePath/Hermann%20R%C3%BCckwardt%20-%20Neue%20Adalbertbr%C3%BCcke%2C%201905.jpg,Germany,,52.5053,13.4221
Q355556,Wiesen Viaduct,bridges,http://commons.wikimedia.org/wiki/Special:FilePath/Wiesener%20Viadukt%20RhB%2002%2008.jpg,Switzerland,https://en.wikipedia.org/wiki/Wiesen_Viaduct,46.694444444,9.712777777
Q358267,Eagles' Bridge,bridges,http://commons.wikimedia.org/wiki/Special:FilePath/Downtown%20Sofia%20Boby%20Dimitrov%201.jpg,Bulgaria,"https://en.wikipedia.org/wiki/Eagles%27_Bridge,_Sofia",42.690555555,23.3375
Q359162,Admiralbrücke,bridges,http://commons.wikimedia.org/wiki/Special:FilePath/Berlin%2C%20Admiralbr%C3%BCcke.jpg,Germany,,52.4953,13.4151
Q371906,Kew Bridge,bridges,http://commons.wikimedia.org/wiki/Special:FilePath/Kew%20Bridge%20in%20London%202007%20Sept%2021.jpg,United Kingdom,https://en.wikipedia.org/wiki/Kew_Bridge,51.486944444,-0.2875
Q374266,Besleti Bridge,bridges,http://commons.wikimedia.org/wiki/Special:FilePath/Beslet%20bridge.JPG,Georgia,https://en.wikipedia.org/wiki/Besleti_Bridge,43.03064,41.0761
Q393200,Aggersund Bridge,bridges,http://commons.wikimedia.org/wiki/Special:FilePath/Aggersundbroen1.jpg,Denmark,https://en.wikipedia.org/wiki/Aggersund_Bridge,56.9994,9.29403
Q393375,Žampach viaduct,bridges,http://commons.wikimedia.org/wiki/Special:FilePath/Zampach.JPG,Czech Republic,https://en.wikipedia.org/wiki/%C5%BDampach_viaduct,49.873064444,14.487769166
Q424605,12 Mile Road–Kalamazoo River Bridge,bridges,http://commons.wikimedia.org/wiki/Special:FilePath/12%20Mile%20Road%20Bridge%20Ceresco.jpg,United States,https://en.wikipedia.org/wiki/12_Mile_Road%E2%80%93Kalamazoo_River_Bridge,42.27,-85.0614
Q435406,Alte Brücke,bridges,http://commons.wikimedia.org/wiki/Special:FilePath/Frankfurt%20am%20Main%20-%20Alte%20Br%C3%BCcke.JPG,Germany,https://en.wikipedia.org/wiki/Alte_Br%C3%BCcke_(Frankfurt),50.107555555,8.687805555
Q435416,Old Bridge,bridges,http://commons.wikimedia.org/wiki/Special:FilePath/Alte%20Br%C3%BCcke%20Heidelberg.JPG,Germany,https://en.wikipedia.org/wiki/Old_Bridge_(Heidelberg),49.4143,8.70955
Q435550,Alte Elsterbrücke,bridges,http://commons.wikimedia.org/wiki/Special:FilePath/Plauen%20Alte%20Elsterbr%C3%BCcke.jpg,Germany,,50.4928797,12.1416669
Q435887,Brücke,bridges,http://commons.wikimedia.org/wiki/Special:FilePath/Alte%20Mainbr%C3%BCcke%20Ochsenfurt%2020210306%20001.jpg,Germany,,49.667254481,10.063456455
Q435885,Q435885,bridges,http://commons.wikimedia.org/wiki/Special:FilePath/Lohr-Alte-Mainbruecke.jpg,Germany,,49.992845042,9.581249179
Q436029,Old Nahe Bridge,bridges,http://commons.wikimedia.org/wiki/Special:FilePath/Alte%20Nahebr%C3%BCcke%20in%20Bad%20Kreuznach.jpg,Germany,https://en.wikipedia.org/wiki/Alte_Nahebr%C3%BCcke_(Bad_Kreuznach),49.8447,7.85778
Q436154,Old Rheinbrücke,bridges,http://commons.wikimedia.org/wiki/Special:FilePath/RheinbrueckeBonn.jpg,Germany,,50.7381,7.10917
Q436165,Alte Saalebrücke Jena-Burgau,bridges,http://commons.wikimedia.org/wiki/Special:FilePath/Burgauer%20Br%C3%BCcke.jpg,Germany,,50.8956,11.5989
Q436171,Old Echternach Bridge,bridges,http://commons.wikimedia.org/wiki/Special:FilePath/Alte%20Sauerbr%C3%BCcke%202.jpg,Luxembourg,,49.8127,6.42639
Q436661,Altenbeken Viaduct,bridges,http://commons.wikimedia.org/wiki/Special:FilePath/Altenbeken%20Viadukt03%202011-03-19.jpg,Germany,https://en.wikipedia.org/wiki/Altenbeken_Viaduct,51.7625,8.92556
Q442912,Altmühl Bridge Pfünz,bridges,http://commons.wikimedia.org/wiki/Special:FilePath/Altm%C3%BChlbr%C3%BCcke%20Pf%C3%BCnz.jpg,Germany,,48.8897,11.2592
Q445613,Altstadtbrücke,bridges,http://commons.wikimedia.org/wiki/Special:FilePath/G%C3%B6rlitz%20-%20Altstadtbr%C3%BCcke%2001%20ies.jpg,Poland,,51.157656,14.994
Q446345,Altväterbrücke,bridges,http://commons.wikimedia.org/wiki/Special:FilePath/Altvaeterbruecke%202011.jpg,Germany,,50.958494318,13.331254795
Q448856,Clachan Bridge,bridges,http://commons.wikimedia.org/wiki/Special:FilePath/Clachan%20Bridge%20-%20geograph.org.uk%20-%205681.jpg,United Kingdom,https://en.wikipedia.org/wiki/Clachan_Bridge,56.317721672,-5.582813754
Q449659,Mittlere Brücke,bridges,http://commons.wikimedia.org/wiki/Special:FilePath/1%20Rheinbr%C3%BCcke%20in%20Basel.jpg,Switzerland,"https://en.wikipedia.org/wiki/Middle_Bridge,_Basel",47.56,7.589722222
Q450445,Augustus Bridge,bridges,http://commons.wikimedia.org/wiki/Special:FilePath/Aerial%20photo%20Dresden%20Augustus%20bridge%20Augustusbr%C3%BCcke%20from%20Neustadt%20left%20to%20city%20right%20across%20river%20Elbe%20Foto%202008%20Wolfgang%20Pehlemann%20Wiesbaden%20IMG%200390.jpg,Germany,https://en.wikipedia.org/wiki/Augustus_Bridge,51.055263,13.739568
Q456960,Westminster Bridge,bridges,http://commons.wikimedia.org/wiki/Special:FilePath/Westminster%2C%20London%20%287660306446%29.jpg,United Kingdom,https://en.wikipedia.org/wiki/Westminster_Bridge,51.500833333,-0.121944444
Q458115,Nydeggbrücke,bridges,http://commons.wikimedia.org/wiki/Special:FilePath/Nydeggbruecke%20Untertorbruecke%20Bern.jpg,Switzerland,https://en.wikipedia.org/wiki/Nydeggbr%C3%BCcke,46.948333333,7.458888888
Q459161,Schlossbrücke,bridges,http://commons.wikimedia.org/wiki/Special:FilePath/Berlin%20Schlossbruecke.jpg,Germany,https://en.wikipedia.org/wiki/Schlossbr%C3%BCcke,52.5175,13.398611
Q475971,Putney Bridge,bridges,http://commons.wikimedia.org/wiki/Special:FilePath/Putney%20Bridge.jpg,United Kingdom,https://en.wikipedia.org/wiki/Putney_Bridge,51.466563,-0.21339
Q482349,Blue Nile Road and Railway Bridge,bridges,http://commons.wikimedia.org/wiki/Special:FilePath/%D9%83%D8%A8%D8%B1%D9%8A%20%D8%A7%D9%84%D9%86%D9%8A%D9%84%20%D8%A7%D9%84%D8%A3%D8%B2%D8%B1%D9%82.jpg,Sudan,https://en.wikipedia.org/wiki/Blue_Nile_Road_and_Railway_Bridge,15.615875,32.54389722
Q491639,Anderson Memorial Bridge,bridges,http://commons.wikimedia.org/wiki/Special:FilePath/Anderson%20Bridge%20Cambridge.jpg,United States,https://en.wikipedia.org/wiki/Anderson_Memorial_Bridge,42.369,-71.1231
Q507367,Battersea Railway Bridge,bridges,http://commons.wikimedia.org/wiki/Special:FilePath/Battersea%20Railway%20Bridge%2C%20London%2004.JPG,United Kingdom,https://en.wikipedia.org/wiki/Battersea_Railway_Bridge,51.4734,-0.179901
Q513655,Pont de la Tournelle,bridges,http://commons.wikimedia.org/wiki/Special:FilePath/Pont%20de%20la%20Tournelle%2C%20Paris%203%20April%202016.jpg,France,https://en.wikipedia.org/wiki/Pont_de_la_Tournelle,48.850664,2.355522
Q528031,Port Mann Bridge,bridges,http://commons.wikimedia.org/wiki/Special:FilePath/Vancouver%20Portmann-Bridge%202015.JPG,Canada,https://en.wikipedia.org/wiki/Port_Mann_Bridge,49.221,-122.813
Q540781,Pont d'Iéna,bridges,http://commons.wikimedia.org/wiki/Special:FilePath/Paris%2075007%20Port%20de%20Suffren%2020161101%20Pont%20d%27I%C3%A9na.jpg,France,https://en.wikipedia.org/wiki/Pont_d%27I%C3%A9na,48.859722,2.292222
Q541166,Richmond Lock and Footbridge,bridges,http://commons.wikimedia.org/wiki/Special:FilePath/Richmond%20Lock%20from%20Isleworth%2CMiddx%20looking%20SE.jpg,United Kingdom,https://en.wikipedia.org/wiki/Richmond_Lock_and_Footbridge,51.462222222,-0.317222222
Q547156,Pont Régemortes,bridges,http://commons.wikimedia.org/wiki/Special:FilePath/Pont%20R%C3%A9gemortes%20%28MOULINS%2CFR03%29-2.jpg,France,,46.5618222,3.3231639
Q558920,Anna Ebert Bridge,bridges,http://commons.wikimedia.org/wiki/Special:FilePath/Anna-Ebert-Br%C3%BCcke2.JPG,Germany,,52.127,11.652
Q580046,Salginatobel Bridge,bridges,http://commons.wikimedia.org/wiki/Special:FilePath/Salginatobel%20Bridge%20mg%204077.jpg,Switzerland,https://en.wikipedia.org/wiki/Salginatobel_Bridge,46.981666666,9.718333333
Q580518,Västerbron,bridges,http://commons.wikimedia.org/wiki/Special:FilePath/Vasterbron%202008a.jpg,Sweden,https://en.wikipedia.org/wiki/V%C3%A4sterbron,59.32444444,18.02722222
Q586329,Ponte Sisto,bridges,http://commons.wikimedia.org/wiki/Special:FilePath/Ponte%20Sisto%20Roma.jpg,Italy,https://en.wikipedia.org/wiki/Ponte_Sisto,41.892336,12.470794
Q605912,passerelle Léopold-Sédar-Senghor,bridges,http://commons.wikimedia.org/wiki/Special:FilePath/Passerelle%20Solferino%20Paris%20FRA%20002.jpg,France,https://en.wikipedia.org/wiki/Passerelle_L%C3%A9opold-S%C3%A9dar-Senghor,48.861944,2.324722
Q608492,"Ponte Vecchio, Bassano",bridges,http://commons.wikimedia.org/wiki/Special:FilePath/Ponte%20degli%20Alpini%20Bassano%20del%20Grappa%202007.jpg,Italy,"https://en.wikipedia.org/wiki/Ponte_Vecchio,_Bassano",45.767515,11.73129
Q626784,Aray Bridge,bridges,http://commons.wikimedia.org/wiki/Special:FilePath/Aray%20Bridge%20-%20geograph.org.uk%20-%201511323.jpg,United Kingdom,https://en.wikipedia.org/wiki/Aray_Bridge,56.2358,-5.07016
Q643881,Waldschlösschen Bridge,bridges,http://commons.wikimedia.org/wiki/Special:FilePath/Waldschl%C3%B6%C3%9Fchenbr%C3%BCcke%20Labe%202012%202.jpg,Germany,https://en.wikipedia.org/wiki/Waldschl%C3%B6sschen_Bridge,51.064,13.777
Q644398,Pont de la Concorde,bridges,http://commons.wikimedia.org/wiki/Special:FilePath/Pont%20de%20la%20Concorde%202009-06-02%20Paris%2001.jpg,France,https://en.wikipedia.org/wiki/Pont_de_la_Concorde_(Paris),48.86333,2.31944
Q646236,Pont Ambroix,bridges,http://commons.wikimedia.org/wiki/Special:FilePath/Ambrussum%20pont%20Ambroix.JPG,France,https://en.wikipedia.org/wiki/Pont_Ambroix,43.717222222,4.151944444
Q646333,Argentobelbrücke,bridges,http://commons.wikimedia.org/wiki/Special:FilePath/D-BY%20-%20Argentobelbr%C3%BCcke%20204.JPG,Germany,,47.6417,10.0278
Q657639,Langwieser Viaduct,bridges,http://commons.wikimedia.org/wiki/Special:FilePath/RhB%20ABe%208-12%20Langwieser%20Viadukt.jpg,Switzerland,https://en.wikipedia.org/wiki/Langwieser_Viaduct,46.8175,9.705
Q660029,Dragon Bridge,bridges,http://commons.wikimedia.org/wiki/Special:FilePath/Laibach%20-%20Jubil%C3%A4umsbr%C3%BCcke.jpg,Slovenia,https://en.wikipedia.org/wiki/Dragon_Bridge_(Ljubljana),46.051890908,14.510395145
Q677754,Ludendorff Bridge,bridges,http://commons.wikimedia.org/wiki/Special:FilePath/Ludendorff%20Bridge%20from%20Erpeler%20Ley.jpg,Germany,https://en.wikipedia.org/wiki/Ludendorff_Bridge,50.579166666,7.244166666
Q678499,Bridge over the Trient,bridges,http://commons.wikimedia.org/wiki/Special:FilePath/Pont%20de%20Gueuroz%20west.jpg,Switzerland,https://en.wikipedia.org/wiki/Gueuroz_Bridge,46.128978,7.040018
Q681123,Gründjitobel Viaduct,bridges,http://commons.wikimedia.org/wiki/Special:FilePath/Gr%C3%BCndjiviadukt4.jpg,Switzerland,https://en.wikipedia.org/wiki/Gr%C3%BCndjitobel_Viaduct,46.824761111,9.691572222
Q682024,Grand Pont,bridges,http://commons.wikimedia.org/wiki/Special:FilePath/Grand%20Pont%20Lausanne%202.JPG,Switzerland,,46.520468,6.63135
Q682049,Pont Chauderon,bridges,http://commons.wikimedia.org/wiki/Special:FilePath/Pont%20Chauderon%201.JPG,Switzerland,,46.5224451,6.6240317
Q684408,Solis Viaduct,bridges,http://commons.wikimedia.org/wiki/Special:FilePath/Soliser%20Viadukt%2001%2009.jpg,Switzerland,https://en.wikipedia.org/wiki/Solis_Viaduct,46.67889,9.53078
Q688397,covered wooden bridge over the river Limmat,bridges,http://commons.wikimedia.org/wiki/Special:FilePath/Gedeckte%20Holzbr%C3%BCcke%20%C3%BCber%20die%20Limmat%2C%20Wettingen%20AG%20-%20Neuenhof%20AG%2020180910-jag9889.jpg,Switzerland,,47.45549,8.31831
Q693731,Grosvenor Bridge,bridges,http://commons.wikimedia.org/wiki/Special:FilePath/Grosvenor%20Bridge%2C%20London.jpg,United Kingdom,https://en.wikipedia.org/wiki/Grosvenor_Bridge,51.484722222,-0.1475
Q158822,Pontcysyllte Aqueduct,bridges,http://commons.wikimedia.org/wiki/Special:FilePath/Pontcysyllte%20aqueduct%20arp.jpg,United Kingdom,https://en.wikipedia.org/wiki/Pontcysyllte_Aqueduct,52.9702,-3.08782
Q188528,Stari Most,bridges,http://commons.wikimedia.org/wiki/Special:FilePath/Mostar%20Old%20Town%20Panorama%202007.jpg,Bosnia and Herzegovina,https://en.wikipedia.org/wiki/Stari_Most,43.337277777,17.815027777
Q195876,"Silk Road Bridge, Ani",bridges,http://commons.wikimedia.org/wiki/Special:FilePath/Ani%20-%20bridge.jpg,Turkey,,40.5044,43.5728
Q204635,Widnes-Runcorn Transporter Bridge,bridges,http://commons.wikimedia.org/wiki/Special:FilePath/Runcorn%20transporter%20bridge%20%28Wonder%20Book%20of%20Engineering%20Wonders%2C%201931%29.jpg,United Kingdom,https://en.wikipedia.org/wiki/Widnes%E2%80%93Runcorn_Transporter_Bridge,53.3466,-2.7363
Q216061,Bridge of the Americas,bridges,http://commons.wikimedia.org/wiki/Special:FilePath/Bridge%20of%20the%20Americas.jpg,Panama,https://en.wikipedia.org/wiki/Bridge_of_the_Americas,8.943055555,-79.565
Q250115,Monnow Bridge,bridges,http://commons.wikimedia.org/wiki/Special:FilePath/Monmouth%20-%20Monnow%20Bridge.jpg,United Kingdom,https://en.wikipedia.org/wiki/Monnow_Bridge,51.808973,-2.7200449
Q250523,Pont del Diable,bridges,http://commons.wikimedia.org/wiki/Special:FilePath/Pont%20rom%C3%A0%20%28Martorell%20i%20Castellbisbal%29%20-%2018.jpg,Spain,https://en.wikipedia.org/wiki/Pont_del_Diable,41.475,1.937777777
Q267104,Kadin most,bridges,http://commons.wikimedia.org/wiki/Special:FilePath/Nevestino%20Kadin%20Most.JPG,Bulgaria,https://en.wikipedia.org/wiki/Kadin_most,42.25611111,22.85361111
Q282619,Puente de Alfonso XIII,bridges,http://commons.wikimedia.org/wiki/Special:FilePath/Pont%20Alphonse%20XIII%20en%202008.JPG,Spain,,37.3692,-5.99256
Q310579,Al-Sarafiya bridge,bridges,http://commons.wikimedia.org/wiki/Special:FilePath/%D8%AC%D8%B3%D8%B1%20%D8%A7%D9%84%D8%B5%D8%B1%D8%A7%D9%81%D9%8A%D8%A9.jpg,Iraq,https://en.wikipedia.org/wiki/Al-Sarafiya_Bridge,33.35361111,44.37277778
Q331996,Vizcaya Bridge,bridges,http://commons.wikimedia.org/wiki/Special:FilePath/Bizkaia%20zubia%20-%20Puente%20Bizkaia.jpg,Spain,https://en.wikipedia.org/wiki/Vizcaya_Bridge,43.323055555,-3.016944444
Q429344,Osten Transporter Bridge,bridges,http://commons.wikimedia.org/wiki/Special:FilePath/Gruppe%201%20Flug%202%20DSC0755.jpg,Germany,https://en.wikipedia.org/wiki/Osten_Transporter_Bridge,53.694229,9.183181
Q436444,Q436444,bridges,http://commons.wikimedia.org/wiki/Special:FilePath/Ahus%20%C3%84spetbr%C3%BCcke.JPG,Sweden,,55.920576,14.29361
Q487356,Richmond Bridge,bridges,http://commons.wikimedia.org/wiki/Special:FilePath/Richmond%20018%20Richmond%20Bridge%20TT%20panorama.JPG,United Kingdom,"https://en.wikipedia.org/wiki/Richmond_Bridge,_London",51.45725,-0.307319444
Q498235,Yi Sun-sin Bridge,bridges,http://commons.wikimedia.org/wiki/Special:FilePath/Yi%20Sun-sin%20Bridge.jpg,South Korea,https://en.wikipedia.org/wiki/Yi_Sun-sin_Bridge,34.905833333,127.705277777
Q504710,Pont de Normandie,bridges,http://commons.wikimedia.org/wiki/Special:FilePath/J79164%20Yul%20cdg%2020140624-051332.55%20France.jpg,France,https://en.wikipedia.org/wiki/Pont_de_Normandie,49.432222222,0.273888888
Q521124,Pont Vell,bridges,http://commons.wikimedia.org/wiki/Special:FilePath/Lleida-25%20riu%20Segre.jpg,Spain,,41.61461389,0.62839444
Q523727,Alamana bridge,bridges,http://commons.wikimedia.org/wiki/Special:FilePath/Bridge%20of%20Alamana%20near%20the%20Spercheius%20near%20Thermopylae%2C%20site%20of%20ancient%20battle%20%E2%80%93%20Skene%20James%20-%201838-1845.jpg,Greece,,38.812395,22.49495401
Q550189,Minden Aqueduct,bridges,http://commons.wikimedia.org/wiki/Special:FilePath/Wasserstrassenkreuz%20Minden.jpg,Germany,https://en.wikipedia.org/wiki/Minden_Aqueduct,52.303055555,8.931666666
Q551793,Farelo Railway Bridge,bridges,http://commons.wikimedia.org/wiki/Special:FilePath/Ponte%20do%20Farelo%202017.jpg,Portugal,,37.1568119,-8.6034322
Q606796,Pulaski Bridge,bridges,http://commons.wikimedia.org/wiki/Special:FilePath/Pulaski%20Bridge%20from%20west%20jeh.JPG,United States,https://en.wikipedia.org/wiki/Pulaski_Bridge,40.739166666,-73.9525
Q623426,Roman aqueduct Vussem,bridges,http://commons.wikimedia.org/wiki/Special:FilePath/Mechernich-Vussem%20Aqu%C3%A4duktbr%C3%BCcke.jpg,Germany,,50.5648,6.6685
Q623448,Les Ferreres Aqueduct,bridges,http://commons.wikimedia.org/wiki/Special:FilePath/Les%20Ferreres%20Aqueduct%2C%20built%20in%20the%201st%20century%20AD%20to%20supply%20water%20to%20the%20ancient%20city%20of%20Tarraco%2C%20Spain%20-%2052635720275.jpg,Spain,https://en.wikipedia.org/wiki/Les_Ferreres_Aqueduct,41.145556,1.243889
Q636691,Ponte San Michele,bridges,http://commons.wikimedia.org/wiki/Special:FilePath/Ponte%20sul%20Adda%20Paderno.jpg,Italy,https://en.wikipedia.org/wiki/San_Michele_Bridge,45.682683197,9.452655566
Q636754,Akwadukt De Geau,bridges,http://commons.wikimedia.org/wiki/Special:FilePath/Aquaduct%20De%20Geeuw%20-%20Sneek.jpg,Netherlands,,53.02556,5.64028
Q640980,Magdeburg Water Bridge,bridges,http://commons.wikimedia.org/wiki/Special:FilePath/Magdeburg%20Kanalbr%C3%BCcke%20aerial%20view%2013.jpg,Germany,https://en.wikipedia.org/wiki/Magdeburg_Water_Bridge,52.230533333,11.702336111
Q665373,Untertorbrücke,bridges,http://commons.wikimedia.org/wiki/Special:FilePath/Untertorbruecke%20Bern.jpg,Switzerland,https://en.wikipedia.org/wiki/Untertorbr%C3%BCcke,46.94936,7.45845
Q667674,Si-o-se Pol,bridges,http://commons.wikimedia.org/wiki/Special:FilePath/Si-o-se-pol%20Bridge%2C%20Isfahan%2C%20Iran.png,Iran,https://en.wikipedia.org/wiki/Si-o-se-pol,32.644869,51.667594
Q676315,Triple Bridge,bridges,http://commons.wikimedia.org/wiki/Special:FilePath/COVID-19%20pandemic%20in%20Slovenia%20%28Ljubljana%20downtown%2C%20center%29.jpg,Slovenia,https://en.wikipedia.org/wiki/Triple_Bridge,46.051082117,14.50620492
Q683180,Muntplein,bridges,http://commons.wikimedia.org/wiki/Special:FilePath/Munttoren%20%28Amsterdam%29.JPG,Netherlands,"https://en.wikipedia.org/wiki/Muntplein,_Amsterdam",52.366944,4.893333
Q745733,Grunwald Bridge,bridges,http://commons.wikimedia.org/wiki/Special:FilePath/Most%20Grunwaldzki%20Wroclaw%202024%20aerial.jpg,Poland,https://en.wikipedia.org/wiki/Grunwald_Bridge,51.10944444,17.05277778
Q804710,Balclutha Road Bridge,bridges,http://commons.wikimedia.org/wiki/Special:FilePath/BalcluthaBridgeNov202024%2001.jpg,New Zealand,https://en.wikipedia.org/wiki/Balclutha_Road_Bridge,-46.235919444,169.744997222
Q809555,Barton Swing Aqueduct,bridges,http://commons.wikimedia.org/wiki/Special:FilePath/Barton%20Swing%20Aqueduct%20and%20canal.jpg,United Kingdom,https://en.wikipedia.org/wiki/Barton_Swing_Aqueduct,53.4748,-2.3521
Q811592,Baumkronenpfad Hainich,bridges,http://commons.wikimedia.org/wiki/Special:FilePath/Baumkronenpfad%20Hainich%20Aussichtsturm.jpg,Germany,,51.0832,10.5067
Q817292,Benicia–Martinez Bridge,bridges,http://commons.wikimedia.org/wiki/Special:FilePath/BeniciaMartinezbridge.jpg,United States,https://en.wikipedia.org/wiki/Benicia%E2%80%93Martinez_Bridge,38.04181744,-122.122578599
Q821292,Iway,bridges,http://commons.wikimedia.org/wiki/Special:FilePath/Downtown%20Providence%2C%20Rhode%20Island.jpg,United States,https://en.wikipedia.org/wiki/Iway,41.815607,-71.401213
Q844241,Ponte Gobbo,bridges,http://commons.wikimedia.org/wiki/Special:FilePath/Bobbio%20bridge.jpg,Italy,,44.767248,9.390767
Q856285,Mes Bridge,bridges,http://commons.wikimedia.org/wiki/Special:FilePath/Mesi%20Bridge%202025.jpg,Albania,https://en.wikipedia.org/wiki/Mesi_Bridge,42.11448,19.574976
Q862032,Skopje Aqueduct,bridges,http://commons.wikimedia.org/wiki/Special:FilePath/Skopje%20Aqueduct%209.jpg,North Macedonia,https://en.wikipedia.org/wiki/Skopje_Aqueduct,42.023611111,21.418611111
Q885931,Blue Water Bridge,bridges,http://commons.wikimedia.org/wiki/Special:FilePath/Bluewater%20Bridge%20in%20Sarnia-2010-11-20-011.jpg,Canada,https://en.wikipedia.org/wiki/Blue_Water_Bridge,42.998611111,-82.423611111
Q924757,Rochefort-Martrou Transporter Bridge,bridges,http://commons.wikimedia.org/wiki/Special:FilePath/Pont%20transbordeur%20de%20Rochefort%20du%20E.jpg,France,https://en.wikipedia.org/wiki/Rochefort-Martrou_Transporter_Bridge,45.916277777,-0.960694444
Q926853,Répudre Aqueduct,bridges,http://commons.wikimedia.org/wiki/Special:FilePath/Ventenac-en-Minervois%20Aqueduc%20du%20R%C3%A9pudre%20AL24.jpg,France,https://en.wikipedia.org/wiki/R%C3%A9pudre_Aqueduct,43.25441667,2.84012222
Q958287,Deutschherrn bridge,bridges,http://commons.wikimedia.org/wiki/Special:FilePath/Frankfurt%20Am%20Main-Deutschherrnbruecke-Ansicht%20von%20der%20Floesserbruecke-20100424.jpg,Germany,,50.106666666,8.705277777
Q963089,Xijin Bridge,bridges,http://commons.wikimedia.org/wiki/Special:FilePath/Xijin%20Bridge%20%28Yongkang%29%2C%20China.jpg,People's Republic of China,https://en.wikipedia.org/wiki/Xijin_Bridge,28.895361111,120.026
Q967119,Alconétar Bridge,bridges,http://commons.wikimedia.org/wiki/Special:FilePath/Puente%20de%20Alcon%C3%A9tar%2C%20C%C3%A1ceres%20Province%2C%20Spain.%20Drawing%2004.jpg,Spain,https://en.wikipedia.org/wiki/Alcon%C3%A9tar_Bridge,39.753838,-6.437345
Q991909,Suleiman Bridge,bridges,http://commons.wikimedia.org/wiki/Special:FilePath/Edward%20Brown%20Az%20esz%C3%A9ki%20h%C3%ADd%20%281674%29.jpg,Croatia,https://en.wikipedia.org/wiki/Suleiman_Bridge,45.563333333,18.692777777
Q996022,Bridge near Kemer,bridges,http://commons.wikimedia.org/wiki/Special:FilePath/Bridge%20near%20Kemer%2C%20Lycia%2C%20Turkey.%20Pic%2015.jpg,Turkey,https://en.wikipedia.org/wiki/Bridge_near_Kemer,36.69339,29.36194
Q996209,Wadi el Kuf Bridge,bridges,http://commons.wikimedia.org/wiki/Special:FilePath/Wadi%20el%20Kuf%20Bridge%201970%27s.jpg,Libya,https://en.wikipedia.org/wiki/Wadi_el_Kuf_Bridge,32.69666667,21.56555556
Q996217,Ravning Bridge,bridges,http://commons.wikimedia.org/wiki/Special:FilePath/Ravningbroen.JPG,Denmark,https://en.wikipedia.org/wiki/Ravning_Bridge,55.67122,9.34636
Q1035131,Hell Gate Bridge,bridges,http://commons.wikimedia.org/wiki/Special:FilePath/Hell%20Gate%20Bridge%20%2884459%29p.jpg,United States,https://en.wikipedia.org/wiki/Hell_Gate_Bridge,40.7825,-73.921944444
Q1053846,Ponte Coperto,bridges,http://commons.wikimedia.org/wiki/Special:FilePath/Pavia%20ponte%20coperto%20sul%20Ticino.jpg,Italy,https://en.wikipedia.org/wiki/Ponte_Coperto,45.180656,9.15319
Q1092616,Spean Thma,bridges,http://commons.wikimedia.org/wiki/Special:FilePath/Speanthmasmall.JPG,Cambodia,https://en.wikipedia.org/wiki/Spean_Thma,13.444722222,103.8775
Q1138028,Nicolás Avellaneda Transporter Bridge,bridges,http://commons.wikimedia.org/wiki/Special:FilePath/Buenos%20Aires%20Most%20Transportowy%202.jpg,Argentina,https://en.wikipedia.org/wiki/Puente_Transbordador,-34.63847222,-58.35625
Q1263271,Dubuque–Wisconsin Bridge,bridges,http://commons.wikimedia.org/wiki/Special:FilePath/Mississippi%20River%20Dubuque-Wisconsin%20Bridge.jpg,United States,https://en.wikipedia.org/wiki/Dubuque%E2%80%93Wisconsin_Bridge,42.515555555,-90.635555555
Q1273965,Warrington Transporter Bridge,bridges,http://commons.wikimedia.org/wiki/Special:FilePath/Wartranny.jpg,United Kingdom,https://en.wikipedia.org/wiki/Warrington_Transporter_Bridge,53.3838,-2.6075
Q1311510,Mainbrücke Ginsheim-Gustavsburg,bridges,http://commons.wikimedia.org/wiki/Special:FilePath/Hochheimer-bruecke-2010-kostheim-gustavsburg-033.jpg,Germany,,49.9998,8.33916
Q1313525,Eiserner Steg,bridges,http://commons.wikimedia.org/wiki/Special:FilePath/Eiserner-Steg-2012-Ffm-977-8.jpg,Germany,https://en.wikipedia.org/wiki/Eiserner_Steg,50.108102863,8.682122202
Q1325169,Elbe bridge Torgau (railway),bridges,http://commons.wikimedia.org/wiki/Special:FilePath/Torgau%20Eisenbahnbr%C3%BCcke.jpg,Germany,,51.5671,13.0089
Q1392136,Rusanivka Old Bridge,bridges,http://commons.wikimedia.org/wiki/Special:FilePath/Rusanovskiy%20Bridge%20Kiev%201910s.jpg,Ukraine,,50.448138888,30.584444444
Q1441252,Spittelauer Brücke,bridges,http://commons.wikimedia.org/wiki/Special:FilePath/Spittelauer%20Bruecke.jpg,Austria,,48.235657,16.361682
Q1460090,Pont-Neuf,bridges,http://commons.wikimedia.org/wiki/Special:FilePath/Le%20Pont-Neuf%20de%20Toulouse.jpg,France,"https://en.wikipedia.org/wiki/Pont_Neuf,_Toulouse",43.59935,1.43904
Q1500721,Hercilio Luz Bridge,bridges,http://commons.wikimedia.org/wiki/Special:FilePath/Ponte%20Herc%C3%ADlio%20Luz%20-%20Florian%C3%B3polis%20-%2020220911165825.jpg,Brazil,https://en.wikipedia.org/wiki/Herc%C3%ADlio_Luz_Bridge,-27.593888888,-48.566111111
Q1503366,Georg Danzer Bridge,bridges,http://commons.wikimedia.org/wiki/Special:FilePath/U6-Donaubr%C3%BCcke.JPG,Austria,,48.2439,16.3897
Q1520345,"Störbrücke, Itzehoe",bridges,http://commons.wikimedia.org/wiki/Special:FilePath/Itzehoe%20alte-und-neue-St%C3%B6rbr%C3%BCcke%20July-2009%20SL273134.JPG,Germany,,53.9264,9.47944
Q151736,Burg Alsdorf,castles,http://commons.wikimedia.org/wiki/Special:FilePath/Burg%20Alsdorf%20Ostansicht.jpg,Germany,,50.8789,6.16167
Q152130,Trutzeltz Castle,castles,http://commons.wikimedia.org/wiki/Special:FilePath/Burg%20Eltz%20fg02.JPG,Germany,https://en.wikipedia.org/wiki/Trutzeltz_Castle,50.2071,7.33633
Q152863,Burg Coraidelstein,castles,http://commons.wikimedia.org/wiki/Special:FilePath/Castle%20ruin%20Coraidelstein.jpg,Germany,,50.1672,7.20064
Q153066,Ehreshoven Castle,castles,http://commons.wikimedia.org/wiki/Special:FilePath/Aerial%20image%20of%20the%20Ehreshoven%20Castle%20%28view%20from%20the%20south%29.jpg,Germany,https://en.wikipedia.org/wiki/Ehreshoven_Castle,50.9741,7.34421
Q153426,Eltz Castle,castles,http://commons.wikimedia.org/wiki/Special:FilePath/Burg%20Eltz%20am%20fr%C3%BChen%20Morgen.jpg,Germany,https://en.wikipedia.org/wiki/Eltz_Castle,50.205,7.336666666
Q154750,Château de Montpensier,castles,http://commons.wikimedia.org/wiki/Special:FilePath/Chateaumontpensier.jpg,France,https://en.wikipedia.org/wiki/Ch%C3%A2teau_de_Montpensier,46.035,3.218
Q155252,Castle Cornet,castles,http://commons.wikimedia.org/wiki/Special:FilePath/Castle%20Cornet%2C%20Guernsey.jpg,Guernsey,https://en.wikipedia.org/wiki/Castle_Cornet,49.452997222,-2.526333333
Q156457,Hohenzollern Castle,castles,http://commons.wikimedia.org/wiki/Special:FilePath/Burg%20Hohenzollern%20ak.jpg,Germany,https://en.wikipedia.org/wiki/Hohenzollern_Castle,48.323561111,8.9674
Q156803,Moritzburg Castle,castles,http://commons.wikimedia.org/wiki/Special:FilePath/Schloss%20Moritzburg-003.jpg,Germany,https://en.wikipedia.org/wiki/Moritzburg_Castle,51.167572222,13.679611111
Q159147,Château d'Aubeterre-sur-Dronne,castles,http://commons.wikimedia.org/wiki/Special:FilePath/Aubeterre%20vue3.JPG,France,,45.2719,0.17056
Q159971,Lemberk Castle,castles,http://commons.wikimedia.org/wiki/Special:FilePath/RD%20250928%20Z%C3%A1mek%20Lemberk.jpg,Czech Republic,https://en.wikipedia.org/wiki/Lemberk_Castle,50.77743611,14.78787778
Q164816,Gutenfels Castle,castles,http://commons.wikimedia.org/wiki/Special:FilePath/Burg%20Gutenfels%20%28Kaub%29.jpg,Germany,https://en.wikipedia.org/wiki/Gutenfels_Castle,50.0878,7.76561
Q164901,Château de Montgilbert,castles,http://commons.wikimedia.org/wiki/Special:FilePath/Ch%C3%A2teau%20Montgilbert%201.jpg,France,https://en.wikipedia.org/wiki/Ch%C3%A2teau_de_Montgilbert,46.038527777,3.623527777
Q165069,Miramare Castle,castles,http://commons.wikimedia.org/wiki/Special:FilePath/Castello%20di%20Miramare%20%28Trieste%29%20%287%29.jpg,Italy,https://en.wikipedia.org/wiki/Miramare_Castle,45.702454,13.712318
Q165434,Castell de Tous,castles,http://commons.wikimedia.org/wiki/Special:FilePath/Ru%C3%AFnes%20del%20Castell%20de%20Tous%20i%20Torre%20de%20vigil%C3%A0ncia%20%28Pa%C3%ADs%20Valenci%C3%A0%29.jpg,Spain,,39.1512,-0.666197
Q166900,Goldburg,castles,http://commons.wikimedia.org/wiki/Special:FilePath/Goldburg%2C%20Murstetten.jpg,Austria,,48.2361,15.8289
Q168089,Saddell Castle,castles,http://commons.wikimedia.org/wiki/Special:FilePath/Saddell%20Castle%2C%202012.JPG,United Kingdom,https://en.wikipedia.org/wiki/Saddell_Castle,55.527417708,-5.504621973
Q168342,Old Lachlan Castle,castles,http://commons.wikimedia.org/wiki/Special:FilePath/Lachlan%20Castle%2001.jpg,United Kingdom,https://en.wikipedia.org/wiki/Old_Castle_Lachlan,56.1085,-5.2095
Q168391,Hradec nad Moravicí Castle,castles,http://commons.wikimedia.org/wiki/Special:FilePath/Hradec2%20396388-1382.jpg,Czech Republic,,49.863908,17.874773
Q168523,Burg Münchhausen,castles,http://commons.wikimedia.org/wiki/Special:FilePath/Burg%20Muenchhausen%2020070819.png,Germany,,50.6112,7.04454
Q169369,Château Pastré,castles,http://commons.wikimedia.org/wiki/Special:FilePath/Ch%C3%A2teau%20Pastr%C3%A9%20%C3%A0%20Marseille.JPG,France,https://en.wikipedia.org/wiki/Ch%C3%A2teau_Pastr%C3%A9,43.233333333,5.373333333
Q175213,Altenburg,castles,http://commons.wikimedia.org/wiki/Special:FilePath/Altenburg%20bei%20Niedenstein.JPG,Germany,https://en.wikipedia.org/wiki/Altenburg_(Niedenstein),51.2477,9.29062
Q175411,Herblingen Castle,castles,http://commons.wikimedia.org/wiki/Special:FilePath/Picswiss%20SH-02-29.jpg,Switzerland,https://en.wikipedia.org/wiki/Herblingen_Castle,47.733685,8.6612
Q176836,Bergfeste Dilsberg,castles,http://commons.wikimedia.org/wiki/Special:FilePath/Burgturm%20Dilsberg.jpg,Germany,https://en.wikipedia.org/wiki/Dilsberg_Castle,49.398611111,8.836944444
Q177125,Burg Clam,castles,http://commons.wikimedia.org/wiki/Special:FilePath/Klam%20-%20Burg%20Clam%20%281%29.JPG,Austria,https://en.wikipedia.org/wiki/Burg_Clam,48.220919444,14.778488888
Q178522,Dunstaffnage Castle,castles,http://commons.wikimedia.org/wiki/Special:FilePath/Dunstaffnage%20Castle.jpg,United Kingdom,https://en.wikipedia.org/wiki/Dunstaffnage_Castle,56.454652777,-5.436936111
Q179236,Burg Neulengbach,castles,http://commons.wikimedia.org/wiki/Special:FilePath/Neulengbach%20-%20Schloss.JPG,Austria,https://en.wikipedia.org/wiki/Burg_Neulengbach,48.1981,15.9103
Q179549,Château de Rothenbourg,castles,http://commons.wikimedia.org/wiki/Special:FilePath/Rothenburg.JPG,France,https://en.wikipedia.org/wiki/Ch%C3%A2teau_de_Rothenbourg,49.024615,7.57555556
Q182102,Bunkenburg,castles,http://commons.wikimedia.org/wiki/Special:FilePath/Brunkenburg%20Panorama.jpg,Germany,https://en.wikipedia.org/wiki/Bunkenburg,52.7615,9.55867
Q182146,Schloss Hugenpoet,castles,http://commons.wikimedia.org/wiki/Special:FilePath/Hugenpoet03.jpg,Germany,,51.361805555,6.917222222
Q182382,Nürburg Castle,castles,http://commons.wikimedia.org/wiki/Special:FilePath/N%C3%BCrburg%20%28Burg%29%2001.jpg,Germany,https://en.wikipedia.org/wiki/N%C3%BCrburg_Castle,50.3465,6.95407
Q185287,Burg Freundsberg,castles,http://commons.wikimedia.org/wiki/Special:FilePath/Schloss%20Freundsberg%202008-08-16.JPG,Austria,https://en.wikipedia.org/wiki/Burg_Freundsberg,47.3433,11.7175
Q186586,Zug Castle,castles,http://commons.wikimedia.org/wiki/Special:FilePath/Zug%20Burg%20Zug%206.jpg,Switzerland,https://en.wikipedia.org/wiki/Zug_Castle,47.1652,8.51671
Q186672,Banská Bystrica Castle,castles,http://commons.wikimedia.org/wiki/Special:FilePath/Besztercebanyacivertanlegi1.jpg,Slovakia,https://en.wikipedia.org/wiki/Bansk%C3%A1_Bystrica_Castle,48.73722222,19.14666667
Q187633,Vízmburk,castles,http://commons.wikimedia.org/wiki/Special:FilePath/V%C3%ADzmburk%200.JPG,Czech Republic,,50.4847,16.0488
Q187933,Castle of El Barco de Ávila,castles,http://commons.wikimedia.org/wiki/Special:FilePath/Sierra%20de%20Gredos%20%283987864786%29.jpg,Spain,,40.358931,-5.525191
Q188015,Veliš Castle,castles,http://commons.wikimedia.org/wiki/Special:FilePath/Veli%C5%A1%20od%20silnice.jpg,Czech Republic,,50.41705278,15.31541389
Q189358,Kronborg Castle,castles,http://commons.wikimedia.org/wiki/Special:FilePath/KronborgCastle%20HCS.jpg,Denmark,https://en.wikipedia.org/wiki/Kronborg,56.038611111,12.621944444
Q189702,Zenoburg,castles,http://commons.wikimedia.org/wiki/Special:FilePath/Tirol%20Zenoburg%20von%20Obermais%20gesehen.jpg,Italy,,46.6741989,11.1716879
Q193369,Prague Castle,castles,http://commons.wikimedia.org/wiki/Special:FilePath/Castillo%20de%20Praga%2C%20Praga%2C%20Rep%C3%BAblica%20Checa%2C%202022-07-02%2C%20DD%20209.jpg,Czech Republic,https://en.wikipedia.org/wiki/Prague_Castle,50.09,14.4
Q194538,Sanquhar Castle,castles,http://commons.wikimedia.org/wiki/Special:FilePath/Ruined%20Sanquhar%20Castle%20-%20geograph.org.uk%20-%201472910.jpg,United Kingdom,https://en.wikipedia.org/wiki/Sanquhar_Castle,55.3622,-3.91833
Q198287,Colchester Castle,castles,http://commons.wikimedia.org/wiki/Special:FilePath/Colchester-castle.jpg,United Kingdom,https://en.wikipedia.org/wiki/Colchester_Castle,51.890589,0.903047
Q200693,Kroměříž Castle,castles,http://commons.wikimedia.org/wiki/Special:FilePath/Kromeriz%2C%20Marktpl%2C%20Schl.jpg,Czech Republic,https://en.wikipedia.org/wiki/Krom%C4%9B%C5%99%C3%AD%C5%BE_Castle,49.300277777,17.393055555
Q202249,Château Rocher,castles,http://commons.wikimedia.org/wiki/Special:FilePath/Ch%C3%A2teau-Rocher%20%2830%29.jpg,France,https://en.wikipedia.org/wiki/Ch%C3%A2teau_Rocher,46.0891564,2.9281998
Q202446,Castle Libštejn,castles,http://commons.wikimedia.org/wiki/Special:FilePath/Libstejn-1.jpg,Czech Republic,,49.90032222,13.54763611
Q205659,Château de Lunéville,castles,http://commons.wikimedia.org/wiki/Special:FilePath/Lun%C3%A9ville%20-%20ch%C3%A2teau%2020131007-07.JPG,France,https://en.wikipedia.org/wiki/Ch%C3%A2teau_de_Lun%C3%A9ville,48.594722,6.4925
Q206061,"Wilde Schneeburg, Oberried",castles,http://commons.wikimedia.org/wiki/Special:FilePath/Wilde%20Schneeburg%2001.JPG,Germany,,47.91055556,7.93916667
Q206199,Metz Citadel,castles,http://commons.wikimedia.org/wiki/Special:FilePath/Portrait%20de%20la%20ville%20et%20cit%C3%A9%20de%20Metz.JPG,France,https://en.wikipedia.org/wiki/Metz_Citadel,49.11364167,6.17136389
Q206225,Ankara Castle,castles,http://commons.wikimedia.org/wiki/Special:FilePath/Ankara%20Castle.jpg,Turkey,https://en.wikipedia.org/wiki/Ankara_Castle,39.94166667,32.865
Q206231,Citadel of Aleppo,castles,http://commons.wikimedia.org/wiki/Special:FilePath/Citadel%20of%20Aleppo.jpg,Syria,https://en.wikipedia.org/wiki/Citadel_of_Aleppo,36.199166666,37.1625
Q206246,Citadel of Damascus,castles,http://commons.wikimedia.org/wiki/Special:FilePath/Damaskus4.jpg,Syria,https://en.wikipedia.org/wiki/Citadel_of_Damascus,33.511667,36.301944
Q206251,Citadel of Münster,castles,http://commons.wikimedia.org/wiki/Special:FilePath/M%C3%BCnsterGalenscheZitadelle.JPG,Germany,,51.96566123,7.60846138
Q209643,Mir Castle Complex,castles,http://commons.wikimedia.org/wiki/Special:FilePath/Mir%20Castle%202018.jpg,Belarus,https://en.wikipedia.org/wiki/Mir_Castle_Complex,53.451266666,26.472894444
Q212065,Edinburgh Castle,castles,http://commons.wikimedia.org/wiki/Special:FilePath/Edinburgh%20Castle%20from%20the%20Grassmarket.jpg,United Kingdom,https://en.wikipedia.org/wiki/Edinburgh_Castle,55.9487,-3.20073
Q213362,Castle of Elvas,castles,http://commons.wikimedia.org/wiki/Special:FilePath/Porta%20do%20Castelo%20de%20Elvas.jpg,Portugal,https://en.wikipedia.org/wiki/Castle_of_Elvas,38.88354167,-7.16289167
Q215315,Kernavė,castles,http://commons.wikimedia.org/wiki/Special:FilePath/Kernav%C4%97%20-%20Hill%20forts%2001.jpg,Lithuania,https://en.wikipedia.org/wiki/Kernav%C4%97,54.883333333,24.85
Q217058,Castle Stalker,castles,http://commons.wikimedia.org/wiki/Special:FilePath/Castle%20Stalker%20Scotland.jpg,United Kingdom,https://en.wikipedia.org/wiki/Castle_Stalker,56.57153905,-5.386192104
Q218621,Zollernschloss,castles,http://commons.wikimedia.org/wiki/Special:FilePath/Balingen%20Zollernschloss.jpg,Germany,,48.2712,8.85139
Q223216,Hunnesrück Castle,castles,http://commons.wikimedia.org/wiki/Special:FilePath/Hunnesr%C3%BCck%20Berge.jpg,Germany,https://en.wikipedia.org/wiki/Hunnesr%C3%BCck_Castle,51.8211,9.6825
Q225551,Auenstein Castle,castles,http://commons.wikimedia.org/wiki/Special:FilePath/Auenstein%20Schloss.jpg,Switzerland,https://en.wikipedia.org/wiki/Auenstein_Castle,47.4154,8.13977
Q225611,Staufenberg Castle,castles,http://commons.wikimedia.org/wiki/Special:FilePath/Staufenberg%20De%20Merian%20Hassiae.jpg,Germany,,50.665,8.72833
Q241225,Nowy Dwór Castle in Wałbrzych,castles,http://commons.wikimedia.org/wiki/Special:FilePath/Ruiny%20zamku%20Nowy%20Dw%C3%B3r.jpg,Poland,,50.734333333,16.293861111
Q247451,Buonconsiglio Castle,castles,http://commons.wikimedia.org/wiki/Special:FilePath/20110727%20Trento%20Buonconsiglio%20Castle%206609.jpg,Italy,https://en.wikipedia.org/wiki/Buonconsiglio_Castle,46.071571,11.127037
Q248269,Turňa Castle,castles,http://commons.wikimedia.org/wiki/Special:FilePath/Turniansky%20hrad.jpg,Slovakia,https://en.wikipedia.org/wiki/Tur%C5%88a_Castle,48.611111111,20.874444444
Q248735,Lietava Castle,castles,http://commons.wikimedia.org/wiki/Special:FilePath/Hrad%20Lietava%20-%20st%C5%99edn%C3%AD%20pal%C3%A1c.jpg,Slovakia,https://en.wikipedia.org/wiki/Lietava_Castle,49.160706,18.685078
Q249047,Moorish Castle,castles,http://commons.wikimedia.org/wiki/Special:FilePath/The%20Moorish%20Castle.jpg,United Kingdom,https://en.wikipedia.org/wiki/Moorish_Castle,36.14389,-5.35
Q251272,Olavinlinna Castle,castles,http://commons.wikimedia.org/wiki/Special:FilePath/Savonlinna%20hein%C3%A4kuu%202002%20IMG%201635.JPG,Finland,https://en.wikipedia.org/wiki/Olavinlinna,61.8637134,28.9012379
Q251766,Strassberg Castle,castles,http://commons.wikimedia.org/wiki/Special:FilePath/Strassberg%202010.jpg,Switzerland,https://en.wikipedia.org/wiki/Strassberg_Castle,46.8064,9.53375
Q253321,Horneck Castle,castles,http://commons.wikimedia.org/wiki/Special:FilePath/Gundelsheim-horneck2008.jpg,Germany,"https://en.wikipedia.org/wiki/Horneck_Castle,_Germany",49.2867,9.156
Q253430,Tyresö Palace,castles,http://commons.wikimedia.org/wiki/Special:FilePath/Tyreso%20slott%20view1.jpg,Sweden,https://en.wikipedia.org/wiki/Tyres%C3%B6_Palace,59.23527778,18.30472222
Q254290,Nidau Castle,castles,http://commons.wikimedia.org/wiki/Special:FilePath/Schloss%20Nidau%20Schlosspark.jpg,Switzerland,https://en.wikipedia.org/wiki/Nidau_Castle,47.127777777,7.24
Q255544,Egerberk,castles,http://commons.wikimedia.org/wiki/Special:FilePath/Egerberk%202023-05-01%20Pal%C3%A1c.jpg,Czech Republic,https://en.wikipedia.org/wiki/Egerberk,50.36724167,13.18471111
Q255574,Peveril Castle,castles,http://commons.wikimedia.org/wiki/Special:FilePath/Peveril%20Castle%20keep%2C%202009.jpg,United Kingdom,https://en.wikipedia.org/wiki/Peveril_Castle,53.3402,-1.7772
Q257210,Marksburg,castles,http://commons.wikimedia.org/wiki/Special:FilePath/Marksburg.jpg,Germany,https://en.wikipedia.org/wiki/Marksburg,50.271917,7.649444
Q258217,Burghausen Castle,castles,http://commons.wikimedia.org/wiki/Special:FilePath/Burghausen%20-%20Hauptburg%20%281%29.JPG,Germany,https://en.wikipedia.org/wiki/Burghausen_Castle,48.156111111,12.828888888
Q258316,Chynadiiovo Castle,castles,http://commons.wikimedia.org/wiki/Special:FilePath/Telegdy-R%C3%A1k%C3%B3czi%20castle%20Chynadiyovo%202012%2001.jpg,Ukraine,,48.5019,22.8417
Q258347,Äußeres Burgtor,castles,http://commons.wikimedia.org/wiki/Special:FilePath/Wien%2001%20%C3%84u%C3%9Feres%20Burgtor%20a.jpg,Austria,,48.2056,16.3627
Q261253,Burg Altpernstein,castles,http://commons.wikimedia.org/wiki/Special:FilePath/Burg%20Altpernstein.jpg,Austria,,47.885,14.1567
Q261707,Bellver Castle,castles,http://commons.wikimedia.org/wiki/Special:FilePath/Castillo%20de%20Bellver.jpg,Spain,https://en.wikipedia.org/wiki/Bellver_Castle,39.56375,2.619338888
Q264599,Sümeg Castle,castles,http://commons.wikimedia.org/wiki/Special:FilePath/Hungary%2C%20S%C3%BCmeg%20Castle.jpg,Hungary,https://en.wikipedia.org/wiki/Castle_of_S%C3%BCmeg,46.98222222,17.28222222
Q265210,Castle in Kvasovo,castles,http://commons.wikimedia.org/wiki/Special:FilePath/Chateau%20de%20Kovaszo.jpg,Ukraine,,48.1874,22.7756
Q265890,Aarwangen Castle,castles,http://commons.wikimedia.org/wiki/Special:FilePath/B-Aarwangen-Schloss.jpg,Switzerland,https://en.wikipedia.org/wiki/Aarwangen_Castle,47.2457074,7.763381419
Q266698,Karlštejn Castle,castles,http://commons.wikimedia.org/wiki/Special:FilePath/Burg%20Karlstein%20-%20Karl%C5%A1tejn%20-%20panoramio.jpg,Czech Republic,https://en.wikipedia.org/wiki/Karl%C5%A1tejn,49.93955,14.187933
Q268433,New Grodno Castle,castles,http://commons.wikimedia.org/wiki/Special:FilePath/%D0%9D%D0%BE%D0%B2%D1%8B%20%D0%B7%D0%B0%D0%BC%D0%B0%D0%BA%28%D0%93%D0%B0%D1%80%D0%BE%D0%B4%D0%BD%D1%8F%29%201.jpg,Belarus,https://en.wikipedia.org/wiki/New_Grodno_Castle,53.67613,23.82538
Q269470,Castle of Biar,castles,http://commons.wikimedia.org/wiki/Special:FilePath/Castillo%20de%20Biar.jpg,Spain,https://en.wikipedia.org/wiki/Castle_of_Biar,38.631275,-0.764580555
Q275128,Caernarfon Castle,castles,http://commons.wikimedia.org/wiki/Special:FilePath/Castell%20Caernarfon%20yn%20y%20cyfnos%20yn%202023%20-%20Castell%20Caernarfon%2C%20Gwynedd%2C%20Wales%20at%20Dusk%20-%202023%2010.png,United Kingdom,https://en.wikipedia.org/wiki/Caernarfon_Castle,53.139306,-4.276889
Q277531,Citadel of Salah Ed-Din,castles,http://commons.wikimedia.org/wiki/Special:FilePath/Saone.jpg,Syria,https://en.wikipedia.org/wiki/Sahyun_Castle,35.595833,36.057222
Q279171,Skela Castle,castles,http://commons.wikimedia.org/wiki/Special:FilePath/Kanina%20Castle%20and%20Vlora%20Square.jpg,Albania,https://en.wikipedia.org/wiki/Vlor%C3%AB_Castle,40.455,19.485277777
Q281623,Enniskillen Castle,castles,http://commons.wikimedia.org/wiki/Special:FilePath/Enniskillen%20Castle.jpg,United Kingdom,https://en.wikipedia.org/wiki/Enniskillen_Castle,54.346111111,-7.645
Q282646,Château de Saint-Ulrich,castles,http://commons.wikimedia.org/wiki/Special:FilePath/00%200225%20Ch%C3%A2teau%20de%20Saint-Ulrich.jpg,France,https://en.wikipedia.org/wiki/Ch%C3%A2teau_de_Saint-Ulrich,48.202857986,7.305187731
Q284234,Château de la Chétardie,castles,http://commons.wikimedia.org/wiki/Special:FilePath/Ch%C3%A2teau%20de%20la%20Ch%C3%A9tardie%2C%20Exideuil%20en%20Charente.jpg,France,,45.8836,0.6694
Q287264,Křikava,castles,http://commons.wikimedia.org/wiki/Special:FilePath/K%C5%99ikava%201.jpg,Czech Republic,,49.475,13.93833333
Q289894,Château de Branzac,castles,http://commons.wikimedia.org/wiki/Special:FilePath/Chateau%20branzac%20tour%20octogo.jpg,France,https://en.wikipedia.org/wiki/Ch%C3%A2teau_de_Branzac,45.11277778,2.32388889
Q293934,Ödenburg,castles,http://commons.wikimedia.org/wiki/Special:FilePath/%C3%96denburg%20near%20T%C3%BCbingen.jpg,Germany,,48.5071,9.02726
Q312445,Château de Dinan,castles,http://commons.wikimedia.org/wiki/Special:FilePath/Chateau%20Dinan1.jpg,France,https://en.wikipedia.org/wiki/Ch%C3%A2teau_de_Dinan,48.450277777,-2.044888888
Q71279,Malbork Castle,castles,http://commons.wikimedia.org/wiki/Special:FilePath/Panorama%20of%20Malbork%20Castle%2C%20part%204.jpg,Poland,https://en.wikipedia.org/wiki/Malbork_Castle,54.039722222,19.027777777
Q79160,Kisimul Castle,castles,http://commons.wikimedia.org/wiki/Special:FilePath/Kisimul%20Castle%2020090609.jpg,United Kingdom,https://en.wikipedia.org/wiki/Kisimul_Castle,56.952,-7.487
Q80637,York Castle,castles,http://commons.wikimedia.org/wiki/Special:FilePath/York%20Castle%20in%201699.jpg,United Kingdom,https://en.wikipedia.org/wiki/York_Castle,53.955833333,-1.08
Q81593,Alanya Castle,castles,http://commons.wikimedia.org/wiki/Special:FilePath/Alanya%20kale.jpg,Turkey,https://en.wikipedia.org/wiki/Alanya_Castle,36.533333333,31.993333333
Q82878,New Castle,castles,http://commons.wikimedia.org/wiki/Special:FilePath/Neues%20Schloss%20Ingolstadt%20Front.JPG,Germany,https://en.wikipedia.org/wiki/New_Castle_(Ingolstadt),48.764722222,11.430555555
Q90801,Rumeli Hisarı,castles,http://commons.wikimedia.org/wiki/Special:FilePath/Twierdza%20Rumeli%20Istambu%C5%82%20RB1.jpg,Turkey,https://en.wikipedia.org/wiki/Rumelihisar%C4%B1,41.084722222,29.056111111
Q91110,Castillo de San Felipe de Barajas,castles,http://commons.wikimedia.org/wiki/Special:FilePath/Panorama%20Castillo%20San%20Felipe%20de%20Barajas%20CTG%2011%202019%202864.jpg,Colombia,https://en.wikipedia.org/wiki/Castillo_San_Felipe_de_Barajas,10.42222,-75.53806
Q105310,Buchlov,castles,http://commons.wikimedia.org/wiki/Special:FilePath/The%20Buchlov%20Castle.jpg,Czech Republic,https://en.wikipedia.org/wiki/Buchlov,49.1075,17.31083333
Q112485,Savoy Castle,castles,http://commons.wikimedia.org/wiki/Special:FilePath/CastelloSavoiaAugust192023%2001.jpg,Italy,"https://en.wikipedia.org/wiki/Savoy_Castle,_Gressoney-Saint-Jean",45.764066,7.826702
Q112738,Castle of Xabier,castles,http://commons.wikimedia.org/wiki/Special:FilePath/Castillo%20de%20Javier%20Aircraft%20Turismo%20de%20Navarra.jpg,Spain,https://en.wikipedia.org/wiki/Castle_of_Xavier,42.594027777,-1.215833333
Q114510,Grynau Tower,castles,http://commons.wikimedia.org/wiki/Special:FilePath/Grynau%20-%20Turm%20-%20Landgasthof%202015-11-10%2013-56-22.JPG,Switzerland,,47.21648,8.97015
Q115139,Sarvestan Palace,castles,http://commons.wikimedia.org/wiki/Special:FilePath/Sarvestan%20Palace%20front.JPG,Iran,https://en.wikipedia.org/wiki/Sarvestan_Palace,29.195556,53.230833
Q115253,Takht-e Soleyman,castles,http://commons.wikimedia.org/wiki/Special:FilePath/Takhte%20Soleyman%20%285%29.jpg,Iran,https://en.wikipedia.org/wiki/Takht-e_Soleym%C4%81n,36.604722222,47.234166666
Q115798,Castillo y muralla de Utiel,castles,http://commons.wikimedia.org/wiki/Special:FilePath/Puerta%20de%20la%20Muralla%20de%20Utiel.jpg,Spain,,39.56665,-1.206194444
Q116582,Hasištejn Castle,castles,http://commons.wikimedia.org/wiki/Special:FilePath/Hassenstein%20ueberblick.jpg,Czech Republic,https://en.wikipedia.org/wiki/Hasi%C5%A1tejn_Castle,50.44513889,13.25730556
Q116652,Liebenstein Castle,castles,http://commons.wikimedia.org/wiki/Special:FilePath/Burg%20Liebenstein.JPG,Germany,https://en.wikipedia.org/wiki/Liebenstein_Castle_(Thuringia),50.7697,10.8527
Q118256,Špilberk Castle,castles,http://commons.wikimedia.org/wiki/Special:FilePath/Hrad%20%C5%A0pilberk%20%28Brno%29%2C%20Brno%20-%20st%C5%99ed%20208%2C%20Brno.JPG,Czech Republic,https://en.wikipedia.org/wiki/%C5%A0pilberk_Castle,49.194444,16.598889
Q121933,Castle of Trujillo,castles,http://commons.wikimedia.org/wiki/Special:FilePath/Castillo%20de%20Trujillo%20%28C%C3%A1ceres%29.jpg,Spain,,39.462377,-5.882481
Q125814,Château de Germolles,castles,http://commons.wikimedia.org/wiki/Special:FilePath/Vue%20a%C3%A9rienne%20de%20Germolles.jpg,France,https://en.wikipedia.org/wiki/Ch%C3%A2teau_de_Germolles,46.805833333,4.751388888
Q126576,Corvin Castle,castles,http://commons.wikimedia.org/wiki/Special:FilePath/Castelul%20Corvinilor%20HD.jpg,Romania,https://en.wikipedia.org/wiki/Corvin_Castle,45.7491,22.8883
Q127028,Castle of Somló,castles,http://commons.wikimedia.org/wiki/Special:FilePath/Burg%20Soml%C3%B3.jpg,Hungary,,47.150516,17.370222
Q127496,Burg Neuenfels,castles,http://commons.wikimedia.org/wiki/Special:FilePath/Burg%20Neuenfels%2003.JPG,Germany,,47.8183,7.6881
Q127627,Wüstegarten,castles,http://commons.wikimedia.org/wiki/Special:FilePath/W%C3%BCstegarten%20von%20Osten.jpg,Germany,https://en.wikipedia.org/wiki/W%C3%BCstegarten,51.016388888,9.084166666
Q127812,Schloss Lembeck,castles,http://commons.wikimedia.org/wiki/Special:FilePath/20140720%20110101%20Schloss%20Lembeck%2C%20Dorsten%20%28DSC04052%29.jpg,Germany,https://en.wikipedia.org/wiki/Lembeck_Castle,51.7433,7.0
Q127913,Burg Eversberg,castles,http://commons.wikimedia.org/wiki/Special:FilePath/Eversberg%20%28Meschede%20-%20Germany%29%20%287%29.jpg,Germany,,51.3617,8.33417
Q129314,Pyrmont Castle,castles,http://commons.wikimedia.org/wiki/Special:FilePath/Castle%20Pyrmont%20-%20Roes%20-%20Rheinland-Pfalz%20-%20Germany%2003.JPG,Germany,https://en.wikipedia.org/wiki/Pyrmont_Castle,50.2374,7.28765
Q129446,Wester Kames Castle,castles,http://commons.wikimedia.org/wiki/Special:FilePath/Wester%20Kames%20Castle%20%2835530661293%29.jpg,United Kingdom,https://en.wikipedia.org/wiki/Wester_Kames_Castle,55.8666,-5.09925
Q129460,Moy Castle,castles,http://commons.wikimedia.org/wiki/Special:FilePath/Moy%20Castle%20on%20Mull%20-%20geograph.org.uk%20-%2033674.jpg,United Kingdom,https://en.wikipedia.org/wiki/Moy_Castle,56.354745,-5.859091
Q130160,Hama Castle,castles,http://commons.wikimedia.org/wiki/Special:FilePath/Hama16.JPG,Syria,https://en.wikipedia.org/wiki/Hama_Castle,35.1365,36.75
Q136893,Turku Castle,castles,http://commons.wikimedia.org/wiki/Special:FilePath/Turku%20Castle%2C%20Turku%2C%20Finland.jpg,Finland,https://en.wikipedia.org/wiki/Turku_Castle,60.4352823,22.2276388
Q139420,Freiburg Castle,castles,http://commons.wikimedia.org/wiki/Special:FilePath/Burg%20Freiburg%20Merian%20%28cropped%29.jpg,Germany,https://en.wikipedia.org/wiki/Freiburg_Castle,47.993726,7.858187
Q139629,Guildford Castle,castles,http://commons.wikimedia.org/wiki/Special:FilePath/Guildford%20castle%201.jpg,United Kingdom,https://en.wikipedia.org/wiki/Guildford_Castle,51.2339,-0.572659
Q140038,Glenveagh Castle,castles,http://commons.wikimedia.org/wiki/Special:FilePath/Gleann%20Bheatha%20-%20geograph.org.uk%20-%2069006.jpg,Ireland,https://en.wikipedia.org/wiki/Glenveagh_Castle,55.03333333,-7.96666667
Q140998,Ostroh Castle,castles,http://commons.wikimedia.org/wiki/Special:FilePath/Ukraine.Ostrog.Castle.MurovanaTower02.jpg,Ukraine,https://en.wikipedia.org/wiki/Ostroh_Castle,50.333333333,26.516666666
Q141012,Khotyn Fortress,castles,http://commons.wikimedia.org/wiki/Special:FilePath/73-250-0001%20Khotyn%20Fortress%20RB%2018.jpg,Ukraine,https://en.wikipedia.org/wiki/Khotyn_Fortress,48.521944444,26.498333333
Q142121,Finlarig Castle,castles,http://commons.wikimedia.org/wiki/Special:FilePath/Finlarig%20Castle.jpg,United Kingdom,https://en.wikipedia.org/wiki/Finlarig_Castle,56.475,-4.31506
Q144672,Nassau Castle,castles,http://commons.wikimedia.org/wiki/Special:FilePath/Burg-Nassau-JR-G6-4572-2010-05-23.jpg,Germany,https://en.wikipedia.org/wiki/Nassau_Castle,50.310833,7.792222
Q146610,Zandenburg,castles,http://commons.wikimedia.org/wiki/Special:FilePath/Atlas%20Schoemaker-ZEELAND-1165-Zeeland%2C%20Sandenburg.jpeg,Netherlands,https://en.wikipedia.org/wiki/Zandenburg,51.549,3.662
Q147009,Tre Kronor Castle,castles,http://commons.wikimedia.org/wiki/Special:FilePath/Slottet%20Tre%20Kronor%201661.jpg,Sweden,https://en.wikipedia.org/wiki/Tre_Kronor_(castle),59.325833333,18.071388888
Q151238,Tomburg Castle,castles,http://commons.wikimedia.org/wiki/Special:FilePath/Tomburg%20bei%20Rheinbach-Wormersdorf-0593.jpg,Germany,https://en.wikipedia.org/wiki/Tomburg_Castle,50.59545,6.97373
Q151507,Falkenburg,castles,http://commons.wikimedia.org/wiki/Special:FilePath/Falkenburg%20Rottleben.jpg,Germany,,51.3753,11.0378
Q151537,Burg Kinzweiler,castles,http://commons.wikimedia.org/wiki/Special:FilePath/BurgKinzweiler02.jpg,Germany,,50.8458,6.23083
Q151545,Wartburg,castles,http://commons.wikimedia.org/wiki/Special:FilePath/Thuringia%20Eisenach%20asv2020-07%20img23%20Wartburg%20Castle.jpg,Germany,https://en.wikipedia.org/wiki/Wartburg,50.966111111,10.306388888
Q151548,Burg Hengebach,castles,http://commons.wikimedia.org/wiki/Special:FilePath/Heimbach-Burg.jpg,Germany,,50.6333,6.47944
Q151689,Burg Schwartzenburg,castles,http://commons.wikimedia.org/wiki/Special:FilePath/Tor%20Burg%20Schwartzenburg%20Dorff.JPG,Germany,,50.7368,6.19876
Q151721,Burg Eschweiler,castles,http://commons.wikimedia.org/wiki/Special:FilePath/Burg%20Eschweiler%2C%20oturm.jpg,Germany,,50.818,6.2646
Q316178,Schwanenburg,castles,http://commons.wikimedia.org/wiki/Special:FilePath/Kleve%2087.JPG,Germany,https://en.wikipedia.org/wiki/Schwanenburg_Castle,51.786583,6.139089
Q316382,Heidecksburg,castles,http://commons.wikimedia.org/wiki/Special:FilePath/Residenzschloss%20Heidecksburg%20Rudolstadt.jpg,Germany,https://en.wikipedia.org/wiki/Heidecksburg,50.723,11.339
Q316822,Reuland Castle,castles,http://commons.wikimedia.org/wiki/Special:FilePath/Vennbahn-reuland.jpg,Belgium,https://en.wikipedia.org/wiki/Reuland_Castle,50.196053,6.134411
Q317023,Falkenstein Castle,castles,http://commons.wikimedia.org/wiki/Special:FilePath/Burg%20Falkenstein%20im%20Harz%20%28April%202009%29.jpg,Germany,https://en.wikipedia.org/wiki/Falkenstein_Castle_(Harz),51.681666666,11.265
Q317064,Mylau Castle,castles,http://commons.wikimedia.org/wiki/Special:FilePath/Castle%20Mylau%20%28aka%29.jpg,Germany,https://en.wikipedia.org/wiki/Mylau_Castle,50.618264,12.265469
Q317926,Palace Staufeneck,castles,http://commons.wikimedia.org/wiki/Special:FilePath/Palace%20Staufeneck.jpg,Germany,https://en.wikipedia.org/wiki/Palace_Staufeneck,47.76038,12.89443
Q317959,Dankwarderode Castle,castles,http://commons.wikimedia.org/wiki/Special:FilePath/Braunschweig-burgplatz%202.jpg,Germany,https://en.wikipedia.org/wiki/Dankwarderode_Castle,52.2647,10.5242
Q317987,Schloss Neuburg (Bayern),castles,http://commons.wikimedia.org/wiki/Special:FilePath/Schloss%20Neuburg.jpg,Germany,https://en.wikipedia.org/wiki/Neuburg_Castle_(Bavaria),48.737038888,11.180861111
Q318146,Mecklenburg Castle,castles,http://commons.wikimedia.org/wiki/Special:FilePath/Burg%20Mecklenburg%20Findling.jpg,Germany,https://en.wikipedia.org/wiki/Mecklenburg_Castle,53.837791,11.471463
Q319583,Abergeldie Castle,castles,http://commons.wikimedia.org/wiki/Special:FilePath/Abergeldie%20Castle%20-%20geograph.org.uk%20-%20253475.jpg,United Kingdom,https://en.wikipedia.org/wiki/Abergeldie_Castle,57.0433,-3.17647
Q319745,Aberystwyth Castle,castles,http://commons.wikimedia.org/wiki/Special:FilePath/Arfordir%20Aberystwyth%2C%20Ceredigion%20-%20Aberystwyth%20SAC%20Special%20Areas%20of%20Conservation%2C%20West%20Wales%20Marine%2043.jpg,United Kingdom,https://en.wikipedia.org/wiki/Aberystwyth_Castle,52.413277777,-4.089503888
Q320134,Slawenburg Raddusch,castles,http://commons.wikimedia.org/wiki/Special:FilePath/Slawenburg%20Raddusch%20%28Radu%C5%A1%29%2001.JPG,Germany,,51.8049,14.0304
Q320285,Burgruine,castles,http://commons.wikimedia.org/wiki/Special:FilePath/Burg%20Botenlauben-Juni2007.JPG,Germany,https://en.wikipedia.org/wiki/Botenlauben_Castle,50.188314521,10.087355736
Q320615,Duborg Castle,castles,http://commons.wikimedia.org/wiki/Special:FilePath/Flensburg%20Braun-Hogenberg.jpg,Germany,https://en.wikipedia.org/wiki/Duborg_Castle,54.7931,9.42528
Q321605,Münzenberg Castle,castles,http://commons.wikimedia.org/wiki/Special:FilePath/M%C3%BCnzenberg%20Ansicht.JPG,Germany,https://en.wikipedia.org/wiki/M%C3%BCnzenberg_Castle,50.4517,8.77583
Q321844,Castellvell de la Marca,castles,http://commons.wikimedia.org/wiki/Special:FilePath/Castell%20Castellvi.JPG,Spain,,41.3375,1.57861
Q321913,Burg Wittelsbach,castles,http://commons.wikimedia.org/wiki/Special:FilePath/Kirche%20Beatae%20Mariae%20Virginis%20Oberwittelsbach.jpg,Germany,https://en.wikipedia.org/wiki/Wittelsbach_Castle,48.468777303,11.175881017
Q322183,Riga Castle,castles,http://commons.wikimedia.org/wiki/Special:FilePath/2006%2009%2014-17%20RigaFortress054.jpg,Latvia,https://en.wikipedia.org/wiki/Riga_Castle,56.95095,24.100636111
Q323457,Charenza,castles,http://commons.wikimedia.org/wiki/Special:FilePath/Burgwall%20bei%20Venz.jpg,Germany,https://en.wikipedia.org/wiki/Charenza,54.5017,13.31665
Q327265,Heidelberg Castle,castles,http://commons.wikimedia.org/wiki/Special:FilePath/Heidelberg-Schlo%C3%9F.JPG,Germany,https://en.wikipedia.org/wiki/Heidelberg_Castle,49.410555555,8.715833333
Q328291,Sparrenberg Castle,castles,http://commons.wikimedia.org/wiki/Special:FilePath/Aerial%20image%20of%20Sparrenberg%20Castle%20%28view%20from%20the%20southwest%29.jpg,Germany,https://en.wikipedia.org/wiki/Sparrenberg_Castle,52.0149,8.52677
Q328595,Carisbrooke Castle,castles,http://commons.wikimedia.org/wiki/Special:FilePath/Carisbrooke%20Castle%20gatehouse.jpg,United Kingdom,https://en.wikipedia.org/wiki/Carisbrooke_Castle,50.6875,-1.31389
Q332106,Abschnittsbefestigung Puch,castles,http://commons.wikimedia.org/wiki/Special:FilePath/%C3%9Cberreste%20der%20Abschnittsbefestigung%20Puch%2001.jpg,Germany,,48.1808,11.2172
Q332109,Abschnittsbefestigung Schorn,castles,http://commons.wikimedia.org/wiki/Special:FilePath/Abschnittsbefestigung%20Schorn.jpg,Germany,,48.6047,11.0769
Q338711,Château de Luc,castles,http://commons.wikimedia.org/wiki/Special:FilePath/FR-48-Luc08.JPG,France,https://en.wikipedia.org/wiki/Ch%C3%A2teau_de_Luc,44.652222222,3.889166666
Q340350,Visborg,castles,http://commons.wikimedia.org/wiki/Special:FilePath/Suecia%203-035%20%3B%20Visborg%201679.jpg,Sweden,https://en.wikipedia.org/wiki/Visborg,57.635416666,18.286111111
Q341505,Ackeburg,castles,http://commons.wikimedia.org/wiki/Special:FilePath/The%20Selke%20Valley%20from%20the%20Selkesicht.JPG,Germany,https://en.wikipedia.org/wiki/Ackeburg,51.6861,11.2535
Q354820,Dinas Emrys,castles,http://commons.wikimedia.org/wiki/Special:FilePath/Dinas%20Emrys%20Spring%202016.jpg,United Kingdom,https://en.wikipedia.org/wiki/Dinas_Emrys,53.022,-4.079
Q355543,Adelssitz Kirchberg,castles,http://commons.wikimedia.org/wiki/Special:FilePath/St.%20Martin%20%28Kirchberg%20an%20der%20Iller%29.JPG,Germany,,48.1322,10.0806
Q356289,"Hofburg, Innsbruck",castles,http://commons.wikimedia.org/wiki/Special:FilePath/Insbruk%20Hofburg%20%C4%8Delo%201.jpg,Austria,"https://en.wikipedia.org/wiki/Hofburg,_Innsbruck",47.2689,11.3944
Q365170,Bourzey Castle,castles,http://commons.wikimedia.org/wiki/Special:FilePath/Bourzey.jpg,Syria,https://en.wikipedia.org/wiki/Bourzey_castle,35.65,36.25
Q365970,Burg Raabs an der Thaya,castles,http://commons.wikimedia.org/wiki/Special:FilePath/Raabs%20castle%201995%2001.jpg,Austria,https://en.wikipedia.org/wiki/Burg_Raabs_an_der_Thaya,48.847,15.4901
Q366074,Švihov Castle,castles,http://commons.wikimedia.org/wiki/Special:FilePath/Svihov%20v%20zime%20%28cropped%29.JPG,Czech Republic,https://en.wikipedia.org/wiki/%C5%A0vihov_Castle,49.47877222,13.2849
Q366087,Rabí Castle,castles,http://commons.wikimedia.org/wiki/Special:FilePath/Rabi%20-%20east%20view%2001.jpg,Czech Republic,https://en.wikipedia.org/wiki/Rab%C3%AD_Castle,49.27877778,13.61837222
Q366439,Krakovec Castle,castles,http://commons.wikimedia.org/wiki/Special:FilePath/Krakovec%20Castle%201.jpg,Czech Republic,,50.01716667,13.63936111
Q366444,Landštejn Castle,castles,http://commons.wikimedia.org/wiki/Special:FilePath/Land%C5%A1tejn%2C%202013%20%2811%29.jpg,Czech Republic,https://en.wikipedia.org/wiki/Land%C5%A1tejn_Castle,49.024,15.23
Q366448,Houska Castle,castles,http://commons.wikimedia.org/wiki/Special:FilePath/Burg%20Houska.jpg,Czech Republic,https://en.wikipedia.org/wiki/Houska_Castle,50.49100278,14.62421111
Q366535,Mikulov Castle,castles,http://commons.wikimedia.org/wiki/Special:FilePath/Mikulov%20z%C3%A1mek%20od%20zahrad%202.jpg,Czech Republic,https://en.wikipedia.org/wiki/Mikulov_Castle,48.806818,16.636702
Q366672,Löfstad Castle,castles,http://commons.wikimedia.org/wiki/Special:FilePath/L%C3%B6fstads%20slott%2C%20den%2010%20december%202008%2C%20bild%2016.JPG,Sweden,https://en.wikipedia.org/wiki/L%C3%B6vstad_Castle,58.55047222,16.04069444
Q366683,Rydboholm Castle,castles,http://commons.wikimedia.org/wiki/Special:FilePath/Rydboholm%20maj%202010.jpg,Sweden,https://en.wikipedia.org/wiki/Rydboholm_Castle,59.440277777,18.185555555
Q366697,Hrubý Rohozec,castles,http://commons.wikimedia.org/wiki/Special:FilePath/Z%C3%A1mek%20Hrub%C3%BD%20Rohozec.jpg,Czech Republic,https://en.wikipedia.org/wiki/Hrub%C3%BD_Rohozec,50.59777778,15.15666667
Q367343,Horšovský Týn Castle,castles,http://commons.wikimedia.org/wiki/Special:FilePath/Hor%C5%A1ovsk%C3%BD%20T%C3%BDn%202012-08-05%20N%C3%A1m%C4%9Bst%C3%AD%20se%20z%C3%A1mkem.jpg,Czech Republic,,49.5293539,12.9423572
Q432422,Craigmillar Castle,castles,http://commons.wikimedia.org/wiki/Special:FilePath/Craigmillar%20Castle.jpg,United Kingdom,https://en.wikipedia.org/wiki/Craigmillar_Castle,55.9257,-3.14089
Q440438,Caisteal Maol,castles,http://commons.wikimedia.org/wiki/Special:FilePath/Castle%20Moil%2020080429.jpg,United Kingdom,https://en.wikipedia.org/wiki/Caisteal_Maol,57.271944444,-5.720833333
Q486383,Skipness Castle,castles,http://commons.wikimedia.org/wiki/Special:FilePath/Skipness%20castle%20IW.jpg,United Kingdom,https://en.wikipedia.org/wiki/Skipness_Castle,55.768,-5.3364
Q520039,Allardice Castle,castles,http://commons.wikimedia.org/wiki/Special:FilePath/Castle%20of%20Allardice.jpg,United Kingdom,https://en.wikipedia.org/wiki/Allardice_Castle,56.856588742,-2.301113765
Q607339,Threave Castle,castles,http://commons.wikimedia.org/wiki/Special:FilePath/Scotland%20-%20Threave%20Castle%20-%2020140524132838.jpg,United Kingdom,https://en.wikipedia.org/wiki/Threave_Castle,54.9392,-3.9697
Q760412,Aughnanure Castle,castles,http://commons.wikimedia.org/wiki/Special:FilePath/Aughnanurecastle.jpg,Ireland,https://en.wikipedia.org/wiki/Aughnanure_Castle,53.41769444,-9.27119722
Q805507,Balquhain Castle,castles,http://commons.wikimedia.org/wiki/Special:FilePath/Balquhain%20Castle%20Wall%20-%20geograph.org.uk%20-%2029188.jpg,United Kingdom,https://en.wikipedia.org/wiki/Balquhain_Castle,57.3022,-2.44709
Q899545,Culzean Castle,castles,http://commons.wikimedia.org/wiki/Special:FilePath/Culzean%20Castle.JPG,United Kingdom,https://en.wikipedia.org/wiki/Culzean_Castle,55.354639,-4.789292
Q1010895,Burg Baldeck,castles,http://commons.wikimedia.org/wiki/Special:FilePath/Ruine%20Baldeck%20Felsnadeln%203.JPG,Germany,,48.4545,9.4286
Q1010899,Burg Balduinseck,castles,http://commons.wikimedia.org/wiki/Special:FilePath/Baldiunseck1.jpg,Germany,,50.0764,7.36339
Q1010896,Burg Baldelau,castles,http://commons.wikimedia.org/wiki/Special:FilePath/Burg%20Baldelau%206.jpg,Germany,,48.3623,9.42478
Q1010903,Burg Baltenstein,castles,http://commons.wikimedia.org/wiki/Special:FilePath/Ruine%20Baltenstein%20GO-2.jpg,Germany,,47.721935484,10.400984574
Q1010901,Castle Balduinstein,castles,http://commons.wikimedia.org/wiki/Special:FilePath/Burg-Balduinstein-JR-G6-2576-2008-08-14.jpg,Germany,,50.3442,7.97361
Q1010909,Burg Balm,castles,http://commons.wikimedia.org/wiki/Special:FilePath/Burg%20Balm.jpg,Germany,,47.6344,8.59472
Q1010916,Battenberg Castle,castles,http://commons.wikimedia.org/wiki/Special:FilePath/Battenberg2.JPG,Germany,https://en.wikipedia.org/wiki/Battenberg_Castle,49.5322,8.14472
Q1010917,Burg Bechthal,castles,http://commons.wikimedia.org/wiki/Special:FilePath/Burg%20Bechthal%202.jpg,Germany,,49.0206,11.1783
Q1010923,Burg Beeskow,castles,http://commons.wikimedia.org/wiki/Special:FilePath/LOS%2008-13%20img01%20Beeskow.jpg,Germany,,52.1704,14.2522
Q1010926,Burg Beetzendorf,castles,http://commons.wikimedia.org/wiki/Special:FilePath/Ruine%20Beetzendorf.jpg,Germany,,52.7042,11.095
Q1010933,Beaufort Castle,castles,http://commons.wikimedia.org/wiki/Special:FilePath/Beaufort%20Castle%202.jpg,Luxembourg,"https://en.wikipedia.org/wiki/Beaufort_Castle,_Luxembourg",49.8336,6.286625
Q1010936,Burg Belmont,castles,http://commons.wikimedia.org/wiki/Special:FilePath/Belmont%20Burgh%C3%BCgel.jpg,Switzerland,"https://en.wikipedia.org/wiki/Belmont_Castle,_Graub%C3%BCnden",46.8456,9.33417
Q1010946,Burg Berge,castles,http://commons.wikimedia.org/wiki/Special:FilePath/Odenthal%20-%20Altenberg%20-%20Burg%20Berge%20-%20Fels%2001%20ies.jpg,Germany,,51.0511,7.12889
Q1010950,Burg Bergerhausen,castles,http://commons.wikimedia.org/wiki/Special:FilePath/Burg%20Bergerhausen%20Suedseite.jpg,Germany,,50.8605,6.6509
Q1010948,Berg Castle,castles,http://commons.wikimedia.org/wiki/Special:FilePath/Burg%20Berg%20%28Mechernich%29%2001.jpg,Germany,,50.6333,6.58333
Q1010959,Burg Bermatingen,castles,http://commons.wikimedia.org/wiki/Special:FilePath/Burg%20Bermatingen-8696.jpg,Germany,,47.74047,9.355362
Q1010956,Burg Berlichingen,castles,http://commons.wikimedia.org/wiki/Special:FilePath/20121231%20Burg%20Berlichingen%201.jpg,Germany,,49.3265,9.48585
Q1010967,"Bernegg Castle, Graubünden",castles,http://commons.wikimedia.org/wiki/Special:FilePath/Bernegg%20Lage.jpg,Switzerland,"https://en.wikipedia.org/wiki/Bernegg_Castle,_Graub%C3%BCnden",46.8414,9.59647
Q1010973,Burg Berstadt,castles,http://commons.wikimedia.org/wiki/Special:FilePath/Burgstall%20Berstadt%2005.JPG,Germany,,50.4248,8.86637
Q1010976,Berum Castle,castles,http://commons.wikimedia.org/wiki/Special:FilePath/Burg%20Berum%20%28Hage%29%2005.JPG,Germany,https://en.wikipedia.org/wiki/Berum_Castle,53.6014,7.2973
Q1010982,Burg Beutelsbach,castles,http://commons.wikimedia.org/wiki/Special:FilePath/Burg%20Beutelsbach.JPG,Germany,,48.8062,9.39567
Q1010981,Burg Betzenstein,castles,http://commons.wikimedia.org/wiki/Special:FilePath/Burg%20Betzenstein03.jpg,Germany,,49.68235,11.41712
Q1010986,Bevergern Castle,castles,http://commons.wikimedia.org/wiki/Special:FilePath/Zeichnung%20Burg%20Bevergern.jpg,Germany,https://en.wikipedia.org/wiki/Bevergern_Castle,52.2722,7.58104
Q1010987,Beverungen castle,castles,http://commons.wikimedia.org/wiki/Special:FilePath/Burg%20Beverungen%2002.jpg,Germany,,51.6623,9.37558
Q1010984,Burg Beuggen,castles,http://commons.wikimedia.org/wiki/Special:FilePath/Beuggen-Buchhain%20ZW.png,Germany,,47.58894444,7.8125
Q1010991,Burg Beyernaumburg,castles,http://commons.wikimedia.org/wiki/Special:FilePath/Allstedt%20Beyernaumburg%20Castle.jpg,Germany,,51.4756,11.3951
Q1011002,Burg Bieberstein,castles,http://commons.wikimedia.org/wiki/Special:FilePath/Burg%20Bieberstein.jpg,Germany,,50.9344,7.61417
Q1011000,Burg Bichishausen,castles,http://commons.wikimedia.org/wiki/Special:FilePath/Bichishausen2.jpg,Germany,,48.333055555,9.499722222
Q1011008,Burg Bierde,castles,http://commons.wikimedia.org/wiki/Special:FilePath/Bierde%20Burg%20Wall%20hoch.jpg,Germany,,52.7787,9.50504
Q1011017,Burg Bilstein,castles,http://commons.wikimedia.org/wiki/Special:FilePath/Burg%20Bilstein%20-%20Mauerreste.jpg,Germany,,51.2273,9.9647
Q1011022,Burg Bindstein,castles,http://commons.wikimedia.org/wiki/Special:FilePath/Fischerfelsen%20Bindstein.jpg,Germany,,48.6088,10.1611
Q1011026,Château de Beynac,castles,http://commons.wikimedia.org/wiki/Special:FilePath/Ch%C3%A2teau%20de%20Beynac%20%28Dordogne%29.jpg,France,https://en.wikipedia.org/wiki/Ch%C3%A2teau_de_Beynac,44.84028,1.14528
Q1011027,Bilstein Castle (Lennestadt),castles,http://commons.wikimedia.org/wiki/Special:FilePath/Burg%20Bilstein.jpg,Germany,https://en.wikipedia.org/wiki/Bilstein_Castle_(Lennestadt),51.0962,8.01931
Q1011032,Burg Birgel,castles,http://commons.wikimedia.org/wiki/Special:FilePath/Wasserburg%20Birgel.JPG,Germany,,50.7722,6.44528
Q1011036,Burg Bittelbrunn,castles,http://commons.wikimedia.org/wiki/Special:FilePath/Bittelbrunn.png,Germany,,47.86555556,8.81388889
Q1011042,Bischofstein Castle,castles,http://commons.wikimedia.org/wiki/Special:FilePath/Burg%20Bischofstein%20und%20Burgen.jpg,Germany,https://en.wikipedia.org/wiki/Bischofstein_Castle_(Germany),50.2136,7.38389
Q1011048,Burg Blankena,castles,http://commons.wikimedia.org/wiki/Special:FilePath/B%C3%BCnde%2C%20Bruchm%C3%BChlen%2C%20Kilver%20Juni%202009%20042.jpg,Germany,,52.1921,8.56017
Q77118,Don Valley Stadium,stadiums,http://commons.wikimedia.org/wiki/Special:FilePath/DonValleyStadium.jpg,United Kingdom,https://en.wikipedia.org/wiki/Don_Valley_Stadium,53.3961,-1.4258
Q80779,Kasakhi Marzik Stadium,stadiums,http://commons.wikimedia.org/wiki/Special:FilePath/Kaskahi%20Marzik%20Stadium%2C%20Ashtarak%2C%2012.08.2013.jpg,Armenia,https://en.wikipedia.org/wiki/Kasakhi_Marzik_Stadium,40.291111,44.352222
Q81301,Chungcheng Stadium,stadiums,http://commons.wikimedia.org/wiki/Special:FilePath/Chungcheng%20Stadium.JPG,Taiwan,https://en.wikipedia.org/wiki/Chungcheng_Stadium,22.62540833,120.33483611
Q94946,Stadio Mario Rigamonti,stadiums,http://commons.wikimedia.org/wiki/Special:FilePath/The%20Mario%20Rigamonti%20stadium%20in%202020.jpg,Italy,https://en.wikipedia.org/wiki/Stadio_Mario_Rigamonti,45.570556,10.236944
Q115372,Stadio Giuseppe Sinigaglia,stadiums,http://commons.wikimedia.org/wiki/Special:FilePath/Stadio%20Sinigaglia%20Como%2016-07-2025.jpg,Italy,https://en.wikipedia.org/wiki/Stadio_Giuseppe_Sinigaglia,45.81388889,9.07222222
Q115585,Stadio Euganeo,stadiums,http://commons.wikimedia.org/wiki/Special:FilePath/PadovaStadioEuganeo.jpg,Italy,https://en.wikipedia.org/wiki/Stadio_Euganeo,45.432222,11.858333
Q115970,Arena Garibaldi – Stadio Romeo Anconetani,stadiums,http://commons.wikimedia.org/wiki/Special:FilePath/Italy%20-%20Pisa%20-%20Stadium.jpg,Italy,https://en.wikipedia.org/wiki/Arena_Garibaldi_%E2%80%93_Stadio_Romeo_Anconetani,43.725278,10.4
Q116601,International Stadium Yokohama,stadiums,http://commons.wikimedia.org/wiki/Special:FilePath/Nissan%20International%20Stadium%20Yokohama.jpg,Japan,https://en.wikipedia.org/wiki/Nissan_Stadium_(Yokohama),35.510044,139.606247
Q118955,Stade Francis Turcan,stadiums,http://commons.wikimedia.org/wiki/Special:FilePath/Fcm-stade01.JPG,France,https://en.wikipedia.org/wiki/Stade_Francis-Turcan,43.407277,5.04935
Q123017,Carrow Road,stadiums,http://commons.wikimedia.org/wiki/Special:FilePath/NCFC%20Geoffrey%20Watling%20City%20Stand%20Apr07.JPG,United Kingdom,https://en.wikipedia.org/wiki/Carrow_Road,52.622222222,1.309166666
Q124769,Estadio Cuauhtémoc,stadiums,http://commons.wikimedia.org/wiki/Special:FilePath/Estadio%20Cuauht%C3%A9moc%2C%20Puebla.jpg,Mexico,https://en.wikipedia.org/wiki/Estadio_Cuauht%C3%A9moc,19.078056,-98.164444
Q125290,Stadio dei Marmi,stadiums,http://commons.wikimedia.org/wiki/Special:FilePath/Stadio%20dei%20Marmi%20%28cropped%29.jpg,Italy,https://en.wikipedia.org/wiki/Stadio_dei_Marmi,41.933699,12.457874
Q127429,Allianz Arena,stadiums,http://commons.wikimedia.org/wiki/Special:FilePath/Allianz%20arena%20daylight%20Richard%20Bartz.jpg,Germany,https://en.wikipedia.org/wiki/Allianz_Arena,48.218775,11.624752777
Q127947,Hafezieh Stadium,stadiums,http://commons.wikimedia.org/wiki/Special:FilePath/Hafez%20Stadium.jpg,Iran,https://en.wikipedia.org/wiki/Hafezieh_Stadium,29.623865,52.556062
Q128468,Wembley Stadium,stadiums,http://commons.wikimedia.org/wiki/Special:FilePath/London%20Wembley.jpg,United Kingdom,https://en.wikipedia.org/wiki/Wembley_Stadium,51.555555555,-0.279444444
Q128810,UPMC Park,stadiums,http://commons.wikimedia.org/wiki/Special:FilePath/UPMC%20Park.jpg,United States,https://en.wikipedia.org/wiki/UPMC_Park,42.126944,-80.08
Q128836,Kyocera Dome Osaka,stadiums,http://commons.wikimedia.org/wiki/Special:FilePath/Kyocera%20Dome%20Osaka1.jpg,Japan,https://en.wikipedia.org/wiki/Kyocera_Dome_Osaka,34.6693,135.476102777
Q130381,Commonwealth Stadium,stadiums,http://commons.wikimedia.org/wiki/Special:FilePath/Commonwealth.jpg,Canada,https://en.wikipedia.org/wiki/Commonwealth_Stadium,53.559722222,-113.476111111
Q131610,Munich Olympic Stadium,stadiums,http://commons.wikimedia.org/wiki/Special:FilePath/Blick%20vom%20Olympiaberg%20auf%20das%20Olympiastadion.jpg,Germany,https://en.wikipedia.org/wiki/Olympiastadion_(Munich),48.173055555,11.546666666
Q133525,Beijing National Stadium,stadiums,http://commons.wikimedia.org/wiki/Special:FilePath/Beijing%20National%20Stadium%20from%20the%20Central%20Axis%20%2820220905140702%29.jpg,People's Republic of China,https://en.wikipedia.org/wiki/Beijing_National_Stadium,39.991544,116.390478
Q138554,Incheon Munhak Sports Complex,stadiums,http://commons.wikimedia.org/wiki/Special:FilePath/Munhak%20Stadium%20Corner.jpg,South Korea,https://en.wikipedia.org/wiki/Incheon_Munhak_Stadium,37.434984,126.690699
Q150933,Volksparkstadion,stadiums,http://commons.wikimedia.org/wiki/Special:FilePath/RK%201009%209831%20Volksparkstadion.jpg,Germany,https://en.wikipedia.org/wiki/Volksparkstadion,53.586944,9.898611
Q150961,Arena AufSchalke,stadiums,http://commons.wikimedia.org/wiki/Special:FilePath/Gelsenkirchen%20-%20Schalker%20Feld%20-%20AufSchalke%2026%20ies.jpg,Germany,https://en.wikipedia.org/wiki/Arena_AufSchalke,51.554502777,7.067588888
Q151816,Estadio Nuevo José Zorrilla,stadiums,http://commons.wikimedia.org/wiki/Special:FilePath/Estadio%20Jos%C3%A9%20Zorrilla%20de%20Valladolid%20%28noviembre%20de%202019%29.jpg,Spain,https://en.wikipedia.org/wiki/Jos%C3%A9_Zorrilla_Stadium,41.644444,-4.761111
Q152349,MHPArena,stadiums,http://commons.wikimedia.org/wiki/Special:FilePath/Blick%20vom%20Rotenberg%20Stadion.jpg,Germany,https://en.wikipedia.org/wiki/MHPArena,48.792222,9.231944
Q152633,Niedersachsenstadion,stadiums,http://commons.wikimedia.org/wiki/Special:FilePath/Hanover%20stadium.jpg,Germany,https://en.wikipedia.org/wiki/Niedersachsenstadion,52.36,9.731111
Q153312,Robert F. Kennedy Memorial Stadium,stadiums,http://commons.wikimedia.org/wiki/Special:FilePath/SEDCrfk.jpg,United States,https://en.wikipedia.org/wiki/Robert_F._Kennedy_Memorial_Stadium,38.89,-76.971944444
Q153824,Riverfront Stadium,stadiums,http://commons.wikimedia.org/wiki/Special:FilePath/Riverfront%20stadium.jpg,United States,https://en.wikipedia.org/wiki/Riverfront_Stadium,39.096666666,-84.508333333
Q155174,Maracanã Stadium,stadiums,http://commons.wikimedia.org/wiki/Special:FilePath/Maracana%202022.jpg,Brazil,https://en.wikipedia.org/wiki/Maracan%C3%A3_Stadium,-22.912166666,-43.230163888
Q163521,Soccer City Stadium,stadiums,http://commons.wikimedia.org/wiki/Special:FilePath/FIFA%20World%20Cup%202010%20Argentina%20South%20Korea.jpg,South Africa,https://en.wikipedia.org/wiki/FNB_Stadium,-26.234806,27.982378
Q164027,Bernabéu,stadiums,http://commons.wikimedia.org/wiki/Special:FilePath/Estadio%20Santiago%20Bernab%C3%A9u%20Madrid.jpg,Spain,https://en.wikipedia.org/wiki/Bernab%C3%A9u_(stadium),40.45306,-3.68835
Q167042,Kensington Oval,stadiums,http://commons.wikimedia.org/wiki/Special:FilePath/Kensington%20Oval%20yes.jpg,Barbados,https://en.wikipedia.org/wiki/Kensington_Oval,13.105,-59.6225
Q167831,Zayed Sports City Stadium,stadiums,http://commons.wikimedia.org/wiki/Special:FilePath/Gulf%20Cup%20%2836%29.jpg,United Arab Emirates,https://en.wikipedia.org/wiki/Zayed_Sports_City_Stadium,24.416088888,54.453591666
Q173559,Cape Town Stadium,stadiums,http://commons.wikimedia.org/wiki/Special:FilePath/2011-02-06%2014-57-32%20South%20Africa%20-%20Bakoven.jpg,South Africa,https://en.wikipedia.org/wiki/Cape_Town_Stadium,-33.903461111,18.411152777
Q175960,Malmö stadion,stadiums,http://commons.wikimedia.org/wiki/Special:FilePath/Sweden%20malm%C3%B6%20stadion%20sweden.jpg,Sweden,https://en.wikipedia.org/wiki/Malm%C3%B6_Stadion,55.586111111,12.989166666
Q176460,Shell Energy Stadium,stadiums,http://commons.wikimedia.org/wiki/Special:FilePath/Shell%20Energy%20Stadium%20Geometric%20Entrance.jpg,United States,https://en.wikipedia.org/wiki/Shell_Energy_Stadium,29.7522,-95.3524
Q179693,Kazimierz Górski National Stadium,stadiums,http://commons.wikimedia.org/wiki/Special:FilePath/Stadion%20narodowy%20panorama.jpg,Poland,https://en.wikipedia.org/wiki/Stadion_Narodowy,52.239444,21.045556
Q180479,Donbass Arena,stadiums,http://commons.wikimedia.org/wiki/Special:FilePath/Donezk%20Donbass%20Arena%2009.JPG,Ukraine,https://en.wikipedia.org/wiki/Donbas_Arena,48.020833,37.809722
Q181445,Nelson Mandela Bay Stadium,stadiums,http://commons.wikimedia.org/wiki/Special:FilePath/Nelson%20Mandela%20Stadium%20in%20Port%20Elizabeth.jpg,South Africa,https://en.wikipedia.org/wiki/Nelson_Mandela_Bay_Stadium,-33.937778,25.598889
Q182636,Tuvalu Sports Ground,stadiums,http://commons.wikimedia.org/wiki/Special:FilePath/Vaiaku-stadion%2002.jpg,Tuvalu,https://en.wikipedia.org/wiki/Tuvalu_Sports_Ground,-8.523889,179.198611
Q182992,Stade Numa-Daly Magenta,stadiums,http://commons.wikimedia.org/wiki/Special:FilePath/Athletics%20track%20event%20at%20the%202011%20Pacific%20Games.jpg,France,https://en.wikipedia.org/wiki/Stade_Numa-Daly_Magenta,-22.26417143,166.4679427
Q185741,Ernst-Happel-Stadion,stadiums,http://commons.wikimedia.org/wiki/Special:FilePath/Ernst-happel-stadion%20vienna.jpg,Austria,https://en.wikipedia.org/wiki/Ernst-Happel-Stadion,48.207222222,16.420833333
Q187042,Peter Mokaba Stadium,stadiums,http://commons.wikimedia.org/wiki/Special:FilePath/Mokaba%20stadium%20%284739619696%29.jpg,South Africa,https://en.wikipedia.org/wiki/Peter_Mokaba_Stadium,-23.924689,29.468765
Q187087,Mbombela Stadium,stadiums,http://commons.wikimedia.org/wiki/Special:FilePath/Mbombela%20Stadium%20Aerial%20View.jpg,South Africa,https://en.wikipedia.org/wiki/Mbombela_Stadium,-25.461888888,30.929777777
Q189337,Royal Bafokeng Stadium,stadiums,http://commons.wikimedia.org/wiki/Special:FilePath/Royal%20Bafokeng%20Stadium%2C%20Phokeng.jpg,South Africa,https://en.wikipedia.org/wiki/Royal_Bafokeng_Stadium,-25.578611111,27.160833333
Q189920,Tsentral Stadium,stadiums,http://commons.wikimedia.org/wiki/Special:FilePath/Stadioni%20Batumi.jpg,Georgia,https://en.wikipedia.org/wiki/Central_Stadium_(Batumi),41.655202,41.637246
Q189921,David Abashidze Stadium,stadiums,http://commons.wikimedia.org/wiki/Special:FilePath/Davit%20Abashidze%20Stadium.jpg,Georgia,https://en.wikipedia.org/wiki/David_Abashidze_Stadium,42.111213,43.02568
Q190783,Central Stadium,stadiums,http://commons.wikimedia.org/wiki/Special:FilePath/Volgograd%20Central%20Stadium%20aerial%20view.jpg,Russia,https://en.wikipedia.org/wiki/Central_Stadium_(Volgograd),48.734444,44.548333
Q190786,Jonava City Stadium,stadiums,http://commons.wikimedia.org/wiki/Special:FilePath/Central%20stadium%20of%20Jonava.jpg,Lithuania,https://en.wikipedia.org/wiki/Central_Stadium_of_Jonava,55.078,24.2717
Q190788,Almaty Central Stadium,stadiums,http://commons.wikimedia.org/wiki/Special:FilePath/Kazakhstan%20P9240988%2008%20%2839408856325%29.jpg,Kazakhstan,https://en.wikipedia.org/wiki/Almaty_Central_Stadium,43.238331,76.92435
Q190789,Pavlodar Central Stadium,stadiums,http://commons.wikimedia.org/wiki/Special:FilePath/Centralny%20stadium%20Pavlodar.jpg,Kazakhstan,https://en.wikipedia.org/wiki/Pavlodar_Central_Stadium,52.276383,76.949712
Q193651,Hampden Park,stadiums,http://commons.wikimedia.org/wiki/Special:FilePath/Hampden%20Park%20%28Glasgow%29%20aerial%20view%20cropped.jpg,United Kingdom,https://en.wikipedia.org/wiki/Hampden_Park,55.825863888,-4.252002777
Q194479,Stadion Wankdorf,stadiums,http://commons.wikimedia.org/wiki/Special:FilePath/Stadedesuiss2.jpg,Switzerland,https://en.wikipedia.org/wiki/Stadion_Wankdorf,46.962778,7.465
Q194572,Roman Shukhevych Ternopil city stadium,stadiums,http://commons.wikimedia.org/wiki/Special:FilePath/%D0%9A%D0%9F%20%22%D0%A2%D0%B5%D1%80%D0%BD%D0%BE%D0%BF%D1%96%D0%BB%D1%8C%D1%81%D1%8C%D0%BA%D0%B8%D0%B9%20%D0%BC%D1%96%D1%81%D1%8C%D0%BA%D0%B8%D0%B9%20%D1%81%D1%82%D0%B0%D0%B4%D1%96%D0%BE%D0%BD%22%202832762.jpg,Ukraine,https://en.wikipedia.org/wiki/Roman_Shukhevych_Ternopil_city_stadium,49.553056,25.609167
Q194576,Guiyang Olympic Sports Center,stadiums,http://commons.wikimedia.org/wiki/Special:FilePath/Guiyang%20Olympic%20Sports%20Center.jpg,People's Republic of China,https://en.wikipedia.org/wiki/Guiyang_Olympic_Sports_Center,26.620721,106.605749
Q197911,Zhongshan Soccer Stadium,stadiums,http://commons.wikimedia.org/wiki/Special:FilePath/Inside%20the%20Zhongshan%20Soccer%20Stadium.jpg,Taiwan,https://en.wikipedia.org/wiki/Zhongshan_Soccer_Stadium,25.0695,121.521056
Q199359,Camping World Stadium,stadiums,http://commons.wikimedia.org/wiki/Special:FilePath/Citrus%20Bowl%20aerial%20view.jpg,United States,https://en.wikipedia.org/wiki/Camping_World_Stadium,28.539166666,-81.402777777
Q200684,Dignity Health Sports Park,stadiums,http://commons.wikimedia.org/wiki/Special:FilePath/LA%20Galaxy%20vs%20Houston%20Dynamo-%20Western%20Conference%20Finals%20panorama.jpg,United States,https://en.wikipedia.org/wiki/Dignity_Health_Sports_Park,33.864444444,-118.261111111
Q201307,Independence Stadium,stadiums,http://commons.wikimedia.org/wiki/Special:FilePath/Zambiafan.jpg,Zambia,https://en.wikipedia.org/wiki/Independence_Stadium_(Zambia),-15.371064,28.269631
Q201612,Pride Park Stadium,stadiums,http://commons.wikimedia.org/wiki/Special:FilePath/Derby%20pride%20park%20stadium%20derby%20county.jpg,United Kingdom,https://en.wikipedia.org/wiki/Pride_Park_Stadium,52.915,-1.447222222
Q202150,Stade Vélodrome,stadiums,http://commons.wikimedia.org/wiki/Special:FilePath/Stade%20V%C3%A9lodrome%20closeup.jpg,France,https://en.wikipedia.org/wiki/Stade_V%C3%A9lodrome,43.269241,5.394907
Q202762,Mestalla Stadium,stadiums,http://commons.wikimedia.org/wiki/Special:FilePath/CAMP%20DE%20MESTALLA%20GRADA%20DE%20LA%20MAR%202014.JPG,Spain,https://en.wikipedia.org/wiki/Mestalla_Stadium,39.474722,-0.358333
Q203902,Ivan Hlinka Stadion,stadiums,http://commons.wikimedia.org/wiki/Special:FilePath/Ivan%20Hlinka%20Arena.JPG,Czech Republic,https://en.wikipedia.org/wiki/Ivan_Hlinka_Stadion,50.60564167,13.621375
Q203921,Poprad Ice Stadium,stadiums,http://commons.wikimedia.org/wiki/Special:FilePath/Hockey%20Arena%20Poprad%202.jpg,Slovakia,https://en.wikipedia.org/wiki/Poprad_Ice_Stadium,49.060556,20.311111
Q204496,Millennium Stadium,stadiums,http://commons.wikimedia.org/wiki/Special:FilePath/Principality%20Stadium%20May%203%2C%202016.jpg,United Kingdom,https://en.wikipedia.org/wiki/Millennium_Stadium,51.478055555,-3.1825
Q207109,Johan Cruyff Arena,stadiums,http://commons.wikimedia.org/wiki/Special:FilePath/Arena%2C%20Ajax%20stadion%2C%20Amsterdam.JPG,Netherlands,https://en.wikipedia.org/wiki/Johan_Cruyff_Arena,52.314166666,4.941944444
Q207623,Letzigrund,stadiums,http://commons.wikimedia.org/wiki/Special:FilePath/Letzigrund%202024%202.jpg,Switzerland,https://en.wikipedia.org/wiki/Letzigrund,47.382791,8.503801
Q208709,Ibrox Stadium,stadiums,http://commons.wikimedia.org/wiki/Special:FilePath/Ibrox%20Inside.jpg,United Kingdom,https://en.wikipedia.org/wiki/Ibrox_Stadium,55.853055555,-4.309166666
Q209725,Twickenham Stadium,stadiums,http://commons.wikimedia.org/wiki/Special:FilePath/Twickenham%20Stadium%20aerial%20view%202014.jpg,United Kingdom,https://en.wikipedia.org/wiki/Twickenham_Stadium,51.456111111,-0.341666666
Q210151,Pars Stadium,stadiums,http://commons.wikimedia.org/wiki/Special:FilePath/Pars%20Stadium.jpg,Iran,https://en.wikipedia.org/wiki/Pars_Shiraz_Stadium,29.565,52.491389
Q210710,Rizal Memorial Stadium,stadiums,http://commons.wikimedia.org/wiki/Special:FilePath/Rizal%20Memorial%20Track%20and%20Football%20Stadium.jpg,Philippines,https://en.wikipedia.org/wiki/Rizal_Memorial_Stadium,14.563403,120.992
Q3585,Metalist Stadium,stadiums,http://commons.wikimedia.org/wiki/Special:FilePath/Metalist%20Stadium%20Kharkiv.jpg,Ukraine,https://en.wikipedia.org/wiki/Metalist_Oblast_Sports_Complex,49.980858,36.261703
Q8491,Palais des Sports de Gerland,stadiums,http://commons.wikimedia.org/wiki/Special:FilePath/Palais%20des%20sports%20de%20Gerland.jpg,France,https://en.wikipedia.org/wiki/Palais_des_Sports_de_Gerland,45.72408056,4.82815833
Q8503,Stade Vuillermet,stadiums,http://commons.wikimedia.org/wiki/Special:FilePath/Vuillermet%20%28cropped%29.jpg,France,https://en.wikipedia.org/wiki/Stade_Vuillermet,45.724016,4.880987
Q9491,Matmut Stadium,stadiums,http://commons.wikimedia.org/wiki/Special:FilePath/V%C3%A9nissieux%20-%20Matmut%20Stadium.JPG,France,https://en.wikipedia.org/wiki/Matmut_Stadium,45.721328,4.876014
Q10285,Colosseum,stadiums,http://commons.wikimedia.org/wiki/Special:FilePath/Colosseo%202020.jpg,Italy,https://en.wikipedia.org/wiki/Colosseum,41.890277777,12.492222222
Q10626,Vicarage Road,stadiums,http://commons.wikimedia.org/wiki/Special:FilePath/Vicarage%20Road%202015.jpg,United Kingdom,https://en.wikipedia.org/wiki/Vicarage_Road,51.649928,-0.401606
Q11597,DATCU Stadium,stadiums,http://commons.wikimedia.org/wiki/Special:FilePath/Southern%20Methodist%20vs.%20North%20Texas%20football%202018%2003%20%28Green%20Brigade%20Marching%20Band%29.jpg,United States,https://en.wikipedia.org/wiki/DATCU_Stadium,33.203611111,-97.159444444
Q13205,Stade de France,stadiums,http://commons.wikimedia.org/wiki/Special:FilePath/StadeFranceNationsLeague2018.jpg,France,https://en.wikipedia.org/wiki/Stade_de_France,48.924444444,2.36
Q27420,Gateshead International Stadium,stadiums,http://commons.wikimedia.org/wiki/Special:FilePath/Gateshead%20stadium.jpg,United Kingdom,https://en.wikipedia.org/wiki/Gateshead_International_Stadium,54.961111111,-1.579722222
Q29640,Estadio Domingo Burgueño,stadiums,http://commons.wikimedia.org/wiki/Special:FilePath/River%20Plate%20Montevideo%20Libertadores%202016.jpg,Uruguay,https://en.wikipedia.org/wiki/Estadio_Domingo_Burgue%C3%B1o,-34.914444,-54.955278
Q29726,Sydney Entertainment Centre,stadiums,http://commons.wikimedia.org/wiki/Special:FilePath/Western%20face%20of%20the%20Sydney%20Entertainment%20Centre.jpg,Australia,https://en.wikipedia.org/wiki/Sydney_Entertainment_Centre,-33.878333,151.202778
Q31276,Stade de la Rabine,stadiums,http://commons.wikimedia.org/wiki/Special:FilePath/Stade%20de%20la%20Rabine%20by%20M.%20Riegler.jpg,France,https://en.wikipedia.org/wiki/Stade_de_la_Rabine,47.65178,-2.76104
Q31656,Madejski Stadium,stadiums,http://commons.wikimedia.org/wiki/Special:FilePath/Select%20Car%20Leasing.jpg,United Kingdom,https://en.wikipedia.org/wiki/Madejski_Stadium,51.422222222,-0.982777777
Q32960,Olympiysky Sports Complex,stadiums,http://commons.wikimedia.org/wiki/Special:FilePath/Moscow%2005-2017%20img48%20Olimpiysky%20Arena.jpg,Russia,https://en.wikipedia.org/wiki/Olympic_Stadium_(Moscow),55.781044444,37.626425
Q33003,Parken Stadium,stadiums,http://commons.wikimedia.org/wiki/Special:FilePath/Denmark%20copenhagen%20parken%20stadium.jpg,Denmark,https://en.wikipedia.org/wiki/Parken_Stadium,55.702469,12.572203
Q45117,Estadio Saroldi,stadiums,http://commons.wikimedia.org/wiki/Special:FilePath/Estadio%20Parque%20Federico%20Omar%20Saroldi.jpg,Uruguay,https://en.wikipedia.org/wiki/Estadio_Saroldi,-34.86213611,-56.20163889
Q48707,Pedro Arispe Olympic Stadium,stadiums,http://commons.wikimedia.org/wiki/Special:FilePath/Estadio%20Olimpico%20de%20Montevideo.jpg,Uruguay,https://en.wikipedia.org/wiki/Estadio_Ol%C3%ADmpico_(Montevideo),-34.893108,-56.245413
Q48710,Estadio Suppici,stadiums,http://commons.wikimedia.org/wiki/Special:FilePath/Campus%20Municipal%20Profesor%20Alberto%20Suppici%202011.jpg,Uruguay,https://en.wikipedia.org/wiki/Estadio_Profesor_Alberto_Suppici,-34.46694444,-57.84527778
Q49136,Fenway Park,stadiums,http://commons.wikimedia.org/wiki/Special:FilePath/View%20of%20Fenway%20Park%20from%20the%20press%20box%20in%20July%202022.jpg,United States,https://en.wikipedia.org/wiki/Fenway_Park,42.346388888,-71.0975
Q60676,Flamurtari Stadium,stadiums,http://commons.wikimedia.org/wiki/Special:FilePath/Flamurtari-stadium%2055891.jpg,Albania,https://en.wikipedia.org/wiki/Flamurtari_Stadium,40.45592222,19.48898611
Q211662,Pontiac Silverdome,stadiums,http://commons.wikimedia.org/wiki/Special:FilePath/Silverdome%202.jpg,United States,https://en.wikipedia.org/wiki/Pontiac_Silverdome,42.645833333,-83.255
Q215295,Stade de Genève,stadiums,http://commons.wikimedia.org/wiki/Special:FilePath/The%20Stade%20de%20Gen%C3%A8ve%20during%20a%20UEFA%20Europa%20Conference%20League%20match%20between%20Servette%20and%20Viktoria%20Pilsen.%20%282023%29.jpg,Switzerland,https://en.wikipedia.org/wiki/Stade_de_Gen%C3%A8ve,46.177778,6.1275
Q215399,Arena Lviv,stadiums,http://commons.wikimedia.org/wiki/Special:FilePath/Arena%20Lviv%205.jpg,Ukraine,https://en.wikipedia.org/wiki/Arena_Lviv,49.775278055,24.027778055
Q216167,Wörthersee Stadion,stadiums,http://commons.wikimedia.org/wiki/Special:FilePath/Stadium%20klagenfurt%20aerial%20view.jpg,Austria,https://en.wikipedia.org/wiki/W%C3%B6rthersee_Stadion,46.608847,14.278281
Q225108,Meadowlands Sports Complex,stadiums,http://commons.wikimedia.org/wiki/Special:FilePath/Meadowlands%20Sports%20Complex%20aerial%201%202018.jpg,United States,https://en.wikipedia.org/wiki/Meadowlands_Sports_Complex,40.814166666,-74.073888888
Q242772,Toughsheet Community Stadium,stadiums,http://commons.wikimedia.org/wiki/Special:FilePath/Reebokstadium%20inside.jpg,United Kingdom,https://en.wikipedia.org/wiki/Toughsheet_Community_Stadium,53.580555555,-2.535555555
Q244592,San Mamés Stadium,stadiums,http://commons.wikimedia.org/wiki/Special:FilePath/San%20mames%20uefa.png,Spain,https://en.wikipedia.org/wiki/San_Mam%C3%A9s_Stadium_(1913),43.264205,-2.949369
Q245720,Stadio Danilo Martelli,stadiums,http://commons.wikimedia.org/wiki/Special:FilePath/Stadio%20Danilo%20Martelli%20Mantova%202025%2001.jpg,Italy,https://en.wikipedia.org/wiki/Stadio_Danilo_Martelli,45.146111,10.794167
Q247420,Dodger Stadium,stadiums,http://commons.wikimedia.org/wiki/Special:FilePath/Dodger%20Stadium.jpg,United States,https://en.wikipedia.org/wiki/Dodger_Stadium,34.073611111,-118.24
Q252812,Estadio Ganzábal,stadiums,http://commons.wikimedia.org/wiki/Special:FilePath/Estadio%20Ganz%C3%A1bal.jpg,Spain,https://en.wikipedia.org/wiki/Estadio_Ganz%C3%A1bal,43.30197222,-5.68984167
Q254877,Campo de Ciudad Lineal,stadiums,http://commons.wikimedia.org/wiki/Special:FilePath/Ciudad%20Lineal-Vel%C3%B3dromo.jpg,Spain,https://en.wikipedia.org/wiki/Campo_de_Ciudad_Lineal,40.4501,-3.6532
Q259307,Hidegkuti Nándor Stadion,stadiums,http://commons.wikimedia.org/wiki/Special:FilePath/MTK%20stadion%20-%20l%C3%A9gi%20fot%C3%B3.jpg,Hungary,https://en.wikipedia.org/wiki/Hidegkuti_N%C3%A1ndor_Stadion,47.490919444,19.106725
Q259637,Estadio Román Suárez Puerta,stadiums,http://commons.wikimedia.org/wiki/Special:FilePath/Avil%C3%A9s%2C%20Estadio%20Rom%C3%A1n%20Su%C3%A1rez%20Puerta.JPG,Spain,https://en.wikipedia.org/wiki/Estadio_Rom%C3%A1n_Su%C3%A1rez_Puerta,43.5575,-5.9306
Q260530,Nobeoka Nishishina Athletic Stadium,stadiums,http://commons.wikimedia.org/wiki/Special:FilePath/Nishishina%20Stadium%201.JPG,Japan,https://en.wikipedia.org/wiki/Nobeoka_Nishishina_Athletic_Stadium,32.570556,131.640556
Q262291,Providence Park,stadiums,http://commons.wikimedia.org/wiki/Special:FilePath/Providence%20Park%20New%20Overhang.jpg,United States,https://en.wikipedia.org/wiki/Providence_Park,45.521388888,-122.691666666
Q262326,Lotto Park,stadiums,http://commons.wikimedia.org/wiki/Special:FilePath/Constant%20Vanden%20Stockstadion%2C%20Anderlecht.jpg,Belgium,https://en.wikipedia.org/wiki/Constant_Vanden_Stock_Stadium,50.834167,4.298333
Q262526,Daegu Civic Stadium,stadiums,http://commons.wikimedia.org/wiki/Special:FilePath/DaeguCivil%20stadium2.JPG,South Korea,https://en.wikipedia.org/wiki/Daegu_Civic_Stadium,35.881253,128.588231
Q263035,Káposztás Street Stadium,stadiums,http://commons.wikimedia.org/wiki/Special:FilePath/K%C3%A1poszt%C3%A1s%20utcai%20Stadion%202025%20No5.jpg,Hungary,https://en.wikipedia.org/wiki/K%C3%A1poszt%C3%A1s_utcai_Stadion,47.69171,16.583691
Q268402,Petr Atoyan Stadium,stadiums,http://commons.wikimedia.org/wiki/Special:FilePath/%D0%A1%D1%82%D0%B0%D0%B4%D0%B8%D0%BE%D0%BD%20%D0%B8%D0%BC%D0%B5%D0%BD%D0%B8%20%D0%9F%D0%B5%D1%82%D1%80%D0%B0%20%D0%90%D1%82%D0%BE%D1%8F%D0%BD%D0%B0.jpg,Kazakhstan,https://en.wikipedia.org/wiki/Petr_Atoyan_Stadium,51.211944,51.350833
Q271454,Estádio do Dragão,stadiums,http://commons.wikimedia.org/wiki/Special:FilePath/Est%C3%A1dio%20do%20Drag%C3%A3o%20%288468978586%29.jpg,Portugal,https://en.wikipedia.org/wiki/Est%C3%A1dio_do_Drag%C3%A3o,41.161758,-8.583933
Q271568,Stadio Luigi Ferraris,stadiums,http://commons.wikimedia.org/wiki/Special:FilePath/Autumn%20Nations%20Series%20%2722-%20Italia%20vs%20Sudafrica-954%20%2852519137176%29.jpg,Italy,https://en.wikipedia.org/wiki/Stadio_Luigi_Ferraris,44.416431,8.952428
Q276354,Mas Monumental Stadium,stadiums,http://commons.wikimedia.org/wiki/Special:FilePath/RiverPlateStadium.jpg,Argentina,https://en.wikipedia.org/wiki/Estadio_Monumental_(Buenos_Aires),-34.545277777,-58.449722222
Q280141,Estadio Tomás Adolfo Ducó,stadiums,http://commons.wikimedia.org/wiki/Special:FilePath/Huracan%20palacio%20duco.jpg,Argentina,https://en.wikipedia.org/wiki/Estadio_Tom%C3%A1s_Adolfo_Duc%C3%B3,-34.643494,-58.396511
Q281180,Hjørring Stadium,stadiums,http://commons.wikimedia.org/wiki/Special:FilePath/Sara%20Thrige%2C%20Fortuna%20Hj%C3%B8rring%20i%20kamp%20mod%20Olympique%20Lyon%20i%20UEFA%20Women%27s%20Champions%20League.jpg,Denmark,https://en.wikipedia.org/wiki/Hj%C3%B8rring_Stadium,57.4577062,9.9984598
Q282533,Helong Stadium,stadiums,http://commons.wikimedia.org/wiki/Special:FilePath/Helong%20Stadium.jpg,People's Republic of China,https://en.wikipedia.org/wiki/Helong_Sports_Center_Stadium,28.181756,112.977303
Q283849,Mohammed Bin Zayed Stadium,stadiums,http://commons.wikimedia.org/wiki/Special:FilePath/IRN-YMN%2020190107%20Asian%20Cup%204.jpg,United Arab Emirates,https://en.wikipedia.org/wiki/Mohammed_bin_Zayed_Stadium,24.452764,54.392019
Q285074,Bosuilstadion,stadiums,http://commons.wikimedia.org/wiki/Special:FilePath/20110720%20bosuil.jpg,Belgium,https://en.wikipedia.org/wiki/Bosuilstadion,51.232222,4.471667
Q285531,Al Janoub Stadium,stadiums,http://commons.wikimedia.org/wiki/Special:FilePath/28%2010%202019%20Visita%20ao%20est%C3%A1dio%20de%20futebol%20Al%20Janoub%20%2848977932316%29.jpg,Qatar,https://en.wikipedia.org/wiki/Al_Janoub_Stadium,25.159777777,51.574083333
Q285983,Al-Shaab Stadium,stadiums,http://commons.wikimedia.org/wiki/Special:FilePath/Al-Shaab%20Stadium%20%2825%29.JPG,Iraq,https://en.wikipedia.org/wiki/Al-Shaab_Stadium,33.324906,44.435438
Q286614,Yamato Sports Center Stadium,stadiums,http://commons.wikimedia.org/wiki/Special:FilePath/Yamato%20Sports%20Center%20Stadium%2C%20Kanagawa%2C%20Japan.%202010-09-20.jpg,Japan,https://en.wikipedia.org/wiki/Yamato_Sports_Center_Stadium,35.475,139.462778
Q287359,Estádio José Alvalade,stadiums,http://commons.wikimedia.org/wiki/Special:FilePath/Est%C3%A1dio%20Jos%C3%A9%20Alvalade%20antes%20do%20jogo%20Sporting%20-%20Arouca.jpg,Portugal,https://en.wikipedia.org/wiki/Est%C3%A1dio_Jos%C3%A9_Alvalade,38.761194444,-9.160783333
Q287770,Lal Bahadur Shastri Stadium,stadiums,http://commons.wikimedia.org/wiki/Special:FilePath/Lal%20Bahadur%20Shastri%20Stadium.jpg,India,"https://en.wikipedia.org/wiki/Lal_Bahadur_Shastri_Stadium,_Hyderabad",17.399333,78.473333
Q288618,Baba Yara Stadium,stadiums,http://commons.wikimedia.org/wiki/Special:FilePath/Baba%20Yara%20Sports%20Stadium%20in%20Kumasi.jpg,Ghana,https://en.wikipedia.org/wiki/Baba_Yara_Stadium,6.682681,-1.605111
Q297924,Örjans Vall,stadiums,http://commons.wikimedia.org/wiki/Special:FilePath/%C3%96rjans%20vall.jpg,Sweden,https://en.wikipedia.org/wiki/%C3%96rjans_Vall,56.684166666,12.866388888
Q298585,Oracle Park,stadiums,http://commons.wikimedia.org/wiki/Special:FilePath/AT%26T%20Park%20July%2024%2C%202016.jpg,United States,https://en.wikipedia.org/wiki/Oracle_Park,37.778333333,-122.389444444
Q306006,Abbasiyyin Stadium,stadiums,http://commons.wikimedia.org/wiki/Special:FilePath/Destroyed%20Abbasiyyin%20Stadium%202.jpg,Syria,https://en.wikipedia.org/wiki/Abbasiyyin_Stadium,33.52286,36.32004
Q310525,Lanxess Arena,stadiums,http://commons.wikimedia.org/wiki/Special:FilePath/K%C3%B6ln%20deutz%20k%C3%B6lnarena.jpg,Germany,https://en.wikipedia.org/wiki/Lanxess_Arena,50.93843,6.9829
Q312411,Eden Park,stadiums,http://commons.wikimedia.org/wiki/Special:FilePath/Eden%20Park%20at%20Dusk%2C%202013.jpg,New Zealand,https://en.wikipedia.org/wiki/Eden_Park,-36.875277777,174.745
Q314983,Wedaustadion,stadiums,http://commons.wikimedia.org/wiki/Special:FilePath/Unversiade%20DU89%2001.jpg,Germany,https://en.wikipedia.org/wiki/Wedaustadion,51.409033,6.778664
Q322258,Chiemgau-Arena,stadiums,http://commons.wikimedia.org/wiki/Special:FilePath/Skisprungschanzen%20Chiemgau%20Arena%20Ruhpolding.JPG,Germany,,47.7144,12.6475
Q328097,Parque Palermo,stadiums,http://commons.wikimedia.org/wiki/Special:FilePath/Estadio%20Parque%20Palermo.jpg,Uruguay,https://en.wikipedia.org/wiki/Parque_Palermo,-34.897864,-56.153556
Q328189,Estadio Parque Capurro,stadiums,http://commons.wikimedia.org/wiki/Special:FilePath/Estadio%20Parque%20Capurro.png,Uruguay,https://en.wikipedia.org/wiki/Estadio_Parque_Capurro,-34.87338056,-56.21235833
Q328542,Estadio Arquitecto Antonio Eleuterio Ubilla,stadiums,http://commons.wikimedia.org/wiki/Special:FilePath/Estadio%20Ubilla%20Cerro%20Largo%20vs%20Pe%C3%B1arol.jpg,Uruguay,https://en.wikipedia.org/wiki/Estadio_Arquitecto_Antonio_Eleuterio_Ubilla,-32.359708,-54.169328
Q330136,Melbourne Cricket Ground,stadiums,http://commons.wikimedia.org/wiki/Special:FilePath/2017%20AFL%20Grand%20Final%20panorama%20during%20national%20anthem.jpg,Australia,https://en.wikipedia.org/wiki/Melbourne_Cricket_Ground,-37.819943,144.983447
Q332219,Helsinki Olympic Stadium,stadiums,http://commons.wikimedia.org/wiki/Special:FilePath/Olympiastadion%202%202020-08-12.jpg,Finland,https://en.wikipedia.org/wiki/Helsinki_Olympic_Stadium,60.18689398,24.92606242
Q333549,Lawson Tama Stadium,stadiums,http://commons.wikimedia.org/wiki/Special:FilePath/Lawson%20Tama%20Stadium.jpg,Solomon Islands,https://en.wikipedia.org/wiki/Lawson_Tama_Stadium,-9.436667,159.971389
Q336088,Estádio Nacional de Brasília,stadiums,http://commons.wikimedia.org/wiki/Special:FilePath/Est%C3%A1dio%20Nacional%20de%20Bras%C3%ADlia%202022.jpg,Brazil,https://en.wikipedia.org/wiki/Est%C3%A1dio_Nacional_Man%C3%A9_Garrincha,-15.7835,-47.899164
Q338211,Stade Ernest-Argelès,stadiums,http://commons.wikimedia.org/wiki/Special:FilePath/Toulouse%20Olympique%20v%20London%20Broncos.jpg,France,https://en.wikipedia.org/wiki/Stade_Ernest-Argel%C3%A8s,43.6369,1.40167
Q339568,Accra Sports Stadium,stadiums,http://commons.wikimedia.org/wiki/Special:FilePath/Ohene%20Djan%20Sports%20Stadium%2C%20Accra.jpg,Ghana,https://en.wikipedia.org/wiki/Accra_Sports_Stadium,5.551388888,-0.191944444
Q339742,Samut Songkhram Stadium,stadiums,http://commons.wikimedia.org/wiki/Special:FilePath/Chonburi%20F.C.%20vd%20Samut.jpg,Thailand,https://en.wikipedia.org/wiki/Samut_Songkhram_Stadium,13.41425,99.999865
Q339850,Foxboro Stadium,stadiums,http://commons.wikimedia.org/wiki/Special:FilePath/Foxborostade.png,United States,https://en.wikipedia.org/wiki/Foxboro_Stadium,42.0927,-71.267441666
Q351946,Adams Park,stadiums,http://commons.wikimedia.org/wiki/Special:FilePath/Adams%20Park%20from%20a%20northerly%20direction.JPG,United Kingdom,https://en.wikipedia.org/wiki/Adams_Park,51.630555555,-0.800277777
Q367297,Estadio Defensores del Chaco,stadiums,http://commons.wikimedia.org/wiki/Special:FilePath/Estadio%20Defensores%20del%20Chaco%20en%202019.jpg,Paraguay,https://en.wikipedia.org/wiki/Estadio_Defensores_del_Chaco,-25.29207222,-57.65738056
Q372779,Wagener Stadium,stadiums,http://commons.wikimedia.org/wiki/Special:FilePath/2021%20Entree%20Wagener%20Stadion%2C%20Amstelveen%20%281%29.jpg,Netherlands,https://en.wikipedia.org/wiki/Wagener_Stadium,52.319444444,4.854166666
Q373282,Estadio de Béisbol Monterrey,stadiums,http://commons.wikimedia.org/wiki/Special:FilePath/Mexico%20monterrey%20Estadio%20de%20B%C3%A9isbol%20Monterrey%202.JPG,Mexico,https://en.wikipedia.org/wiki/Walmart_Park,25.718516666,-100.31575
Q373355,Gillette Stadium,stadiums,http://commons.wikimedia.org/wiki/Special:FilePath/Gillette%20Stadium02.jpg,United States,https://en.wikipedia.org/wiki/Gillette_Stadium,42.090944444,-71.264344444
Q374883,Stade de la Meinau,stadiums,http://commons.wikimedia.org/wiki/Special:FilePath/La%20Meinau%20en%20National.jpg,France,https://en.wikipedia.org/wiki/Stade_de_la_Meinau,48.55942,7.75738
Q375365,Giants Stadium,stadiums,http://commons.wikimedia.org/wiki/Special:FilePath/Giants%20Stadium%20aerial.jpg,United States,https://en.wikipedia.org/wiki/Giants_Stadium,40.813726,-74.074433
Q375863,Minyuan Stadium,stadiums,http://commons.wikimedia.org/wiki/Special:FilePath/View%20in%20Minyuan%20Stadium.jpg,People's Republic of China,https://en.wikipedia.org/wiki/Minyuan_Stadium,39.111119,117.198754
Q376674,Aspmyra Stadion,stadiums,http://commons.wikimedia.org/wiki/Special:FilePath/Aspmyra%20stadion.jpg,Norway,https://en.wikipedia.org/wiki/Aspmyra_Stadion,67.2775,14.384166666
Q379306,Vivaldão,stadiums,http://commons.wikimedia.org/wiki/Special:FilePath/Arena%20Amaz%C3%B4nia%20%282014%29%20-%202.jpg,Brazil,https://en.wikipedia.org/wiki/Vivald%C3%A3o,-3.083056,-60.028056
Q383557,Memorial Stadium,stadiums,http://commons.wikimedia.org/wiki/Special:FilePath/091507-USCNeb-MemorialStadium.jpg,United States,https://en.wikipedia.org/wiki/Memorial_Stadium_(Lincoln),40.821022711,-96.705499407
Q386547,Stade Chaban-Delmas,stadiums,http://commons.wikimedia.org/wiki/Special:FilePath/Stade%20Chaban-Delmas%20Rugby.jpg,France,https://en.wikipedia.org/wiki/Stade_Chaban-Delmas,44.829167,-0.598056
Q387477,Gifu Nagaragawa Stadium,stadiums,http://commons.wikimedia.org/wiki/Special:FilePath/Nagaragawa%20Stadium%205.JPG,Japan,https://en.wikipedia.org/wiki/Gifu_Nagaragawa_Stadium,35.441337,136.766052
Q387936,Rohonci Street Stadium,stadiums,http://commons.wikimedia.org/wiki/Special:FilePath/Rohonci%20%C3%BAti%20stadion%202010.jpg,Hungary,https://en.wikipedia.org/wiki/Rohonci_%C3%BAt,47.234762,16.607117
Q389625,Pomorie Stadium,stadiums,http://commons.wikimedia.org/wiki/Special:FilePath/Pomorie%20Stadium%20%281%29.jpg,Bulgaria,https://en.wikipedia.org/wiki/Stadion_Pomorie,42.565985,27.636656
Q389699,Zvolen Ice Stadium,stadiums,http://commons.wikimedia.org/wiki/Special:FilePath/Zvolen%2C%20Slovakia%20-%20panoramio%20-%20Buda%20Pavel%20%282%29.jpg,Slovakia,https://en.wikipedia.org/wiki/Zvolen_Ice_Stadium,48.566111,19.120556
Q392288,Lokomotíva Stadium,stadiums,http://commons.wikimedia.org/wiki/Special:FilePath/Vyhliadkova%20veza%20Kosice%203.jpg,Slovakia,https://en.wikipedia.org/wiki/%C5%A0tadi%C3%B3n_Lokomot%C3%ADvy,48.740836,21.244497
Q393355,"Žalgiris Stadium, Vilnius",stadiums,http://commons.wikimedia.org/wiki/Special:FilePath/%C5%BDalgiris-Stadion.jpg,Lithuania,https://en.wikipedia.org/wiki/%C5%BDalgiris_Stadium,54.6933,25.2903
Q401013,Ahmadu Bello Stadium,stadiums,http://commons.wikimedia.org/wiki/Special:FilePath/Nigerian%20Public%20Domain%20719.jpg,Nigeria,https://en.wikipedia.org/wiki/Ahmadu_Bello_Stadium,10.49944444,7.43138889
Q401470,Guangdong Olympic Center,stadiums,http://commons.wikimedia.org/wiki/Special:FilePath/Aerial%20View%2C%20Central%20Stadium%2C%20Guangdong%20Olympic%20Sports%20Center%2020230604-B.jpg,People's Republic of China,https://en.wikipedia.org/wiki/Guangdong_Olympic_Stadium,23.137656,113.403519
Q401475,Yuexiushan Stadium,stadiums,http://commons.wikimedia.org/wiki/Special:FilePath/Yuexiushan%20Stadium.jpg,People's Republic of China,https://en.wikipedia.org/wiki/Yuexiushan_Stadium,23.139216,113.260739
Q402019,Guangzhou Higher Education Mega Center Central Stadium,stadiums,http://commons.wikimedia.org/wiki/Special:FilePath/Main%20Stadium%2C%20Guangzhou%20Higher%20Education%20Mega%20Center%20Central%20Stadium%2020220313.jpg,People's Republic of China,https://en.wikipedia.org/wiki/Guangzhou_Higher_Education_Mega_Center_Stadium,23.057986,113.38617
Q412824,Ajinomoto Stadium,stadiums,http://commons.wikimedia.org/wiki/Special:FilePath/Ajinomoto%20Stadium%20%28Tokyo%2C%20JAP%29%202012.JPG,Japan,https://en.wikipedia.org/wiki/Ajinomoto_Stadium,35.664278,139.527139
Q417007,Akdeniz University Stadium,stadiums,http://commons.wikimedia.org/wiki/Special:FilePath/Akdeniz%C3%9CniversiteStadyumu1.jpg,Turkey,https://en.wikipedia.org/wiki/Akdeniz_University_Stadium,36.893611111,30.646666666
Q417663,Akhisar Şehir Stadium,stadiums,http://commons.wikimedia.org/wiki/Special:FilePath/Akhisar%20%C5%9Eehir%20Stadium.jpg,Turkey,https://en.wikipedia.org/wiki/Akhisar_%C5%9Eehir_Stadium,38.916575,27.83811667
Q420494,Vélodrome de Vincennes,stadiums,http://commons.wikimedia.org/wiki/Special:FilePath/Velodrome%20de%20Vincennes.jpg,France,https://en.wikipedia.org/wiki/V%C3%A9lodrome_de_Vincennes,48.82596,2.41173
Q431552,Meneng Stadium,stadiums,http://commons.wikimedia.org/wiki/Special:FilePath/Dining%20Hall%20-%20Topside%20immigration%20processing%20compound%2C%20Nauru.jpg,Nauru,https://en.wikipedia.org/wiki/Mene%C3%B1_Stadium,-0.540555555,166.930277777
Q454085,Deutsches Stadion,stadiums,http://commons.wikimedia.org/wiki/Special:FilePath/Bundesarchiv%20Bild%20102-07998%2C%20Berlin%2C%20Kundgebung%2010%20Jahre%20Versailler%20Vertrag.jpg,Germany,https://en.wikipedia.org/wiki/Deutsches_Stadion_(Berlin),52.514722,13.239167
Q462240,Stade Pierre de Coubertin,stadiums,http://commons.wikimedia.org/wiki/Special:FilePath/3369-Coubertin-LFB2010-11.jpg,France,https://en.wikipedia.org/wiki/Stade_Pierre_de_Coubertin_(Paris),48.835265565,2.256179755
Q467151,OWL Arena,stadiums,http://commons.wikimedia.org/wiki/Special:FilePath/GerryWeberStadion.JPG,Germany,https://en.wikipedia.org/wiki/OWL_Arena,52.063056,8.348889
Q470392,Heinz-Steyer-Stadion,stadiums,http://commons.wikimedia.org/wiki/Special:FilePath/DD-Steyerstadion.jpg,Germany,https://en.wikipedia.org/wiki/Heinz-Steyer-Stadion,51.060923,13.726233
Q472710,Kaftanzoglio National Stadium,stadiums,http://commons.wikimedia.org/wiki/Special:FilePath/Kaftanzoglio%20west%20stand.jpg,Greece,https://en.wikipedia.org/wiki/Kaftanzoglio_Stadium,40.625497222,22.967002777
Q473943,Amon G. Carter Stadium,stadiums,http://commons.wikimedia.org/wiki/Special:FilePath/Southern%20Methodist%20vs.%20Texas%20Christian%20football%202019%2001%20%28opening%20kickoff%29.jpg,United States,https://en.wikipedia.org/wiki/Amon_G._Carter_Stadium,32.709722222,-97.368055555
Q478000,Rajko Mitić Stadium,stadiums,http://commons.wikimedia.org/wiki/Special:FilePath/Beograd%207652.jpg,Serbia,https://en.wikipedia.org/wiki/Red_Star_Stadium,44.783333333,20.464722222
Q478225,Croke Park,stadiums,http://commons.wikimedia.org/wiki/Special:FilePath/Croke%20Park%20from%20the%20Hill%20-%202004%20All-Ireland%20Football%20Championship%20Final.jpg,Ireland,https://en.wikipedia.org/wiki/Croke_Park,53.360833333,-6.251111111
Q482441,Daegu Stadium,stadiums,http://commons.wikimedia.org/wiki/Special:FilePath/Daegu%20Stadium.JPG,South Korea,https://en.wikipedia.org/wiki/Daegu_Stadium,35.829739,128.690205
Q482581,Ōita Stadium,stadiums,http://commons.wikimedia.org/wiki/Special:FilePath/OitaStadium1.JPG,Japan,https://en.wikipedia.org/wiki/Crasus_Dome_Oita,33.200556,131.6575
Q482591,Shizuoka Stadium,stadiums,http://commons.wikimedia.org/wiki/Special:FilePath/Ecopa030304.jpg,Japan,https://en.wikipedia.org/wiki/Shizuoka_Stadium,34.743222,137.970503
Q482926,Suwon Baseball Stadium,stadiums,http://commons.wikimedia.org/wiki/Special:FilePath/Hdunistadiumpan.jpg,South Korea,https://en.wikipedia.org/wiki/Suwon_Baseball_Stadium,37.300122,127.009635
Q484713,Goyang Stadium,stadiums,http://commons.wikimedia.org/wiki/Special:FilePath/Goyang%20sta%201.JPG,South Korea,https://en.wikipedia.org/wiki/Goyang_Stadium,37.676422,126.743056
Q486192,ZOZO Marine Stadium,stadiums,http://commons.wikimedia.org/wiki/Special:FilePath/QVC%20Marine%20Field%2C%20front.jpg,Japan,https://en.wikipedia.org/wiki/Zozo_Marine_Stadium,35.645239,140.030922
Q486725,Ulsan Stadium,stadiums,http://commons.wikimedia.org/wiki/Special:FilePath/Ulsan%20Sports%20Complex1.JPG,South Korea,https://en.wikipedia.org/wiki/Ulsan_Stadium,35.562396,129.34802
Q488308,Alpensia Ski Jumping Stadium,stadiums,http://commons.wikimedia.org/wiki/Special:FilePath/Alpensia%2020170202%2008%20%2832537578151%29.jpg,South Korea,https://en.wikipedia.org/wiki/Alpensia_Ski_Jumping_Stadium,37.6617,128.6806
Q488404,Gwangyang Football Stadium,stadiums,http://commons.wikimedia.org/wiki/Special:FilePath/Gwangyangstadium1.jpg,South Korea,https://en.wikipedia.org/wiki/Gwangyang_Football_Stadium,34.93312,127.727478
Q74343,Duquesne University,universities,http://commons.wikimedia.org/wiki/Special:FilePath/DuquesneChapel.JPG,United States,https://en.wikipedia.org/wiki/Duquesne_University,40.436111111,-79.993055555
Q175529,John Paul II Catholic University of Lublin,universities,http://commons.wikimedia.org/wiki/Special:FilePath/Lublin%2Ckul%2Ccollegium.JPG,Poland,https://en.wikipedia.org/wiki/John_Paul_II_Catholic_University_of_Lublin,51.247777777,22.544722222
Q178848,University of Notre Dame,universities,http://commons.wikimedia.org/wiki/Special:FilePath/The%20University%20of%20Notre%20Dame%20%22God%20Quad%22.JPG,United States,https://en.wikipedia.org/wiki/University_of_Notre_Dame,41.7,-86.238888888
Q179036,The Catholic University of America,universities,http://commons.wikimedia.org/wiki/Special:FilePath/CatholicUniversityAmerica.jpg,United States,https://en.wikipedia.org/wiki/Catholic_University_of_America,38.933611111,-76.998611111
Q195359,Ukrainian Catholic University,universities,http://commons.wikimedia.org/wiki/Special:FilePath/%D0%92%D0%BE%D0%BB%D0%BE%D0%B4%D0%B8%D0%BC%D0%B8%D1%80%20%D0%93%D1%80%D0%BE%D0%B9%D1%81%D0%BC%D0%B0%D0%BD%20%D0%B2%D1%96%D0%B4%D0%B2%D1%96%D0%B4%D0%B0%D0%B2%20%D0%A3%D0%BA%D1%80%D0%B0%D1%97%D0%BD%D1%81%D1%8C%D0%BA%D0%B8%D0%B9%20%D0%BA%D0%B0%D1%82%D0%BE%D0%BB%D0%B8%D1%86%D1%8C%D0%BA%D0%B8%D0%B9%20%D1%83%D0%BD%D1%96%D0%B2%D0%B5%D1%80%D1%81%D0%B8%D1%82%D0%B5%D1%82%2004.jpg,Ukraine,https://en.wikipedia.org/wiki/Ukrainian_Catholic_University,49.822999,24.037496
Q200601,Pontifical Catholic University of Peru,universities,http://commons.wikimedia.org/wiki/Special:FilePath/MacGregor.jpg,Peru,https://en.wikipedia.org/wiki/Pontifical_Catholic_University_of_Peru,-12.069444444,-77.079444444
Q229022,Catholic University of the Sacred Heart,universities,http://commons.wikimedia.org/wiki/Special:FilePath/HDR%20-%20Chiostro%20Universit%C3%A0%20Cattolica.jpg,Italy,https://en.wikipedia.org/wiki/Universit%C3%A0_Cattolica_del_Sacro_Cuore,45.4631,9.176911111
Q255285,Pázmány Péter Catholic University,universities,http://commons.wikimedia.org/wiki/Special:FilePath/Budapest%20P%C3%A1zm%C3%A1ny%20P%C3%A9ter%20Egyetem%20Szentkir%C3%A1lyi%20utca.jpg,Hungary,https://en.wikipedia.org/wiki/P%C3%A1zm%C3%A1ny_P%C3%A9ter_Catholic_University,47.491651055,19.065862527
Q314684,Mittelhessen University of Applied Sciences,universities,http://commons.wikimedia.org/wiki/Special:FilePath/Neue%20mensa%20thm.jpg,Germany,https://en.wikipedia.org/wiki/University_of_Applied_Sciences_Mittelhessen,50.586944444,8.683055555
Q333886,Georgetown University,universities,http://commons.wikimedia.org/wiki/Special:FilePath/Healy%20Hall%20Georgetown%20University.jpg,United States,https://en.wikipedia.org/wiki/Georgetown_University,38.907222222,-77.072777777
Q378134,UCLouvain,universities,http://commons.wikimedia.org/wiki/Special:FilePath/Belgique%20-%20Brabant%20wallon%20-%20Halles%20universitaires%20de%20Louvain-la-Neuve%20-%2001.jpg,Belgium,https://en.wikipedia.org/wiki/UCLouvain,50.669687,4.615591
Q468553,Deggendorf Institute of Technology,universities,http://commons.wikimedia.org/wiki/Special:FilePath/FH-Deggendorf-Campus.JPG,Germany,https://en.wikipedia.org/wiki/Deggendorf_Institute_of_Technology,48.829722,12.954722
Q495014,Universidad La Salle,universities,http://commons.wikimedia.org/wiki/Special:FilePath/Murayl%20y%20tempusfugit.jpg,Mexico,https://en.wikipedia.org/wiki/Universidad_La_Salle_M%C3%A9xico,19.4076,-99.1822
Q495225,University of Alcalá,universities,http://commons.wikimedia.org/wiki/Special:FilePath/Alcal%C3%A1%20de%20Henares%20-%20Colegio%20Mayor%20de%20San%20Ildefonso%2001.jpg,Spain,https://en.wikipedia.org/wiki/University_of_Alcal%C3%A1_(1499%E2%80%931836),40.482898055,-3.363215
Q513658,University of Portland,universities,http://commons.wikimedia.org/wiki/Special:FilePath/University%20of%20Portland%20entrance%20sign.JPG,United States,https://en.wikipedia.org/wiki/University_of_Portland,45.5725,-122.727222222
Q595668,Tilburg University,universities,http://commons.wikimedia.org/wiki/Special:FilePath/Tilburg%20University.JPG,Netherlands,https://en.wikipedia.org/wiki/Tilburg_University,51.562777777,5.041944444
Q615873,Seattle University,universities,http://commons.wikimedia.org/wiki/Special:FilePath/Seattle%20University%2C%20October%202022%20-%20206.jpg,United States,https://en.wikipedia.org/wiki/Seattle_University,47.61007,-122.319
Q644789,Catholic University of Leuven,universities,http://commons.wikimedia.org/wiki/Special:FilePath/Castle%20Arenberg%2C%20Katholieke%20Universiteit%20Leuven%20adj.jpg,Belgium,https://en.wikipedia.org/wiki/Catholic_University_of_Leuven_(1834%E2%80%931968),50.877861111,4.700638888
Q685664,Fu Jen Catholic University,universities,http://commons.wikimedia.org/wiki/Special:FilePath/FJU%20Gate01.jpg,Taiwan,https://en.wikipedia.org/wiki/Fu_Jen_Catholic_University,25.035833333,121.433055555
Q777323,Aurora University,universities,http://commons.wikimedia.org/wiki/Special:FilePath/1940%20in%20Shanghai%20-%20Universit%C3%A9%20l%27Aurore.jpg,People's Republic of China,https://en.wikipedia.org/wiki/Aurora_University_(Shanghai),31.1419,121.4433
Q875138,HTW Berlin,universities,http://commons.wikimedia.org/wiki/Special:FilePath/FHTW.jpg,Germany,https://en.wikipedia.org/wiki/HTW_Berlin,52.49305556,13.52583333
Q1109239,Collegium Liborianum,universities,http://commons.wikimedia.org/wiki/Special:FilePath/1925-Liborianum.jpg,Germany,,51.721,8.75848
Q1109249,Collegium Ludgerianum,universities,http://commons.wikimedia.org/wiki/Special:FilePath/Collegium%20Ludgerianum%20Domplatz%20M%C3%BCnster%20Westfalen-2.jpg,Germany,,51.9625,7.62363
Q1416348,Norwegian Institute of Technology,universities,http://commons.wikimedia.org/wiki/Special:FilePath/Hovedbygget%20ntnu.jpg,Norway,https://en.wikipedia.org/wiki/Norwegian_Institute_of_Technology,63.419444444,10.4025
Q1698885,Johanneum,universities,http://commons.wikimedia.org/wiki/Special:FilePath/Johanneum-Westansicht-Pausenhof.JPG,Italy,,46.69338226,11.16090488
Q1864590,St. Joseph Minor Seminary,universities,http://commons.wikimedia.org/wiki/Special:FilePath/Sint-Niklaas%20-%20Sint-Jozef-Klein-Seminarie%201.jpg,Belgium,https://en.wikipedia.org/wiki/St._Joseph_Minor_Seminary,51.166617,4.140189
Q2237527,Berthoutinstituut Klein Seminarie,universities,http://commons.wikimedia.org/wiki/Special:FilePath/Mechelen%20Berthoutinstituut%20Klein%20Seminarie%20Mechelen%209-06-2012%2015-36-02.jpg,Belgium,,51.02794,4.486516
Q3377282,Séminaire de Belley,universities,http://commons.wikimedia.org/wiki/Special:FilePath/Petit%20s%C3%A9minaire%20de%20Belley%20%28septembre%202019%29.jpg,France,,45.7568,5.69133
Q5589041,"Government Polytechnic, Pune",universities,http://commons.wikimedia.org/wiki/Special:FilePath/Old%20building%20of%20Govt.%20Polytechnic%2C%20Pune.jpg,India,,18.53883635,73.831950809
Q5838995,Escuela Politécnica de Cuenca,universities,http://commons.wikimedia.org/wiki/Special:FilePath/Eupc-uclm%20copia.jpg,Spain,,40.079831863,-2.147549405
Q5939790,Humber Polytechnic,universities,http://commons.wikimedia.org/wiki/Special:FilePath/Humber%20College%20logo.svg,Canada,https://en.wikipedia.org/wiki/Humber_Polytechnic,43.729444444,-79.609166666
Q7178379,Petit Seminaire Higher Secondary School,universities,http://commons.wikimedia.org/wiki/Special:FilePath/Petit%20logo.jpg,India,https://en.wikipedia.org/wiki/Petit_Seminaire_Higher_Secondary_School,11.93336667,79.82948333
Q7314413,Republic Polytechnic,universities,http://commons.wikimedia.org/wiki/Special:FilePath/Republic%20Polytechnic%20Logo.jpg,Singapore,https://en.wikipedia.org/wiki/Republic_Polytechnic,1.44472222,103.78508333
Q7378040,Rufus Giwa Polytechnic,universities,http://commons.wikimedia.org/wiki/Special:FilePath/TETfund%20building%2C%20Rufus%20Giwa%20Polytechnic%2C%20Owo%2C%20Ondo%20state.jpg,Nigeria,https://en.wikipedia.org/wiki/Rufus_Giwa_Polytechnic,7.229122,5.553859
Q7449465,Seminario de Lima,universities,http://commons.wikimedia.org/wiki/Special:FilePath/SeminarioStoToribio0001.JPG,Peru,https://en.wikipedia.org/wiki/Seminario_de_Lima,-12.0835,-77.0679
Q7450279,Seneca Polytechnic,universities,http://commons.wikimedia.org/wiki/Special:FilePath/Seneca%20CITE%20Building%20K%20-%20front%20exterior%20view.jpg,Canada,https://en.wikipedia.org/wiki/Seneca_Polytechnic,43.79395,-79.349047222
Q7981425,Wellington Institute of Technology,universities,http://commons.wikimedia.org/wiki/Special:FilePath/Petone-Campus.jpg,New Zealand,https://en.wikipedia.org/wiki/Wellington_Institute_of_Technology,-41.224,174.8842
Q8046341,Yaba College of Technology,universities,http://commons.wikimedia.org/wiki/Special:FilePath/Mechanical%20workshop%2C%20Yabatech.jpg,Nigeria,https://en.wikipedia.org/wiki/Yaba_College_of_Technology,6.617194444,3.32
Q9386786,Q9386786,universities,http://commons.wikimedia.org/wiki/Special:FilePath/Wa%C5%82brzych%2C%20Zamiejscowy%20O%C5%9Brodek%20Dydaktyczny%20Politechniki%20Wroc%C5%82awskiej%20w%20Wa%C5%82brzychu%20Biurowiec%20huty%20Karol%20-%20fotopolska.eu%20%28140461%29.jpg,Poland,,50.792455075,16.288064102
Q12506009,Aceh Polytechnic,universities,http://commons.wikimedia.org/wiki/Special:FilePath/Program%20Pendidikan%20Tinggi%20USAID%3B%20USAID%20Higher%20Education%20Program%20%284324296173%29.jpg,Indonesia,,5.5355071,95.3439112
Q12506027,Politeknik Negeri Jember,universities,http://commons.wikimedia.org/wiki/Special:FilePath/Jurusan%20Teknologi%20Informasi%20Politeknik%20Jember.jpg,Indonesia,,-8.1598,113.723057
Q12506025,Politeknik Negeri Batam,universities,http://commons.wikimedia.org/wiki/Special:FilePath/Batam%20State%20Polytechnic.jpg,Indonesia,,1.11869,104.048442
Q12506031,State Polytechnic of Medan,universities,http://commons.wikimedia.org/wiki/Special:FilePath/Politeknik%20Negeri%20Medan.jpg,Indonesia,,3.56296,98.655806
Q12506028,Polytechnic of Lampung State,universities,http://commons.wikimedia.org/wiki/Special:FilePath/POLINELA.jpg,Indonesia,,-5.358368,105.232949
Q12506035,Politeknik Negeri Semarang,universities,http://commons.wikimedia.org/wiki/Special:FilePath/Politeknik%20Negeri%20Semarang.jpg,Indonesia,,-7.051887,110.435324
Q12506032,State Polytechnic of Creative Media,universities,http://commons.wikimedia.org/wiki/Special:FilePath/Gerbang%20Politeknik%20Negeri%20Media%20Kreatif%20Kampus%20Jakarta.jpg,Indonesia,,3.620461,98.660532
Q12506033,Samarinda State Polytechnic,universities,http://commons.wikimedia.org/wiki/Special:FilePath/Gedung%20di%20Politeknik%20Negeri%20Samarinda.jpg,Indonesia,,-0.53404,117.12476
Q12506038,Politeknik Pertanian Negeri Payakumbuh,universities,http://commons.wikimedia.org/wiki/Special:FilePath/Direkturat%20Politeknik%20Pertanian%20Negeri%20Payakumbuh%2001.jpg,Indonesia,,-0.169276,100.664682
Q12506037,Politeknik Pertanian Negeri Kupang,universities,http://commons.wikimedia.org/wiki/Special:FilePath/PPNK-004.jpg,Indonesia,,-0.169142,100.664465
Q12513092,Politeknik Statistika STIS,universities,http://commons.wikimedia.org/wiki/Special:FilePath/Politeknik%20Statistika%20STIS%20di%20Otto%20Iskandar%20Dinata%2064C%2C%20Jakarta%20Timur.jpg,Indonesia,,-6.231406,106.867645
Q13405291,Jakarta State Polytechnic,universities,http://commons.wikimedia.org/wiki/Special:FilePath/GSG%20PNJ.jpg,Indonesia,https://en.wikipedia.org/wiki/Jakarta_State_Polytechnic,-6.371551,106.824218
Q15952952,Petit Séminaire de Consolation,universities,http://commons.wikimedia.org/wiki/Special:FilePath/Consolation%2C%20vue%20g%C3%A9n%C3%A9rale%20du%20monast%C3%A8re.jpg,France,,47.1581,6.6064
Q16134102,"Thiagarajar Polytechnic College, Alagappanagar",universities,http://commons.wikimedia.org/wiki/Special:FilePath/Thiagarajaar%20polytechnic%20alagappanagr.jpg,India,"https://en.wikipedia.org/wiki/Thiagarajar_Polytechnic_College,_Alagappanagar",10.43312,76.27048
Q16138286,Petit séminaire de Meximieux,universities,http://commons.wikimedia.org/wiki/Special:FilePath/Mairie%20de%20Meximieux%20-%202.JPG,France,,45.9051,5.196
Q17109158,Moshood Abiola Polytechnic,universities,http://commons.wikimedia.org/wiki/Special:FilePath/Moshood%20Abiola%20Polytechnic%20entrance%20gate%2C%20Abeokuta%2C%20Ogun%20state.jpg,Nigeria,https://en.wikipedia.org/wiki/Moshood_Abiola_Polytechnic,7.1010567,3.3296175
Q17651443,Pontifical Minor Roman Seminary,universities,http://commons.wikimedia.org/wiki/Special:FilePath/Roma%2C%20Pontificio%20Seminario%20Romano%20Minore%20-%20Esterno.jpg,Italy,,41.90145493,12.4450779
Q17929150,Auchi Polytechnic,universities,http://commons.wikimedia.org/wiki/Special:FilePath/Auchi%20Polytechnic%20Administrative%20Building.jpg,Nigeria,https://en.wikipedia.org/wiki/Auchi_Polytechnic,7.0465,6.2701
Q17929246,"The Polytechnic, Ibadan",universities,http://commons.wikimedia.org/wiki/Special:FilePath/The%20Polytechnic%20Ibadan%20Central%20library.jpg,Nigeria,"https://en.wikipedia.org/wiki/The_Polytechnic,_Ibadan",7.45472,3.84972
Q18505569,former seminary of Verona,universities,http://commons.wikimedia.org/wiki/Special:FilePath/Ex%20seminario%20minore%20di%20Verona%2003.jpg,Italy,,45.43983,10.92713
Q19730996,Poltekkes Kemenkes Padang,universities,http://commons.wikimedia.org/wiki/Special:FilePath/Gedung%20Direktorat%20Poltekkes%20Kemenkes%20Padang.jpg,Indonesia,,-0.898833333,100.374694444
Q19747206,Politeknik Piksi Ganesha Indonesia,universities,http://commons.wikimedia.org/wiki/Special:FilePath/Kampus%20ungu%20kebumen.jpg,Indonesia,,-7.665888888,109.657944444
Q21015700,Falakata Polytechnic,universities,http://commons.wikimedia.org/wiki/Special:FilePath/Falakata%20Polytechnic.JPG,India,,26.5416447,89.1774477
Q22942582,Hôtel de la Petite Bourdaisière,universities,http://commons.wikimedia.org/wiki/Special:FilePath/Petite%20Bourdaisi%C3%A8re%20%28Tours%29.jpg,France,,47.394001,0.696661
Q22997679,Petit séminaire de Saint-Pé-de-Bigorre,universities,http://commons.wikimedia.org/wiki/Special:FilePath/Saint-P%C3%A9-de-Bigorre%20-65-%20institution%20Saint-Pierre%20photo%20n%C2%B044.JPG,France,,43.103909,-0.160203
Q24590304,"Federal Polytechnic, Nekede",universities,http://commons.wikimedia.org/wiki/Special:FilePath/FEDERAL%20POLYTECHNIC%20NEKEDE%20OWERRI%20front%20gate.jpg,Nigeria,"https://en.wikipedia.org/wiki/Federal_Polytechnic,_Nekede",5.43193191,7.029125681
Q24590309,Hassan Usman Katsina Polytechnic,universities,http://commons.wikimedia.org/wiki/Special:FilePath/Hassan%20usman%20katsina%20polytechnic%2013.jpg,Nigeria,https://en.wikipedia.org/wiki/Hassan_Usman_Katsina_Polytechnic,12.927015339,7.600478753
Q25632268,Övörkhangai Province Polytechnic College,universities,http://commons.wikimedia.org/wiki/Special:FilePath/%D3%A8%D0%B2%D3%A9%D1%80%D1%85%D0%B0%D0%BD%D0%B3%D0%B0%D0%B9%20%D0%9F%D0%9A.jpg,Mongolia,,46.257388888,102.781222222
Q28401916,Kano State Polytechnic,universities,http://commons.wikimedia.org/wiki/Special:FilePath/Kano%20State%20Polytechnic.jpg,Nigeria,https://en.wikipedia.org/wiki/Kano_State_Polytechnic,11.978514571,8.48997022
Q28450645,"Cristo Rey Polytechnic Institute, Valladolid",universities,http://commons.wikimedia.org/wiki/Special:FilePath/Valladolid%20Panoramic%20View%2023.jpg,Spain,https://en.wikipedia.org/wiki/Cristo_Rey_Polytechnic_Institute,41.660222792,-4.745366267
Q29033704,Petit séminaire Saint-Gildas,universities,http://commons.wikimedia.org/wiki/Special:FilePath/Saint%20gildas%20fa%C3%A7ade%20int%C3%A9rieure%20et%20porte%20d%27entr%C3%A9e.jpg,France,,46.16224,4.16883
Q56173858,Ivanovo State Polytechnic University,universities,http://commons.wikimedia.org/wiki/Special:FilePath/Ivgpuofficialphoto.jpg,Russia,https://en.wikipedia.org/wiki/Ivanovo_State_Polytechnic_University,57.009849,40.979844
Q61801015,Carmel Polytechnic College Alappuzha,universities,http://commons.wikimedia.org/wiki/Special:FilePath/Carmel%20Polytechnic%20College%2C%20Alappuzha.jpg,India,,9.437259498,76.343979166
Q66901074,Petit séminaire de Pont-Croix,universities,http://commons.wikimedia.org/wiki/Special:FilePath/Le%20petit%20s%C3%A9minaire%20de%20Pont-Croix%20vers%201910.jpg,France,,48.041743,-4.488601
Q105697783,minor seminary of La Chapelle-Saint-Mesmin,universities,http://commons.wikimedia.org/wiki/Special:FilePath/La%20Chapelle-Saint-Mesmin%20r%C3%A9sidence%20Paul%20Gauguin%201.jpg,France,,47.8822,1.839
Q112747759,Petit séminaire de Plouguernével,universities,http://commons.wikimedia.org/wiki/Special:FilePath/Plouguern%C3%A9vel%20-%20h%C3%B4pital.JPG,France,,48.2399,-3.2522
Q113463044,Q113463044,universities,http://commons.wikimedia.org/wiki/Special:FilePath/Couvent%20des%20Ursulines%20%282%29%20-%20Gu%C3%A9rande.jpg,France,,47.3242,-2.42042
Q113463050,Q113463050,universities,http://commons.wikimedia.org/wiki/Special:FilePath/BOUGUENAIS%20LES%20COUETS.jpg,France,,47.18108,-1.58669
Q124463683,Convento dei Paolotti,universities,http://commons.wikimedia.org/wiki/Special:FilePath/SeminarioConversano.jpg,Italy,,40.970121098,17.116162776
Q8618,Catholic University of Lyon,universities,http://commons.wikimedia.org/wiki/Special:FilePath/Lyon%202e%20-%20Place%20des%20Archives%20-%20Campus%20Saint-Paul%20de%20l%27UCLy%20%2813%29.jpg,France,https://en.wikipedia.org/wiki/Catholic_University_of_Lyon,45.75138889,4.82694444
Q28368,University CEU Cardenal Herrera,universities,http://commons.wikimedia.org/wiki/Special:FilePath/SemiMetroValencia.JPG,Spain,https://en.wikipedia.org/wiki/CEU_Cardinal_Herrera_University,39.55,-0.4
Q32821,CEU San Pablo University,universities,http://commons.wikimedia.org/wiki/Special:FilePath/Universiada%20San%20Pablo%20CEU.jpg,Spain,https://en.wikipedia.org/wiki/Universidad_CEU_San_Pablo,40.442972222,-3.716333333
Q54166,TH Köln – University of Applied Sciences,universities,http://commons.wikimedia.org/wiki/Special:FilePath/Altbau%20Campus%20Deutz%20TH%20K%C3%B6ln%2C%20Bauingenieurwesen%20und%20Architektur%20-%207343.jpg,Germany,https://en.wikipedia.org/wiki/Cologne_University_of_Applied_Sciences,50.9407,6.95991
Q113788,Kazan Federal University,universities,http://commons.wikimedia.org/wiki/Special:FilePath/Kazan%20State%20University%20from%20the%202%20Korpus.jpg,Russia,https://en.wikipedia.org/wiki/Kazan_Federal_University,55.79075,49.121911111
Q144242,Prussian Military Academy,universities,http://commons.wikimedia.org/wiki/Special:FilePath/Berlin%20Kriegsakademie%20Fassade%20Unter%20den%20Linden.jpg,Kingdom of Prussia,https://en.wikipedia.org/wiki/Prussian_Staff_College,52.51759722,13.38125833
Q158158,TU Dresden,universities,http://commons.wikimedia.org/wiki/Special:FilePath/TU-Dresden-Georg-Schumann-Bau.jpg,Germany,https://en.wikipedia.org/wiki/TU_Dresden,51.028055555,13.726666666
Q159630,Chemnitz University of Technology,universities,http://commons.wikimedia.org/wiki/Special:FilePath/Chemnitz-TU-StraNa.jpg,Germany,https://en.wikipedia.org/wiki/Chemnitz_University_of_Technology,50.83917,12.9275
Q182118,National Research University of Electronic Technology,universities,http://commons.wikimedia.org/wiki/Special:FilePath/Zelenograd%20-%20MIET.jpg,Russia,https://en.wikipedia.org/wiki/National_Research_University_of_Electronic_Technology,55.98333306,37.20833306
Q201492,McGill University,universities,http://commons.wikimedia.org/wiki/Special:FilePath/Arts%20Building%2C%20McGill%20University%2C%20Aug%2031%202022.jpg,Canada,https://en.wikipedia.org/wiki/McGill_University,45.505,-73.5775
Q216273,University of St Andrews,universities,http://commons.wikimedia.org/wiki/Special:FilePath/St%20Andrews%20University%20Classics%20Building.jpg,United Kingdom,https://en.wikipedia.org/wiki/University_of_St_Andrews,56.341214,-2.793011
Q224514,Hochschule Hannover,universities,http://commons.wikimedia.org/wiki/Special:FilePath/FH%20Hannover%20Eingang.jpg,Germany,https://en.wikipedia.org/wiki/Hanover_University_of_Applied_Sciences_and_Arts,52.35317,9.72249
Q248702,Hochschule für Gestaltung Schwäbisch Gmünd,universities,http://commons.wikimedia.org/wiki/Special:FilePath/HfG%20Gm%C3%BCnd.jpeg,Germany,https://en.wikipedia.org/wiki/Hochschule_f%C3%BCr_Gestaltung_Schw%C3%A4bisch_Gm%C3%BCnd,48.793244,9.793727
Q273570,École des chartes,universities,http://commons.wikimedia.org/wiki/Special:FilePath/Ecole%20des%20Chartes%2C%20entree.jpg,France,https://en.wikipedia.org/wiki/%C3%89cole_Nationale_des_Chartes,48.867298611,2.33761
Q273619,Polytechnic School of Montreal,universities,http://commons.wikimedia.org/wiki/Special:FilePath/%C3%89cole%20Polytechnique%20de%20Montr%C3%A9al.jpg,Canada,https://en.wikipedia.org/wiki/Polytechnique_Montr%C3%A9al,45.505,-73.6125
Q273631,École pratique des hautes études,universities,http://commons.wikimedia.org/wiki/Special:FilePath/Biblioth%C3%A8que%20de%20l%E2%80%99EPHE%2C%20Coll%C3%A8ge%20Sainte%20Barbe%2C%20Paris%2C%20France.jpg,France,https://en.wikipedia.org/wiki/%C3%89cole_pratique_des_hautes_%C3%A9tudes,48.8311,2.34
Q284992,Darmstadt University of Applied Sciences,universities,http://commons.wikimedia.org/wiki/Special:FilePath/Einfahrt%20zum%20Campus%20Dieburg%20der%20h%20da.jpg,Germany,https://en.wikipedia.org/wiki/Darmstadt_University_of_Applied_Sciences,49.867416666,8.638111111
Q288006,Université TÉLUQ,universities,http://commons.wikimedia.org/wiki/Special:FilePath/T%C3%89LUQ%20panorama.jpg,Canada,https://en.wikipedia.org/wiki/Universit%C3%A9_T%C3%89LUQ,46.8139,-71.2229
Q314089,Munich University of Applied Sciences,universities,http://commons.wikimedia.org/wiki/Special:FilePath/Roter%20W%C3%BCrfel.jpg,Germany,https://en.wikipedia.org/wiki/Munich_University_of_Applied_Sciences,48.153432,11.552752
Q314305,Witten/Herdecke University,universities,http://commons.wikimedia.org/wiki/Special:FilePath/UniWitten%20aussen%20Front1.jpg,Germany,https://en.wikipedia.org/wiki/Witten/Herdecke_University,51.45227,7.35729
Q315658,University of Wrocław,universities,http://commons.wikimedia.org/wiki/Special:FilePath/Wroclaw-%20Uniwersytet%20i%20Kosciol%20Uniwersytecki.jpg,Poland,https://en.wikipedia.org/wiki/University_of_Wroc%C5%82aw,51.113611111,17.033333333
Q317125,Reutlingen University,universities,http://commons.wikimedia.org/wiki/Special:FilePath/Reutlingen%20Hochschule%20Fahnen.jpg,Germany,https://en.wikipedia.org/wiki/Reutlingen_University,48.482611111,9.187194444
Q321369,Mannheim Technical University of Applied Sciences,universities,http://commons.wikimedia.org/wiki/Special:FilePath/Hochschule%20Mannheim-04.JPG,Germany,https://en.wikipedia.org/wiki/Mannheim_University_of_Applied_Sciences,49.469555555,8.482208333
Q322668,German-Jordanian University,universities,http://commons.wikimedia.org/wiki/Special:FilePath/GermanUnv%20HDR-MR-23.jpg,Jordan,https://en.wikipedia.org/wiki/German_Jordanian_University,32.02555556,35.87722222
Q322886,Hochschule Düsseldorf,universities,http://commons.wikimedia.org/wiki/Special:FilePath/Fachhochschule%20in%20Duesseldorf-Golzheim%2C%20von%20Suedwesten.jpg,Germany,https://en.wikipedia.org/wiki/D%C3%BCsseldorf_University_of_Applied_Sciences,51.247388888,6.791361111
Q322964,Moscow State Institute of International Relations,universities,http://commons.wikimedia.org/wiki/Special:FilePath/MGIMO-University-main%20building.jpg,Russia,https://en.wikipedia.org/wiki/Moscow_State_Institute_of_International_Relations,55.67165,37.49021
Q323681,Herzen University,universities,http://commons.wikimedia.org/wiki/Special:FilePath/Herzen%20State%20Pedagogical%20University%20of%20Russia%2C%20main%20building%20at%20winter%20evening.JPG,Russia,https://en.wikipedia.org/wiki/Herzen_University,59.93388889,30.31944444
Q326342,Concordia University,universities,http://commons.wikimedia.org/wiki/Special:FilePath/JMSB.jpg,Canada,https://en.wikipedia.org/wiki/Concordia_University,45.496944444,-73.578055555
Q327693,Heilbronn University of Applied Sciences,universities,http://commons.wikimedia.org/wiki/Special:FilePath/Hochschule%20Heilbronn%20mit%20Know%20Cube.jpg,Germany,https://en.wikipedia.org/wiki/Heilbronn_University_of_Applied_Sciences,49.12194444,9.21111111
Q328274,Flensburg University of Applied Sciences,universities,http://commons.wikimedia.org/wiki/Special:FilePath/Flensburg%20Sandberg-3.jpg,Germany,https://en.wikipedia.org/wiki/Flensburg_University_of_Applied_Sciences,54.774861111,9.450555555
Q328423,Omar Al-Mukhtar University,universities,http://commons.wikimedia.org/wiki/Special:FilePath/Faculty%20of%20Agriculture%2C%20Al%20Bayda.jpg,Libya,https://en.wikipedia.org/wiki/Omar_Al-Mukhtar_University,32.758297,21.712172
Q332342,Trinity College,universities,http://commons.wikimedia.org/wiki/Special:FilePath/Cmglee%20Cambridge%20Trinity%20College%20Great%20Court.jpg,United Kingdom,"https://en.wikipedia.org/wiki/Trinity_College,_Cambridge",52.206944444,0.116944444
Q333705,Technion – Israel Institute of Technology,universities,http://commons.wikimedia.org/wiki/Special:FilePath/Technion%20%E2%80%93%20Israel%20Institute%20of%20Technology19.jpg,Israel,https://en.wikipedia.org/wiki/Technion_%E2%80%93_Israel_Institute_of_Technology,32.7775,35.021666666
Q335924,Kagoshima University,universities,http://commons.wikimedia.org/wiki/Special:FilePath/Kagoshima%20University%20Central%20library.jpg,Japan,https://en.wikipedia.org/wiki/Kagoshima_University,31.57180833,130.54521667
Q336264,Kyoto University,universities,http://commons.wikimedia.org/wiki/Special:FilePath/Kyoto%20University%20Clock%20Tower.jpg,Japan,https://en.wikipedia.org/wiki/Kyoto_University,35.026212,135.780842
Q337382,Acadia University,universities,http://commons.wikimedia.org/wiki/Special:FilePath/Acadia%20University%201.jpg,Canada,https://en.wikipedia.org/wiki/Acadia_University,45.087777777,-64.366111111
Q338505,Accademia di Belle Arti di Venezia,universities,http://commons.wikimedia.org/wiki/Special:FilePath/Venezia%20-%20Casa%20degli%20Incurabili.jpg,Italy,https://en.wikipedia.org/wiki/Accademia_di_Belle_Arti_di_Venezia,45.4286,12.3305
Q338514,Accadis Business School Bad Homburg,universities,http://commons.wikimedia.org/wiki/Special:FilePath/Campus%20accadis%20Bad%20Homburg.jpg,Germany,,50.2127,8.6504
Q339314,Copperbelt University,universities,http://commons.wikimedia.org/wiki/Special:FilePath/ZM-Copperbelt-University.JPG,Zambia,https://en.wikipedia.org/wiki/Copperbelt_University,-12.80555556,28.24027778
Q339482,University of Oñati,universities,http://commons.wikimedia.org/wiki/Special:FilePath/O%C3%B1ate%20-%20Universidad%2012.jpg,Spain,https://en.wikipedia.org/wiki/University_of_O%C3%B1ati,43.033968269,-2.415359592
Q348402,Adam Mickiewicz University in Poznań,universities,http://commons.wikimedia.org/wiki/Special:FilePath/Poznan%2010-2013%20img06%20University.jpg,Poland,https://en.wikipedia.org/wiki/Adam_Mickiewicz_University_in_Pozna%C5%84,52.4047,16.9155
Q348791,Admiral Makarov National University of Shipbuilding,universities,http://commons.wikimedia.org/wiki/Special:FilePath/View%20from%205floor.JPG,Ukraine,https://en.wikipedia.org/wiki/Admiral_Makarov_National_University_of_Shipbuilding,46.987908,32.002316
Q351971,Adams State University,universities,http://commons.wikimedia.org/wiki/Special:FilePath/The%20President%27s%20House%20at%20Adams%20State%20University%2C%20founded%20in%201921%20as%20a%20%22normal%20school%22%20%28or%20teachers%27%20college%29%20in%20Alamosa%2C%20Colorado%20LCCN2015632582.tif,United States,https://en.wikipedia.org/wiki/Adams_State_University,37.471231,-105.879536
Q366071,University of Zielona Góra,universities,http://commons.wikimedia.org/wiki/Special:FilePath/Zielona%20G%C3%B3ra%2C%20ul.%20Licealna%209%20%28rektorat%20UZ%29.jpg,Poland,https://en.wikipedia.org/wiki/University_of_Zielona_G%C3%B3ra,51.93638889,15.50694444
Q367774,Oklahoma Baptist University,universities,http://commons.wikimedia.org/wiki/Special:FilePath/Bailey%20Business%20Center%2C%20Oklahoma%20Baptist%20University.jpg,United States,https://en.wikipedia.org/wiki/Oklahoma_Baptist_University,35.3597,-96.9308
Q368820,San Pietro a Majella Conservatory of Music,universities,http://commons.wikimedia.org/wiki/Special:FilePath/NapoliConservatorioSanPietroAMaiellaTarga.jpg,Italy,https://en.wikipedia.org/wiki/Conservatorio_di_San_Pietro_a_Majella,40.84944444,14.2525
Q368998,University of Trnava,universities,http://commons.wikimedia.org/wiki/Special:FilePath/A%20Nagyszombati%20Egyetem.jpg,Kingdom of Hungary,,48.383333333,17.583333333
Q369333,Seikei University,universities,http://commons.wikimedia.org/wiki/Special:FilePath/Seikei%20Gakuen%20Main%20Building.jpg,Japan,https://en.wikipedia.org/wiki/Seikei_University,35.71123,139.573145
Q370968,New Bulgarian University,universities,http://commons.wikimedia.org/wiki/Special:FilePath/NBU%20-%20Opening%20academic%20year%202015-2016.png,Bulgaria,https://en.wikipedia.org/wiki/New_Bulgarian_University,42.6775,23.253055555
Q371522,University of Gothenburg,universities,http://commons.wikimedia.org/wiki/Special:FilePath/G%C3%B6teborgs%20universitet%20-%20huvudbyggnaden.jpg,Sweden,https://en.wikipedia.org/wiki/University_of_Gothenburg,57.698333333,11.971666666
Q372529,Royal and Pontifical University of Mexico,universities,http://commons.wikimedia.org/wiki/Special:FilePath/Placa%20relativa%20a%20la%20Real%20y%20Pontificia%20Universidad%20de%20M%C3%A9xico.JPG,Mexico,https://en.wikipedia.org/wiki/Royal_and_Pontifical_University_of_Mexico,19.433718,-99.131779
Q373642,Kazakh-German University,universities,http://commons.wikimedia.org/wiki/Special:FilePath/%D0%9A%D0%B0%D0%B7%D0%B0%D1%85%D1%81%D1%82%D0%B0%D0%BD%D1%81%D0%BA%D0%BE-%D0%9D%D0%B5%D0%BC%D0%B5%D1%86%D0%BA%D0%B8%D0%B9%20%D1%83%D0%BD%D0%B8%D0%B2%D0%B5%D1%80%D1%81%D0%B8%D1%82%D0%B5%D1%82.jpg,Kazakhstan,,43.249,76.9541
Q377757,Rhodes University,universities,http://commons.wikimedia.org/wiki/Special:FilePath/RhodesUnivMain2018.jpg,South Africa,https://en.wikipedia.org/wiki/Rhodes_University,-33.313611111,26.519722222
Q378014,University of al-Qarawiyyin,universities,http://commons.wikimedia.org/wiki/Special:FilePath/University%20of%20Al%20Qaraouiyine.jpg,Morocco,https://en.wikipedia.org/wiki/University_of_al-Qarawiyyin,34.064444444,-4.973333333
Q382711,Sanyo-Onoda City University,universities,http://commons.wikimedia.org/wiki/Special:FilePath/Tokyo%20University%20of%20Science%2C%20Yamaguchi%2001.jpg,Japan,https://en.wikipedia.org/wiki/Sanyo-Onoda_City_University,33.9569,131.188
Q386203,Ōtani University,universities,http://commons.wikimedia.org/wiki/Special:FilePath/Otani%20University.jpg,Japan,https://en.wikipedia.org/wiki/%C5%8Ctani_University,35.042949,135.758124
Q389852,Vilnius Gediminas Technical University,universities,http://commons.wikimedia.org/wiki/Special:FilePath/Mechanikos%20ir%20transporto%20in%C5%BEinerijos%20fakultetai%2C%20VGTU.JPG,Lithuania,https://en.wikipedia.org/wiki/Vilnius_Gediminas_Technical_University,54.722222222,25.335833333
Q390087,Xavier University of Louisiana,universities,http://commons.wikimedia.org/wiki/Special:FilePath/Xavier%20University%20NOLA.jpg,United States,https://en.wikipedia.org/wiki/Xavier_University_of_Louisiana,29.9652,-90.107
Q391028,University of British Columbia,universities,http://commons.wikimedia.org/wiki/Special:FilePath/Irving%20K.%20Barber%20Library.jpg,Canada,https://en.wikipedia.org/wiki/University_of_British_Columbia,49.264722222,-123.252777777
Q391150,Henan University,universities,http://commons.wikimedia.org/wiki/Special:FilePath/Auditorium%20of%20Henan%20University.jpg,People's Republic of China,https://en.wikipedia.org/wiki/Henan_University,34.81272222,114.36369444
Q391945,Škoda Auto University,universities,http://commons.wikimedia.org/wiki/Special:FilePath/Vzdelavaci%20centrum%20Na%20Karmeli.jpg,Czech Republic,https://en.wikipedia.org/wiki/%C5%A0koda_Auto_University,50.415608,14.902481
Q392189,Université de Montréal,universities,http://commons.wikimedia.org/wiki/Special:FilePath/Universit%C3%A9%20de%20Montr%C3%A9al%2C%20Pavillon%20Roger-Gaudry.JPG,Canada,https://en.wikipedia.org/wiki/Universit%C3%A9_de_Montr%C3%A9al,45.50414,-73.61433
Q392667,Wake Forest University,universities,http://commons.wikimedia.org/wiki/Special:FilePath/UpperQuad%20ACB.jpg,United States,https://en.wikipedia.org/wiki/Wake_Forest_University,36.135,-80.277
Q392774,University for Peace,universities,http://commons.wikimedia.org/wiki/Special:FilePath/UPEACE-campus.jpg,Costa Rica,https://en.wikipedia.org/wiki/University_for_Peace,9.919444444,-84.272777777
Q400422,Saratov State University,universities,http://commons.wikimedia.org/wiki/Special:FilePath/Univer%20saratov.JPG,Russia,https://en.wikipedia.org/wiki/Saratov_State_University,51.538828,46.010245
Q402829,Saint Vladimir's Orthodox Theological Seminary,universities,http://commons.wikimedia.org/wiki/Special:FilePath/St.%20Vladimir%27s%20Seminary%2C%20Three%20Hierarchs%20Chapel.jpg,United States,https://en.wikipedia.org/wiki/Saint_Vladimir%27s_Orthodox_Theological_Seminary,40.9697,-73.8239
Q405304,Nayoro City University,universities,http://commons.wikimedia.org/wiki/Special:FilePath/Nayoro-City-University%20Building.jpg,Japan,https://en.wikipedia.org/wiki/Nayoro_City_University,44.3644,142.4611
Q406402,University of Mumbai,universities,http://commons.wikimedia.org/wiki/Special:FilePath/Mumbai%20University%20Buildings%2015.jpg,India,https://en.wikipedia.org/wiki/University_of_Mumbai,19.070080555,72.855977777
Q413829,Józef Piłsudski University of Physical Education in Warsaw,universities,http://commons.wikimedia.org/wiki/Special:FilePath/Budynek%20g%C5%82%C3%B3wny%20AWF%20Warszawa.JPG,Poland,"https://en.wikipedia.org/wiki/J%C3%B3zef_Pi%C5%82sudski_University_of_Physical_Education,_Warsaw",52.28527778,20.95444444
Q414219,Academy of Fine Arts Vienna,universities,http://commons.wikimedia.org/wiki/Special:FilePath/Akademie%20der%20bildenden%20Kuenste%20DSC%202400w.jpg,Austria,https://en.wikipedia.org/wiki/Academy_of_Fine_Arts_Vienna,48.201253,16.365103
Q414481,Royal Academy of Turku,universities,http://commons.wikimedia.org/wiki/Special:FilePath/Turun%20hovioikeus.jpg,Finland,https://en.wikipedia.org/wiki/Royal_Academy_of_Turku,60.451644444,22.279877777
Q419339,Akita International University,universities,http://commons.wikimedia.org/wiki/Special:FilePath/Akita%20International%20University%2020190602.jpg,Japan,https://en.wikipedia.org/wiki/Akita_International_University,39.627375,140.19790556
Q427141,Ghislieri College,universities,http://commons.wikimedia.org/wiki/Special:FilePath/Collegio%20Ghislieri%20%28Pavia%29.JPG,Italy,https://en.wikipedia.org/wiki/Ghislieri_College,45.186183,9.161651
Q428136,Ez-Zitouna University,universities,http://commons.wikimedia.org/wiki/Special:FilePath/Tunis%20Facult%C3%A9%20Zaitouna.JPG,Tunisia,https://en.wikipedia.org/wiki/University_of_Ez-Zitouna,36.794466666,10.164119444
Q429863,Florida Atlantic University,universities,http://commons.wikimedia.org/wiki/Special:FilePath/FAU%20Sign%20NW%2020th%20St.jpg,United States,https://en.wikipedia.org/wiki/Florida_Atlantic_University,26.3712,-80.1017
Q432475,University of Canterbury,universities,http://commons.wikimedia.org/wiki/Special:FilePath/UC%20CentralLibrary01%20gobeirne.jpg,New Zealand,https://en.wikipedia.org/wiki/University_of_Canterbury,-43.523333333,172.581944444
Q442106,National University of Callao,universities,http://commons.wikimedia.org/wiki/Special:FilePath/UNAC1.png,Peru,https://en.wikipedia.org/wiki/National_University_of_Callao,-12.06114,-77.117308
Q448403,Buckinghamshire New University,universities,http://commons.wikimedia.org/wiki/Special:FilePath/Bcuc.jpg,United Kingdom,https://en.wikipedia.org/wiki/Buckinghamshire_New_University,51.628,-0.752
Q450587,Alzahra University,universities,http://commons.wikimedia.org/wiki/Special:FilePath/Alzahra2.jpg,Iran,https://en.wikipedia.org/wiki/Alzahra_University,35.768333333,51.3925
Q452406,Kasetsart University,universities,http://commons.wikimedia.org/wiki/Special:FilePath/Kasetsart%20University%20Auditorium.jpg,Thailand,https://en.wikipedia.org/wiki/Kasetsart_University,13.848597222,100.56805
Q453821,Fulda University of Applied Sciences,universities,http://commons.wikimedia.org/wiki/Special:FilePath/Hochschule%20Fulda%202021-07-25%2001.jpg,Germany,https://en.wikipedia.org/wiki/Fulda_University_of_Applied_Sciences,50.5647,9.6875
Q457793,Federico Santa María Technical University,universities,http://commons.wikimedia.org/wiki/Special:FilePath/Utfsm.jpg,Chile,https://en.wikipedia.org/wiki/Federico_Santa_Mar%C3%ADa_Technical_University,-33.035021,-71.595079
Q458467,Sudan University of Science and Technology,universities,http://commons.wikimedia.org/wiki/Special:FilePath/Ust%20view.jpg,Sudan,https://en.wikipedia.org/wiki/Sudan_University_of_Science_and_Technology,15.599167,32.513333
Q458666,Gheorghe Asachi Technical University of Iași,universities,http://commons.wikimedia.org/wiki/Special:FilePath/TUI%201.JPG,Romania,https://en.wikipedia.org/wiki/Gheorghe_Asachi_Technical_University_of_Ia%C8%99i,47.1544,27.5959
Q459724,Mainz University of Applied Sciences,universities,http://commons.wikimedia.org/wiki/Special:FilePath/University%20of%20Applied%20Sciences%20Mainz%20Campus.jpg,Germany,https://en.wikipedia.org/wiki/Mainz_University_of_Applied_Sciences,49.9882478,8.2270517
Q461033,Guizhou University,universities,http://commons.wikimedia.org/wiki/Special:FilePath/Guizhou%20Univ-North%20Campus-Library.jpg,People's Republic of China,https://en.wikipedia.org/wiki/Guizhou_University,26.4225,106.66916667
Q461322,Guilin University of Electronic Technology,universities,http://commons.wikimedia.org/wiki/Special:FilePath/Guilin001.jpg,People's Republic of China,https://en.wikipedia.org/wiki/Guilin_University_of_Electronic_Technology,25.286694444,110.332583333
Q461340,"Paris Observatory, PSL University",universities,http://commons.wikimedia.org/wiki/Special:FilePath/Obs-Paris-coupole-Arago.jpg,France,https://en.wikipedia.org/wiki/Paris_Observatory,48.8051,2.23337
Q649895,Zhengzhou University,universities,http://commons.wikimedia.org/wiki/Special:FilePath/Administration%20building%20of%20Zhengzhou%20University.jpg,People's Republic of China,https://en.wikipedia.org/wiki/Zhengzhou_University,34.809444444,113.529166666
Q650358,Catholic University of Mozambique,universities,http://commons.wikimedia.org/wiki/Special:FilePath/Universit%C3%A0%20Cattolica%20del%20Mozambico%20%2820481186245%29.jpg,Mozambique,https://en.wikipedia.org/wiki/Catholic_University_of_Mozambique,-19.8473,34.8654
Q650982,National University of Rwanda,universities,http://commons.wikimedia.org/wiki/Special:FilePath/Universit%C3%A9%20nationale%20du%20Rwanda%20%C3%A0%20Butare.JPG,Rwanda,https://en.wikipedia.org/wiki/National_University_of_Rwanda,-2.616111,29.742778
Q651233,University of Osaka,universities,http://commons.wikimedia.org/wiki/Special:FilePath/Osaka%20University%20Faculty%20of%20Medicine.jpg,Japan,https://en.wikipedia.org/wiki/University_of_Osaka,34.819166666,135.526666666
Q652280,Kaliningrad State Technical University,universities,http://commons.wikimedia.org/wiki/Special:FilePath/Kaliningrad%2005-2017%20img51%20Technical%20University.jpg,Russia,https://en.wikipedia.org/wiki/Kaliningrad_State_Technical_University,54.720694444,20.498305555
Q652308,Université de Buea,universities,http://commons.wikimedia.org/wiki/Special:FilePath/UB%20Junction.jpg,Cameroon,https://en.wikipedia.org/wiki/University_of_Buea,4.147222222,9.285555555
Q653439,Stefan cel Mare University of Suceava,universities,http://commons.wikimedia.org/wiki/Special:FilePath/Universitatea%20din%20Suceava1.jpg,Romania,https://en.wikipedia.org/wiki/%C8%98tefan_cel_Mare_University_of_Suceava,47.641167,26.245257
Q656871,University of Khartoum,universities,http://commons.wikimedia.org/wiki/Special:FilePath/ASC%20Leiden%20-%20NSAG%20-%20Crebolder%201%20-%20023%20-%20Main%20building%20of%20Khartoum%20University%20-%20Khartoum%2C%20Sudan%20-%20December%208-14%2C%201961%20%28cropped%29.tif,Sudan,https://en.wikipedia.org/wiki/University_of_Khartoum,15.61208889,32.5421
Q657222,Stevens Institute of Technology,universities,http://commons.wikimedia.org/wiki/Special:FilePath/Schaefer%20Center%20Stevens%20Tech%202017.jpg,United States,https://en.wikipedia.org/wiki/Stevens_Institute_of_Technology,40.744906,-74.023937
Q657374,University of Mary Washington,universities,http://commons.wikimedia.org/wiki/Special:FilePath/Monroe%20Hall%20UMW.jpg,United States,https://en.wikipedia.org/wiki/University_of_Mary_Washington,38.301944444,-77.475
Q658984,University of Manila,universities,http://commons.wikimedia.org/wiki/Special:FilePath/WTMP%20Manila%20Bloggers%20Network%20D-14.JPG,Philippines,https://en.wikipedia.org/wiki/University_of_Manila,14.603,120.991
Q659255,University of West Florida,universities,http://commons.wikimedia.org/wiki/Special:FilePath/John%20C.%20Pace%20Library%2C%20University%20of%20West%20Florida.jpg,United States,https://en.wikipedia.org/wiki/University_of_West_Florida,30.5495,-87.2181
Q659706,Illinois Institute of Technology,universities,http://commons.wikimedia.org/wiki/Special:FilePath/IIT%20Main%20Building.jpg,United States,https://en.wikipedia.org/wiki/Illinois_Institute_of_Technology,41.835,-87.6275
Q661971,Universidad Católica de Santiago de Guayaquil,universities,http://commons.wikimedia.org/wiki/Special:FilePath/Logo%20UCSG.svg,Ecuador,https://en.wikipedia.org/wiki/Universidad_Cat%C3%B3lica_de_Santiago_de_Guayaquil,-2.18137418,-79.903697565
Q662015,"Universidad Católica ""Nuestra Señora de la Asunción""",universities,http://commons.wikimedia.org/wiki/Special:FilePath/Universidad%20Cat%C3%B3lica%20Nuestra%20Se%C3%B1ora%20de%20la%20Asunci%C3%B3n%201.jpg,Paraguay,https://en.wikipedia.org/wiki/Universidad_Cat%C3%B3lica_Nuestra_Se%C3%B1ora_de_la_Asunci%C3%B3n,-25.281,-57.6322
Q662131,Hohai University,universities,http://commons.wikimedia.org/wiki/Special:FilePath/A%20place%20in%20HU.jpg,People's Republic of China,https://en.wikipedia.org/wiki/Hohai_University,32.05890556,118.75408056
Q662422,Universidad Central de Chile,universities,http://commons.wikimedia.org/wiki/Special:FilePath/Edificio%20Vicente%20Kovacevic%20II%2C%20Santiago%2020230420.jpg,Chile,https://en.wikipedia.org/wiki/Universidad_Central_de_Chile,-33.452937,-70.660008
Q665105,University of Delhi,universities,http://commons.wikimedia.org/wiki/Special:FilePath/Delhiuni.jpg,India,https://en.wikipedia.org/wiki/Delhi_University,28.69,77.21
Q666128,Indiana State University,universities,http://commons.wikimedia.org/wiki/Special:FilePath/IndianaStateUniversityCampus.jpg,United States,https://en.wikipedia.org/wiki/Indiana_State_University,39.4695,-87.4071
Q668023,Gaming Charterhouse,universities,http://commons.wikimedia.org/wiki/Special:FilePath/Gaming%20-%20Kartause%20%282%29.JPG,Austria,https://en.wikipedia.org/wiki/Gaming_Charterhouse,47.9233,15.0817
Q670649,Irkutsk State University,universities,http://commons.wikimedia.org/wiki/Special:FilePath/Buildings%20in%20Irkutsk%20%28September%202025%29%20-%200%2016.jpg,Russia,https://en.wikipedia.org/wiki/Irkutsk_State_University,52.2767,104.278
Q670897,Arizona State University,universities,http://commons.wikimedia.org/wiki/Special:FilePath/Asubiodesign.jpg,United States,https://en.wikipedia.org/wiki/Arizona_State_University,33.423611111,-111.935555555
Q671642,University of Malawi,universities,http://commons.wikimedia.org/wiki/Special:FilePath/Universityofmalwai.jpg,Malawi,https://en.wikipedia.org/wiki/University_of_Malawi,-15.3791,35.32563
Q672420,University of Königsberg,universities,http://commons.wikimedia.org/wiki/Special:FilePath/Albertina%20K%C3%B6nigsberg%20%28kol.%20Postkarte%29.jpg,Kingdom of Prussia,https://en.wikipedia.org/wiki/University_of_K%C3%B6nigsberg,54.713888888,20.51
Q672436,National Pedagogic University,universities,http://commons.wikimedia.org/wiki/Special:FilePath/Logo%20Upn%20Oficial.svg,Mexico,https://en.wikipedia.org/wiki/National_Pedagogic_University_(Mexico),19.3025,-99.210083
Q673111,Arkansas Tech University,universities,http://commons.wikimedia.org/wiki/Special:FilePath/University%20Commons%20at%20Arkansas%20Tech.JPG,United States,https://en.wikipedia.org/wiki/Arkansas_Tech_University,35.294371,-93.133783
Q673308,University of Lucerne,universities,http://commons.wikimedia.org/wiki/Special:FilePath/Luzern%20asv2022-10%20Universit%C3%A4t%20und%20PH.jpg,Switzerland,https://en.wikipedia.org/wiki/University_of_Lucerne,47.04944444,8.31222222
Q674568,Technical University of Leoben,universities,http://commons.wikimedia.org/wiki/Special:FilePath/Montanuniversit%C3%A4tLeoben.jpg,Austria,https://en.wikipedia.org/wiki/University_of_Leoben,47.385555555,15.093055555
Q676139,Foshan University,universities,http://commons.wikimedia.org/wiki/Special:FilePath/Foshan%20University%20Front%20Gate.jpg,People's Republic of China,https://en.wikipedia.org/wiki/Foshan_University,23.02722222,113.09083333
Q676817,University of Camerino,universities,http://commons.wikimedia.org/wiki/Special:FilePath/UNICAM%202012%20%283%29.jpg,Italy,https://en.wikipedia.org/wiki/University_of_Camerino,42.85062,13.57346
Q677503,University of Technology and Life Sciences in Bydgoszcz,universities,http://commons.wikimedia.org/wiki/Special:FilePath/Politechnika%20Bydgoska1.jpg,Poland,https://en.wikipedia.org/wiki/Bydgoszcz_University_of_Science_and_Technology,51.111111,17.063889
Q677662,University of the National Education Commission,universities,http://commons.wikimedia.org/wiki/Special:FilePath/Krak%C3%B3w-Akademia%20Pedagogiczna%20front%20%282007%29.jpg,Poland,https://en.wikipedia.org/wiki/Pedagogical_University_of_Krak%C3%B3w,50.073461,19.908761
Q677993,University of South Africa,universities,http://commons.wikimedia.org/wiki/Special:FilePath/The%20University%20of%20South%20Africa.jpg,South Africa,https://en.wikipedia.org/wiki/University_of_South_Africa,-25.767222222,28.199444444
Q679974,China University of Technology,universities,http://commons.wikimedia.org/wiki/Special:FilePath/China%20University%20of%20Technology%2020090926.jpg,Taiwan,https://en.wikipedia.org/wiki/China_University_of_Technology,24.9987,121.5551
Q684783,Kanazawa University,universities,http://commons.wikimedia.org/wiki/Special:FilePath/Kanazawa%20Univ.%20Kakuma%20campus%20North-area.JPG,Japan,https://en.wikipedia.org/wiki/Kanazawa_University,36.546405555,136.70875
Q82257,RRS Discovery,museums,http://commons.wikimedia.org/wiki/Special:FilePath/Discoveryboat.jpg,United Kingdom,https://en.wikipedia.org/wiki/RRS_Discovery,56.456944444,-2.966666666
Q143615,ARA Uruguay,museums,http://commons.wikimedia.org/wiki/Special:FilePath/Corbeta%20Uruguay%20%28A.R.A.%29.jpg,Argentina,https://en.wikipedia.org/wiki/ARA_Uruguay,-34.603656,-58.367063
Q163519,HMS Trincomalee,museums,http://commons.wikimedia.org/wiki/Special:FilePath/HMS%20Trincomalee.jpg,United Kingdom,https://en.wikipedia.org/wiki/HMS_Trincomalee,54.6903,-1.20667
Q168713,Aurora,museums,http://commons.wikimedia.org/wiki/Special:FilePath/Cruiser-Aurora.jpg,Russia,https://en.wikipedia.org/wiki/Russian_cruiser_Aurora,59.95546,30.33778
Q171255,Cutty Sark,museums,http://commons.wikimedia.org/wiki/Special:FilePath/Cutty%20Sark%20%2816719233476%29.jpg,United Kingdom,https://en.wikipedia.org/wiki/Cutty_Sark,51.482778,-0.009722
Q213958,HMS Victory,museums,http://commons.wikimedia.org/wiki/Special:FilePath/Victory%20-%20geograph.org.uk%20-%204093018.jpg,United Kingdom,https://en.wikipedia.org/wiki/HMS_Victory,50.801756,-1.1096
Q218736,Habkirchen Customs Museum,museums,http://commons.wikimedia.org/wiki/Special:FilePath/Habkirchen%20Zollmuseum.jpg,Germany,,49.1362,7.13371
Q227151,HNLMS Buffel,museums,http://commons.wikimedia.org/wiki/Special:FilePath/Rotterdam%20-%20Museumschip%20Zr%20Ms%20Buffel%20bij%20nacht.jpg,Netherlands,https://en.wikipedia.org/wiki/HNLMS_Buffel,51.82889,4.12871
Q272560,USS Missouri,museums,http://commons.wikimedia.org/wiki/Special:FilePath/Missouri%20Modernized.jpg,United States,https://en.wikipedia.org/wiki/USS_Missouri_(BB-63),21.362222,-157.953333
Q288365,Minsk,museums,http://commons.wikimedia.org/wiki/Special:FilePath/Minsk%20aircraft%20carrier.jpg,People's Republic of China,https://en.wikipedia.org/wiki/Soviet_aircraft_carrier_Minsk,22.553611,114.236667
Q304988,Wilhelm Carpelan,museums,http://commons.wikimedia.org/wiki/Special:FilePath/MS%20Wilhelm%20Carpelan%2C%20Espoo%20Keilaniemi%20bay%2C%20Feb%202009.jpg,Finland,https://en.wikipedia.org/wiki/Finnish_transport_vessel_Wilhelm_Carpelan,60.436666666,22.233888888
Q316705,Mölders,museums,http://commons.wikimedia.org/wiki/Special:FilePath/D186%20M%C3%B6lders%20Marinemuseum.JPG,Germany,https://en.wikipedia.org/wiki/German_destroyer_M%C3%B6lders,53.513772,8.138976
Q349091,ORP Błyskawica,museums,http://commons.wikimedia.org/wiki/Special:FilePath/Blyskawica%20l%20d.jpg,Poland,https://en.wikipedia.org/wiki/ORP_B%C5%82yskawica,54.519554,18.551212
Q479965,Rickmer Rickmers,museums,http://commons.wikimedia.org/wiki/Special:FilePath/Rickmer%20Rickmers%20HH%2008-2023.jpg,Germany,https://en.wikipedia.org/wiki/Rickmer_Rickmers,53.54458333,9.97288889
Q489413,HMS Unicorn,museums,http://commons.wikimedia.org/wiki/Special:FilePath/HMS%20Unicorn.jpg,United Kingdom,https://en.wikipedia.org/wiki/HMS_Unicorn_(1824),56.4616,-2.95851
Q507603,USS New Jersey,museums,http://commons.wikimedia.org/wiki/Special:FilePath/New%20Jersey%20Sails.jpg,United States,https://en.wikipedia.org/wiki/USS_New_Jersey_(BB-62),39.939167,-75.132778
Q539614,H. L. Hunley,museums,http://commons.wikimedia.org/wiki/Special:FilePath/Css%20hunley%20on%20pier.jpg,United States,https://en.wikipedia.org/wiki/H._L._Hunley,32.856666666,-79.958888888
Q544894,Mary Rose,museums,http://commons.wikimedia.org/wiki/Special:FilePath/MaryRose-conservation1.jpg,United Kingdom,https://en.wikipedia.org/wiki/Mary_Rose,50.799722222,-1.106666666
Q562230,USS Yorktown,museums,http://commons.wikimedia.org/wiki/Special:FilePath/USS%20Yorktown%20%28CVS-10%29%20at%20sea%20off%20Hawaii%2C%20circa%20in%201962%20%28NH%2097458-KN%29.jpg,United States,https://en.wikipedia.org/wiki/USS_Yorktown_(CV-10),32.790556,-79.908611
Q572548,Anthology Film Archives,museums,http://commons.wikimedia.org/wiki/Special:FilePath/Anthology%20Film%20Archives.jpg,United States,https://en.wikipedia.org/wiki/Anthology_Film_Archives,40.7247,-73.9901
Q609925,HMS Warrior,museums,http://commons.wikimedia.org/wiki/Special:FilePath/HMS%20warriorjune20092.jpg,United Kingdom,https://en.wikipedia.org/wiki/HMS_Warrior_(1860),50.798333333,-1.108888888
Q629738,USS Growler,museums,http://commons.wikimedia.org/wiki/Special:FilePath/USS%20Growler%20SSG-557.jpg,United States,https://en.wikipedia.org/wiki/USS_Growler_(SSG-577),40.76511,-73.99999
Q651638,Greek cruiser Georgios Averof,museums,http://commons.wikimedia.org/wiki/Special:FilePath/Averof%20Today2.jpg,Greece,https://en.wikipedia.org/wiki/Greek_cruiser_Georgios_Averof,37.9337349,23.6838466
Q674806,Mercator,museums,http://commons.wikimedia.org/wiki/Special:FilePath/Belgian%20barquentine%20Mercator.%20Trinidad%2C%20c.%201960.jpg,Belgium,https://en.wikipedia.org/wiki/Mercator_(ship),51.226883,2.919931
Q689369,U-534,museums,http://commons.wikimedia.org/wiki/Special:FilePath/U534.jpg,United Kingdom,https://en.wikipedia.org/wiki/German_submarine_U-534,53.3951,-3.00933
Q696891,Mikasa,museums,http://commons.wikimedia.org/wiki/Special:FilePath/Yokosuka-mikasa-08-2010.png,Japan,https://en.wikipedia.org/wiki/Japanese_battleship_Mikasa,35.285,139.67416667
Q720876,Suur Tõll,museums,http://commons.wikimedia.org/wiki/Special:FilePath/Suur%20Toll.jpg,Estonia,https://en.wikipedia.org/wiki/Suur_T%C3%B5ll_(icebreaker),59.453075,24.738719
Q721087,HMAS Vampire,museums,http://commons.wikimedia.org/wiki/Special:FilePath/Australian%20national%20maritime%20museum%20ships%20cr.jpg,Australia,https://en.wikipedia.org/wiki/HMAS_Vampire_(D11),-33.8692,151.2
Q744086,SS Great Britain,museums,http://commons.wikimedia.org/wiki/Special:FilePath/SS%20Great%20Britain%20%286726649319%29.jpg,United Kingdom,https://en.wikipedia.org/wiki/SS_Great_Britain,51.4492,-2.6084
Q745350,Filmarchiv Austria,museums,http://commons.wikimedia.org/wiki/Special:FilePath/Altes%20Schloss%20Laxenburg%208991.jpg,Austria,https://en.wikipedia.org/wiki/Filmarchiv_Austria,48.054948,16.358766
Q756683,Hong Kong Film Archive,museums,http://commons.wikimedia.org/wiki/Special:FilePath/Hong%20Kong%20Film%20Archive01.jpg,People's Republic of China,https://en.wikipedia.org/wiki/Hong_Kong_Film_Archive,22.2851,114.222
Q757178,HMS Belfast,museums,http://commons.wikimedia.org/wiki/Special:FilePath/HMS%20Belfast%20%28C35%29%20%289899954683%29.jpg,United Kingdom,https://en.wikipedia.org/wiki/HMS_Belfast,51.506666666,-0.081388888
Q880101,HMS Otus,museums,http://commons.wikimedia.org/wiki/Special:FilePath/2016%20Sassnitz%20HMS%20Otus%2001.jpg,Germany,https://en.wikipedia.org/wiki/HMS_Otus_(S18),54.51194444,13.64194444
Q882620,B-515,museums,http://commons.wikimedia.org/wiki/Special:FilePath/U-434.JPG,Germany,https://en.wikipedia.org/wiki/Soviet_submarine_B-515,53.545,9.955
Q931718,HMCS Haida,museums,http://commons.wikimedia.org/wiki/Special:FilePath/HMCS%20Haida%20Hamilton%20Ontario%201.jpg,Canada,https://en.wikipedia.org/wiki/HMCS_Haida,43.2753,-79.8554
Q1074829,Minsk World,museums,http://commons.wikimedia.org/wiki/Special:FilePath/Minsk%20carrier%20starboard%20side%2012.JPG,People's Republic of China,https://en.wikipedia.org/wiki/Minsk_World,22.553772,114.237009
Q1089115,Studiolo of Francesco I,museums,http://commons.wikimedia.org/wiki/Special:FilePath/Vista%20del%20Studiolo%20de%20Francisco%20I.jpg,Italy,https://en.wikipedia.org/wiki/Studiolo_of_Francesco_I,43.7691,11.2566
Q1092492,Cineteca Nacional,museums,http://commons.wikimedia.org/wiki/Special:FilePath/Cineteca%20Nacional%2001.jpg,Mexico,,19.36112778,-99.16460278
Q1141355,USS Hornet,museums,http://commons.wikimedia.org/wiki/Special:FilePath/USS%20Hornet%20CVS-12%20%282023%29.jpg,United States,https://en.wikipedia.org/wiki/USS_Hornet_(CV-12),37.772777777,-122.302777777
Q1188138,Turbinia,museums,http://commons.wikimedia.org/wiki/Special:FilePath/Turbinia%20At%20Speed.jpg,United Kingdom,https://en.wikipedia.org/wiki/Turbinia,54.969138888,-1.6245
Q1201043,Danish Film Institute,museums,http://commons.wikimedia.org/wiki/Special:FilePath/Cinemateket%2001.jpg,Denmark,https://en.wikipedia.org/wiki/Danish_Film_Institute,55.6831953,12.578504
Q1252872,Dover Bronze Age Boat,museums,http://commons.wikimedia.org/wiki/Special:FilePath/Bronze%20age%20boat%20%283752754931%29.jpg,United Kingdom,https://en.wikipedia.org/wiki/Dover_Bronze_Age_Boat,51.12360001,1.31417
Q1288555,USS Ainsworth,museums,http://commons.wikimedia.org/wiki/Special:FilePath/USS%20Ainsworth%20%28FF-1090%29%20underway%20off%20Augusta%20Bay%2C%20Sicily%2C%20Italy%2C%20on%2017%20October%201987%20%286452192%29.jpg,Turkey,https://en.wikipedia.org/wiki/USS_Ainsworth,38.4125,27.0347
Q1293949,HMAS Castlemaine,museums,http://commons.wikimedia.org/wiki/Special:FilePath/HMAS%20Castlemaine%20April%202011.JPG,Australia,https://en.wikipedia.org/wiki/HMAS_Castlemaine,-37.8611,144.9056
Q1312530,Vesikko,museums,http://commons.wikimedia.org/wiki/Special:FilePath/Vesikko.jpg,Finland,https://en.wikipedia.org/wiki/Finnish_submarine_Vesikko,60.142544,24.989664
Q1331366,USS Drum,museums,http://commons.wikimedia.org/wiki/Special:FilePath/USS%20Drum%20SS-228%20in%20Mobile.jpg,United States,https://en.wikipedia.org/wiki/USS_Drum_(SS-228),30.681333,-88.016667
Q1351288,USS Intrepid,museums,http://commons.wikimedia.org/wiki/Special:FilePath/USS%20Intrepid%20%28CV-11%29%20operating%20in%20the%20Philippine%20Sea%20in%20November%201944%20%28NH%2097468%29.jpg,United States,https://en.wikipedia.org/wiki/USS_Intrepid_(CV-11),40.7648,-74.001
Q1364576,Q1364576,museums,http://commons.wikimedia.org/wiki/Special:FilePath/NS%20Savannah%20En%20Route%20to%201962%20World%27s%20Fair%20%2814698777183%29%20%28cropped%29.jpg,United States,https://en.wikipedia.org/wiki/NS_Savannah,39.258472,-76.555417
Q1398898,USS Cavalla,museums,http://commons.wikimedia.org/wiki/Special:FilePath/USS%20Cavalla%3B0824408.jpg,United States,https://en.wikipedia.org/wiki/USS_Cavalla_(SS-244),29.33419894,-94.77884693
Q1405465,USS Alabama,museums,http://commons.wikimedia.org/wiki/Special:FilePath/Alabama-iii.jpg,United States,https://en.wikipedia.org/wiki/USS_Alabama_(BB-60),30.68178,-88.01479
Q1409667,Light Vessel Borkumriff,museums,http://commons.wikimedia.org/wiki/Special:FilePath/Borkumriff.jpg,Germany,,53.5622,6.7474
Q1423093,USS Lexington,museums,http://commons.wikimedia.org/wiki/Special:FilePath/USS%20Lexington%20%28CVS-16%29%20underway%20in%20the%201960s.JPEG,United States,https://en.wikipedia.org/wiki/USS_Lexington_(CV-16),27.81428417,-97.38981418
Q1439571,USS Barry,museums,http://commons.wikimedia.org/wiki/Special:FilePath/USS%20Barry.jpg,United States,https://en.wikipedia.org/wiki/USS_Barry_(DD-933),38.8716,-76.9963
Q1478975,Sigyn,museums,http://commons.wikimedia.org/wiki/Special:FilePath/Sigyn%20docked%20in%20Turku.jpg,Finland,https://en.wikipedia.org/wiki/Sigyn_(ship),60.43613519,22.23735809
Q1504233,HMS Caroline,museums,http://commons.wikimedia.org/wiki/Special:FilePath/HMS%20Caroline.jpg,United Kingdom,https://en.wikipedia.org/wiki/HMS_Caroline_(1914),54.61305556,-5.90277778
Q1507284,George Eastman Museum,museums,http://commons.wikimedia.org/wiki/Special:FilePath/George-Eastman-House%3DExterior.JPG,United States,https://en.wikipedia.org/wiki/George_Eastman_Museum,43.152777777,-77.580277777
Q1529544,HMY Britannia,museums,http://commons.wikimedia.org/wiki/Special:FilePath/HMY%20Britannia.jpg,United Kingdom,https://en.wikipedia.org/wiki/HMY_Britannia,55.9821331,-3.1773017
Q1531015,Tall Ship Glenlee,museums,http://commons.wikimedia.org/wiki/Special:FilePath/Galateaantiguocartagena0fs.jpg,United Kingdom,https://en.wikipedia.org/wiki/Glenlee_(ship),55.8626,-4.29806
Q1538389,Eye Filmmuseum,museums,http://commons.wikimedia.org/wiki/Special:FilePath/EYE%20Filmmuseum.jpg,Netherlands,https://en.wikipedia.org/wiki/EYE_Film_Institute_Netherlands,52.384411,4.900594
Q1556577,Gustav Zeuner,museums,http://commons.wikimedia.org/wiki/Special:FilePath/Magdeburg%20Handelshafen%20Kettendampfer%20Gustav%20Zeuner%207814%20Torsten%20Baetge.jpg,Germany,,52.1489,11.662
Q1565177,USS Edson,museums,http://commons.wikimedia.org/wiki/Special:FilePath/USS%20Edson%20%28DD-946%29%20underway%20off%20Long%20Beach%2C%20California%20%28USA%29%2C%20circa%20in%20the%20mid-1960s.jpg,United States,https://en.wikipedia.org/wiki/USS_Edson,43.6139,-83.8689
Q1572469,USS Becuna,museums,http://commons.wikimedia.org/wiki/Special:FilePath/USS%20Becuna%3B0831914.jpg,United States,https://en.wikipedia.org/wiki/USS_Becuna,39.9436,-75.1412
Q1638840,USS Bowfin,museums,http://commons.wikimedia.org/wiki/Special:FilePath/USS%20Bowmin%20submarine%20-%20full%20view%20side.jpg,United States,https://en.wikipedia.org/wiki/USS_Bowfin,21.368692,-157.939419
Q1639516,Huáscar,museums,http://commons.wikimedia.org/wiki/Special:FilePath/Huascar1.jpg,Chile,https://en.wikipedia.org/wiki/Hu%C3%A1scar_(ironclad),-36.705472222,-73.111416666
Q1668596,Jylland,museums,http://commons.wikimedia.org/wiki/Special:FilePath/Fregatten%20Jylland%20total.jpg,Denmark,https://en.wikipedia.org/wiki/HDMS_Jylland,56.19915278,10.67378611
Q1725173,Swiss Customs Museum,museums,http://commons.wikimedia.org/wiki/Special:FilePath/Swiss%20Customs%20Museum.jpg,Switzerland,https://en.wikipedia.org/wiki/Swiss_Customs_Museum,45.999354,9.021088
Q1775746,Pommern,museums,http://commons.wikimedia.org/wiki/Special:FilePath/Pommern%20ship%20image%202005.jpg,Finland,https://en.wikipedia.org/wiki/Pommern_(ship),60.097,19.92480556
Q1785008,Kosmonavt Viktor Patsaev,museums,http://commons.wikimedia.org/wiki/Special:FilePath/Kaliningrad%2005-2017%20img59%20Ocean%20Museum.jpg,Russia,,54.706317,20.497379
Q1917116,USS Olympia,museums,http://commons.wikimedia.org/wiki/Special:FilePath/OLYMPIA%20%28C-6%29%20in%20Philadelphia%2020240529.jpg,United States,https://en.wikipedia.org/wiki/USS_Olympia_(C-6),39.965278,-75.139444
Q2044838,PVL-105 Torm,museums,http://commons.wikimedia.org/wiki/Special:FilePath/PVL%20105%20Torm%2C%20ship.JPG,Norway,,59.452777777,24.736222222
Q2091482,USS Charrette,museums,http://commons.wikimedia.org/wiki/Special:FilePath/USS%20Charrette%20%28DD-581%29%20underway%20off%20Boston%2C%20Massachusetts%20%28USA%29%2C%20on%204%20August%201943%20%2880-G-74846%29.jpg,Greece,https://en.wikipedia.org/wiki/USS_Charrette,37.9342,23.6847
Q2103611,Maillé-Brézé,museums,http://commons.wikimedia.org/wiki/Special:FilePath/Maill%C3%A9-Br%C3%A9z%C3%A9%20%28D627%29%2C%20Nantes-5146.jpg,France,https://en.wikipedia.org/wiki/French_destroyer_Maill%C3%A9-Br%C3%A9z%C3%A9_(D627),47.20666667,-1.57166667
Q2189292,HNLMS Tonijn,museums,http://commons.wikimedia.org/wiki/Special:FilePath/Den%20helder%20-%20texel%20033.JPG,Netherlands,https://en.wikipedia.org/wiki/HNLMS_Tonijn,52.963767139,4.771255536
Q2207722,USS Croaker,museums,http://commons.wikimedia.org/wiki/Special:FilePath/USS%20Croaker%3B0824616.jpg,United States,https://en.wikipedia.org/wiki/USS_Croaker,42.8782,-78.8817
Q2287825,SS Nomadic,museums,http://commons.wikimedia.org/wiki/Special:FilePath/IMO%205516111%20SS%20Nomadic%2C%201911%2020180914%20113426%20%2846770595105%29.jpg,United Kingdom,https://en.wikipedia.org/wiki/SS_Nomadic,54.606371,-5.911152
Q2289631,HMS Holland 1,museums,http://commons.wikimedia.org/wiki/Special:FilePath/HMS%20Holland%201%201991.jpg,United Kingdom,https://en.wikipedia.org/wiki/HMS_Holland_1,50.788083,-1.120164
Q2321810,HMS Alliance,museums,http://commons.wikimedia.org/wiki/Special:FilePath/HMS%20Alliance%20S67.jpg,United Kingdom,https://en.wikipedia.org/wiki/HMS_Alliance_(P417),50.78846389,-1.11970556
Q2364733,USS Massachusetts,museums,http://commons.wikimedia.org/wiki/Special:FilePath/USS%20Massachusetts%20%28BB-59%29%20underway%20c1944.jpg,United States,https://en.wikipedia.org/wiki/USS_Massachusetts_(BB-59),41.706194,-71.163333
Q2376481,SS Lane Victory,museums,http://commons.wikimedia.org/wiki/Special:FilePath/Vincent%20Thomas%20Bridge.jpg,United States,https://en.wikipedia.org/wiki/SS_Lane_Victory,33.714444,-118.274722
Q2471437,USS Turner Joy,museums,http://commons.wikimedia.org/wiki/Special:FilePath/USS%20Turner%20Joy%20in%20Bremerton%2C%20Wa.%202014.jpg,United States,https://en.wikipedia.org/wiki/USS_Turner_Joy,47.563888888,-122.621944444
Q72786,Belvedere,museums,http://commons.wikimedia.org/wiki/Special:FilePath/Forte%20belvedere%2C%20edificio%20principale%2002.JPG,Italy,https://en.wikipedia.org/wiki/Belvedere_(fort),43.763054,11.253738
Q74136,Blaenavon Ironworks,museums,http://commons.wikimedia.org/wiki/Special:FilePath/Blaenafon%20Ironworks-24May2008.jpg,United Kingdom,https://en.wikipedia.org/wiki/Blaenavon_Ironworks,51.776983,-3.089177
Q74516,New Museum Biel,museums,http://commons.wikimedia.org/wiki/Special:FilePath/Neues%20Museum%20Biel%2C%20Eingang.jpg,Switzerland,,47.139064,7.242137
Q75566,Musée des Beaux-Arts d'Arras,museums,http://commons.wikimedia.org/wiki/Special:FilePath/0%20Arras%20-%20Abbaye%20Saint-Vaast%20d%27Arras%20%281%29.JPG,France,https://en.wikipedia.org/wiki/Mus%C3%A9e_des_beaux-arts_d%27Arras,50.291944444,2.773333333
Q80290,Forbidden City,museums,http://commons.wikimedia.org/wiki/Special:FilePath/Hall%20of%20Supreme%20Harmony%20%2820241127120000%29.jpg,People's Republic of China,https://en.wikipedia.org/wiki/Forbidden_City,39.915833333,116.390833333
Q81650,Anadoluhisarı,museums,http://commons.wikimedia.org/wiki/Special:FilePath/Anadolu%20Hisar%C4%B1%20in%202024%20%28cropped%29.jpg,Turkey,https://en.wikipedia.org/wiki/Anadoluhisar%C4%B1,41.082138888,29.067027777
Q82108,Sarehole Mill,museums,http://commons.wikimedia.org/wiki/Special:FilePath/Sarehole%20Mill.jpg,United Kingdom,https://en.wikipedia.org/wiki/Sarehole_Mill,52.4341,-1.85581
Q83332,Museum of the Imperial Palace of Manchukuo,museums,http://commons.wikimedia.org/wiki/Special:FilePath/Imperial%20Household%20Office%20of%20Manchukuo.JPG,People's Republic of China,https://en.wikipedia.org/wiki/Museum_of_the_Imperial_Palace_of_Manchukuo,43.903611111,125.342222222
Q91274,Galata Tower,museums,http://commons.wikimedia.org/wiki/Special:FilePath/Istanbul%20asv2020-02%20img48%20Galata%20Tower.jpg,Turkey,https://en.wikipedia.org/wiki/Galata_Tower,41.025632324,28.97415319
Q93466,Corpus,museums,http://commons.wikimedia.org/wiki/Special:FilePath/A44%20Corpus.JPG,Netherlands,https://en.wikipedia.org/wiki/Corpus_(museum),52.17028,4.45333
Q94564,Museums of the Far East,museums,http://commons.wikimedia.org/wiki/Special:FilePath/0%20Laeken%20Pavillon%20chinois%201.JPG,Belgium,https://en.wikipedia.org/wiki/Museums_of_the_Far_East,50.893872,4.360091
Q94668,Alahan Monastery,museums,http://commons.wikimedia.org/wiki/Special:FilePath/Alahan%20Monastery%2C%20Mersin%20Province.jpg,Turkey,https://en.wikipedia.org/wiki/Alahan_Monastery,36.77944444,33.36555556
Q95517,Gedenkstätte Berliner Mauer,museums,http://commons.wikimedia.org/wiki/Special:FilePath/M%C3%A9morial%20du%20mur%20de%20Berlin%20%286330924243%29.jpg,Germany,https://en.wikipedia.org/wiki/Gedenkst%C3%A4tte_Berliner_Mauer,52.535,13.3897
Q99406,Henrichenburg boat lift,museums,http://commons.wikimedia.org/wiki/Special:FilePath/Henrichenburg%2C%20Nordrhein-Westfalen%20-%20Schiffshebewerk%20%282%29%20%28Zeno%20Ansichtskarten%29.jpg,Germany,https://en.wikipedia.org/wiki/Henrichenburg_boat_lift,51.616583333,7.325861111
Q113528,Österreichischer Skulpturenpark,museums,http://commons.wikimedia.org/wiki/Special:FilePath/EU%20%26%20YOU%20by%20Boris%20Podrecca-6925.jpg,Austria,,46.9788,15.4318
Q114597,Old Jewish Cemetery,museums,http://commons.wikimedia.org/wiki/Special:FilePath/9996viki%20foto%20Barbara%20Maliszewska.jpg,Poland,"https://en.wikipedia.org/wiki/Old_Jewish_Cemetery,_Wroc%C5%82aw",51.08694444,17.025
Q115044,Southern Fuegian Railway,museums,http://commons.wikimedia.org/wiki/Special:FilePath/Cruzada%20en%20La%20Macarena.jpg,Argentina,https://en.wikipedia.org/wiki/Southern_Fuegian_Railway,-54.833164,-68.424
Q116939,Stavanger Museum,museums,http://commons.wikimedia.org/wiki/Special:FilePath/Stavanger%20Museum.JPG,Norway,,58.9647,5.73306
Q121537,Casa Na Bolom,museums,http://commons.wikimedia.org/wiki/Special:FilePath/Casa%20nah%20bolom.JPG,Mexico,https://en.wikipedia.org/wiki/Casa_Na_Bolom,16.74167,-92.62995
Q125589,Fakir Khana,museums,http://commons.wikimedia.org/wiki/Special:FilePath/Fakir%20Khana%20Museum%20Bhati%20Gate%20Lahore.jpg,Pakistan,https://en.wikipedia.org/wiki/Fakir_Khana,31.5831758,74.3097092
Q125748,Frog Museum,museums,http://commons.wikimedia.org/wiki/Special:FilePath/Froschmuseum%20%28M%C3%BCnchenstein%29.jpg,Switzerland,https://en.wikipedia.org/wiki/Frog_Museum_(M%C3%BCnchenstein),47.5225,7.60486
Q126971,Altonaer Museum,museums,http://commons.wikimedia.org/wiki/Special:FilePath/Altonaer%20Museum.jpg,Germany,https://en.wikipedia.org/wiki/Altonaer_Museum,53.54902,9.9347
Q128316,Honolulu Museum of Art,museums,http://commons.wikimedia.org/wiki/Special:FilePath/Honolulu%20Academy%20of%20Arts.jpg,United States,https://en.wikipedia.org/wiki/Honolulu_Museum_of_Art,21.303898,-157.848708
Q129904,Centro Cultural Border,museums,http://commons.wikimedia.org/wiki/Special:FilePath/Centro%20Cultural%20Border%20Interior.JPG,Mexico,https://en.wikipedia.org/wiki/Centro_Cultural_Border,19.417361111,-99.156444444
Q130898,Palace of Iturbide,museums,http://commons.wikimedia.org/wiki/Special:FilePath/Facade%20-%20Palacio%20de%20Iturbide%20-%20Mexico%202024.jpg,Mexico,https://en.wikipedia.org/wiki/Palace_of_Iturbide,19.43352,-99.13906
Q131626,Smithsonian Institution,museums,http://commons.wikimedia.org/wiki/Special:FilePath/Smithsonian%20Castle%20Aerial%20highsmith.jpg,United States,https://en.wikipedia.org/wiki/Smithsonian_Institution,38.888888888,-77.026
Q131631,Nymphenburg Palace,museums,http://commons.wikimedia.org/wiki/Special:FilePath/Schloss%20Nymphenburg%2C%20Weitwinkelansicht.jpg,Germany,https://en.wikipedia.org/wiki/Nymphenburg_Palace,48.158056,11.503611
Q132009,MuseumPasseier,museums,http://commons.wikimedia.org/wiki/Special:FilePath/Andreas%20Hofer%2001.jpg,Italy,,46.801462,11.238735
Q132783,Hermitage Museum,museums,http://commons.wikimedia.org/wiki/Special:FilePath/Winter%20Palace%20Panorama%204.jpg,Russia,https://en.wikipedia.org/wiki/Hermitage_Museum,59.940555555,30.313611111
Q133982,Natural History Museum of Florence - Botany section,museums,http://commons.wikimedia.org/wiki/Special:FilePath/Museo%20storia%20scienza%20via%20la%20pira.JPG,Italy,,43.77805,11.26008
Q136333,ZOOM Kindermuseum,museums,http://commons.wikimedia.org/wiki/Special:FilePath/Zoom%20Kindermuseum%20MQ%20Wien.jpg,Austria,,48.20207,16.359563
Q136946,City Museum of Wrocław,museums,http://commons.wikimedia.org/wiki/Special:FilePath/MMW%20Sukiennice%20Wroc%C5%82aw.jpg,Poland,,51.1097,17.0325
Q141355,Museum Hindeloopen,museums,http://commons.wikimedia.org/wiki/Special:FilePath/Stadhuis%20Hindelopen%2027.JPG,Netherlands,,52.94318,5.39867
Q143767,Zahnmuseum Linz,museums,http://commons.wikimedia.org/wiki/Special:FilePath/Linz%20Museum%20Zahnheilkunde.jpg,Austria,,48.3058,14.2867
Q145151,National Monument of Indonesia,museums,http://commons.wikimedia.org/wiki/Special:FilePath/Monumen%20Nasional%2C%20Jakarta%2C%20Indonesia.jpg,Indonesia,https://en.wikipedia.org/wiki/National_Monument_(Indonesia),-6.175388888,106.827138888
Q151195,Ordensburg Vogelsang,museums,http://commons.wikimedia.org/wiki/Special:FilePath/Burg%20Vogelsang.PNG,Germany,https://en.wikipedia.org/wiki/Ordensburg_Vogelsang,50.5844,6.44806
Q152802,Buchenwald concentration camp,museums,http://commons.wikimedia.org/wiki/Special:FilePath/Buchenwald%20Memorial.JPG,Germany,https://en.wikipedia.org/wiki/Buchenwald_concentration_camp,51.021198,11.248999
Q152966,Deutsches Jagd- und Fischereimuseum,museums,http://commons.wikimedia.org/wiki/Special:FilePath/Jagd-%20und%20Fischereimuseum%20in%20M%C3%BCnchen%2C%20Jagdwaffen.JPG,Germany,https://en.wikipedia.org/wiki/German_Hunting_and_Fishing_Museum,48.1384,11.5711
Q153171,Barbarossa Cave,museums,http://commons.wikimedia.org/wiki/Special:FilePath/Spiegelung%20in%20Barbarossah%C3%B6hle-%20Th%C3%BCringen...IMG%206878WI.JPG,Germany,https://en.wikipedia.org/wiki/Barbarossa_Cave,51.375555555,11.036388888
Q153193,Thermenmuseum,museums,http://commons.wikimedia.org/wiki/Special:FilePath/2015-Heerlen%2C%20Thermenmuseum%2C%20opgraving%2001.jpg,Netherlands,,50.885,5.976667
Q199312,Zig Zag Railway,museums,http://commons.wikimedia.org/wiki/Special:FilePath/ZigZagTopPoints.jpg,Australia,https://en.wikipedia.org/wiki/Zig_Zag_Railway,-33.471758333,150.194222222
Q286634,Welsh Highland Railway,museums,http://commons.wikimedia.org/wiki/Special:FilePath/138%20at%20new%20RD%20BWH16-4-06.JPG,United Kingdom,https://en.wikipedia.org/wiki/Welsh_Highland_Railway,53.051388888,-4.133611111
Q307336,Östra Södermanlands Järnväg,museums,http://commons.wikimedia.org/wiki/Special:FilePath/Mariefreds%20j%C3%A4rnv%C3%A4gsstation%2C%20juli%202019a.jpg,Sweden,https://en.wikipedia.org/wiki/%C3%96stra_S%C3%B6dermanlands_J%C3%A4rnv%C3%A4g,59.2592,17.218267
Q323572,Ełcka Kolej Wąskotorowa,museums,http://commons.wikimedia.org/wiki/Special:FilePath/Lyck%20-%20EKW1-small.jpg,Poland,https://en.wikipedia.org/wiki/E%C5%82k_Narrow_Gauge_Railway,53.78664,22.56384
Q351031,Riffelalp decauville,museums,http://commons.wikimedia.org/wiki/Special:FilePath/Trams%20du%20Riffelalp%20%28Suisse%29.jpg,Switzerland,https://en.wikipedia.org/wiki/Riffelalp_tram,46.002,7.75094
Q378512,Volk's Electric Railway,museums,http://commons.wikimedia.org/wiki/Special:FilePath/Volk%27s%20Electric%20Railway%20-%20geograph.org.uk%20-%20812005.jpg,United Kingdom,https://en.wikipedia.org/wiki/Volk%27s_Electric_Railway,50.8182,-0.1291
Q391211,Šargan Eight,museums,http://commons.wikimedia.org/wiki/Special:FilePath/Sarganska%20osmica%202.jpg,Bosnia and Herzegovina,https://en.wikipedia.org/wiki/%C5%A0argan_Eight,43.8,19.521944444
Q457941,Chemin de fer du Vivarais,museums,http://commons.wikimedia.org/wiki/Special:FilePath/Gorges%20du%20Doux%2C%20Ard%C3%A8che.jpg,France,https://en.wikipedia.org/wiki/Chemin_de_fer_du_Vivarais,45.06,4.7762
Q459204,Čierny Hron Railway,museums,http://commons.wikimedia.org/wiki/Special:FilePath/CHZ%20masinka.JPG,Slovakia,https://en.wikipedia.org/wiki/%C4%8Cierny_Hron_Railway,48.7461,19.6578
Q463662,Matheran Hill Railway,museums,http://commons.wikimedia.org/wiki/Special:FilePath/JummaPatti.JPG,India,https://en.wikipedia.org/wiki/Matheran_Hill_Railway,18.9900656,73.2683067
Q463735,Nilgiri Mountain Railway,museums,http://commons.wikimedia.org/wiki/Special:FilePath/NMR%20up%20train%20at%20Kateri%20Road%2005-02-28%2004.jpeg,India,https://en.wikipedia.org/wiki/Nilgiri_Mountain_Railway,11.344316666,76.791944444
Q463874,Darjeeling Himalayan Railway,museums,http://commons.wikimedia.org/wiki/Special:FilePath/Darjeeling%20Himalayan%20Railway%20Diesel%20Locomotive.jpg,India,https://en.wikipedia.org/wiki/Darjeeling_Himalayan_Railway,27.045,88.267222222
Q471828,Pelion railway,museums,http://commons.wikimedia.org/wiki/Special:FilePath/20081101-Pelion-Railway.jpg,Greece,https://en.wikipedia.org/wiki/Pelion_railway,39.325308,23.054399
Q474613,Ampflwang coal railway,museums,http://commons.wikimedia.org/wiki/Special:FilePath/Lokpark%20Ampflwang%2012.jpg,Austria,,48.008711,13.593036
Q502025,Blonay–Chamby Museum Railway,museums,http://commons.wikimedia.org/wiki/Special:FilePath/Blonay-Chamby%20Chantemerle%20-%2003.jpg,Switzerland,https://en.wikipedia.org/wiki/Blonay%E2%80%93Chamby_Museum_Railway,46.46563,6.895804
Q545998,Rjukan Line,museums,http://commons.wikimedia.org/wiki/Special:FilePath/Rjukanmael06.jpg,Norway,https://en.wikipedia.org/wiki/Rjukan_Line,59.904756,8.715548
Q596788,Pošumavská jižní dráha,museums,http://commons.wikimedia.org/wiki/Special:FilePath/Nove%20Udoli4.JPG,Czech Republic,,48.828675,13.792785
Q643180,Bodmin and Wenford Railway,museums,http://commons.wikimedia.org/wiki/Special:FilePath/GWR%204612%20at%20Bodmin%20General.JPG,United Kingdom,https://en.wikipedia.org/wiki/Bodmin_and_Wenford_Railway,50.465397,-4.717011
Q648932,Talyllyn Railway,museums,http://commons.wikimedia.org/wiki/Special:FilePath/Edward%20Thomas%20at%20Tywyn%20Wharf%20-%202005-04-29.jpg,United Kingdom,https://en.wikipedia.org/wiki/Talyllyn_Railway,52.583666666,-4.08875
Q649916,Krøderen Line,museums,http://commons.wikimedia.org/wiki/Special:FilePath/Nsb%20type%207a%20ulka%20kroderbanen.jpg,Norway,https://en.wikipedia.org/wiki/Kr%C3%B8deren_Line,59.97416667,9.98333333
Q650576,Sonoma TrainTown Railroad,museums,http://commons.wikimedia.org/wiki/Special:FilePath/TrainTown.jpg,United States,https://en.wikipedia.org/wiki/Sonoma_TrainTown_Railroad,38.2775,-122.46
Q666898,Furka Cogwheel Steam Railway,museums,http://commons.wikimedia.org/wiki/Special:FilePath/Furka-Bergstrecke%20Steinstafel%202006.JPG,Switzerland,https://en.wikipedia.org/wiki/Furka_Steam_Railway,46.561389,8.361944
Q696851,Schloss Hof,museums,http://commons.wikimedia.org/wiki/Special:FilePath/Engelhartstetten%20-%20Schloss%20Hof%20%281%29.JPG,Austria,https://en.wikipedia.org/wiki/Schloss_Hof,48.2139,16.9372
Q697003,Artstetten Castle,museums,http://commons.wikimedia.org/wiki/Special:FilePath/Artstetten%20-%20Schloss.JPG,Austria,https://en.wikipedia.org/wiki/Artstetten_Castle,48.2425,15.2025
Q697030,Burg Güssing,museums,http://commons.wikimedia.org/wiki/Special:FilePath/G%C3%BCssing%20-%20Burg.JPG,Austria,https://en.wikipedia.org/wiki/G%C3%BCssing_Castle,47.0568,16.3229
Q697086,Schloss Hartheim,museums,http://commons.wikimedia.org/wiki/Special:FilePath/Schloss%20Hartheim%2C%20Ansicht%20von%20S%C3%BCdwesten.jpg,Austria,https://en.wikipedia.org/wiki/Schloss_Hartheim,48.2812,14.1138
Q697145,Klosterneuburg Monastery,museums,http://commons.wikimedia.org/wiki/Special:FilePath/StiftKlosterneuburg%20b.jpg,Austria,https://en.wikipedia.org/wiki/Klosterneuburg_Abbey,48.30719,16.32664
Q697719,Arnulf Rainer Museum,museums,http://commons.wikimedia.org/wiki/Special:FilePath/Frauenbad%20Baden%200042.jpg,Austria,,48.0062,16.2337
Q697766,Eberbach Abbey,museums,http://commons.wikimedia.org/wiki/Special:FilePath/Kloster%20Eberbach%20fg01.JPG,Germany,https://en.wikipedia.org/wiki/Eberbach_Abbey,50.0425,8.046666666
Q698241,921 Earthquake Museum of Taiwan,museums,http://commons.wikimedia.org/wiki/Special:FilePath/Museum%20921.JPG,Taiwan,https://en.wikipedia.org/wiki/921_Earthquake_Museum_of_Taiwan,24.04256,120.69942
Q698270,Banjica concentration camp,museums,http://commons.wikimedia.org/wiki/Special:FilePath/Muzej%20banji%C4%8Dkog%20logora.jpg,Serbia,https://en.wikipedia.org/wiki/Banjica_concentration_camp,44.770277777,20.468333333
Q698689,Aggstein Castle,museums,http://commons.wikimedia.org/wiki/Special:FilePath/Burgruine-Aggstein.jpg,Austria,https://en.wikipedia.org/wiki/Aggstein_Castle,48.313888888,15.421666666
Q699474,Liechtenstein Castle,museums,http://commons.wikimedia.org/wiki/Special:FilePath/Maria%20Enzersdorf%20-%20Burg%20Liechtenstein%20%281%29.JPG,Austria,https://en.wikipedia.org/wiki/Liechtenstein_Castle_(Maria_Enzersdorf),48.0927,16.270361111
Q699943,MuseumsQuartier,museums,http://commons.wikimedia.org/wiki/Special:FilePath/MuseumsQuartier%20Wien%20Sept%202020%201.jpg,Austria,https://en.wikipedia.org/wiki/MuseumsQuartier,48.203333333,16.358888888
Q700208,Golden Roof,museums,http://commons.wikimedia.org/wiki/Special:FilePath/Goldenes%20Dachl%20%28Innsbruck%29.jpg,Austria,https://en.wikipedia.org/wiki/Goldenes_Dachl,47.2686,11.3933
Q700216,Staatliche Museen zu Berlin,museums,http://commons.wikimedia.org/wiki/Special:FilePath/Institut%20f%C3%BCr%20Museumsforschung.jpg,Germany,https://en.wikipedia.org/wiki/Staatliche_Museen_zu_Berlin,52.5092869,13.3644977
Q700751,Heeresgeschichtliches Museum,museums,http://commons.wikimedia.org/wiki/Special:FilePath/Arsenal%20Heeresgeschichtliches%20Museum%20Mittelbau-DSC%208010w.jpg,Austria,"https://en.wikipedia.org/wiki/Museum_of_Military_History,_Vienna",48.18536111,16.38738889
Q702661,Autostadt,museums,http://commons.wikimedia.org/wiki/Special:FilePath/14-01-18-autostadt-wob-037.jpg,Germany,https://en.wikipedia.org/wiki/Autostadt,52.4311,10.7919
Q703212,BMW Museum,museums,http://commons.wikimedia.org/wiki/Special:FilePath/Museo%20BMW%2C%20M%C3%BAnich%2C%20Alemania%202012-04-28%2C%20DD%2001.JPG,Germany,https://en.wikipedia.org/wiki/BMW_Museum,48.17667,11.55917
Q706530,German Museum of Technology,museums,http://commons.wikimedia.org/wiki/Special:FilePath/Deutsches%20Technikmuseum%20Berlin-49410.jpg,Germany,https://en.wikipedia.org/wiki/German_Museum_of_Technology,52.498611111,13.3775
Q707377,Mercedes-Benz Museum,museums,http://commons.wikimedia.org/wiki/Special:FilePath/Mercedes-Benz%20Museum%20201312%2002%20sunset.jpg,Germany,https://en.wikipedia.org/wiki/Mercedes-Benz_Museum,48.78855,9.23376
Q760640,August Horch Museum Zwickau,museums,http://commons.wikimedia.org/wiki/Special:FilePath/August%20Horch%20museum%20%28aka%29.jpg,Germany,https://en.wikipedia.org/wiki/August_Horch_Museum_Zwickau,50.7327,12.4841
Q784789,AutoMuseum Volkswagen,museums,http://commons.wikimedia.org/wiki/Special:FilePath/VW%20Automuseum.jpg,Germany,https://en.wikipedia.org/wiki/AutoMuseum_Volkswagen,52.427222,10.808889
Q787517,automobile welt eisenach,museums,http://commons.wikimedia.org/wiki/Special:FilePath/ESA%20AWE.JPG,Germany,https://en.wikipedia.org/wiki/Automobile_Welt_Eisenach,50.9811,10.325
Q787840,Q787840,museums,http://commons.wikimedia.org/wiki/Special:FilePath/DDR%20Museum%20Zeitreise%20Radebeul%20PKWs.jpg,Germany,,51.0603,13.745
Q787847,Automuseum Busch,museums,http://commons.wikimedia.org/wiki/Special:FilePath/2000-07%20Automuseum%20Fritz%20B.%20Busch.jpg,Germany,,47.8221,9.79335
Q787908,Automotive Hall of Fame,museums,http://commons.wikimedia.org/wiki/Special:FilePath/Automotive%20Hall%20of%20Fame%20Dearborn.JPG,United States,https://en.wikipedia.org/wiki/Automotive_Hall_of_Fame,42.3025,-83.237694444
Q787947,Automuseum Dr. Carl Benz,museums,http://commons.wikimedia.org/wiki/Special:FilePath/Automuseum%20Dr%20Carl%20Benz.jpg,Germany,https://en.wikipedia.org/wiki/Automuseum_Dr._Carl_Benz,49.474305555,8.596666666
Q787944,Automuseum Melle,museums,http://commons.wikimedia.org/wiki/Special:FilePath/Automuseum%20Melle%20-%20au%C3%9Fen%2003.JPG,Germany,,52.2097,8.33767
Q825232,Computerspielemuseum Berlin,museums,http://commons.wikimedia.org/wiki/Special:FilePath/Ausstellung%20Computerspielemuseum%202.JPG,Germany,https://en.wikipedia.org/wiki/Computerspielemuseum,52.5175,13.4419
Q839312,Musée de l'Aventure Peugeot,museums,http://commons.wikimedia.org/wiki/Special:FilePath/Musee%20Peugeot.jpg,France,https://en.wikipedia.org/wiki/Mus%C3%A9e_de_l%27Aventure_Peugeot,47.516405,6.830564
Q856094,Bible Museum Münster,museums,http://commons.wikimedia.org/wiki/Special:FilePath/Muenster%20Bibelmuseum%208885.jpg,Germany,https://en.wikipedia.org/wiki/Bible_Museum_M%C3%BCnster,51.9612,7.62344
Q856097,Bibelmuseum,museums,http://commons.wikimedia.org/wiki/Special:FilePath/Wuppertal%20Wolkenburg%200001.jpg,Germany,,51.2553,7.16361
Q964035,Computer History Museum,museums,http://commons.wikimedia.org/wiki/Special:FilePath/Computer%20history%20museum.jpg,United States,https://en.wikipedia.org/wiki/Computer_History_Museum,37.4144,-122.077
Q975426,Menshikov Palace (Saint Petersburg),museums,http://commons.wikimedia.org/wiki/Special:FilePath/Menshikov%20Palace%20in%20SPB.jpg,Russia,https://en.wikipedia.org/wiki/Menshikov_Palace_(Saint_Petersburg),59.938888888,30.295833333
Q975521,20th Century Technology Museum,museums,http://commons.wikimedia.org/wiki/Special:FilePath/20th%20Century%20Technology%20Museum%20Wharton.jpg,United States,https://en.wikipedia.org/wiki/20th_Century_Technology_Museum,29.3093,-96.1004
Q976019,Cerralbo Museum,museums,http://commons.wikimedia.org/wiki/Special:FilePath/Palacio%20del%20Marqu%C3%A9s%20de%20Cerralbo%20%28Madrid%29%2001.jpg,Spain,https://en.wikipedia.org/wiki/Cerralbo_Museum,40.423684,-3.714577
Q977015,Phoenix Art Museum,museums,http://commons.wikimedia.org/wiki/Special:FilePath/Main%20entrance%20to%20Phoenix%20Art%20Museum%20-%2019%20June%202008.jpg,United States,https://en.wikipedia.org/wiki/Phoenix_Art_Museum,33.466749,-112.072655
Q979000,Musée du Président François Mitterrand,museums,http://commons.wikimedia.org/wiki/Special:FilePath/Mus%C3%A9e%20du%20Septennat%20de%20Fran%C3%A7ois%20Mitterrand.jpg,France,,47.067316,3.935133
Q979100,New Cathedral of Coimbra,museums,http://commons.wikimedia.org/wiki/Special:FilePath/S%C3%A9%20Nova%20de%20Coimbra%20-%20Fachada%20principal%20%282%29.jpg,Portugal,https://en.wikipedia.org/wiki/New_Cathedral_of_Coimbra,40.209444,-8.424444
Q979670,Bogotá Botanical Garden,museums,http://commons.wikimedia.org/wiki/Special:FilePath/Bogot%C3%A1%2C%20sendero%20en%20el%20Jard%C3%ADn%20Bot%C3%A1nico.JPG,Colombia,https://en.wikipedia.org/wiki/Bogot%C3%A1_Botanical_Garden,4.668211,-74.100198
Q980285,STAM Ghent City Museum,museums,http://commons.wikimedia.org/wiki/Special:FilePath/Gent%20STAM%2012-10-2010%2010-33-23.JPG,Belgium,https://en.wikipedia.org/wiki/Ghent_City_Museum,51.04361,3.71722
Q980795,World Museum,museums,http://commons.wikimedia.org/wiki/Special:FilePath/World%20Museum%20Liverpool.JPG,United Kingdom,https://en.wikipedia.org/wiki/World_Museum,53.41,-2.981666666
Q984263,house of Machiavelli,museums,http://commons.wikimedia.org/wiki/Special:FilePath/Faltignano%2C%20casa%20di%20machiavelli%2C%2002.JPG,Italy,https://en.wikipedia.org/wiki/House_of_Machiavelli,43.682747,11.197732
Q986531,Museum of the Macedonian Struggle,museums,http://commons.wikimedia.org/wiki/Special:FilePath/Museum%20of%20the%20Macedonian%20Struggle.jpg,North Macedonia,https://en.wikipedia.org/wiki/Museum_of_the_Macedonian_Struggle_(Skopje),41.998055555,21.433055555
Q989755,Mühlenhof Breckerfeld,museums,http://commons.wikimedia.org/wiki/Special:FilePath/M%C3%BChle%20Breckerfeld.jpg,Germany,,51.270877777,7.453622222
Q117504,Pinsk Marshes,natural,http://commons.wikimedia.org/wiki/Special:FilePath/Prypiat%20River%20in%20the%20Chernobyl%20Exclusion%20Zone%2C%20May%202009.jpg,Belarus,https://en.wikipedia.org/wiki/Pripet_Marshes,51.815277777,24.952777777
Q181971,North Anatolian Fault,natural,http://commons.wikimedia.org/wiki/Special:FilePath/Anatolian%20Plate%20Vectoral.svg,Turkey,https://en.wikipedia.org/wiki/North_Anatolian_Fault,41.0,35.0
Q932736,Volcanoes National Park,natural,http://commons.wikimedia.org/wiki/Special:FilePath/Parc%20National%20Des%20Volcans%20-%20Flickr%20-%20Dave%20Proffer%20%284%29.jpg,Rwanda,https://en.wikipedia.org/wiki/Volcanoes_National_Park,-1.4675,29.4925
Q995658,Bråviken,natural,http://commons.wikimedia.org/wiki/Special:FilePath/Br%C3%A5viken%20i%20Norrk%C3%B6ping%2C%20den%2016%20juli%202007%2C%20bild%201.JPG,Sweden,https://en.wikipedia.org/wiki/Br%C3%A5viken,58.641666666,16.5
Q1348116,Mount Moco,natural,http://commons.wikimedia.org/wiki/Special:FilePath/Moco.JPG,Angola,https://en.wikipedia.org/wiki/Mount_Moco,-12.466666666,15.183333333
Q1356828,Nyungwe Forest,natural,http://commons.wikimedia.org/wiki/Special:FilePath/Sunrisenyungwe.jpg,Rwanda,https://en.wikipedia.org/wiki/Nyungwe_Forest,-2.5282157,29.2758463
Q1571380,Hwange National Park,natural,http://commons.wikimedia.org/wiki/Special:FilePath/Down%20the%20water%20hole.jpg,Zimbabwe,https://en.wikipedia.org/wiki/Hwange_National_Park,-18.735,26.955
Q1639258,Hutovo Blato Nature park,natural,http://commons.wikimedia.org/wiki/Special:FilePath/Hutovo%20Blato.jpg,Bosnia and Herzegovina,https://en.wikipedia.org/wiki/Hutovo_Blato,43.056847222,17.757683333
Q1771901,Nojima Fault,natural,http://commons.wikimedia.org/wiki/Special:FilePath/Nojima%20fault%20side%20view.jpg,Japan,https://en.wikipedia.org/wiki/Nojima_Fault,34.54944444,134.9375
Q1808528,Lusatian Fault,natural,http://commons.wikimedia.org/wiki/Special:FilePath/Nationalpark%20S%C3%A4chsische%20Schweiz%20Hockstein%20lub%202025-04-27%20img05%20Aussicht.jpg,Germany,https://en.wikipedia.org/wiki/Lusatian_Fault,50.8594706,14.5977392
Q4128877,Vydryca,natural,http://commons.wikimedia.org/wiki/Special:FilePath/%D0%A0.%20%D0%92%D1%8B%D0%B4%D1%80%D1%8B%D1%86%D0%B0.jpg,Belarus,,52.7436,29.6642
Q4388625,Hope Fault,natural,http://commons.wikimedia.org/wiki/Special:FilePath/MarlboroughFaultSystem.png,New Zealand,https://en.wikipedia.org/wiki/Hope_Fault,-42.75,173.066666666
Q4399546,Bead Geyser,natural,http://commons.wikimedia.org/wiki/Special:FilePath/Bead%20Geyser-Schmidt1977.jpg,United States,https://en.wikipedia.org/wiki/Bead_Geyser,44.5432767,-110.7952922
Q4681889,Adele Island,natural,http://commons.wikimedia.org/wiki/Special:FilePath/ISS044-E-903%20-%20View%20of%20Western%20Australia.jpg,Australia,https://en.wikipedia.org/wiki/Adele_Island_(Western_Australia),-15.52361111,123.15444444
Q4849666,Bala Fault,natural,http://commons.wikimedia.org/wiki/Special:FilePath/Bala%20Fault.jpg,United Kingdom,https://en.wikipedia.org/wiki/Bala_Fault,52.59,-4.07
Q4879376,Bedout Island,natural,http://commons.wikimedia.org/wiki/Special:FilePath/Brown%20boobytern.JPG,Australia,https://en.wikipedia.org/wiki/Bedout_Island,-19.57777778,119.09444444
Q4905474,Big Cone,natural,http://commons.wikimedia.org/wiki/Special:FilePath/Big%20Cone%20Geyser%20at%20the%20West%20Thumb%20of%20Yellowstone%20Lake%2C%20Wyoming%2C%20US.jpg,United States,https://en.wikipedia.org/wiki/Big_Cone,44.4176121,-110.5706086
Q4948823,Botryoidal Spring,natural,http://commons.wikimedia.org/wiki/Special:FilePath/Botryoidal%20Spring%20eruption%20%282.04%20PM%2C%2012%20August%202013%29%204%20%2812293000206%29.jpg,United States,https://en.wikipedia.org/wiki/Botryoidal_Spring,44.5348083,-110.7994821
Q4996382,Bulger Geyser,natural,http://commons.wikimedia.org/wiki/Special:FilePath/Bulger%20Geyser%20%28noon%20time%2C%204%20June%202014%29%201.jpg,United States,https://en.wikipedia.org/wiki/Bulger_Geyser,44.4660388,-110.8369156
Q5191204,Crystal Geyser,natural,http://commons.wikimedia.org/wiki/Special:FilePath/CrystalGeyser.jpg,United States,https://en.wikipedia.org/wiki/Crystal_Geyser,38.9383,-110.135
Q5212938,Dampier Saltworks Important Bird Area,natural,http://commons.wikimedia.org/wiki/Special:FilePath/Dampier%20panorama%20Nov06%20SMC.jpg,Australia,https://en.wikipedia.org/wiki/Dampier_Saltworks_Important_Bird_Area,-20.7189,116.727
Q5315553,Dunn Rock and Lake King Important Bird Area,natural,http://commons.wikimedia.org/wiki/Special:FilePath/Lichenostomus%20cratitius.jpg,Australia,https://en.wikipedia.org/wiki/Dunn_Rock_and_Lake_King_Important_Bird_Area,-33.2361,119.522
Q5332600,Echinus Geyser,natural,http://commons.wikimedia.org/wiki/Special:FilePath/Echinus%20geyser.jpg,United States,https://en.wikipedia.org/wiki/Echinus_Geyser,44.7220083,-110.7020492
Q5455004,Fishing Cone,natural,http://commons.wikimedia.org/wiki/Special:FilePath/Fishing%20Cone%20Geyser%20YNP2.jpg,United States,https://en.wikipedia.org/wiki/Fishing_Cone,44.4172895,-110.5702606
Q6189460,Jewel Geyser,natural,http://commons.wikimedia.org/wiki/Special:FilePath/Jewel%20Geyser%20Upper%20Basin.jpg,United States,https://en.wikipedia.org/wiki/Jewel_Geyser,44.4849036,-110.8561941
Q6470306,Lady Knox Geyser,natural,http://commons.wikimedia.org/wiki/Special:FilePath/Lady%20Knox%20Geyser.jpg,New Zealand,https://en.wikipedia.org/wiki/Lady_Knox_Geyser,-38.3508,176.377
Q6671433,Lone Star Geyser,natural,http://commons.wikimedia.org/wiki/Special:FilePath/Lone%20Star%20Geyser%20in%20Yellowstone%20National%20Park%2C%20Wyoming%2C%20US.jpg,United States,https://en.wikipedia.org/wiki/Lone_Star_Geyser,44.4183692,-110.806739
Q6908060,Moora Important Bird Area,natural,http://commons.wikimedia.org/wiki/Special:FilePath/Moora%20Important%20Bird%20Area.jpg,Australia,https://en.wikipedia.org/wiki/Moora_Important_Bird_Area,-30.6456,116.007
Q6935738,Mundaring-Kalamunda Important Bird Area,natural,http://commons.wikimedia.org/wiki/Special:FilePath/Calyptorhynchus%20baudinii%20%28female%29%20-Margaret%20River-8.jpg,Australia,https://en.wikipedia.org/wiki/Mundaring-Kalamunda_Important_Bird_Area,-31.9606,116.14
Q7164913,Penta Geyser,natural,http://commons.wikimedia.org/wiki/Special:FilePath/Penta%20Geyser%20%28late%20morning%2C%201%20June%202013%29%2010.jpg,United States,https://en.wikipedia.org/wiki/Penta_Geyser,44.4657295,-110.8363198
Q7195981,Pink Cone Geyser,natural,http://commons.wikimedia.org/wiki/Special:FilePath/Pink%20Cone%20Geyser%20eruption%20%2873665fec-b2d4-4401-b30c-3a587641a212%29.jpg,United States,https://en.wikipedia.org/wiki/Pink_Cone_Geyser,44.543055555,-110.796111111
Q7378553,Rugezi Wetland,natural,http://commons.wikimedia.org/wiki/Special:FilePath/Rugezi%20wetland.jpg,Rwanda,https://en.wikipedia.org/wiki/Rugezi_Marsh,-1.528888888,29.909444444
Q7428663,Sawmill Geyser,natural,http://commons.wikimedia.org/wiki/Special:FilePath/Yellowstone%20sawmillgeyser.jpg,United States,https://en.wikipedia.org/wiki/Sawmill_Geyser,44.4655086,-110.8366304
Q7553193,Soda Springs Geyser,natural,http://commons.wikimedia.org/wiki/Special:FilePath/Soda%20Springs%20Geyser%201.JPG,United States,https://en.wikipedia.org/wiki/Soda_Springs_Geyser,42.65725,-111.605194444
Q7565306,South-east Tasmania Important Bird Area,natural,http://commons.wikimedia.org/wiki/Special:FilePath/Forty-spotted%20Pardalote.jpg,Australia,https://en.wikipedia.org/wiki/South-east_Tasmania_Important_Bird_Area,-42.99305556,147.43222222
Q7566007,South Arm Important Bird Area,natural,http://commons.wikimedia.org/wiki/Special:FilePath/Haematopus%20longirostris%20-%20Austins%20Ferry.jpg,Australia,https://en.wikipedia.org/wiki/South_Arm_Important_Bird_Area,-42.86861111,147.53194444
Q7573979,Spasm Geyser,natural,http://commons.wikimedia.org/wiki/Special:FilePath/Spasm%20Geyser%20with%20full%20pool%20%26%20receiving%20Fountain%20Geyser%20eruption%20runoff%20%284.34-5.45%20PM%2C%209%20August%202013%29%2001.jpg,United States,https://en.wikipedia.org/wiki/Spasm_Geyser,44.5510597,-110.8086866
Q7636532,Sulphur Spring,natural,http://commons.wikimedia.org/wiki/Special:FilePath/SulphurSpring1963Johnsson.jpg,United States,https://en.wikipedia.org/wiki/Sulphur_Spring,44.6547446,-110.4817849
Q7986703,West Triplet Geyser,natural,http://commons.wikimedia.org/wiki/Special:FilePath/West%20Triplet%20Geyser%20UGB%20YNP1.jpg,United States,https://en.wikipedia.org/wiki/West_Triplet_Geyser,44.466602222,-110.837204166
Q12019526,Herľany Geyser,natural,http://commons.wikimedia.org/wiki/Special:FilePath/Erupcia%20Gejz%C3%ADr%20Her%C4%BEany%2018%20Slovakia31.jpg,Slovakia,https://en.wikipedia.org/wiki/Her%C4%BEany_geyser,48.801111111,21.4775
Q14714804,Morning Geyser,natural,http://commons.wikimedia.org/wiki/Special:FilePath/Morning%20Geyser-George%20Marler%201959.jpg,United States,https://en.wikipedia.org/wiki/Morning_Geyser,44.5514482,-110.8082806
Q25933938,Little Cub Geyser,natural,http://commons.wikimedia.org/wiki/Special:FilePath/Little%20Cub%20Geyser-James%20St.%20John%202013.jpg,United States,,44.4640268,-110.8311074
Q25983660,North Goggles Geyser,natural,http://commons.wikimedia.org/wiki/Special:FilePath/North%20Goggles%20Geyser-James%20St.%20John%202013.jpg,United States,,44.464166666,-110.830833333
Q36698486,Lioness Geyser,natural,http://commons.wikimedia.org/wiki/Special:FilePath/Lion%20Group%20of%20geysers%20in%20Yellowstone%20National%20Park%2C%20Wyoming%2C%20US.jpg,United States,,44.4639942,-110.8311155
Q41800230,Steady Geyser,natural,http://commons.wikimedia.org/wiki/Special:FilePath/SteadyGeyser-Mahler1969.jpg,United States,,44.5442705,-110.7866639
Q41801011,Gray Bulger Geyser,natural,http://commons.wikimedia.org/wiki/Special:FilePath/Gray%20Bulger%20Geyser%20%2811%20August%202011%29%205.jpg,United States,,44.5439648,-110.7845921
Q49126873,Fan Geyser,natural,http://commons.wikimedia.org/wiki/Special:FilePath/Fan%20Geyser%20%2830%20July%202012%29%205.jpg,United States,,44.47442,-110.84277
Q49126885,Oblong Geyser,natural,http://commons.wikimedia.org/wiki/Special:FilePath/Oblong%20Geyser%2C%20Upper%20Geyser%20Basin%20%2833267179422%29.jpg,United States,,44.46931,-110.84031
Q49707954,Biscuit Basin Geyser,natural,http://commons.wikimedia.org/wiki/Special:FilePath/Yellowstone%20National%20Park%20%2851631856172%29.jpg,United States,,44.481666666,-110.850555555
Q49715721,Deluge Geyser,natural,http://commons.wikimedia.org/wiki/Special:FilePath/DelugeGeyser-Jackson1872.jpg,United States,,44.306111111,-110.527222222
Q49719783,Flood Geyser,natural,http://commons.wikimedia.org/wiki/Special:FilePath/Flood%20Geyser%20eruption%20%284-03-4-10%20PM%2C%2019%20June%202023%29.jpg,United States,,44.529166666,-110.828611111
Q49720658,Giant Group,natural,http://commons.wikimedia.org/wiki/Special:FilePath/Giant%20Group%20of%20geysers%20in%20Yellowstone%20National%20Park%2C%20Wyoming%2C%20US.jpg,United States,,44.470555555,-110.840833333
Q49725588,King Geyser,natural,http://commons.wikimedia.org/wiki/Special:FilePath/King%20Geyser%202.jpg,United States,,44.41894,-110.572
Q49728745,Minute Geyser,natural,http://commons.wikimedia.org/wiki/Special:FilePath/Minute%20Geyser-1090117.jpg,United States,,44.729444444,-110.703055555
Q49729198,Mud Geyser,natural,http://commons.wikimedia.org/wiki/Special:FilePath/Mud%20Geyser%20%2828883629943%29.jpg,United States,,44.623055555,-110.431944444
Q49730526,Occasional Geyser,natural,http://commons.wikimedia.org/wiki/Special:FilePath/Occasional%20Geyser-Herkenham.jpg,United States,,44.42184,-110.5738
Q49731286,Pearl Geyser,natural,http://commons.wikimedia.org/wiki/Special:FilePath/Pearl%20Geyser-1969.jpg,United States,,44.733333333,-110.700833333
Q49732103,Porkchop Geyser,natural,http://commons.wikimedia.org/wiki/Special:FilePath/Porkchop%20Geyser%201.jpg,United States,,44.705555555,-110.7075
Q49734075,Rustic Geyser,natural,http://commons.wikimedia.org/wiki/Special:FilePath/Crater%20of%20the%20Rustic%20Geyser%2C%20Heart%20Lake%20basin.%20Yellowstone%20National%20Park.%20-%20NARA%20-%20517219.jpg,United States,,44.282222222,-110.506388888
Q49734082,Rusty Geyser,natural,http://commons.wikimedia.org/wiki/Special:FilePath/Rusty%20Geyser%20eruption%20%289.35%20AM%2C%203%20June%202013%29%2003.jpg,United States,,44.484611111,-110.851722222
Q49736276,Spouter Geyser,natural,http://commons.wikimedia.org/wiki/Special:FilePath/Spouter%20Geyser%20eruption%20%2854522069593%29.jpg,United States,,44.46268,-110.8533
Q49736521,Steamboat Geyser,natural,http://commons.wikimedia.org/wiki/Special:FilePath/Steamboat%20Geyser%20at%20Norris%20Geyser%20Basin%20in%20Yellowstone.JPG,United States,,43.268333333,-108.895277777
Q49737449,Tardy Geyser,natural,http://commons.wikimedia.org/wiki/Special:FilePath/Tardy%20Geyser%20%28late%20afternoon%2C%2031%20July%202017%29%203.jpg,United States,,44.4653843,-110.8364686
Q49738716,Twin Geysers,natural,http://commons.wikimedia.org/wiki/Special:FilePath/TwinGeysers-Boe1975.jpg,United States,,44.41726,-110.5727
Q49741909,Excelsior Geyser Crater,natural,http://commons.wikimedia.org/wiki/Special:FilePath/Excelsior%20Geyser%20Crater%20panorama.jpg,United States,,44.5263,-110.83679
Q65249949,Old Faithful Geyser of California,natural,http://commons.wikimedia.org/wiki/Special:FilePath/Old%20Faithful%20Geyser%2C%20Calistoga%2C%20California.jpg,United States,,38.5963,-122.6023
Q121826441,Veteran Geyser,natural,http://commons.wikimedia.org/wiki/Special:FilePath/Veteran%20Geyser%20%2810%20August%202011%29%2002.jpg,United States,,44.7230074,-110.7056902
Q121849569,Blood Geyser,natural,http://commons.wikimedia.org/wiki/Special:FilePath/Blood%20Geyser%202.jpg,United States,,44.6921958,-110.7374038
Q121863675,Twig Geyser,natural,http://commons.wikimedia.org/wiki/Special:FilePath/Twig%20Geyser%20%2812%20July%202014%29.jpg,United States,,44.5511399,-110.8078133
Q121863755,Jelly Geyser,natural,http://commons.wikimedia.org/wiki/Special:FilePath/Jelly%20Geyser%20%288%20July%202014%29.jpg,United States,,44.5509453,-110.8088354
Q123271313,Black Pearl Geyser,natural,http://commons.wikimedia.org/wiki/Special:FilePath/Black%20Pearl%20Geyser%2C%20Biscuit%20Basin%2C%20Yellowstone%20DyeClan.com%20-%20panoramio.jpg,United States,,44.485661247,-110.855961249
Q125961726,Andranomandroatra Analavory Geysers,natural,http://commons.wikimedia.org/wiki/Special:FilePath/Analavory%20geyser%20near%20hot%20springs%20at%20Ampefy%20in%20Itasy%20-%20Madagascar.jpg,Madagascar,,-18.92561,46.64004
Q134567963,Lakeshore Geyser,natural,http://commons.wikimedia.org/wiki/Special:FilePath/Lakeshore%20Geyser%20Yellowstone%20National%20Park%202024.jpg,United States,,44.41676,-110.5699
Q134589509,Silver Globe Slit Geyser,natural,http://commons.wikimedia.org/wiki/Special:FilePath/Silver%20Globe%20Slit%20Geyser%20%28afternoon%2C%2014%20August%202014%29%201.jpg,United States,,44.48511,-110.8575
Q134607604,Old Perpetual,natural,http://commons.wikimedia.org/wiki/Special:FilePath/Lakeview%20Perpetual.JPG,United States,,42.221516,-120.3690403
Q134714416,Cascade Geyser,natural,http://commons.wikimedia.org/wiki/Special:FilePath/Cascade%20Geyser-Bower1998.jpg,United States,,44.46247,-110.829
Q134721803,Jagged Spring,natural,http://commons.wikimedia.org/wiki/Special:FilePath/Jagged%20Spring%20%28afternoon%2C%2019%20June%202023%29%201.jpg,United States,,44.46212,-110.8537
Q134722180,Spa Geyser,natural,http://commons.wikimedia.org/wiki/Special:FilePath/Upper%20Geyser%20Basin%20Yellowstone%2014.JPG,United States,,44.47244,-110.8419
Q134739039,Deleted Teakettle Geyser,natural,http://commons.wikimedia.org/wiki/Special:FilePath/Deleted%20Teakettle%20Geyser%20%2814%20August%202015%29.jpg,United States,,44.46516,-110.837253
Q134739150,Coral Geyser,natural,http://commons.wikimedia.org/wiki/Special:FilePath/Coral%20Geyser.jpg,United States,,44.48571,-110.8558
Q134822060,Depression Geyser,natural,http://commons.wikimedia.org/wiki/Special:FilePath/Depression%20Geyser%20overflow%20event%20%2812-12%20PM%2C%2015%20August%202015%29%201.jpg,United States,,44.46299,-110.8306
Q138454316,"Geyser, Parque Nacional de Timanfaya",natural,http://commons.wikimedia.org/wiki/Special:FilePath/Gejz%C3%ADr%20%28G%C3%A9iser%29%2C%20Monta%C3%B1as%20del%20Fuego%2C%20N%C3%A1rodn%C3%AD%20park%20Timanfaya%2C%20Yaiza%2C%20Lanzarote%2C%20Kan%C3%A1rsk%C3%A9%20ostrovy%2004.jpg,Spain,,29.0056331,-13.7532169
Q138064,White Dome Geyser,natural,http://commons.wikimedia.org/wiki/Special:FilePath/White-dome-geyser.jpg,United States,https://en.wikipedia.org/wiki/White_Dome_Geyser,44.5393,-110.803
Q142874,Yugyd Va National Park,natural,http://commons.wikimedia.org/wiki/Special:FilePath/Saranpaul%20-%20view%20over%20river.jpg,Russia,https://en.wikipedia.org/wiki/Yugyd_Va_National_Park,64.4631,59.0123
Q148859,Spreewald,natural,http://commons.wikimedia.org/wiki/Special:FilePath/Im%20Spreewald%2003.jpg,Germany,https://en.wikipedia.org/wiki/Spree_Forest,51.88,14.166666666
Q181737,Baluran National Park,natural,http://commons.wikimedia.org/wiki/Special:FilePath/Wild%20Deers%20near%20Bama%20Point%2C%20Baluran.jpg,Indonesia,https://en.wikipedia.org/wiki/Baluran_National_Park,-7.83333333,114.36666667
Q216846,Great Geysir,natural,http://commons.wikimedia.org/wiki/Special:FilePath/Geysir%2C%20Geysir%20geothermal%20field%2C%202019.jpg,Iceland,https://en.wikipedia.org/wiki/Geysir,64.313834,-20.299494
Q239494,Danau Sentarum National Park,natural,http://commons.wikimedia.org/wiki/Special:FilePath/Lahan%20basah%20Taman%20Nasional%20Danau%20Sentarum%2C%20Kalimantan%20Barat.jpg,Indonesia,https://en.wikipedia.org/wiki/Lake_Sentarum_National_Park,0.85,112.1
Q258359,"Prokhorovka, Belgorod Oblast",natural,http://commons.wikimedia.org/wiki/Special:FilePath/%D0%92%20%D0%BD%D0%B5%D0%B1%D0%B5%20%D0%BD%D0%B0%D0%B4%20%D0%9F%D1%80%D0%BE%D1%85%D0%BE%D1%80%D0%BE%D0%B2%D0%BA%D0%BE%D0%B9%2018.jpg,Russia,"https://en.wikipedia.org/wiki/Prokhorovka,_Belgorod_Oblast",51.033333333,36.733333333
Q277683,Lena Pillars,natural,http://commons.wikimedia.org/wiki/Special:FilePath/%D0%91%D0%B5%D0%BB%D1%8B%D0%B5%20%D0%BD%D0%BE%D1%87%D0%B8%20%D0%BD%D0%B0%20%D1%82%D0%B5%D1%80%D1%80%D0%B8%D1%82%D0%BE%D1%80%D0%B8%D0%B8%20%D0%9B%D0%A1.jpg,Russia,https://en.wikipedia.org/wiki/Lena_Pillars,61.106944444,127.361666666
Q338716,Sikhote-Alin Nature Reserve,natural,http://commons.wikimedia.org/wiki/Special:FilePath/Glukhomanka%20mass.jpg,Russia,https://en.wikipedia.org/wiki/Sikhote-Alin_Nature_Reserve,45.03333333,136.33333333
Q359338,Pik Aborigen,natural,http://commons.wikimedia.org/wiki/Special:FilePath/%D0%9E%D0%B7%D0%B5%D1%80%D0%BE%20%D0%94%D0%B6%D0%B5%D0%BA%D0%B0%20%D0%9B%D0%BE%D0%BD%D0%B4%D0%BE%D0%BD%D0%B0%20%28cropped%2C%20%D0%90%D0%B1%D0%BE%D1%80%D0%B8%D0%B3%D0%B5%D0%BD%29.jpg,Russia,,61.966667,149.316944
Q376708,Kazanka,natural,http://commons.wikimedia.org/wiki/Special:FilePath/Qazansu2.JPG,Russia,https://en.wikipedia.org/wiki/Kazanka_(river),55.806944444,49.160555555
Q385340,Young Hopeful Geyser,natural,http://commons.wikimedia.org/wiki/Special:FilePath/Young%20Hopeful%20Geyser%20detail.jpg,United States,https://en.wikipedia.org/wiki/Young_Hopeful_and_Grey_Bulger_Geysers,44.543967222,-110.784505555
Q433771,Altai Nature Reserve,natural,http://commons.wikimedia.org/wiki/Special:FilePath/Large%20Falls%20Chulchinsky.jpg,Russia,https://en.wikipedia.org/wiki/Altai_Nature_Reserve,51.9516,87.9705
Q476721,Vishera,natural,http://commons.wikimedia.org/wiki/Special:FilePath/Vishera%20River%2C%20Perm%20Krai.jpg,Russia,https://en.wikipedia.org/wiki/Vishera_(Perm_Krai),59.9039,56.4389
Q483388,Shamanka Rock,natural,http://commons.wikimedia.org/wiki/Special:FilePath/Baikal%2C%20Cape%20Burhan%2C%20Shamanka%20Rock%2C%20Olkhon%20Island%2C%20Lake%20Baikal%2C%20Russia.jpg,Russia,https://en.wikipedia.org/wiki/Shaman_Rock,53.203888888,107.341388888
Q488070,Hallyeohaesang National Park,natural,http://commons.wikimedia.org/wiki/Special:FilePath/Korea-Geoje-Oedo%204078-06.JPG,South Korea,https://en.wikipedia.org/wiki/Hallyeohaesang_National_Park,34.75888889,127.97583333
Q494269,Moneron Island,natural,http://commons.wikimedia.org/wiki/Special:FilePath/Moneron%20Island.jpg,Russia,https://en.wikipedia.org/wiki/Moneron_Island,46.254,141.232694444
Q527521,Palyavaam,natural,http://commons.wikimedia.org/wiki/Special:FilePath/%D0%93%D0%BE%D1%80%D0%BD%D0%BE%D0%B5%20%D0%BF%D1%80%D0%B0%D0%B2%D0%BE%D0%B1%D0%B5%D1%80%D0%B5%D0%B6%D1%8C%D0%B5%20%D1%80.%20%D0%9F%D0%B0%D0%BB%D1%8F%D0%B2%D0%B0%D0%B0%D0%BC.jpg,Russia,https://en.wikipedia.org/wiki/Palyavaam,68.0217,177.725
Q543451,Grand Geyser,natural,http://commons.wikimedia.org/wiki/Special:FilePath/Grand%20Geyser%20eruption%20opening%20day%202019%20%2833792661878%29.jpg,United States,https://en.wikipedia.org/wiki/Grand_Geyser,44.4666823,-110.8369805
Q564901,Melikhovo,natural,http://commons.wikimedia.org/wiki/Special:FilePath/Melihovo.jpg,Russia,https://en.wikipedia.org/wiki/Melikhovo,55.11537,37.64854
Q586348,Russian Arctic National Park,natural,http://commons.wikimedia.org/wiki/Special:FilePath/%D0%9B%D0%B5%D0%B6%D0%BA%D0%B0%20%D0%BC%D0%BE%D1%80%D0%B6%D0%B5%D0%B9%20%D0%BD%D0%B0%20%D0%BE%D1%81%D1%82%D1%80%D0%BE%D0%B2%D0%B5%20%D0%9D%D0%BE%D1%80%D1%82%D0%B1%D1%80%D1%83%D0%BA.jpg,Russia,https://en.wikipedia.org/wiki/Russian_Arctic_National_Park,75.7,60.9
Q593870,Virgin Komi Forests,natural,http://commons.wikimedia.org/wiki/Special:FilePath/Four%20herous01.JPG,Russia,https://en.wikipedia.org/wiki/Virgin_Komi_Forests,65.06666667,60.15
Q623643,Sail Rock,natural,http://commons.wikimedia.org/wiki/Special:FilePath/Parus%20rock.jpg,Russia,https://en.wikipedia.org/wiki/Sail_Rock,44.438638888,38.184388888
Q626642,Víðgelmir,natural,http://commons.wikimedia.org/wiki/Special:FilePath/Vidgelmir-01.jpg,Iceland,https://en.wikipedia.org/wiki/V%C3%AD%C3%B0gelmir,64.750420791,-20.801356123
Q641418,Q641418,natural,http://commons.wikimedia.org/wiki/Special:FilePath/Antigua%20Finca.jpg,Russia,,58.070833333,30.416666666
Q652464,Kolomenskoye,natural,http://commons.wikimedia.org/wiki/Special:FilePath/Moscow%20Kolomenskoye%20Ascension%20Church%20%2816%29.jpg,Russia,https://en.wikipedia.org/wiki/Kolomenskoye,55.66767,37.66657
Q658234,Nero,natural,http://commons.wikimedia.org/wiki/Special:FilePath/%D0%9E%D0%B7%D0%B5%D1%80%D0%BE%20%D0%9D%D0%B5%D1%80%D0%BE%20%D0%A0%D0%BE%D1%81%D1%82%D0%BE%D0%B2%207.jpg,Russia,https://en.wikipedia.org/wiki/Lake_Nero,57.164722222,39.436666666
Q661687,Turban Geyser,natural,http://commons.wikimedia.org/wiki/Special:FilePath/Grand%20and%20vent%20geysers.jpg,United States,https://en.wikipedia.org/wiki/Turban_Geyser,44.466740277,-110.836985833
Q661711,Alkhanay National Park,natural,http://commons.wikimedia.org/wiki/Special:FilePath/%D0%93%D0%BE%D0%BB%D0%B5%D1%86%20%D0%90%D0%BB%D1%85%D0%B0%D0%BD%D0%B0%D0%B9%2C%20%D0%94%D1%83%D0%BB%D1%8C%D0%B4%D1%83%D1%80%D0%B3%D0%B8%D0%BD%D1%81%D0%BA%D0%B8%D0%B9%20%D1%80%D0%B0%D0%B9%D0%BE%D0%BD.JPG,Russia,https://en.wikipedia.org/wiki/Alkhanay_National_Park,50.83333334,113.4166667
Q661763,Shorian National Park,natural,http://commons.wikimedia.org/wiki/Special:FilePath/Shoria1.png,Russia,https://en.wikipedia.org/wiki/Shorsky_National_Park,52.58333333,88.33333333
Q661791,Q661791,natural,http://commons.wikimedia.org/wiki/Special:FilePath/Oldkornilievmonastery.jpg,Russia,,58.824466,40.238518
Q663113,Tulymsky Kamen,natural,http://commons.wikimedia.org/wiki/Special:FilePath/Vishera.jpg,Russia,https://en.wikipedia.org/wiki/Tulymsky_Kamen,61.141388888,58.928055555
Q672602,Arkaim,natural,http://commons.wikimedia.org/wiki/Special:FilePath/%D0%90%D1%80%D0%BA%D0%B0%D0%B8%D0%BC%202015%20%28cropped%29.jpg,Russia,https://en.wikipedia.org/wiki/Arkaim,52.64926,59.5715
Q678744,Alas Purwo National Park,natural,http://commons.wikimedia.org/wiki/Special:FilePath/Merak%20Jawa.jpg,Indonesia,https://en.wikipedia.org/wiki/Alas_Purwo_National_Park,-8.68333333,114.46666667
Q691013,Katun Nature Reserve,natural,http://commons.wikimedia.org/wiki/Special:FilePath/Katun%20nature%20reserve.jpg,Russia,https://en.wikipedia.org/wiki/Katun_Nature_Reserve,49.42,85.86
Q724310,Thaidene Nëné National Park Reserve,natural,http://commons.wikimedia.org/wiki/Special:FilePath/UtsingiPoint-GreatSlaveLake.JPG,Canada,https://en.wikipedia.org/wiki/Thaidene_N%C3%ABn%C3%A9_National_Park_Reserve,62.7075,-108.634444444
Q724367,Belukha Mountain,natural,http://commons.wikimedia.org/wiki/Special:FilePath/2006-07%20altaj%20belucha.jpg,Russia,https://en.wikipedia.org/wiki/Belukha_Mountain,49.806944444,86.589722222
Q730113,Tеre-Khol Lake,natural,http://commons.wikimedia.org/wiki/Special:FilePath/Por-Bashyn.gif,Russia,,50.625555555,97.394444444
Q730166,Tore-Khol Lake,natural,http://commons.wikimedia.org/wiki/Special:FilePath/TooreHol%20bird.jpg,Russia,,50.033333333,95.066666666
Q738435,Pyrénées National Park,natural,http://commons.wikimedia.org/wiki/Special:FilePath/.00%202122%20Cirque%20de%20Gavarnie%20-%20Pyren%C3%A4en.jpg,France,https://en.wikipedia.org/wiki/Pyr%C3%A9n%C3%A9es_National_Park,42.8275,-0.175833333
Q738582,Kluane National Park and Reserve,natural,http://commons.wikimedia.org/wiki/Special:FilePath/Kathleen%20Lake%20Yukon.jpg,Canada,https://en.wikipedia.org/wiki/Kluane_National_Park_and_Reserve,60.453611111,-137.829166666
Q738716,Kenozyorsky National Park,natural,http://commons.wikimedia.org/wiki/Special:FilePath/%D0%92%D0%B5%D1%87%D0%B5%D1%80%D0%BD%D0%B5%D0%B5%20%D0%92%D0%B5%D1%80%D1%88%D0%B8%D0%BD%D0%B8%D0%BD%D0%BE.jpg,Russia,https://en.wikipedia.org/wiki/Kenozero_National_Park,62.05,38.1
Q741927,Krasnaya River,natural,http://commons.wikimedia.org/wiki/Special:FilePath/PLeKqX8uCl4.jpg,Russia,https://en.wikipedia.org/wiki/Krasnaya_(river),54.589347222,22.215961111
Q746304,Seliger,natural,http://commons.wikimedia.org/wiki/Special:FilePath/Seliger%20lake.jpg,Russia,https://en.wikipedia.org/wiki/Lake_Seliger,57.189,33.083333333
Q749556,Yasnaya Polyana,natural,http://commons.wikimedia.org/wiki/Special:FilePath/Tula%20YasnayaPolyana%20asv2019-09%20img09%20aerial%20view%20%28cropped%29.jpg,Russia,https://en.wikipedia.org/wiki/Yasnaya_Polyana,54.075127,37.526385
Q749738,Baikal Nature Reserve,natural,http://commons.wikimedia.org/wiki/Special:FilePath/%D0%A7%D0%B5%D1%80%D1%82%D0%BE%D0%B2%D0%BE%20%D0%BE%D0%B7%D0%B5%D1%80%D0%BE%20%28%D0%A5%D0%B0%D0%BC%D0%B0%D1%80-%D0%94%D0%B0%D0%B1%D0%B0%D0%BD%29.jpg,Russia,https://en.wikipedia.org/wiki/Baikal_Nature_Reserve,51.51,105.05
Q751181,Kelimutu National Park,natural,http://commons.wikimedia.org/wiki/Special:FilePath/Kelimutu%202008-08-08.jpg,Indonesia,https://en.wikipedia.org/wiki/Kelimutu_National_Park,-8.758333333,121.844722222
Q769274,Mount Dzhimara,natural,http://commons.wikimedia.org/wiki/Special:FilePath/%D0%A0%D0%B0%D1%81%D1%81%D0%B2%D0%B5%D1%82%20%D0%BD%D0%B0%D0%B4%20%D0%B3%D0%BE%D1%80%D0%BE%D0%B9%20%D0%94%D0%B6%D0%B8%D0%BC%D0%B0%D0%B9%D1%80%D0%B0%D1%85%D0%BE%D1%85.jpg,Russia,https://en.wikipedia.org/wiki/Mount_Dzhimara,42.719166666,44.416388888
Q770982,Teberda National Park,natural,http://commons.wikimedia.org/wiki/Special:FilePath/IMG%208051%20web.jpg,Russia,https://en.wikipedia.org/wiki/Teberda_Nature_Reserve,43.32,41.42
Q771612,Aulavik National Park,natural,http://commons.wikimedia.org/wiki/Special:FilePath/Thomsen%20River%20%28Banks%20Island%2C%20NWT%2C%20Canada%29%2008.jpg,Canada,https://en.wikipedia.org/wiki/Aulavik_National_Park,73.7003,-119.919
Q772903,Lyublino Park and Estate,natural,http://commons.wikimedia.org/wiki/Special:FilePath/Moscow%2C%20Lyublino%20Palace%201.jpg,Russia,,55.68833,37.74333
Q775595,Gulf Islands National Park Reserve,natural,http://commons.wikimedia.org/wiki/Special:FilePath/Gulf%20Islands.jpg,Canada,https://en.wikipedia.org/wiki/Gulf_Islands_National_Park_Reserve,48.850555555,-123.447777777
Q777439,Aurum Geyser,natural,http://commons.wikimedia.org/wiki/Special:FilePath/Aurum%20geyser.jpg,United States,https://en.wikipedia.org/wiki/Aurum_Geyser,44.4645813,-110.8294993
Q789743,Auyuittuq National Park,natural,http://commons.wikimedia.org/wiki/Special:FilePath/Pangnirtung%20Fiord%20S%202%202001-07-15.jpg,Canada,https://en.wikipedia.org/wiki/Auyuittuq_National_Park,67.5,-66.0
Q795176,Kejimkujik National Park,natural,http://commons.wikimedia.org/wiki/Special:FilePath/Kejimkujik%20NP%20Nova%20Scotia%203.jpg,Canada,https://en.wikipedia.org/wiki/Kejimkujik_National_Park,44.3992,-65.2183
Q795190,Riding Mountain National Park,natural,http://commons.wikimedia.org/wiki/Special:FilePath/Bison%20herd%20-%20Lake%20Audy%20-%20Riding%20Mountain%20National%20Park.JPG,Canada,https://en.wikipedia.org/wiki/Riding_Mountain_National_Park,50.8639,-100.036
Q808171,Barguzin Range,natural,http://commons.wikimedia.org/wiki/Special:FilePath/%D0%92%D0%B8%D0%B4%20%D0%BD%D0%B0%20%D0%91%D0%B0%D1%80%D0%B3%D1%83%D0%B7%D0%B8%D0%BD%D1%81%D0%BA%D0%B8%D0%B9%20%D1%85%D1%80%D0%B5%D0%B1%D0%B5%D1%82.jpg,Russia,https://en.wikipedia.org/wiki/Barguzin_Range,54.7,110.4
Q814039,Beehive Geyser,natural,http://commons.wikimedia.org/wiki/Special:FilePath/Beehive%20geyser%202.jpg,United States,https://en.wikipedia.org/wiki/Beehive_Geyser,44.4626023,-110.83
Q828404,Yoho National Park,natural,http://commons.wikimedia.org/wiki/Special:FilePath/Emerald%20Lake%20-%20Yoho%20National%20Park.JPG,Canada,https://en.wikipedia.org/wiki/Yoho_National_Park,51.3953,-116.487
Q841093,Mureș Floodplain Natural Park,natural,http://commons.wikimedia.org/wiki/Special:FilePath/Maros%20marosaszo%20es%20kelmak%20kozott2.jpg,Romania,https://en.wikipedia.org/wiki/Mure%C8%99_Floodplain_Natural_Park,46.15805556,21.26416667
Q849865,Shulgan-Tash Nature Reserve,natural,http://commons.wikimedia.org/wiki/Special:FilePath/%D0%A8%D1%83%D0%BB%D1%8C%D0%B3%D0%B0%D0%BD-%D0%A2%D0%B0%D1%88%20%D0%BB%D0%B5%D1%82%D0%BE%D0%BC.JPG,Russia,https://en.wikipedia.org/wiki/Shulgan-Tash_Nature_Reserve,53.0333,57.05
Q858794,Old Faithful,natural,http://commons.wikimedia.org/wiki/Special:FilePath/Yellowstone%20National%20Park%20%28WY%2C%20USA%29%2C%20Old%20Faithful%20Geyser%20--%202022%20--%202599.jpg,United States,https://en.wikipedia.org/wiki/Old_Faithful,44.460472222,-110.828138888
Q861957,Nááts'įhch'oh National Park Reserve,natural,http://commons.wikimedia.org/wiki/Special:FilePath/N%C4%B1onep%27ene%20Lake%20in%20Naats%27ihch%27oh.jpg,Canada,https://en.wikipedia.org/wiki/N%C3%A1%C3%A1ts%27ihch%27oh_National_Park_Reserve,62.25,-128.25
Q862157,Mingan Archipelago National Park Reserve,natural,http://commons.wikimedia.org/wiki/Special:FilePath/Monolithes%20Mingan.jpg,Canada,https://en.wikipedia.org/wiki/Mingan_Archipelago_National_Park_Reserve,50.2,-63.829166666
Q862260,Kouchibouguac National Park,natural,http://commons.wikimedia.org/wiki/Special:FilePath/Kouchibouguac%20National%20Park%20%2837124711561%29.jpg,Canada,https://en.wikipedia.org/wiki/Kouchibouguac_National_Park,46.8497,-64.9669
Q862265,Mount Revelstoke National Park,natural,http://commons.wikimedia.org/wiki/Special:FilePath/Mount%20Revelstoke%20National%20Park%201.jpg,Canada,https://en.wikipedia.org/wiki/Mount_Revelstoke_National_Park,51.0858,-118.066
Q862271,Vuntut National Park,natural,http://commons.wikimedia.org/wiki/Special:FilePath/Vontut%20National%20Park.jpg,Canada,https://en.wikipedia.org/wiki/Vuntut_National_Park,68.3069,-140.048
Q862285,Gwaii Haanas National Park Reserve and Haida Heritage Site,natural,http://commons.wikimedia.org/wiki/Special:FilePath/Windy%20Bay%20forest.jpg,Canada,https://en.wikipedia.org/wiki/Gwaii_Haanas_National_Park_Reserve_and_Haida_Heritage_Site,52.3892,-131.471
Q862318,Ukkusiksalik National Park,natural,http://commons.wikimedia.org/wiki/Special:FilePath/Ukkusiksalik%20NP%201.jpg,Canada,https://en.wikipedia.org/wiki/Ukkusiksalik_National_Park,65.498611111,-87.895277777
Q863914,Pōhutu Geyser,natural,http://commons.wikimedia.org/wiki/Special:FilePath/Pohutu%20Geyser%20%2839485409944%29.jpg,New Zealand,https://en.wikipedia.org/wiki/P%C5%8Dhutu_Geyser,-38.1635344,176.2539737
Q884399,Wallender Born,natural,http://commons.wikimedia.org/wiki/Special:FilePath/Wallenborn.jpg,Germany,https://en.wikipedia.org/wiki/Wallender_Born,50.1536,6.72028
Q1467910,Gamalama,natural,http://commons.wikimedia.org/wiki/Special:FilePath/Ternate%2C%20Maluku%20Islands%2C%20Indonesia%202.jpg,Indonesia,https://en.wikipedia.org/wiki/Gamalama,0.807222222,127.333888888
Q1481093,Rocky Mountain Trench,natural,http://commons.wikimedia.org/wiki/Special:FilePath/Columbiavalley%20lake.jpg,Canada,https://en.wikipedia.org/wiki/Rocky_Mountain_Trench,54.5,-122.5
Q1483537,Snæfell,natural,http://commons.wikimedia.org/wiki/Special:FilePath/Sn%C3%A6fell%20%40%20Tittlingafell%2002.jpg,Iceland,https://en.wikipedia.org/wiki/Sn%C3%A6fell_(M%C3%BAla%C3%BEing),64.79716667,-15.5755
Q1486225,Holmer Sandberge,natural,http://commons.wikimedia.org/wiki/Special:FilePath/Holmer-sandberge-1010040-ko.jpg,Germany,https://en.wikipedia.org/wiki/Holmer_Sandberge,53.6167,9.70453
Q1493157,Mount Gamkonora,natural,http://commons.wikimedia.org/wiki/Special:FilePath/Gamkonora.jpg,Indonesia,https://en.wikipedia.org/wiki/Mount_Gamkonora,1.38,127.53
Q1501226,Gemündener Maar,natural,http://commons.wikimedia.org/wiki/Special:FilePath/Dauner%20Maare%2C%20Gem%C3%BCndener%20Maar.jpg,Germany,https://en.wikipedia.org/wiki/Gem%C3%BCndener_Maar,50.1775,6.83639
Q1514920,Mount Ragang,natural,http://commons.wikimedia.org/wiki/Special:FilePath/Ragang%2C%20Philippines%20%282023-11-28-14-11-21%20UMBRA-06%29.tiff,Philippines,https://en.wikipedia.org/wiki/Mount_Ragang,7.694444444,124.5075
Q1517521,Lore Lindu National Park,natural,http://commons.wikimedia.org/wiki/Special:FilePath/Danau%20Lindu%20w%20bird%202007.jpg,Indonesia,https://en.wikipedia.org/wiki/Lore_Lindu_National_Park,-1.23,119.85
Q1517526,Berbak National Park,natural,http://commons.wikimedia.org/wiki/Special:FilePath/Berbak%20National%20Park%202012.jpg,Indonesia,https://en.wikipedia.org/wiki/Berbak_National_Park,-1.38333333,104.33333333
Q1517532,Bunaken,natural,http://commons.wikimedia.org/wiki/Special:FilePath/Feather%20Stars%20%28Comatulida%29%20%286059124438%29.jpg,Indonesia,https://en.wikipedia.org/wiki/Bunaken_National_Park,1.66666667,124.65
Q1517540,Kepulauan Togean National Park,natural,http://commons.wikimedia.org/wiki/Special:FilePath/Kadidiri%2C%20morning%20view%20%286972093459%29.jpg,Indonesia,https://en.wikipedia.org/wiki/Kepulauan_Togean_National_Park,-0.35,121.98333333
Q1517548,Bukit Tigapuluh National Park,natural,http://commons.wikimedia.org/wiki/Special:FilePath/FZS%20Programm%20Director%20Peter%20Pratje%20working%20with%20orangutans%20in%20Bukit%20Tigapulu%2C%20Indonesia.jpg,Indonesia,https://en.wikipedia.org/wiki/Bukit_Tigapuluh_National_Park,-1.0,102.5
Q1517552,Batang Gadis National Park,natural,http://commons.wikimedia.org/wiki/Special:FilePath/Sorikmarapi.jpg,Indonesia,https://en.wikipedia.org/wiki/Batang_Gadis_National_Park,0.71666667,99.5
Q1517557,Bukit Duabelas National Park,natural,http://commons.wikimedia.org/wiki/Special:FilePath/Menjulang%20Taman%20Nasional%20Bukit%20Duabelas.jpg,Indonesia,https://en.wikipedia.org/wiki/Bukit_Duabelas_National_Park,-1.85,102.65
Q1517562,Wakatobi National Park,natural,http://commons.wikimedia.org/wiki/Special:FilePath/Wakatobi%20beach%202006.jpg,Indonesia,https://en.wikipedia.org/wiki/Wakatobi_National_Park,-5.7,124.0
Q1517567,Taka Bone Rate National Park,natural,http://commons.wikimedia.org/wiki/Special:FilePath/Pulau%20Latondu%20kecil.jpg,Indonesia,https://en.wikipedia.org/wiki/Taka_Bonerate_National_Park,-6.68333333,121.15
Q1517576,Rawa Aopa Watumohai National Park,natural,http://commons.wikimedia.org/wiki/Special:FilePath/Rawa%20Aopa%20Watumohai.jpg,Indonesia,https://en.wikipedia.org/wiki/Rawa_Aopa_Watumohai_National_Park,-4.38333333,121.98333333
Q1520405,Kao,natural,http://commons.wikimedia.org/wiki/Special:FilePath/Tofua%20and%20Kao%20islands%2C%20Tonga%201994-10-09.jpg,Tonga,https://en.wikipedia.org/wiki/Kao_(island),-19.666666666,-175.016666666
Q1520750,Mount Longonot,natural,http://commons.wikimedia.org/wiki/Special:FilePath/Copy%20of%20IMG%201654.jpg,Kenya,https://en.wikipedia.org/wiki/Mount_Longonot,-0.915277777,36.456944444
Q1529356,Mosbrucher Weiher,natural,http://commons.wikimedia.org/wiki/Special:FilePath/Mosbrucher%20Weiher.jpg,Germany,https://en.wikipedia.org/wiki/Mosbrucher_Weiher,50.2609,6.95201
Q1529367,Malinao Volcano,natural,http://commons.wikimedia.org/wiki/Special:FilePath/Mount%20Malinao.jpg,Philippines,https://en.wikipedia.org/wiki/Malinao_Volcano,13.416111111,123.608333333
Q1544194,Great Fountain Geyser,natural,http://commons.wikimedia.org/wiki/Special:FilePath/Great%20Fountain%20Geyser%20Sunset.jpg,United States,https://en.wikipedia.org/wiki/Great_Fountain_Geyser,44.5365692,-110.8000493
Q1551536,Mount Makiling,natural,http://commons.wikimedia.org/wiki/Special:FilePath/Makiling.jpg,Philippines,https://en.wikipedia.org/wiki/Mount_Makiling,14.13,121.2
Q1552026,Tacora,natural,http://commons.wikimedia.org/wiki/Special:FilePath/Tacora.jpg,Chile,https://en.wikipedia.org/wiki/Tacora,-17.716666666,-69.766666666
Q1582571,Mount Parker,natural,http://commons.wikimedia.org/wiki/Special:FilePath/Lake%20Holon.jpg,Philippines,https://en.wikipedia.org/wiki/Mount_Melibengoy,6.11416667,124.88972222
Q1586079,The Quill,natural,http://commons.wikimedia.org/wiki/Special:FilePath/Quill%20dormant%20vulcano.jpg,Netherlands,https://en.wikipedia.org/wiki/The_Quill_(volcano),17.477777777,-62.959722222
Q1625630,Holzmaar,natural,http://commons.wikimedia.org/wiki/Special:FilePath/Holzmaar01.jpg,Germany,https://en.wikipedia.org/wiki/Holzmaar,50.1189,6.87917
Q1638549,Morne Diablotins,natural,http://commons.wikimedia.org/wiki/Special:FilePath/Morne%20Diablotins.jpg,Dominica,https://en.wikipedia.org/wiki/Morne_Diablotins,15.503333333,-61.397222222
Q1641313,Pichu Pichu,natural,http://commons.wikimedia.org/wiki/Special:FilePath/Pichu-pichu.jpg,Peru,https://en.wikipedia.org/wiki/Pichu_Pichu,-16.441138888,-71.240388888
Q1646267,Mount Kalatungan,natural,http://commons.wikimedia.org/wiki/Special:FilePath/Kalatungan%20mountain%20range%20lantapan%20view.JPG,Philippines,https://en.wikipedia.org/wiki/Mount_Kalatungan,7.955,124.8025
Q1651364,Siberut National Park,natural,http://commons.wikimedia.org/wiki/Special:FilePath/Siberut%20river.jpg,Indonesia,https://en.wikipedia.org/wiki/Siberut_National_Park,-1.36666667,98.93333333
Q1651369,Sembilang National Park,natural,http://commons.wikimedia.org/wiki/Special:FilePath/Migrasi%20Burung.jpg,Indonesia,https://en.wikipedia.org/wiki/Sembilang_National_Park,-2.01666667,104.55
Q1659771,Imbabura Volcano,natural,http://commons.wikimedia.org/wiki/Special:FilePath/Otavalo%20Imbabura%20nina%20urkuwan.jpg,Ecuador,https://en.wikipedia.org/wiki/Imbabura_Volcano,0.258055555,-78.179722222
Q1672421,Mount Iraya,natural,http://commons.wikimedia.org/wiki/Special:FilePath/Mount-Iraya.JPG,Philippines,https://en.wikipedia.org/wiki/Mount_Iraya,20.466388888,122.011666666
Q1677690,Mountain Sumbing,natural,http://commons.wikimedia.org/wiki/Special:FilePath/Mount%20sumbing.jpg,Indonesia,https://en.wikipedia.org/wiki/Mount_Sumbing,-7.385,110.0725
Q1723814,Kanlaon Volcano,natural,http://commons.wikimedia.org/wiki/Special:FilePath/Kanlaon%20Volcano%20Negros%20Occidental%2C%20Philippines.jpg,Philippines,https://en.wikipedia.org/wiki/Kanlaon,10.411944444,123.131944444
Q1730511,Randecker Maar,natural,http://commons.wikimedia.org/wiki/Special:FilePath/2016-06-22-Randecker-Maar-3.jpg,Germany,https://en.wikipedia.org/wiki/Randecker_Maar,48.5742,9.523
Q1759338,Rumiñahui,natural,http://commons.wikimedia.org/wiki/Special:FilePath/Rumi%C3%B1ahui%20volcano%20Limpiopungo%20Lagoon%20ec.jpg,Ecuador,https://en.wikipedia.org/wiki/Rumi%C3%B1ahui_(volcano),-0.58972222,-78.50888889
Q1778115,Monte Gordo,natural,http://commons.wikimedia.org/wiki/Special:FilePath/Sao-nicolau%20route.jpg,Cape Verde,https://en.wikipedia.org/wiki/Monte_Gordo_(Cape_Verde),16.620833333,-24.354166666
Q1788663,Surtshellir,natural,http://commons.wikimedia.org/wiki/Special:FilePath/Surtshellir%20Cave%20%2814318638671%29.jpg,Iceland,https://en.wikipedia.org/wiki/Surtshellir,64.781672433,-20.72372489
Q197905,Williams Way,space,http://commons.wikimedia.org/wiki/Special:FilePath/William%27s%20Way%202.JPG,United Kingdom,"https://en.wikipedia.org/wiki/Williams_Way,_Gibraltar",36.14333,-5.34083
Q292944,Múlagöng,space,http://commons.wikimedia.org/wiki/Special:FilePath/M%C3%BAlag%C3%B6ng-west2010.jpg,Iceland,https://en.wikipedia.org/wiki/M%C3%BAlag%C3%B6ng,66.0802198,-18.5687694
Q427974,Operation Gold,space,http://commons.wikimedia.org/wiki/Special:FilePath/Bundesarchiv%20Bild%20183-37695-0003%2C%20Altglienicke%2C%20Sowjetischer%20Offizier%20in%20Spionagetunnel.jpg,Germany,https://en.wikipedia.org/wiki/Operation_Gold,52.412222222,13.528333333
Q681016,Guadarrama high-speed rail tunnel,space,http://commons.wikimedia.org/wiki/Special:FilePath/T%C3%BAnel%20ferroviario%20de%20Guadarrama.jpg,Spain,https://en.wikipedia.org/wiki/Guadarrama_Tunnel,40.783333333,-3.783333333
Q813938,Bedretto-Fenster,space,http://commons.wikimedia.org/wiki/Special:FilePath/Eingang%20Stollen%20Bedretto%20Fenster%20von%20Nufenen%20Passstrasse%20aus%20gesehen.jpg,Switzerland,,46.4975,8.49472222
Q850862,Buda Castle Tunnel,space,http://commons.wikimedia.org/wiki/Special:FilePath/Budapest%20-%20Budai%20V%C3%A1ralag%C3%BAt%20%2838481946321%29.jpg,Hungary,,47.4975,19.0375
Q858785,Big Dig,space,http://commons.wikimedia.org/wiki/Special:FilePath/BigDigSupportsCentralArtery.agr.jpg,United States,https://en.wikipedia.org/wiki/Big_Dig,42.36197,-71.05562
Q937694,East Side Access,space,http://commons.wikimedia.org/wiki/Special:FilePath/East%20Side%20Access%20GCT%20cavern%20with%20work%20train.jpg,United States,https://en.wikipedia.org/wiki/East_Side_Access,40.75,-73.935
Q1071999,Chicago Tunnel Company,space,http://commons.wikimedia.org/wiki/Special:FilePath/Chicago%20Freight%20Subway%20c1910.jpg,United States,https://en.wikipedia.org/wiki/Chicago_Tunnel_Company,41.879166666,-87.629166666
Q1240881,Donaudüker,space,http://commons.wikimedia.org/wiki/Special:FilePath/Linz%20Donaud%C3%BCker%20Geb%C3%A4ude%20Nord.JPG,Austria,,48.31233333,14.33191667
Q1315481,Dark Gate,space,http://commons.wikimedia.org/wiki/Special:FilePath/S%C3%B6t%C3%A9tkapu%202010-03-07.JPG,Hungary,https://en.wikipedia.org/wiki/Dark_Gate,47.79955556,18.73777778
Q1359538,Strákagöng,space,http://commons.wikimedia.org/wiki/Special:FilePath/Str%C3%A1kag%C3%B6ng-south2010.JPG,Iceland,https://en.wikipedia.org/wiki/Str%C3%A1kag%C3%B6ng,66.1825,-18.91667
Q1824511,Liffey Service Tunnel,space,http://commons.wikimedia.org/wiki/Special:FilePath/Recovery%20of%20the%20TBM%20after%20tunnel%20completion%20on%20April%2017%2C%202008.jpg,Ireland,https://en.wikipedia.org/wiki/Liffey_Service_Tunnel,53.346667,-6.230278
Q2053053,Oosterweel Link,space,http://commons.wikimedia.org/wiki/Special:FilePath/Oosterweelverbinding%20uitrit%20Scheldetunnel.jpg,Belgium,https://en.wikipedia.org/wiki/Oosterweel_Link,51.241944,4.408056
Q2236978,Het Muizengaatje,space,http://commons.wikimedia.org/wiki/Special:FilePath/Het%20Muizengaatje%2004.jpg,Netherlands,,51.941649,4.480326
Q2313473,Spreetunnel Friedrichshagen,space,http://commons.wikimedia.org/wiki/Special:FilePath/Berlin%20Spreetunnel%20Friedrichshagen%20asv2024-07%20img3.jpg,Germany,,52.444555,13.625382
Q2463620,Tälligrattunnel,space,http://commons.wikimedia.org/wiki/Special:FilePath/Maerjelensee%20Stollen%2001.jpg,Switzerland,,46.439169444,8.102497222
Q3266485,Shanghai tunnels,space,http://commons.wikimedia.org/wiki/Special:FilePath/Shanghai%20Tunnels.jpg,United States,https://en.wikipedia.org/wiki/Shanghai_tunnels,45.524,-122.673
Q3456832,Réseau hydraulique médiéval de Castelnau-Pégayrols,space,http://commons.wikimedia.org/wiki/Special:FilePath/Castelnau-P%C3%A9gayrols%20-%20R%C3%A9seau%20hydraulique%20m%C3%A9di%C3%A9val%20-04.JPG,France,,44.1297,2.9315
Q3471662,San Adrian,space,http://commons.wikimedia.org/wiki/Special:FilePath/Aizkorriko%20galtzada.%20Euskal%20Herria.jpg,Spain,https://en.wikipedia.org/wiki/San_Adrian_(tunnel),42.93527778,-2.31527778
Q3757773,Galleries of Mount Soratte,space,http://commons.wikimedia.org/wiki/Special:FilePath/Mount%20Soratte%20Bunker%20-%20entrance.jpg,Italy,https://en.wikipedia.org/wiki/Soratte_Bunker,42.25,12.5
Q4118917,Aonodōmon,space,http://commons.wikimedia.org/wiki/Special:FilePath/Aonod%C5%8Dmon.JPG,Japan,https://en.wikipedia.org/wiki/Aonod%C5%8Dmon,33.500071,131.171823
Q4123869,Volokolamsky Tunnel,space,http://commons.wikimedia.org/wiki/Special:FilePath/%D0%92%D0%BE%D0%BB%D0%BE%D0%BA%D0%BE%D0%BB%D0%B0%D0%BC%D1%81%D0%BA%D0%B8%D0%B9%20%D1%82%D0%BE%D0%BD%D0%BD%D0%B5%D0%BB%D1%8C.jpg,Russia,,55.80666667,37.50740278
Q4167758,Tunnel des Tuileries,space,http://commons.wikimedia.org/wiki/Special:FilePath/Tunnel%20%40%20Voie%20Georges%20Pompidou%20%40%20Berges%20%40%20Paris%20%2832308680365%29.jpg,France,https://en.wikipedia.org/wiki/Tunnel_des_Tuileries,48.8595,2.33554
Q4212564,Kanonersky Tunnel,space,http://commons.wikimedia.org/wiki/Special:FilePath/Kanonersky%20tunnel.jpg,Russia,https://en.wikipedia.org/wiki/Kanonersky_Tunnel,59.903611,30.224444
Q4356450,Asematunneli,space,http://commons.wikimedia.org/wiki/Special:FilePath/Asematunneli.jpg,Finland,https://en.wikipedia.org/wiki/Asematunneli,60.17027778,24.94138889
Q4460566,Stalin tunnel,space,http://commons.wikimedia.org/wiki/Special:FilePath/2ES5K-146%20entering%20Stalin%27s%20tunnel.jpg,Russia,,43.1205582,131.9303825
Q4460569,Amur River Tunnel,space,http://commons.wikimedia.org/wiki/Special:FilePath/%D0%A2%D0%BE%D0%BD%D0%BD%D0%B5%D0%BB%D1%8C%20%D0%BF%D0%BE%D0%B4%20%D0%90%D0%BC%D1%83%D1%80%D0%BE%D0%BC%20%D0%B8%20%D1%85%D0%B0%D0%B1%D0%B0%D1%80%D0%BE%D0%B2%D1%81%D0%BA%D0%B8%D0%B9%20%D0%BC%D0%BE%D1%81%D1%82%20%28%D0%BB%D0%B5%D0%B2%D1%8B%D0%B9%20%D0%B1%D0%B5%D1%80%D0%B5%D0%B3%29.JPG,Russia,https://en.wikipedia.org/wiki/Amur_River_Tunnel,48.525922,135.031194
Q4666996,Aberdeen Tunnel,space,http://commons.wikimedia.org/wiki/Special:FilePath/Aberdeen%20Tunnel%20HV.jpg,People's Republic of China,https://en.wikipedia.org/wiki/Aberdeen_Tunnel,22.261396,114.180273
Q4710978,Albert Park tunnels,space,http://commons.wikimedia.org/wiki/Special:FilePath/Albert%20park%20engine%20covers.jpg,New Zealand,https://en.wikipedia.org/wiki/Albert_Park_tunnels,-36.8514,174.767
Q4752709,Anchor telephone exchange,space,http://commons.wikimedia.org/wiki/Special:FilePath/365%20-%20secret%20nuclear%20bunker%2C%20%27anchor%27%20-%20ventilation%20shaft.jpg,United Kingdom,https://en.wikipedia.org/wiki/Anchor_telephone_exchange,52.4829,-1.9042
Q4898123,Bethungra Spiral,space,http://commons.wikimedia.org/wiki/Special:FilePath/BethungraSpiral.jpg,Australia,https://en.wikipedia.org/wiki/Bethungra_Spiral,-34.75,147.88
Q5000469,Burro Schmidt Tunnel,space,http://commons.wikimedia.org/wiki/Special:FilePath/Tunnel%20south%20entrance.JPG,United States,https://en.wikipedia.org/wiki/Burro_Schmidt_Tunnel,35.4103,-117.876
Q5001293,Busby's Bore,space,http://commons.wikimedia.org/wiki/Special:FilePath/Busbys%20Bore%20Sydney%201857.jpg,Australia,https://en.wikipedia.org/wiki/Busby%27s_Bore,-33.887365326,151.222334828
Q5094269,Cheung Tsing Tunnel,space,http://commons.wikimedia.org/wiki/Special:FilePath/Cheung%20Tsing%20Tunnel.JPG,People's Republic of China,https://en.wikipedia.org/wiki/Cheung_Tsing_Tunnel,22.345475243,114.104615449
Q5176002,Cougal Spiral,space,http://commons.wikimedia.org/wiki/Special:FilePath/Up%20Brisbane%20Mail%20crosses%20over%20number%205%20spiral%20tunnel.jpg,Australia,https://en.wikipedia.org/wiki/Cougal_Spiral,-28.3544,152.964
Q5281875,Discovery Bay Tunnel,space,http://commons.wikimedia.org/wiki/Special:FilePath/Discovery%20Bay%20Tunnel%20entrance.jpg,People's Republic of China,https://en.wikipedia.org/wiki/Discovery_Bay_Tunnel,22.309059688,114.006724879
Q5305644,Drakelow Tunnels,space,http://commons.wikimedia.org/wiki/Special:FilePath/Drakelow%20Tunnels%20Open%20day%20Tours%20%284%29.jpg,United Kingdom,https://en.wikipedia.org/wiki/Drakelow_Tunnels,52.4218,-2.25662
Q5318555,Dyer Avenue,space,http://commons.wikimedia.org/wiki/Special:FilePath/7Line%202367%20%289124955119%29.jpg,United States,https://en.wikipedia.org/wiki/Dyer_Avenue,40.7554,-73.9965
Q5329381,East Side Railroad Tunnel,space,http://commons.wikimedia.org/wiki/Special:FilePath/East%20portal%20of%20the%20East%20Side%20Railroad%20Tunnel%20%281%29%2C%20December%202025.jpg,United States,https://en.wikipedia.org/wiki/East_Side_Railroad_Tunnel,41.8281,-71.4083
Q5438771,Fawley Tunnel,space,http://commons.wikimedia.org/wiki/Special:FilePath/The%20Fawley%20Tunnel%20-%20geograph.org.uk%20-%201590531.jpg,United Kingdom,https://en.wikipedia.org/wiki/Fawley_Tunnel,50.826,-1.314
Q5493204,Pispala timber rafting tunnel (new),space,http://commons.wikimedia.org/wiki/Special:FilePath/Pispalan%20uittotunneli%202.jpg,Finland,,61.50583333,23.697
Q5533665,Genting Sempah Tunnel,space,http://commons.wikimedia.org/wiki/Special:FilePath/YosriTerowongKarak.jpg,Malaysia,https://en.wikipedia.org/wiki/Genting_Sempah_Tunnel,3.35,101.78375
Q5648428,Túnel de Sóller,space,http://commons.wikimedia.org/wiki/Special:FilePath/Tunnel%20soller.jpeg,Spain,,39.718027777,2.691166666
Q5657041,Acueducto La Madre,space,http://commons.wikimedia.org/wiki/Special:FilePath/La%20madre.jpg,Spain,,41.623634,-0.254204
Q5743132,Heroes Tunnel,space,http://commons.wikimedia.org/wiki/Special:FilePath/Heroes%20Tunnel.jpg,United States,https://en.wikipedia.org/wiki/Heroes_Tunnel,41.3456,-72.9695
Q5762204,Las Raíces Tunnel,space,http://commons.wikimedia.org/wiki/Special:FilePath/Tunel%20Las%20Raices.JPG,Chile,https://en.wikipedia.org/wiki/Las_Ra%C3%ADces_Tunnel,-38.51802222,-71.51633333
Q5964361,La Mina,space,http://commons.wikimedia.org/wiki/Special:FilePath/Daroca%20-%20Mina%20desde%20Boca%20Sur.jpg,Spain,,41.113543,-1.408542
Q6024804,Indigo Tunnel,space,http://commons.wikimedia.org/wiki/Special:FilePath/West%20portal%20of%20Tunnel%20No.%201292%2C%20Indigo%20Tunnel%2C%20milepost%20129.95%2C%20looking%20northeast.%20-%20Western%20Maryland%20Railway%2C%20Cumberland%20Extension%2C%20Pearre%20to%20North%20Branch%2C%20from%20WM%20milepost%20125%20to%20160%2C%20Pearre%2C%20Washington%20County%2C%20MD.jpg,United States,https://en.wikipedia.org/wiki/Indigo_Tunnel,39.6392,-78.3609
Q6096908,Kittatinny Mountain Tunnel,space,http://commons.wikimedia.org/wiki/Special:FilePath/Kittatinny%20Mountain%20Tunnel%20%28western%20portal%29.jpg,United States,https://en.wikipedia.org/wiki/Kittatinny_Mountain_Tunnel,40.1528,-77.6706
Q6154716,Q6154716,space,http://commons.wikimedia.org/wiki/Special:FilePath/T%C3%BAnel%20del%20Pont%20Pla.jpg,Andorra,,42.5106,1.53306
Q6154723,Alcazaba Tunnel,space,http://commons.wikimedia.org/wiki/Special:FilePath/T%C3%BAnel%20de%20la%20Alcazaba%20%28M%C3%A1laga%29.png,Spain,,36.72176,-4.41484
Q6154724,Túnels de la Rovira,space,http://commons.wikimedia.org/wiki/Special:FilePath/Boca%20sud%20del%20tunel%20de%20la%20Rovira.JPG,Spain,,41.413922,2.166518
Q6154731,Túnel de Cotefablo,space,http://commons.wikimedia.org/wiki/Special:FilePath/T%C3%BAnel%20del%20Cotefablo.jpg,Spain,,42.614671,-0.206115
Q6347508,Kai Tak Tunnel,space,http://commons.wikimedia.org/wiki/Special:FilePath/Kai%20Tak%20Tunnel%20in%20April%202022.jpg,People's Republic of China,https://en.wikipedia.org/wiki/Kai_Tak_Tunnel,22.324305555,114.193888888
Q6359298,Kampong Java Tunnel,space,http://commons.wikimedia.org/wiki/Special:FilePath/Kampong%20Java%20Tunnel.JPG,Singapore,https://en.wikipedia.org/wiki/Kampong_Java_Tunnel,1.308056,103.841667
Q6395168,Kessler Tunnel,space,http://commons.wikimedia.org/wiki/Special:FilePath/East%20portal%20of%20Tunnel%20No.%201402%2C%20Kessler%20Tunnel%2C%20looking%20southwest%2C%20with%20Tunnel%20Hill%20Road%20at%20right.%20-%20Western%20Maryland%20Railway%2C%20Cumberland%20Extension%2C%20Pearre%20to%20North%20Branch%2C%20from%20WM%20milepost%20125%20to%20160%2C%20Pearre%2C%20Washington%20County%2C%20MD.jpg,United States,https://en.wikipedia.org/wiki/Kessler_Tunnel,39.558,-78.442
Q6429472,Konjsko Tunnel,space,http://commons.wikimedia.org/wiki/Special:FilePath/Tunel%20Konjsko%20A1.jpg,Croatia,https://en.wikipedia.org/wiki/Konjsko_Tunnel,43.59583333,16.48833333
Q6499867,Laurel Hill Tunnel,space,http://commons.wikimedia.org/wiki/Special:FilePath/Laurel%20Hill%20Tunnel%201942.jpg,United States,https://en.wikipedia.org/wiki/Laurel_Hill_Tunnel,40.1001,-79.2273
Q10386060,Marão Tunnel,space,http://commons.wikimedia.org/wiki/Special:FilePath/T%C3%BAnel%20do%20Mar%C3%A3o%20Portugal%2002.jpg,Portugal,,41.2735336,-7.9027672
Q10640563,Q10640563,space,http://commons.wikimedia.org/wiki/Special:FilePath/Luxembourg%2C%20Aquatunnel%20%28102%29.jpg,Luxembourg,,49.60894,6.12769
Q10867792,Bund Sightseeing Tunnel,space,http://commons.wikimedia.org/wiki/Special:FilePath/The%20Bund-%60.JPG,People's Republic of China,https://en.wikipedia.org/wiki/Bund_Sightseeing_Tunnel,31.241036111,121.489144444
Q10908524,South Tunnel,space,http://commons.wikimedia.org/wiki/Special:FilePath/IMAG4264.jpg,Taiwan,,24.564325,121.84275833
Q10936522,Dahu Tunnel,space,http://commons.wikimedia.org/wiki/Special:FilePath/Da%20Hu%20Tunnel%20%28Northwest%29.jpg,Taiwan,,25.07955556,121.61066667
Q10946954,Antai Tunnel,space,http://commons.wikimedia.org/wiki/Special:FilePath/AnTai%20Tunnel%20%28West%29.jpg,Taiwan,,25.07830556,121.61613889
Q11063922,Kangle Tunnel,space,http://commons.wikimedia.org/wiki/Special:FilePath/Kangle%20Tunnel%20%28Southeast%29.jpg,Taiwan,,25.07933333,121.61947222
Q11074310,Huai En Tunnel,space,http://commons.wikimedia.org/wiki/Special:FilePath/%E6%87%B7%E6%81%A9%E9%9A%A7%E9%81%93%E5%8D%97%E7%88%BF%E7%9A%84%E5%87%BA%E5%85%A5%E5%8F%A3.JPG,Taiwan,,24.99166667,121.55161111
Q11077907,Saoba Tunnel,space,http://commons.wikimedia.org/wiki/Special:FilePath/%E6%8E%83%E5%8F%AD%E9%9A%A7%E9%81%93%E5%8C%97%E5%8F%A3.JPG,Taiwan,,23.46683333,121.34894444
Q11129168,Q11129168,space,http://commons.wikimedia.org/wiki/Special:FilePath/Taipei%20Minquan%20Tunnel.JPG,Taiwan,,25.06836111,121.60230556
Q11173847,Fongbi Tunnel,space,http://commons.wikimedia.org/wiki/Special:FilePath/Fongbi%20Tunnel.jpg,Taiwan,,24.8875,120.9575
Q11354720,Mikuni Tunnel,space,http://commons.wikimedia.org/wiki/Special:FilePath/Mikuni%20Tunnel%20Gumma%20side.jpg,Japan,,36.765222222,138.821722222
Q11364299,Nakayama Zuido,space,http://commons.wikimedia.org/wiki/Special:FilePath/Nakayama-zuidou%2002.jpg,Japan,https://en.wikipedia.org/wiki/Nakayama_Tunnel_(Niigata_Prefecture),37.302805555,138.929055555
Q11371764,Futamata Tunnel,space,http://commons.wikimedia.org/wiki/Special:FilePath/Futamata%20Tunnel%20Yaotsu-town%2CGifu1.jpg,Japan,,35.471667,137.221583
Q11379109,Isegami tunnel,space,http://commons.wikimedia.org/wiki/Special:FilePath/%E4%BC%8A%E5%8B%A2%E7%A5%9E%E3%83%88%E3%83%B3%E3%83%8D%E3%83%AB01.jpg,Japan,,35.171469077,137.431520396
Q11392385,Roppongi Tunnel,space,http://commons.wikimedia.org/wiki/Special:FilePath/Roppongi%20Tunnel.jpg,Japan,,35.663472,139.72625
Q11406887,Sendagaya Tunnel,space,http://commons.wikimedia.org/wiki/Special:FilePath/Sendagaya%20Tunnel%20east.JPG,Japan,,35.675416666,139.711583333
Q11416410,Q11416410,space,http://commons.wikimedia.org/wiki/Special:FilePath/Kimikamo%20Tunnel%20%28Japan%20National%20highway%20Route%20410%29.jpg,Japan,,35.15583333,140.00944444
Q11434790,Ō-tōge Tunnel,space,http://commons.wikimedia.org/wiki/Special:FilePath/%C5%8C-t%C5%8Dge%20Tunnel%2001.jpg,Japan,,37.798138888,139.959416944
Q6528775,Lerderderg River diversion tunnel,space,http://commons.wikimedia.org/wiki/Special:FilePath/Lerderberg%20River%20tunnel.jpg,Australia,https://en.wikipedia.org/wiki/Lerderderg_River_diversion_tunnel,-37.49,144.348
Q6683329,Los Túneles subterráneos de San Germán,space,http://commons.wikimedia.org/wiki/Special:FilePath/Tuneles%20de%20San%20German.jpg,United States,https://en.wikipedia.org/wiki/Los_T%C3%BAneles_subterr%C3%A1neos_de_San_Germ%C3%A1n,18.081531,-67.042515
Q6693191,Lowell Creek Diversion Tunnel,space,http://commons.wikimedia.org/wiki/Special:FilePath/Lowell%20Point%2C%20Alaska%20ENBLA01.jpg,United States,https://en.wikipedia.org/wiki/Lowell_Creek_Diversion_Tunnel,60.1039,-149.452
Q6694161,Lowry Hill Tunnel,space,http://commons.wikimedia.org/wiki/Special:FilePath/Lowry%20Hill%20Tunnel2.jpg,United States,https://en.wikipedia.org/wiki/Lowry_Hill_Tunnel,44.9658,-93.2882
Q6710365,Lytle Tunnel,space,http://commons.wikimedia.org/wiki/Special:FilePath/Lytle%20Tunnel%20Inside.JPG,United States,https://en.wikipedia.org/wiki/Lytle_Tunnel,39.1017,-84.5042
Q6710403,Lyttelton road tunnel,space,http://commons.wikimedia.org/wiki/Special:FilePath/Lyttelton%20Tunnel%20%28South%20Entrance%29.jpg,New Zealand,https://en.wikipedia.org/wiki/Lyttelton_road_tunnel,-43.5942,172.7116
Q6820371,Merritton Tunnel,space,http://commons.wikimedia.org/wiki/Special:FilePath/Merritton%20Tunnel.jpg,Canada,https://en.wikipedia.org/wiki/Merritton_Tunnel,43.1331,-79.1811
Q6853093,Rosh Hanikra train tunnels,space,http://commons.wikimedia.org/wiki/Special:FilePath/Rosh%20Hanikra%20Tunnel21.jpg,Israel,,33.09288889,35.10459167
Q6920669,Mount Erlang Tunnel,space,http://commons.wikimedia.org/wiki/Special:FilePath/Erlang%20Mountain%20Tunnel%20%28G318%29.jpg,People's Republic of China,https://en.wikipedia.org/wiki/Mount_Erlang_Tunnel,29.84722222,102.29138889
Q6924439,Mount Victoria Tunnel,space,http://commons.wikimedia.org/wiki/Special:FilePath/Mount%20Victoria%20Tunnel.JPG,New Zealand,https://en.wikipedia.org/wiki/Mount_Victoria_Tunnel,-41.302921,174.78768
Q6961167,Nam Wan Tunnel,space,http://commons.wikimedia.org/wiki/Special:FilePath/Southeast%20portal%20of%20Nam%20Wan%20Tunnel%20%2820180903102500%29.jpg,People's Republic of China,https://en.wikipedia.org/wiki/Nam_Wan_Tunnel,22.338047222,114.101833333
Q82059,Nasdaq,markets,http://commons.wikimedia.org/wiki/Special:FilePath/CreditRich%20Nasdaq%20Tower%20NYC.jpg,United States,https://en.wikipedia.org/wiki/Nasdaq,40.7565,-73.98576
Q152106,BayernLB,markets,http://commons.wikimedia.org/wiki/Special:FilePath/BayernLB.jpg,Germany,https://en.wikipedia.org/wiki/Bayerische_Landesbank,48.144851,11.573622
Q171240,London Stock Exchange,markets,http://commons.wikimedia.org/wiki/Special:FilePath/Paternoster%20Square%20%281%29.jpg,United Kingdom,https://en.wikipedia.org/wiki/London_Stock_Exchange,51.515277777,-0.099166666
Q178617,Lower Fort Garry,markets,http://commons.wikimedia.org/wiki/Special:FilePath/Lowerfortgarry.jpg,Canada,https://en.wikipedia.org/wiki/Lower_Fort_Garry,50.1122,-96.9319
Q217475,Tokyo Stock Exchange,markets,http://commons.wikimedia.org/wiki/Special:FilePath/Tokyo%20Stock%20Exchange.JPG,Japan,https://en.wikipedia.org/wiki/Tokyo_Stock_Exchange,35.682583333,139.778888888
Q478720,Amsterdam Stock Exchange,markets,http://commons.wikimedia.org/wiki/Special:FilePath/20220525.Amstedam.-028.jpg,Netherlands,https://en.wikipedia.org/wiki/Euronext_Amsterdam,52.3742,4.8957
Q502421,Vontobel Liquidity Extender,markets,http://commons.wikimedia.org/wiki/Special:FilePath/Vontobel%2C%20St.%20Gallen%20%281Y7A2297%29.jpg,Switzerland,https://en.wikipedia.org/wiki/Vontobel,47.3651,8.5347
Q515965,Fort Frontenac,markets,http://commons.wikimedia.org/wiki/Special:FilePath/Fort%20Frontenac.JPG,Canada,https://en.wikipedia.org/wiki/Fort_Frontenac,44.233333333,-76.478611111
Q558524,Boerse Stuttgart,markets,http://commons.wikimedia.org/wiki/Special:FilePath/B%C3%B6rse%20Stuttgart.jpg,Germany,https://en.wikipedia.org/wiki/B%C3%B6rse_Stuttgart,48.779885269,9.175440073
Q558551,Boerse Hamburg - Regulierter Markt,markets,http://commons.wikimedia.org/wiki/Special:FilePath/Hh-boerse.jpg,Germany,https://en.wikipedia.org/wiki/Hamburg_Stock_Exchange,53.549666666,9.991077777
Q661834,Swiss Stock Exchange,markets,http://commons.wikimedia.org/wiki/Special:FilePath/Zuerich%20Boerse.jpg,Switzerland,https://en.wikipedia.org/wiki/SIX_Swiss_Exchange,47.37114,8.53183
Q672913,Arkansas Post,markets,http://commons.wikimedia.org/wiki/Special:FilePath/Arkansas%20Post%20National%20Memorial%20005.jpg,United States,https://en.wikipedia.org/wiki/Arkansas_Post,34.016666666,-91.345277777
Q681683,Börse München,markets,http://commons.wikimedia.org/wiki/Special:FilePath/Alte%20Hopfenpost.jpg,Germany,https://en.wikipedia.org/wiki/B%C3%B6rse_M%C3%BCnchen,48.140833333,11.5675
Q689727,Fort Garry,markets,http://commons.wikimedia.org/wiki/Special:FilePath/Upper%20Fort%20Garry%20North%20Gate.JPG,Canada,https://en.wikipedia.org/wiki/Fort_Garry,49.887883,-97.13532
Q755341,Athens Stock Exchange,markets,http://commons.wikimedia.org/wiki/Special:FilePath/Old%20Athens%20Stock%20Exchange%20Sofokleous.JPG,Greece,https://en.wikipedia.org/wiki/Athens_Stock_Exchange,37.99028,23.72861
Q847853,Fort Okanogan,markets,http://commons.wikimedia.org/wiki/Special:FilePath/Site%20of%20Fort%20Okanogan.jpg,United States,https://en.wikipedia.org/wiki/Fort_Okanogan,48.100278,-119.718889
Q891560,Buenos Aires Stock Exchange,markets,http://commons.wikimedia.org/wiki/Special:FilePath/Buenos%20Aires%20-%20Bolsa%20de%20Comercio.jpg,Argentina,https://en.wikipedia.org/wiki/Buenos_Aires_Stock_Exchange,-34.60388889,-58.37072222
Q909158,Oslo Stock Exchange,markets,http://commons.wikimedia.org/wiki/Special:FilePath/Oslo%20B%C3%B8rs%20%282019%29.jpg,Norway,https://en.wikipedia.org/wiki/Oslo_Stock_Exchange,59.908976,10.747877
Q910356,Fort Ruychaver,markets,http://commons.wikimedia.org/wiki/Special:FilePath/Fort%20Ruijghaver%20010.svg,Ghana,https://en.wikipedia.org/wiki/Fort_Ruychaver,5.03333,-2.2
Q947530,Fort Douglas,markets,http://commons.wikimedia.org/wiki/Special:FilePath/Red%20River%20summer%20view%201822.jpg,Canada,https://en.wikipedia.org/wiki/Fort_Douglas_(Canada),49.904,-97.1319
Q1282806,Fort Langley National Historic Site,markets,http://commons.wikimedia.org/wiki/Special:FilePath/Fort%20Langley.jpg,Canada,https://en.wikipedia.org/wiki/Fort_Langley_National_Historic_Site,49.1681,-122.572
Q1313314,York Factory,markets,http://commons.wikimedia.org/wiki/Special:FilePath/YorkFactoryaerial.jpg,Canada,https://en.wikipedia.org/wiki/York_Factory,57.002777777,-92.304722222
Q1330208,Stock Exchange of Thailand,markets,http://commons.wikimedia.org/wiki/Special:FilePath/An%20office%20building%20of%20Stock%20Exchange%20of%20Thailand.jpg,Thailand,https://en.wikipedia.org/wiki/Stock_Exchange_of_Thailand,13.763927,100.567708
Q1435551,Roman Agora of Athens,markets,http://commons.wikimedia.org/wiki/Special:FilePath/Athens%20Roman%20Agora.jpg,Greece,https://en.wikipedia.org/wiki/Roman_Agora,37.974167,23.726111
Q1438515,Fort Edmonton,markets,http://commons.wikimedia.org/wiki/Special:FilePath/Kane%20Fort%20Edmonton.jpg,Canada,https://en.wikipedia.org/wiki/Fort_Edmonton,53.531944444,-113.506666666
Q1438517,Fort Espérance,markets,http://commons.wikimedia.org/wiki/Special:FilePath/Fort%20Esperance.jpg,Canada,https://en.wikipedia.org/wiki/Fort_Esp%C3%A9rance,50.4922,-101.577
Q1438654,Fort Pitt Provincial Park,markets,http://commons.wikimedia.org/wiki/Special:FilePath/Big%20Bear%20at%20Fort%20Pitt%2C%20Saskatchewan%2C%20in%201884.jpg,Canada,https://en.wikipedia.org/wiki/Fort_Pitt_Provincial_Park,53.5733,-109.792
Q1507974,Tel Aviv Stock Exchange,markets,http://commons.wikimedia.org/wiki/Special:FilePath/BursaTelAviv-1.jpg,Israel,https://en.wikipedia.org/wiki/Tel_Aviv_Stock_Exchange,32.06455,34.770308333
Q1516125,ICMA,markets,http://commons.wikimedia.org/wiki/Special:FilePath/Zuerich%20Boerse.jpg,Switzerland,https://en.wikipedia.org/wiki/International_Capital_Market_Association,47.367539722,8.537639722
Q1521374,Ghana Stock Exchange,markets,http://commons.wikimedia.org/wiki/Special:FilePath/The%20Cedi%20House.JPG,Ghana,https://en.wikipedia.org/wiki/Ghana_Stock_Exchange,5.555605,-0.202153
Q2622180,Alexandria,markets,http://commons.wikimedia.org/wiki/Special:FilePath/Fort%20Alexandria.gif,Canada,"https://en.wikipedia.org/wiki/Alexandria,_British_Columbia",52.633,-122.45
Q2827071,Agora of Smyrna,markets,http://commons.wikimedia.org/wiki/Special:FilePath/Agora%20of%20Smyrna.jpg,Turkey,https://en.wikipedia.org/wiki/Agora_of_Smyrna,38.418888888,27.137777777
Q3077782,Fort Boise,markets,http://commons.wikimedia.org/wiki/Special:FilePath/Fortboise.jpg,United States,https://en.wikipedia.org/wiki/Fort_Boise,43.823644,-117.020383
Q3077837,Fort Dauphin,markets,http://commons.wikimedia.org/wiki/Special:FilePath/Fort%20Dauphin%20Museum.1.JPG,Canada,https://en.wikipedia.org/wiki/Fort_Dauphin_(Manitoba),51.6546,-99.9238
Q3077940,Fort Maurepas,markets,http://commons.wikimedia.org/wiki/Special:FilePath/Jean-Baptiste%20de%20La%20V%C3%A9rendrye.jpg,Canada,https://en.wikipedia.org/wiki/Fort_Maurepas_(Canada),50.60904,-96.29334
Q3077966,Fort Nisqually,markets,http://commons.wikimedia.org/wiki/Special:FilePath/The%20Fort%20Nisqually%20Granary.jpg,United States,https://en.wikipedia.org/wiki/Fort_Nisqually,47.3034,-122.533
Q3078023,Fort Saint Antoine,markets,http://commons.wikimedia.org/wiki/Special:FilePath/Fort%20Saint-Antoine.jpg,United States,https://en.wikipedia.org/wiki/Fort_Saint_Antoine,44.46535,-92.22458
Q3078062,Fort Saint Pierre,markets,http://commons.wikimedia.org/wiki/Special:FilePath/Fort%20St%20Pierre%2C%20Fort%20Frances%2C%202013.JPG,Canada,https://en.wikipedia.org/wiki/Fort_Saint_Pierre,48.618386,-93.3601
Q3078075,Fort Senneville,markets,http://commons.wikimedia.org/wiki/Special:FilePath/Ruines%20du%20fort%20de%20Senneville.jpg,Canada,https://en.wikipedia.org/wiki/Fort_Senneville,45.425833333,-73.974166666
Q3078093,Fort Trempealeau,markets,http://commons.wikimedia.org/wiki/Special:FilePath/Fort%20Trempealeau.jpg,United States,https://en.wikipedia.org/wiki/Fort_Trempealeau,44.01473,-91.47391
Q3078099,Fort Témiscamingue,markets,http://commons.wikimedia.org/wiki/Special:FilePath/Fort%20Temiscamingue%201.jpg,Canada,https://en.wikipedia.org/wiki/Fort_T%C3%A9miscamingue,47.2886,-79.4614
Q3078187,Fort de la Corne,markets,http://commons.wikimedia.org/wiki/Special:FilePath/Fort%20de%20La%20Corne.jpg,Canada,https://en.wikipedia.org/wiki/Fort_de_la_Corne,52.954559,-105.025371
Q3377445,Fort William,markets,http://commons.wikimedia.org/wiki/Special:FilePath/Fort%20William%20QC.JPG,Canada,,45.951111111,-77.270277777
Q3492561,Fort Colvile,markets,http://commons.wikimedia.org/wiki/Special:FilePath/Paul%20Kane-BushCamp-ROM.jpg,United States,https://en.wikipedia.org/wiki/Fort_Colvile,48.53505556,-117.89075
Q3499810,Fort Astoria,markets,http://commons.wikimedia.org/wiki/Special:FilePath/Franchere%20fort%20astoria%201813.jpg,United States,https://en.wikipedia.org/wiki/Fort_Astoria,46.1882,-123.827
Q4984013,Budaghers,markets,http://commons.wikimedia.org/wiki/Special:FilePath/Budaghers%2C%20New%20Mexico.jpg,United States,"https://en.wikipedia.org/wiki/Budaghers,_New_Mexico",35.4583,-106.333
Q5470939,Fort Clark Trading Post State Historic Site,markets,http://commons.wikimedia.org/wiki/Special:FilePath/Karl%20Bodmer%20-%20Fort%20Clark%20on%20the%20Missouri%20%28February%201834%29%20-%20cropped.png,United States,https://en.wikipedia.org/wiki/Fort_Clark_Trading_Post_State_Historic_Site,47.251944,-101.275278
Q5471222,Fort Gibraltar,markets,http://commons.wikimedia.org/wiki/Special:FilePath/Rindisbacher%20fishing%201821%20large%20%281%29.png,Canada,https://en.wikipedia.org/wiki/Fort_Gibraltar,49.8988,-97.1261
Q5471267,Fort Hall,markets,http://commons.wikimedia.org/wiki/Special:FilePath/FortHallMarker.jpg,United States,https://en.wikipedia.org/wiki/Fort_Hall,43.0202,-112.635
Q5471760,Fort Ninigret,markets,http://commons.wikimedia.org/wiki/Special:FilePath/Fort%20Ninigret%20in%20Charlestown%20RI%205.jpg,United States,https://en.wikipedia.org/wiki/Fort_Ninigret,41.381111,-71.648333
Q5471780,Fort Osage,markets,http://commons.wikimedia.org/wiki/Special:FilePath/Fort-osage.jpg,United States,https://en.wikipedia.org/wiki/Fort_Osage,39.1876,-94.1921
Q5471968,Fort Saint Vrain,markets,http://commons.wikimedia.org/wiki/Special:FilePath/Ftstvrainmarker.jpg,United States,https://en.wikipedia.org/wiki/Fort_Saint_Vrain,40.2789,-104.855
Q5472216,Fort Vasquez,markets,http://commons.wikimedia.org/wiki/Special:FilePath/Insidefrvasquez2.jpg,United States,https://en.wikipedia.org/wiki/Fort_Vasquez,40.194444,-104.820278
Q5472227,Fort Victoria,markets,http://commons.wikimedia.org/wiki/Special:FilePath/Fort%20Victoria%20watercolour.jpg,Canada,https://en.wikipedia.org/wiki/Fort_Victoria_(British_Columbia),48.4258,-123.369
Q5472322,Fort Whoop-Up,markets,http://commons.wikimedia.org/wiki/Special:FilePath/Fortwhoopupnationalhistoricsite.jpg,Canada,https://en.wikipedia.org/wiki/Fort_Whoop-Up,49.620711,-112.912028
Q5588307,Goulding's Trading Post,markets,http://commons.wikimedia.org/wiki/Special:FilePath/View%20of%20Monument%20Valley%20from%20Goulding%20Trading%20Post.JPG,United States,,37.006667,-110.2025
Q6163971,Jasper House,markets,http://commons.wikimedia.org/wiki/Special:FilePath/Jasper%20House%20National%20Historic%20Site%20of%20Canada%202012-09-23%2019-35-58.jpg,Canada,https://en.wikipedia.org/wiki/Jasper_House,53.146666666,-117.984722222
Q6440473,Kræmmerholmen,markets,http://commons.wikimedia.org/wiki/Special:FilePath/Kremmerholmen.jpg,Norway,https://en.wikipedia.org/wiki/Kr%C3%A6mmerholmen,60.7833,4.71083
Q7084977,Old Sitka,markets,http://commons.wikimedia.org/wiki/Special:FilePath/SitkaRussianPossessionPlate.png,United States,https://en.wikipedia.org/wiki/Old_Sitka_Site,57.1314,-135.371
Q8003309,Willamette Trading Post,markets,http://commons.wikimedia.org/wiki/Special:FilePath/Road%20signage%20historical%20marker%20%28summer%202022%29%20for%20the%20Willamette%20Trading%20Post.jpg,United States,https://en.wikipedia.org/wiki/Willamette_Trading_Post,45.2651,-122.945
Q14680654,Peach Springs Trading Post,markets,http://commons.wikimedia.org/wiki/Special:FilePath/Peach%20Springs%20Trading%20Post.jpg,United States,https://en.wikipedia.org/wiki/Peach_Springs_Trading_Post,35.529037401,-113.427476632
Q14704813,Bordeaux Trading Post,markets,http://commons.wikimedia.org/wiki/Special:FilePath/Fur%20trade%20museum%20trading%20post.jpg,United States,https://en.wikipedia.org/wiki/Bordeaux_Trading_Post,42.8236,-102.924
Q14751215,Ancient agora of Kos,markets,http://commons.wikimedia.org/wiki/Special:FilePath/AgoraKosstadt.jpg,Greece,,36.89333344,27.29055595
Q15242297,Lewisburg,markets,http://commons.wikimedia.org/wiki/Special:FilePath/Old%20Town%20of%20Lewisburg%20Stones.jpg,United States,"https://en.wikipedia.org/wiki/Lewisburg,_Arkansas",35.14194444,-92.73527778
Q16211373,Port Leopold,markets,http://commons.wikimedia.org/wiki/Special:FilePath/Appearance%20of%20the%20Sky%20at%20Port%20Leopold.jpg,Canada,https://en.wikipedia.org/wiki/Port_Leopold,74.0,-90.0
Q16932289,Roman Agora of Thessaloniki,markets,http://commons.wikimedia.org/wiki/Special:FilePath/The%20Roman%20forum.jpg,Greece,https://en.wikipedia.org/wiki/Roman_Forum_(Thessaloniki),40.637771,22.945767
Q17986906,Fort St. James National Historic Site,markets,http://commons.wikimedia.org/wiki/Special:FilePath/FortSt.James-NHS-2008.jpg,Canada,,54.440277777,-124.255555555
Q18123754,Fort Vermilion,markets,http://commons.wikimedia.org/wiki/Special:FilePath/OBH%20%28Small%29.JPG,Canada,,58.396181,-116.001984
Q18534258,Fort Chipewyan III,markets,http://commons.wikimedia.org/wiki/Special:FilePath/Fort%20Chipewyan%20H.B.C.%20post%20%281900%29.jpg,Canada,,58.712285,-111.148858
Q23505044,Moose Factory Buildings,markets,http://commons.wikimedia.org/wiki/Special:FilePath/Moose%20Factory%20HBC%20staff%20house.JPG,Canada,,51.252676,-80.60581
Q23694812,Fort Qu'Appelle,markets,http://commons.wikimedia.org/wiki/Special:FilePath/RedRiverCartFtQu%27Appelle.jpg,Canada,,50.771567,-103.797637
Q23706052,Rocky Mountain House,markets,http://commons.wikimedia.org/wiki/Special:FilePath/Rock%20Mountain%20House%20Historic%20Site%20%2829633419995%29.jpg,Canada,,52.366388888,-114.963333333
Q23768231,Fort Kamloops,markets,http://commons.wikimedia.org/wiki/Special:FilePath/Fort%20Kamloops.jpg,Canada,,50.679716,-120.335151
Q23940636,Fort McPherson National Historic Site of Canada,markets,http://commons.wikimedia.org/wiki/Special:FilePath/FortMcPhersonNWT.JPG,Canada,,67.439444444,-134.883611111
Q26180562,Forum of Philippopolis,markets,http://commons.wikimedia.org/wiki/Special:FilePath/Bulgaria-0813%20-%20Roman%20Odeon%20%287432946560%29.jpg,Bulgaria,https://en.wikipedia.org/wiki/Roman_forum_of_Philippopolis,42.142111111,24.750944444
Q27568148,Agora of the Delians,markets,http://commons.wikimedia.org/wiki/Special:FilePath/Agora%20of%20Delians%2C%20143364.jpg,Greece,,37.399444444,25.267222222
Q27568253,"Agora of Theophrastos, Delos",markets,http://commons.wikimedia.org/wiki/Special:FilePath/%C3%80gora%20de%20Teofrast%20inundada%2C%20Delos.JPG,Greece,,37.401111111,25.265833333
Q27663929,Agora of the Competaliasts,markets,http://commons.wikimedia.org/wiki/Special:FilePath/Agora%20of%20the%20Competaliasts%2001%20%28cropped%29.jpg,Greece,https://en.wikipedia.org/wiki/Agora_of_the_Competaliasts,37.399,25.2663
Q27663965,Agora of the Italians (Delos),markets,http://commons.wikimedia.org/wiki/Special:FilePath/Agora%20of%20the%20Italians%2C%20Delos%2001.jpg,Greece,,37.40174,25.26751
Q38281281,Ancient Agora of Argos,markets,http://commons.wikimedia.org/wiki/Special:FilePath/Ancient%20Argos%20-%20Agora%201.jpg,Greece,,37.630634,22.721035
Q48780988,Noochuloghoyet,markets,http://commons.wikimedia.org/wiki/Special:FilePath/Nuklukyet%20trading%20station.jpg,United States,https://en.wikipedia.org/wiki/Noochuloghoyet,65.16486,-151.95422
Q59335786,Habitation at Port-Royal,markets,http://commons.wikimedia.org/wiki/Special:FilePath/Port-Royal%20Nova-Scotia%201.jpg,Acadia,,44.7125,-65.61056
Q60774527,Oljato Trading Post,markets,http://commons.wikimedia.org/wiki/Special:FilePath/Oljato%20Trading%20Post%20ruins%2C%20January%202019.jpg,United States,https://en.wikipedia.org/wiki/Oljato_Trading_Post,37.036376,-110.318239
Q63961123,Thunderbird Lodge,markets,http://commons.wikimedia.org/wiki/Special:FilePath/Thunderbird-Lodge-Chinle-1.jpg,United States,"https://en.wikipedia.org/wiki/Thunderbird_Lodge_(Chinle,_Arizona)",36.146899,-109.538678
Q65049792,Santo Domingo Indian Trading Post,markets,http://commons.wikimedia.org/wiki/Special:FilePath/1970%20Santo%20Domingo%20Trading%20Post.jpg,United States,https://en.wikipedia.org/wiki/Santo_Domingo_Indian_Trading_Post,35.511388888,-106.320833333
Q77071353,Tetragonos Agora (Ephesus),markets,http://commons.wikimedia.org/wiki/Special:FilePath/The%20Commercial%20Agora%20%2813975446283%29.jpg,Turkey,,37.940042296,27.341100613
Q77071662,State Agora of Ephesus,markets,http://commons.wikimedia.org/wiki/Special:FilePath/Ephesus%20State%20Agora%201981.jpg,Turkey,,37.936552958,27.344373715
Q93807,Manama Souq,markets,http://commons.wikimedia.org/wiki/Special:FilePath/Bahrain%20Souk%20Sweets1.JPG,Bahrain,https://en.wikipedia.org/wiki/Manama_Souq,26.231252,50.576961
Q101583,Thebes,markets,http://commons.wikimedia.org/wiki/Special:FilePath/Luxor%20temple27.JPG,Egypt,"https://en.wikipedia.org/wiki/Thebes,_Egypt",25.720555555,32.610277777
Q134762,Eilat,markets,http://commons.wikimedia.org/wiki/Special:FilePath/Eilat2.jpg,Israel,https://en.wikipedia.org/wiki/Eilat,29.55,34.95
Q153430,Bryggen,markets,http://commons.wikimedia.org/wiki/Special:FilePath/Bryggen%2C%20Bergen3.JPG,Norway,https://en.wikipedia.org/wiki/Bryggen,60.3975,5.323333333
Q157341,King's Lynn,markets,http://commons.wikimedia.org/wiki/Special:FilePath/Kings-lynn-customs-house.JPG,United Kingdom,https://en.wikipedia.org/wiki/King%27s_Lynn,52.7543,0.3976
Q191504,Leptis Magna,markets,http://commons.wikimedia.org/wiki/Special:FilePath/Leptis%20Magna%20%2829%29%20%288288918733%29.jpg,Libya,https://en.wikipedia.org/wiki/Leptis_Magna,32.636748,14.2922
Q195220,Großmarkthalle,markets,http://commons.wikimedia.org/wiki/Special:FilePath/Grossmarkthalle%20Frankfurt%20Panorama%201.jpg,Germany,https://en.wikipedia.org/wiki/Gro%C3%9Fmarkthalle,50.109444444,8.7025
Q204712,Fish Auction Hall,markets,http://commons.wikimedia.org/wiki/Special:FilePath/Hamburg%20Hafen%2014%20%28RaBoe%29.jpg,Germany,https://en.wikipedia.org/wiki/Fish_Auction_Hall,53.54481667,9.95177778
Q215429,Grand-Place,markets,http://commons.wikimedia.org/wiki/Special:FilePath/Brusel%20Grand-Place%20radnice%201a.jpg,Belgium,https://en.wikipedia.org/wiki/Grand-Place,50.84670775,4.35253815
Q228657,Zuidlaardermarkt,markets,http://commons.wikimedia.org/wiki/Special:FilePath/Zuidlaren%2C%20het%20Zuidlaardermarktmonument%20foto2%202014-07-12%2011.42.jpg,Netherlands,https://en.wikipedia.org/wiki/Zuidlaardermarkt,53.093611111,6.686944444
Q258348,Jemaa el-Fnaa,markets,http://commons.wikimedia.org/wiki/Special:FilePath/MoroccoMarrakech%20DjemaaElFna..jpg,Morocco,https://en.wikipedia.org/wiki/Jemaa_el-Fnaa,31.625971,-7.989098
Q300764,Aachener Weihnachtsmarkt,markets,http://commons.wikimedia.org/wiki/Special:FilePath/Aachener%20Weihnachtsmarkt%202025.jpg,Germany,,50.7756,6.08382
Q309282,Avaris,markets,http://commons.wikimedia.org/wiki/Special:FilePath/Lower%20Egypt-en.png,Egypt,https://en.wikipedia.org/wiki/Avaris,30.786228,31.82253
Q122281190,Orlova Mohyla kurgan,history_and_mysteries,http://commons.wikimedia.org/wiki/Special:FilePath/%D0%A1%D0%B5%D0%BD%D1%82%D1%8F%D0%B1%D1%80%D1%8C%202014%20%D1%83%20%22%D0%9E%D1%81%D1%82%D1%80%D0%BE%D0%B9%20%D0%BC%D0%BE%D0%B3%D0%B8%D0%BB%D1%8B%22%20-%20panoramio.jpg,Ukraine,,47.892608,34.475334
Q122281189,Kurgan of Glory near Sholokhove,history_and_mysteries,http://commons.wikimedia.org/wiki/Special:FilePath/%D0%9A%D1%83%D1%80%D0%B3%D0%B0%D0%BD%20%D0%A1%D0%BB%D0%B0%D0%B2%D0%B8%20%D0%B1%D1%96%D0%BB%D1%8F%20%D1%81.%20%D0%A8%D0%BE%D0%BB%D0%BE%D1%85%D0%BE%D0%B2%D0%B5..JPG,Ukraine,,47.69045,34.035618
Q122281608,Kurgan in Berestove,history_and_mysteries,http://commons.wikimedia.org/wiki/Special:FilePath/%D0%91%D0%B5%D1%80%D0%B5%D1%81%D1%82%D0%BE%D0%B2%D0%BE%D0%B5.%20%D0%9A%D1%83%D1%80%D0%B3%D0%B0%D0%BD%20%D0%B2%D0%BE%D0%B7%D0%BB%D0%B5%20%D0%96%D0%94.jpg,Ukraine,,48.738056,38.268889
Q122281617,"Kurgan Baba, Ivanivske",history_and_mysteries,http://commons.wikimedia.org/wiki/Special:FilePath/%D0%93%D0%BE%D1%80%D0%B0%20%D0%91%D0%B0%D0%B1%D0%B0%20%D1%81.%20%D0%86%D0%B2%D0%B0%D0%BD%D1%96%D0%B2%D1%81%D1%8C%D0%BA%D0%B5.jpg,Ukraine,,48.582839,37.914162
Q122281634,"Kurgan Vysoka Mohyla, Serebrianka",history_and_mysteries,http://commons.wikimedia.org/wiki/Special:FilePath/%D0%92%D0%B8%D0%B4%20%D0%BD%D0%B0%20%D1%81%D1%82%D0%B5%D0%BF%20%D0%B7%20%D0%BA%D1%83%D1%80%D0%B3%D0%B0%D0%BD%D1%83%20%C2%AB%D0%92%D0%B8%D1%81%D0%BE%D0%BA%D0%B0%20%D0%BC%D0%BE%D0%B3%D0%B8%D0%BB%D0%B0%C2%BB.jpg,Ukraine,,48.903028,38.172472
Q122281636,"Kurgan II, to south-east from Serebrianka",history_and_mysteries,http://commons.wikimedia.org/wiki/Special:FilePath/%D0%93%D1%80%D1%83%D0%BF%D0%BF%D0%B0%20%D0%BA%D1%83%D1%80%D0%B3%D0%B0%D0%BD%D0%BE%D0%B2%20%D0%A1%D0%B5%D1%80%D0%B5%D0%B1%D1%80%D1%8F%D0%BD%D0%BA%D0%B0.jpg,Ukraine,,48.903,38.173361
Q122281637,"Kurgan III, to south-east from Serebrianka",history_and_mysteries,http://commons.wikimedia.org/wiki/Special:FilePath/%D0%9A%D1%83%D1%80%D0%B3%D0%B0%D0%BD%D0%BD%D0%B0%D1%8F%20%D0%B3%D1%80%D1%83%D0%BF%D0%BF%D0%B0%20%D0%A1%D0%B5%D1%80%D0%B5%D0%B1%D1%80%D1%8F%D0%BD%D0%BA%D0%B0.%20%28%D0%BF%D1%80%D0%B0%D0%B2%D0%B8%D0%B9%20%D0%BA%D1%83%D1%80%D0%B3%D0%B0%D0%BD%29.jpg,Ukraine,,48.902972,38.17425
Q122281957,"Kurgan of Immortality, Malyn",history_and_mysteries,http://commons.wikimedia.org/wiki/Special:FilePath/%D0%9A%D1%83%D1%80%D0%B3%D0%B0%D0%BD%20%D0%B1%D0%B5%D0%B7%D1%81%D0%BC%D0%B5%D1%80%D1%82%D1%8F%2C%20%D0%9C%D0%B0%D0%BB%D0%B8%D0%BD.JPG,Ukraine,,50.769237,29.253314
Q122282366,Kurgan in Radoshyn,history_and_mysteries,http://commons.wikimedia.org/wiki/Special:FilePath/Radoshyn%20Kovelskyi%20Volynska-mound-west%20view.jpg,Ukraine,,51.15315,24.98745
Q122283042,"Halychyna Mohyla kurgan, Krylos",history_and_mysteries,http://commons.wikimedia.org/wiki/Special:FilePath/%D0%93%D0%B0%D0%BB%D0%B8%D1%87%D0%B8%D0%BD%D0%B0%20%D0%BC%D0%BE%D0%B3%D0%B8%D0%BB%D0%B0%2C%20%D0%9A%D1%80%D0%B8%D0%BB%D0%BE%D1%81.jpg,Ukraine,,49.083402,24.696461
Q122283209,Kurgan stele in Staryi Merchyk,history_and_mysteries,http://commons.wikimedia.org/wiki/Special:FilePath/%D0%9F%D0%BE%D0%BB%D0%BE%D0%B2%D0%B5%D1%86%D1%8C%D0%BA%D0%B0%20%D0%BA%D0%B0%D0%BC%27%D1%8F%D0%BD%D0%B0.jpg,Ukraine,,49.9816541,35.7596236
Q122283275,Kurgan in Dnipro,history_and_mysteries,http://commons.wikimedia.org/wiki/Special:FilePath/%D0%9A%D1%83%D1%80%D0%B3%D0%B0%D0%BD%20145220.jpg,Ukraine,,48.530236,34.955124
Q122283281,Kurgan in Stara Ihren,history_and_mysteries,http://commons.wikimedia.org/wiki/Special:FilePath/%D0%9A%D1%83%D1%80%D0%B3%D0%B0%D0%BD%200796.jpg,Ukraine,,48.442983,35.113567
Q122283288,"Kurgan on Hrushevskoho Street, Kamianske",history_and_mysteries,http://commons.wikimedia.org/wiki/Special:FilePath/%D0%9A%D1%83%D1%80%D0%B3%D0%B0%D0%BD%20%E2%80%94%20%D0%BF%D0%B0%D0%BC%D1%8F%D1%82%D0%BD%D0%B8%D0%BA%20%D0%B0%D1%80%D1%85%D0%B5%D0%BE%D0%BB%D0%BE%D0%B3%D0%B8%D0%B8.%20%D0%B3.%20%D0%9A%D0%B0%D0%BC%D0%B5%D0%BD%D1%81%D0%BA%D0%BE%D0%B5%2C%20%D0%A3%D0%BA%D1%80%D0%B0%D0%B8%D0%BD%D0%B0.jpg,Ukraine,,48.495743,34.567245
Q122283289,"Kurgan on Popova Street, Kamianske",history_and_mysteries,http://commons.wikimedia.org/wiki/Special:FilePath/%D0%9A%D1%83%D1%80%D0%B3%D0%B0%D0%BD%200146.jpg,Ukraine,,48.500725,34.580519
Q122283392,Maidan kurgan in Pidhorodne,history_and_mysteries,http://commons.wikimedia.org/wiki/Special:FilePath/%D0%9A%D1%83%D1%80%D0%B3%D0%B0%D0%BD%20%C2%AB%D0%9C%D0%B0%D0%B9%D0%B4%D0%B0%D0%BD%C2%BB%20111414.jpg,Ukraine,,48.600708,35.118485
Q122283393,Burial ground with 2 kurgans in Pidhorodne,history_and_mysteries,http://commons.wikimedia.org/wiki/Special:FilePath/%D0%9C%D0%BE%D0%B3%D0%B8%D0%BB%D1%8C%D0%BD%D0%B8%D0%BA%20%D0%BA%D1%83%D1%80%D0%B3%D0%B0%D0%BD%D0%BD%D0%B8%D0%B9%20101949.jpg,Ukraine,,48.603333,35.090833
Q122283414,Mohyla Vyhliadna kurgan,history_and_mysteries,http://commons.wikimedia.org/wiki/Special:FilePath/%D0%9C%D0%BE%D0%B3%D0%B8%D0%BB%D0%B0%20%D0%92%D0%B8%D0%B3%D0%BB%D1%8F%D0%B4%D0%BD%D0%B0.jpg,Ukraine,,47.983308,36.216828
Q122283418,"Burial mound with 7 kurgans, Bohodarivka",history_and_mysteries,http://commons.wikimedia.org/wiki/Special:FilePath/%D0%94%D1%80%D1%83%D0%B3%D0%B8%D0%B9%20%D0%BA%D1%83%D1%80%D0%B3%D0%B0%D0%BD%20%D0%B7%207%20%281%29.jpg,Ukraine,,47.945255,36.20995
Q122283419,"Barynia kurgan, Bohodarivka",history_and_mysteries,http://commons.wikimedia.org/wiki/Special:FilePath/%D0%92%D0%B8%D0%B4%20%D0%BD%D0%B0%20%D0%BA%D1%83%D1%80%D0%B3%D0%B0%D0%BD%20%22%D0%91%D0%B0%D1%80%D0%B8%D0%BD%D1%8F%22.%20%D0%9C%D0%BE%D0%B3%D0%B8%D0%BB%D0%B0%20%D0%BB%D0%B5%D0%B4%D1%8C-%D0%BB%D0%B5%D0%B4%D1%8C%20%D0%BF%D0%BE%D0%BC%D1%96%D1%82%D0%BD%D0%B0%20%D0%B7%20%D0%B4%D0%BE%D1%80%D0%BE%D0%B3%D0%B8.jpg,Ukraine,,47.948754,36.201239
Q122283417,"Kurgan No 8435, Andriivka",history_and_mysteries,http://commons.wikimedia.org/wiki/Special:FilePath/%D0%9A%D1%83%D1%80%D0%B3%D0%B0%D0%BD%20%D0%B2%20%D1%81.%20%D0%90%D0%BD%D0%B4%D1%80%D1%96%D1%97%D0%B2%D0%BA%D0%B0%20%281%29.jpg,Ukraine,,47.922778,36.186944
Q122283423,"Burial ground with 2 kurgans, Bratske",history_and_mysteries,http://commons.wikimedia.org/wiki/Special:FilePath/%D0%9A%D1%83%D1%80%D0%B3%D0%B0%D0%BD%20%D0%BF%D0%BE%D1%80%D0%BE%D1%81%D0%BB%D0%B8%D0%B9%20%D1%82%D0%B5%D1%80%D0%BD%D0%BE%D0%BC.jpg,Ukraine,,47.899667,36.153056
Q122283424,"Burial ground with 3 kurgans, Vidradne",history_and_mysteries,http://commons.wikimedia.org/wiki/Special:FilePath/%D0%9E%D0%B4%D0%B8%D0%BD%20%D0%B7%20%D0%BA%D1%83%D1%80%D0%B3%D0%B0%D0%BD%D1%96%D0%B2%20%D0%BD%D0%B5%D0%BF%D0%BE%D0%B4%D0%B0%D0%BB%D1%96%D0%BA%20%D1%81.%20%D0%92%D1%96%D0%B4%D1%80%D0%B0%D0%B4%D0%BD%D0%B5.jpg,Ukraine,,47.932195,36.246718
Q122283435,Kurgan in Danylivka,history_and_mysteries,http://commons.wikimedia.org/wiki/Special:FilePath/%D0%9A%D1%83%D1%80%D0%B3%D0%B0%D0%BD.%20%D1%81.%20%D0%94%D0%B0%D0%BD%D0%B8%D0%BB%D1%96%D0%B2%D0%BA%D0%B0.jpg,Ukraine,,47.870722,36.230778
Q122283432,Kurgan in Herasymivka,history_and_mysteries,http://commons.wikimedia.org/wiki/Special:FilePath/%D0%9A%D1%83%D1%80%D0%B3%D0%B0%D0%BD%20%D0%B1%D1%96%D0%BB%D1%8F%20%D1%81.%20%D0%93%D0%B5%D1%80%D0%B0%D1%81%D0%B8%D0%BC%D1%96%D0%B2%D0%BA%D0%B0.jpg,Ukraine,,47.890278,36.169639
Q122283442,Kurgan in Pischane,history_and_mysteries,http://commons.wikimedia.org/wiki/Special:FilePath/%D0%9A%D1%83%D1%80%D0%B3%D0%B0%D0%BD%20%D0%BD%D0%B0%20%D1%82%D0%B5%D1%80%D0%B8%D1%82%D0%BE%D1%80%D1%96%D1%97%20%D0%BA%D0%BB%D0%B0%D0%B4%D0%BE%D0%B2%D0%B8%D1%89%D0%B0%20%D1%81.%20%D0%9F%D1%96%D1%89%D0%B0%D0%BD%D0%B5.jpg,Ukraine,,47.868675,36.171488
Q122283441,"Burial ground with 2 kurgans, Nechaivka",history_and_mysteries,http://commons.wikimedia.org/wiki/Special:FilePath/%D0%9E%D0%B4%D0%B8%D0%BD%20%D0%B7%20%D0%BA%D1%83%D1%80%D0%B3%D0%B0%D0%BD%D1%96%D0%B2%20%D0%B1%D1%96%D0%BB%D1%8F%20%D1%81.%20%D0%9D%D0%B5%D1%87%D0%B0%D1%97%D0%B2%D0%BA%D0%B0.jpg,Ukraine,,47.869467,36.201024
Q122283444,Padysheva Mohyla kurgan,history_and_mysteries,http://commons.wikimedia.org/wiki/Special:FilePath/%D0%9A%D1%83%D1%80%D0%B3%D0%B0%D0%BD%20%C2%AB%D0%9F%D0%B0%D0%B4%D0%B8%D1%88%D0%B5%D0%B2%D0%B0%20%D0%BC%D0%BE%D0%B3%D0%B8%D0%BB%D0%B0%C2%BB.jpg,Ukraine,,48.280794,34.696369
Q122283478,"Rozryta Mohyla kurgan, Berezan",history_and_mysteries,http://commons.wikimedia.org/wiki/Special:FilePath/%D0%9A%D1%83%D1%80%D0%B3%D0%B0%D0%BD%20%C2%AB%D0%A0%D0%BE%D0%B7%D1%80%D0%B8%D1%82%D0%B0%20%D0%BC%D0%BE%D0%B3%D0%B8%D0%BB%D0%B0%C2%BB%20%D0%B7%20%D0%BF%D0%B0%D0%BC%E2%80%99%D1%8F%D1%82%D0%BD%D0%B8%D0%BC%20%D0%B7%D0%BD%D0%B0%D0%BA%D0%BE%D0%BC.jpg,Ukraine,,50.300097,31.570147
Q122283857,Hlushevska Mohyla kurgan,history_and_mysteries,http://commons.wikimedia.org/wiki/Special:FilePath/%D0%93%D0%BB%D1%83%D1%88%D0%B5%D0%B2%D1%81%D1%8C%D0%BA%D0%B0%20%D0%9C%D0%BE%D0%B3%D0%B8%D0%BB%D0%B0%20360%20PANO%2020191108%20161111%200.jpg,Ukraine,,50.273248,31.189102
Q122284805,Kurgan burial ground in Vilnohirsk,history_and_mysteries,http://commons.wikimedia.org/wiki/Special:FilePath/%D0%9A%D1%83%D1%80%D0%B3%D0%B0%D0%BD%D0%BD%D0%B8%D0%B9%20%D0%BC%D0%BE%D0%B3%D0%B8%D0%BB%D1%8C%D0%BD%D0%B8%D0%BA%20132532.jpg,Ukraine,,48.462478,34.010818
Q122284816,Kurgan No 6136 on Marhanets cemetery,history_and_mysteries,http://commons.wikimedia.org/wiki/Special:FilePath/%D0%9A%D1%83%D1%80%D0%B3%D0%B0%D0%BD%20%D0%9F%D0%B0%D1%80%D1%85%D0%BE%D0%BC%D0%B5%D0%BD%D0%BA%D0%B0%20130104.jpg,Ukraine,,47.669444,34.652222
Q122284830,"Kurgan No 6034, Novooleksandrivka",history_and_mysteries,http://commons.wikimedia.org/wiki/Special:FilePath/%D0%9A%D1%83%D1%80%D0%B3%D0%B0%D0%BD%2012-214-0130%200725%20064356%280%29.jpg,Ukraine,,48.354167,34.975833
Q122284834,"Burial ground with 5 kurgans No 6046, Novooleksandrivka",history_and_mysteries,http://commons.wikimedia.org/wiki/Special:FilePath/%D0%9A%D1%83%D1%80%D0%B3%D0%B0%D0%BD%D1%8B%20133111.jpg,Ukraine,,48.323333,35.032222
Q122284835,"Kurgan No 6048, Novooleksandrivka",history_and_mysteries,http://commons.wikimedia.org/wiki/Special:FilePath/%D0%9A%D1%83%D1%80%D0%B3%D0%B0%D0%BD%20124619.jpg,Ukraine,,48.346552,35.019136
Q122284833,"Burial ground with 3 kurgans No 6044, Novooleksandrivka",history_and_mysteries,http://commons.wikimedia.org/wiki/Special:FilePath/%D0%9A%D1%83%D1%80%D0%B3%D0%B0%D0%BD%D0%B8%20131924.jpg,Ukraine,,48.31455,35.019987
Q122284838,"Kurgan No 8626, Novooleksandrivka",history_and_mysteries,http://commons.wikimedia.org/wiki/Special:FilePath/%D0%9A%D1%83%D1%80%D0%B3%D0%B0%D0%BD%20121530.jpg,Ukraine,,48.361627,35.032218
Q122284836,Q122284836,history_and_mysteries,http://commons.wikimedia.org/wiki/Special:FilePath/%D0%9A%D1%83%D1%80%D0%B3%D0%B0%D0%BD%2012-214-0137%200725%20065847.jpg,Ukraine,,48.34842,34.96443
Q122284840,"Burial ground with 2 kurgans, Doslidne",history_and_mysteries,http://commons.wikimedia.org/wiki/Special:FilePath/%D0%9A%D1%83%D1%80%D0%B3%D0%B0%D0%BD%20120351.jpg,Ukraine,,48.37175,35.031116
Q122284846,"Burial ground with 5 kurgans, Berezove",history_and_mysteries,http://commons.wikimedia.org/wiki/Special:FilePath/%D0%9C%D0%BE%D0%B3%D0%B8%D0%BB%D1%8C%D0%BD%D0%B8%D0%BA%20%D0%BA%D1%83%D1%80%D0%B3%D0%B0%D0%BD%D0%BD%D0%B8%D0%B9%20%285%20%D0%BA%D1%83%D1%80%D0%B3%D0%B0%D0%BD%D1%96%D0%B2%29%2C%20%D1%81.%20%D0%91%D0%B5%D1%80%D0%B5%D0%B7%D0%BE%D0%B2%D0%B5%2C%20%D0%9F%D0%BE%D0%BA%D1%80%D0%BE%D0%B2%D1%81%D1%8C%D0%BA%D0%B8%D0%B9%20%D1%80%D0%B0%D0%B9%D0%BE%D0%BD%2C%201%2C25%20%D0%BA%D0%BC%20%D0%BD%D0%B0%20%D0%BF%D1%96%D0%B2%D0%BD%D1%96%D1%87%D0%BD%D0%B8%D0%B9%20%D1%81%D1%85%D1%96%D0%B4%20%D0%B2%D1%96%D0%B4%20%D1%86%D0%B5%D0%BD%D1%82%D1%80%D1%83%20%D1%81%D0%B5%D0%BB%D0%B0.jpg,Ukraine,,47.882034,36.503184
Q122284851,"Burial ground with 3 kurgans, Hai",history_and_mysteries,http://commons.wikimedia.org/wiki/Special:FilePath/%D0%9C%D0%BE%D0%B3%D0%B8%D0%BB%D1%8C%D0%BD%D0%B8%D0%BA%20%D0%BA%D1%83%D1%80%D0%B3%D0%B0%D0%BD%D0%BD%D0%B8%D0%B9%20%283%20%D0%BA%D1%83%D1%80%D0%B3%D0%B0%D0%BD%D0%B8%29%20%28%D1%81%D0%B0%D0%BC%D0%B8%D0%B9%20%D0%BD%D0%B0%D0%B9%D0%B1%D1%96%D0%BB%D1%8C%D1%88%D0%B8%D0%B9%20%D0%B7%20%D0%B3%D1%80%D1%83%D0%BF%D0%B8%29%2C%20%D1%80%D0%BE%D0%B7%D1%80%D0%B8%D1%82%D0%B8%D0%B9%2C%20%D1%81.%20%D0%93%D0%B0%D0%B9%2C%20%D0%9F%D0%BE%D0%BA%D1%80%D0%BE%D0%B2%D1%81%D1%8C%D0%BA%D0%B8%D0%B9%20%D1%80%D0%B0%D0%B9%D0%BE%D0%BD.jpg,Ukraine,,47.903359,36.290631
Q122284848,"Burial ground with 4 kurgans No 3530, Velykomykhailivka",history_and_mysteries,http://commons.wikimedia.org/wiki/Special:FilePath/%D0%9D%D0%B0%D1%81%D0%B8%D0%BF%20%E2%80%94%20%D0%B1%D1%96%D0%BB%D1%8F%20%D0%B4%D0%BE%D1%80%D0%BE%D0%B3%D0%B8.%20%D0%9C%D0%BE%D0%B3%D0%B8%D0%BB%D1%8C%D0%BD%D0%B8%D0%BA%20%D0%BA%D1%83%D1%80%D0%B3%D0%B0%D0%BD%D0%BD%D0%B8%D0%B9%20%284%20%D0%BA%D1%83%D1%80%D0%B3%D0%B0%D0%BD%D0%B8%29%28%20%D0%B2%D0%B8%D0%B4%D0%BD%D0%BE%202%20%D0%BA%D1%83%D1%80%D0%B3%D0%B0%D0%BD%D0%B8%20%D1%96%20%D0%BD%D0%B0%D1%81%D0%B8%D0%BF%29%2C%20%D0%92%D0%B5%D0%BB%D0%B8%D0%BA%D0%BE%D0%BC%D0%B8%D1%85%D0%B0%D0%B9%D0%BB%D1%96%D0%B2%D0%BA%D0%B0%2C%20%D0%9F%D0%BE%D0%BA%D1%80%D0%BE%D0%B2%D1%81%D1%8C%D0%BA%D0%B8%D0%B9%20%D1%80%D0%B0%D0%B9%D0%BE%D0%BD.jpg,Ukraine,,47.949695,36.502855
Q122284856,"Burial ground with 2 kurgans No 3488, Kolomiytsi",history_and_mysteries,http://commons.wikimedia.org/wiki/Special:FilePath/%D0%9C%D0%BE%D0%B3%D0%B8%D0%BB%D1%8C%D0%BD%D0%B8%D0%BA%20%D0%BA%D1%83%D1%80%D0%B3%D0%B0%D0%BD%D0%BD%D0%B8%D0%B9%20%282%20%D0%BA%D1%83%D1%80%D0%B3%D0%B0%D0%BD%D0%B8%29%2C%20%D1%81.%20%D0%9A%D0%BE%D0%BB%D0%BE%D0%BC%D1%96%D0%B9%D1%86%D1%96%2C%202%20%D0%BA%D0%BC%20%D0%BD%D0%B0%20%D0%BF%D1%96%D0%B2%D0%BD%D1%96%D1%87%D0%BD%D0%B8%D0%B9%20%D0%B7%D0%B0%D1%85%D1%96%D0%B4%20%D0%B2%D1%96%D0%B4%20%D1%86%D0%B5%D0%BD%D1%82%D1%80%D1%83%20%D1%81%D0%B5%D0%BB%D0%B0%20%2C1-%20%D0%B9%20%D0%BA%D1%83%D1%80%D0%B3%D0%B0%D0%BD%20%D0%B7%D1%96%20%D1%81%D1%82%D0%BE%D1%80%D0%BE%D0%BD%D0%B8%20%D1%81.%20%D0%9A%D0%BE%D0%BB%D0%BE%D0%BC%D1%96%D0%B9%D1%86%D1%96.jpg,Ukraine,,47.969346,36.32106
Q122284864,"Kurgan No 3554, Novooleksandrivka",history_and_mysteries,http://commons.wikimedia.org/wiki/Special:FilePath/%D0%9A%D1%83%D1%80%D0%B3%D0%B0%D0%BD%20%28h%3D3%2C5%20%D0%BC%2C%20d%3D80%20%D0%BC%29%2C%20%D1%81.%20%D0%9D%D0%BE%D0%B2%D0%BE%D0%BE%D0%BB%D0%B5%D0%BA%D1%81%D0%B0%D0%BD%D0%B4%D1%80%D1%96%D0%B2%D0%BA%D0%B0%20%2C%D0%9F%D0%BE%D0%BA%D1%80%D0%BE%D0%B2%D1%81%D1%8C%D0%BA%D0%B8%D0%B9%20%D1%80%D0%B0%D0%B9%D0%BE%D0%BD%2C%201%2C75%20%D0%BA%D0%BC%20%D0%BD%D0%B0%20%D0%BF%D1%96%D0%B2%D0%B4%D0%B5%D0%BD%D1%8C%E2%80%94%D0%BF%D1%96%D0%B2%D0%B4%D0%B5%D0%BD%D0%BD%D0%B8%D0%B9%20%D1%81%D1%85%D1%96%D0%B4%20%D0%B2%D1%96%D0%B4%20%D1%86%D0%B5%D0%BD%D1%82%D1%80%D1%83%20%D1%81%D0%B5%D0%BB%D0%B0.jpg,Ukraine,,47.899589,36.330438
Q122284865,"Kurgan No 3555, Novooleksandrivka",history_and_mysteries,http://commons.wikimedia.org/wiki/Special:FilePath/%D0%9A%D1%83%D1%80%D0%B3%D0%B0%D0%BD%20%28h%3D4%2C5%20%D0%BC%2C%20d%3D80%20%D0%BC%29%2C%20%D1%81.%20%D0%9D%D0%BE%D0%B2%D0%BE%D0%BE%D0%BB%D0%B5%D0%BA%D1%81%D0%B0%D0%BD%D0%B4%D1%80%D1%96%D0%B2%D0%BA%D0%B0%2C%20%D0%9F%D0%BE%D0%BA%D1%80%D0%BE%D0%B2%D1%81%D1%8C%D0%BA%D0%B8%D0%B9%20%D1%80%D0%B0%D0%B9%D0%BE%D0%BD%2C%202%2C1%20%D0%BA%D0%BC%20%D0%BD%D0%B0%20%D0%BF%D1%96%D0%B2%D0%B4%D0%B5%D0%BD%D0%BD%D0%B8%D0%B9%20%D1%81%D1%85%D1%96%D0%B4%20%D0%B2%D1%96%D0%B4%20%D1%86%D0%B5%D0%BD%D1%82%D1%80%D1%83%20%D1%81%D0%B5%D0%BB%D0%B0%2C%20%D0%BF%D0%BE%D1%80%D1%8F%D0%B4%20%D0%B7%20%D1%81%D0%BE%D0%BB%D0%BE%D0%BD%D1%87%D0%B0%D0%BA%D0%B0%D0%BC%D0%B8.jpg,Ukraine,,47.898683,36.33753
Q122284870,"Burial ground with 3 kurgans No 3531, Orestopil",history_and_mysteries,http://commons.wikimedia.org/wiki/Special:FilePath/%D0%9C%D0%BE%D0%B3%D0%B8%D0%BB%D1%8C%D0%BD%D0%B8%D0%BA%20%D0%BA%D1%83%D1%80%D0%B3%D0%B0%D0%BD%D0%BD%D0%B8%D0%B9%20%283%20%D0%BA%D1%83%D1%80%D0%B3%D0%B0%D0%BD%D0%B8%2C%202%20%D1%80%D0%BE%D0%B7%D0%BE%D1%80%D0%B5%D0%BD%D1%96%29%2C%20%D0%9E%D1%80%D0%B5%D1%81%D1%82%D0%BE%D0%BF%D1%96%D0%BB%D1%8C%2C%201%2C6%20%D0%BA%D0%BC%20%D0%BD%D0%B0%20%D0%BF%D1%96%D0%B2%D0%B4%D0%B5%D0%BD%D0%BD%D0%B8%D0%B9%20%D0%B7%D0%B0%D1%85%D1%96%D0%B4%20%D0%B2%D1%96%D0%B4%20%D1%86%D0%B5%D0%BD%D1%82%D1%80%D1%83%20%D1%81%D0%B5%D0%BB%D0%B0%3B%200%2C5%20%D0%BA%D0%BC%20%D0%BD%D0%B0%20%D0%B7%D0%B0%D1%85%D1%96%D0%B4%20%D0%B2%D1%96%D0%B4%20%D1%80.%20%D0%92%D0%BE%D1%80%D0%BE%D0%BD%D0%B0.jpg,Ukraine,,47.946147,36.455561
Q122284871,"Kurgan No 3515, Sosnivka",history_and_mysteries,http://commons.wikimedia.org/wiki/Special:FilePath/%D0%9A%D1%83%D1%80%D0%B3%D0%B0%D0%BD%20%28h%3D0%2C2%20%D0%BC%2C%20d%3D12%20%D0%BC%29%2C%20%D1%81.%20%D0%A1%D0%BE%D1%81%D0%BD%D1%96%D0%B2%D0%BA%D0%B0%2C%20%D0%9F%D0%BE%D0%BA%D1%80%D0%BE%D0%B2%D1%81%D1%8C%D0%BA%D0%B8%D0%B9%20%D1%80%D0%B0%D0%B9%D0%BE%D0%BD%2C1%2C2%20%D0%BA%D0%BC%20%D0%BD%D0%B0%20%D0%BF%D1%96%D0%B2%D0%BD%D1%96%D1%87%20%D0%B2%D1%96%D0%B4%20%D1%86%D0%B5%D0%BD%D1%82%D1%80%D1%83%20%D1%81%D0%B5%D0%BB%D0%B0%2C%200%2C3%20%D0%BA%D0%BC%20%D0%BD%D0%B0%20%D0%BF%D1%96%D0%B2%D0%BD%D1%96%D1%87%20%D0%B2%D1%96%D0%B4%20%D1%80.%20%D0%92%D0%BE%D1%80%D0%BE%D0%BD%D0%B0.jpg,Ukraine,,47.939922,36.505783
Q122284884,"Burial ground with 2 kurgans No 5168, Bashmachka",history_and_mysteries,http://commons.wikimedia.org/wiki/Special:FilePath/%D0%9F%D0%B0%D0%BD%D0%BE%D1%80%D0%B0%D0%BC%D0%B0%20%D0%B2%D1%96%D0%B4%D0%BD%D0%BE%D0%B2%D0%BB%D0%B5%D0%BD%D0%BE%D1%97%20%28%D1%80%D0%B0%D0%BD%D1%96%D1%88%D0%B5%20%D0%BF%D0%BE%D0%B2%D0%BD%D1%96%D1%81%D1%82%D1%8E%20%D1%80%D0%BE%D0%B7%D0%BE%D1%80%D0%B0%D0%BD%D0%BE%D1%97%29%20%D0%B3%D1%80%D1%83%D0%BF%D0%B8%20%D0%BC%D0%BE%D0%B3%D0%B8%D0%BB.jpg,Ukraine,,48.169793,34.962084
Q122284898,"Kurgan No 5132, Apollonivka",history_and_mysteries,http://commons.wikimedia.org/wiki/Special:FilePath/%D0%9A%D1%83%D1%80%D0%B3%D0%B0%D0%BD%20%D1%81%20%D0%90%D0%BF%D0%BE%D0%BB%D0%BE%D0%BD%D1%96%D0%B2%D0%BA%D0%B0.jpg,Ukraine,,48.220039,34.777188
Q122284915,"Burial ground with 11 kurgans, Shyroke",history_and_mysteries,http://commons.wikimedia.org/wiki/Special:FilePath/%D0%9A%D1%83%D1%80%D0%B3%D0%B0%D0%BD%D0%BD%D0%B8%D0%B9%20%D0%BC%D0%BE%D0%B3%D0%B8%D0%BB%D1%8C%D0%BD%D0%B8%D0%BA%20%D0%BD%D0%B0%20%D0%BF%D1%96%D0%B2%D0%B4%D0%B5%D0%BD%D1%8C%20%D0%B2%D1%96%D0%B4%20%D0%A8%D0%B5%D1%81%D1%82%D1%96%D1%80%D0%BD%D1%96%20%28%D0%BD%D0%B0%D0%BF%D0%B8%D1%81%29.jpg,Ukraine,,47.660185,33.256216
Q122284949,Group of kurgans in Voroneve,history_and_mysteries,http://commons.wikimedia.org/wiki/Special:FilePath/%D0%9A%D1%83%D1%80%D0%B3%D0%B0%D0%BD%D0%BD%D0%B0%20%D0%B3%D1%80%D1%83%D0%BF%D0%B0%20%283%29%2C%20%D1%81.%20%D0%92%D0%BE%D1%80%D0%BE%D0%BD%D0%B5%D0%B2%D0%B5%2003.jpg,Ukraine,,50.998056,28.702222
Q122284973,Kurgan in Khlupliany,history_and_mysteries,http://commons.wikimedia.org/wiki/Special:FilePath/%D0%9A%D1%83%D1%80%D0%B3%D0%B0%D0%BD%20%D0%BD%D0%B0%20%D0%BE%D0%BA%D0%BE%D0%BB%D0%B8%D1%86%D1%96%20%D1%81%D0%B5%D0%BB%D0%B0%2010.jpg,Ukraine,,51.353183,28.561542
Q122285698,Kurgan in Kotliarka,history_and_mysteries,http://commons.wikimedia.org/wiki/Special:FilePath/%D0%9A%D1%83%D1%80%D0%B3%D0%B0%D0%BD%20%D0%BD%D0%B0%20%D0%BF%D0%BE%D0%BB%D1%96%20%D0%B1%D1%96%D0%BB%D1%8F%201%20%D1%81.%20%D0%9A%D0%BE%D1%82%D0%BB%D1%8F%D1%80%D0%BA%D0%B0.jpg,Ukraine,,50.032255,29.302111
Q122285899,"Kurgan of Glory, Horishni Plavni",history_and_mysteries,http://commons.wikimedia.org/wiki/Special:FilePath/%D0%9F%D0%B0%D0%BC%E2%80%99%D1%8F%D1%82%D0%BD%D0%B5%20%D0%BC%D1%96%D1%81%D1%86%D0%B5%20%D1%84%D0%BE%D1%80%D1%81%D1%83%D0%B2%D0%B0%D0%BD%D0%BD%D1%8F%20%D1%80.%20%D0%94%D0%BD%D1%96%D0%BF%D1%80%D0%BE%201%E2%80%933%20%D0%B6%D0%BE%D0%B2%D1%82%D0%BD%D1%8F%201943%20%D1%80.jpg,Ukraine,,49.006039,33.627026
Q122288607,Kurgan in Tokarivka,history_and_mysteries,http://commons.wikimedia.org/wiki/Special:FilePath/%D0%A2%D0%BE%D0%BA%D0%B0%D1%80%D1%96%D0%B2%D0%BA%D0%B0%20%D0%BA%D1%83%D1%80%D0%B3%D0%B0%D0%BD%D0%B8.jpg,Ukraine,,49.066606,27.895538
Q1299963,Steinkammergrab Hiddingsen,history_and_mysteries,http://commons.wikimedia.org/wiki/Special:FilePath/Soest%20-%20Steinkammergrab%20Hiddingsen%2001%20ies.jpg,Germany,,51.5326,8.11333
Q1300665,Großsteingrab Mankmoos 1,history_and_mysteries,http://commons.wikimedia.org/wiki/Special:FilePath/Gro%C3%9Fsteingrab%20Mankmoos%201%20p3.jpg,Germany,,53.81506,11.79356
Q1306578,Dolmen of the Fairy Stone,history_and_mysteries,http://commons.wikimedia.org/wiki/Special:FilePath/Draguignan%20Pierre%20de%20la%20fee.JPG,France,https://en.wikipedia.org/wiki/Dolmen_of_the_Fairy_Stone,43.54480556,6.45305556
Q1307382,Sømarkedyssen,history_and_mysteries,http://commons.wikimedia.org/wiki/Special:FilePath/Dolmen%20Mon%20Denmark%2002.jpg,Denmark,https://en.wikipedia.org/wiki/S%C3%B8markedyssen,54.991142226,12.500996799
Q1312026,Volbers Hünensteine,history_and_mysteries,http://commons.wikimedia.org/wiki/Special:FilePath/H%C3%BCven%20-%20S%C3%B6geler%20Stra%C3%9Fe%20-%20Volbers%20H%C3%BCnensteine%2020%20ies.jpg,Germany,,52.7895,7.55511
Q1328655,pierre-aux-Fées,history_and_mysteries,http://commons.wikimedia.org/wiki/Special:FilePath/La%20Pierre%20aux%20f%C3%A9es.JPG,France,,46.129469444,6.291438888
Q1339702,Dolmen Emsen,history_and_mysteries,http://commons.wikimedia.org/wiki/Special:FilePath/Gro%C3%9Fsteingrab%20Emsen%2003.jpg,Germany,,53.3831,9.86222
Q1344168,Dolmen of Nebel,history_and_mysteries,http://commons.wikimedia.org/wiki/Special:FilePath/Huenenbett%20nebel.jpg,Germany,,54.6668,8.31932
Q1349411,Großsteingrab Hüsby,history_and_mysteries,http://commons.wikimedia.org/wiki/Special:FilePath/Huesby%20Steingrab%20a.jpg,Germany,,54.5012,9.48702
Q1363466,Q1363466,history_and_mysteries,http://commons.wikimedia.org/wiki/Special:FilePath/Gro%C3%9Fsteingrab%20Dalum.jpg,Germany,,52.54964167,7.73788889
Q1402122,Großsteingrab Hünensteine,history_and_mysteries,http://commons.wikimedia.org/wiki/Special:FilePath/Lindern%20H%C3%BCnensteine.JPG,Germany,,52.84005556,7.75647222
Q1415589,Steinkammer von Grammdorf,history_and_mysteries,http://commons.wikimedia.org/wiki/Special:FilePath/Wangels%20-%20Steinkammer%20von%20Grammdorf.JPG,Germany,,54.2646,10.8315
Q1417355,Karlsteine,history_and_mysteries,http://commons.wikimedia.org/wiki/Special:FilePath/Os%20karlsteine%2004.jpg,Germany,,52.317,8.03812
Q1422130,Dólmen da Orca,history_and_mysteries,http://commons.wikimedia.org/wiki/Special:FilePath/D%C3%B3lmen%20da%20Orca-2.jpg,Portugal,,40.444153,-7.938287
Q1422260,Goward Dolmen,history_and_mysteries,http://commons.wikimedia.org/wiki/Special:FilePath/Goward%20Dolmen.jpg,United Kingdom,https://en.wikipedia.org/wiki/Goward_Dolmen,54.21311111,-6.09441667
Q1441439,Dolmen de Pierre Folle,history_and_mysteries,http://commons.wikimedia.org/wiki/Special:FilePath/Montguyon%20dolmen4.JPG,France,,45.2275,-0.1786
Q1448689,Großsteingräber bei Damerow,history_and_mysteries,http://commons.wikimedia.org/wiki/Special:FilePath/Megalithgrab%20Damerow.JPG,Germany,,54.007382,13.244314
Q1452303,Q1452303,history_and_mysteries,http://commons.wikimedia.org/wiki/Special:FilePath/Steenhus%20in%20den%20Kl%C3%B6bertannen.jpg,Germany,,52.8855,7.49057
Q1454928,Kung Björns grav,history_and_mysteries,http://commons.wikimedia.org/wiki/Special:FilePath/G%C3%A5nggriften%20Gl%C3%A4shall%20%28RA%C3%84-nr%20Falk%C3%B6ping%2018-1%29%200237.jpg,Sweden,,58.170787,13.539562
Q1478406,Hohe Steine bei Wildeshausen,history_and_mysteries,http://commons.wikimedia.org/wiki/Special:FilePath/Wildeshausen%20Hohe%20Steine.JPG,Germany,,52.8982,8.3804
Q1493451,Großsteingrab Meyenburg,history_and_mysteries,http://commons.wikimedia.org/wiki/Special:FilePath/Gro%C3%9Fsteingrab%20Meyenburg.JPG,Germany,,53.281,8.62735
Q1493449,Großsteingräber bei Eyendorf,history_and_mysteries,http://commons.wikimedia.org/wiki/Special:FilePath/Eyendorf%20Grab%201%20%282%29.JPG,Germany,,53.1862,10.1463
Q1493454,Großsteingräber bei Lehnstedt,history_and_mysteries,http://commons.wikimedia.org/wiki/Special:FilePath/Gro%C3%9Fsteingrab%20Lehnstedt%203.JPG,Germany,,53.2835,8.62883
Q1493463,Q1493463,history_and_mysteries,http://commons.wikimedia.org/wiki/Special:FilePath/G%C3%A5nggrift%20vid%20Berg%20i%20Boken%C3%A4s%20socken.JPG,Sweden,,58.288087,11.543874
Q1493471,Q1493471,history_and_mysteries,http://commons.wikimedia.org/wiki/Special:FilePath/R%C3%B6ssberga%201%2C%20den%209%20april%202006.JPG,Sweden,,58.22951,13.60576
Q1493473,Q1493473,history_and_mysteries,http://commons.wikimedia.org/wiki/Special:FilePath/20180625%20Grosssteingrab%20Neu%20Gaarz%20Rerik%20DSC00061%20PtrQs.jpg,Germany,,54.1111,11.6296
Q1496224,Gaulstown Portal Tomb,history_and_mysteries,http://commons.wikimedia.org/wiki/Special:FilePath/Gaulstown%20Dolmen%20IMG%204683.jpg,Ireland,https://en.wikipedia.org/wiki/Gaulstown_Portal_Tomb,52.205755,-7.210755
Q1140858,dolmen de Cavaro,history_and_mysteries,http://commons.wikimedia.org/wiki/Special:FilePath/Dlm%20Cavarro%20pano%20Saint-Nazaire.jpg,France,,47.24594,-2.293311
Q1142167,Haväng dolmen,history_and_mysteries,http://commons.wikimedia.org/wiki/Special:FilePath/1106Hav%C3%A4ngsd%C3%B6sen.jpg,Sweden,,55.726078,14.194505
Q1143218,Dolmen of Menga,history_and_mysteries,http://commons.wikimedia.org/wiki/Special:FilePath/Dolmen%20de%20Menga%2C%20vista%20exterior.jpg,Spain,https://en.wikipedia.org/wiki/Dolmen_of_Menga,37.02401572,-4.54845738
Q1166548,Darpvenner Steine,history_and_mysteries,http://commons.wikimedia.org/wiki/Special:FilePath/Darpvenner%20steine%20ii%2001.jpg,Germany,,52.368056,8.181806
Q1180223,D49,history_and_mysteries,http://commons.wikimedia.org/wiki/Special:FilePath/Papelozekerk1.jpg,Netherlands,https://en.wikipedia.org/wiki/Papeloze_Kerk,52.819903,6.773528
Q1180644,De hoogen Steener,history_and_mysteries,http://commons.wikimedia.org/wiki/Special:FilePath/Werlte%20-%20De%20hoogen%20Steener%2015%20ies.jpg,Germany,,52.879939,7.682426
Q1197135,Der Steinerne Schlüssel,history_and_mysteries,http://commons.wikimedia.org/wiki/Special:FilePath/Meppen%20-%20Apeldorner%20Hauptstra%C3%9Fe%20-%20Der%20Steinerne%20Schl%C3%BCssel%2005%20ies.jpg,Germany,,52.73494,7.39452
Q1235839,Balma de Na Cristiana,history_and_mysteries,http://commons.wikimedia.org/wiki/Special:FilePath/Balma%20de%20Na%20Cristiana%20-%20face%20gauche.JPG,France,,42.485138888,2.885888888
Q1235841,Großsteingrab Birkenmoor 14,history_and_mysteries,http://commons.wikimedia.org/wiki/Special:FilePath/Gro%C3%9Fsteingrab%20Birkenmoor%2014%2004.JPG,Germany,,54.4434,10.0743
Q1235847,Gallardet Dolmen,history_and_mysteries,http://commons.wikimedia.org/wiki/Special:FilePath/Le%20Pouget%20dolmen%202.JPG,France,https://en.wikipedia.org/wiki/Gallardet_Dolmen,43.58661111,3.51008333
Q1258182,Les Mousseaux tumulus,history_and_mysteries,http://commons.wikimedia.org/wiki/Special:FilePath/Tumulus%20des%20Mousseaux.jpg,France,,47.11555556,-2.11486111
Q1265006,Castra Annamatia,history_and_mysteries,http://commons.wikimedia.org/wiki/Special:FilePath/CIL%20III%2010639%20%E2%80%93%20Meilenstein%20aus%20Baracs.png,Hungary,,46.8683,18.9215
Q1267429,Durobrivae,history_and_mysteries,http://commons.wikimedia.org/wiki/Special:FilePath/Grass%20field%20at%20Water%20Newton%20%28geograph%206889988%29.jpg,United Kingdom,https://en.wikipedia.org/wiki/Durobrivae_(Water_Newton),52.559858,-0.35115404
Q1267442,Duroliponte,history_and_mysteries,http://commons.wikimedia.org/wiki/Special:FilePath/Cambridge%20Castle%201575.png,United Kingdom,https://en.wikipedia.org/wiki/Duroliponte,52.2125,0.114167
Q1299984,Castra of Duel,history_and_mysteries,http://commons.wikimedia.org/wiki/Special:FilePath/Sp%C3%A4tantike%20H%C3%B6hensiedlung%20der%20R%C3%B6mer%20Duel%20in%20Nikelsdorf%2C%20Gemeinde%20Paternion%2C%20Bezirk%20Villach%20Land.jpg,Austria,,46.6986,13.6483
Q1309559,Castrum Levefanum,history_and_mysteries,http://commons.wikimedia.org/wiki/Special:FilePath/Peutinger%20Casaromago.jpg,Netherlands,,51.9625,5.35277778
Q1309569,Castrum Gariannonum,history_and_mysteries,http://commons.wikimedia.org/wiki/Special:FilePath/GarrianonumWallsC.jpg,United Kingdom,https://en.wikipedia.org/wiki/Gariannonum,52.582,1.652
Q1309590,Castra Micia,history_and_mysteries,http://commons.wikimedia.org/wiki/Special:FilePath/Castra%20Micia%20043.jpg,Romania,https://en.wikipedia.org/wiki/Micia,45.91459444,22.81490556
Q1310277,Tumulus of Bougon,history_and_mysteries,http://commons.wikimedia.org/wiki/Special:FilePath/Tumulus%20Bougon7.jpg,France,https://en.wikipedia.org/wiki/Tumulus_of_Bougon,46.374,-0.0675
Q1323726,tumulus du Mané-Lud,history_and_mysteries,http://commons.wikimedia.org/wiki/Special:FilePath/Dolmen%20du%20Man%C3%A9%20Lud%20Jean-Charles%20GUILLO.JPG,France,,47.57388889,-2.95111111
Q1347902,tumulus d'Er Grah,history_and_mysteries,http://commons.wikimedia.org/wiki/Special:FilePath/Locmariaquer%20cairn%20d%27Er%20Grah%20.%20%283%29.jpg,France,,47.572306,-2.950694
Q1363208,Plovdiv Roman theatre,history_and_mysteries,http://commons.wikimedia.org/wiki/Special:FilePath/Antique-theater-plovdiv.jpg,Bulgaria,https://en.wikipedia.org/wiki/Roman_theatre_of_Philippopolis,42.146838888,24.751005555
Q1373488,Tumuli in Hemdingen,history_and_mysteries,http://commons.wikimedia.org/wiki/Special:FilePath/Grabh%C3%BCgel%20Hemdingen%2001.JPG,Germany,,53.7752,9.856
Q1419562,Saint-Michel tumulus,history_and_mysteries,http://commons.wikimedia.org/wiki/Special:FilePath/Tumulus%20Saint-Michel%20%282%29.jpg,France,https://en.wikipedia.org/wiki/Saint-Michel_tumulus,47.588055555,-3.073611111
Q1442726,Q1442726,history_and_mysteries,http://commons.wikimedia.org/wiki/Special:FilePath/Hoegersdorf%20-%20Grabhuegel%20Hoegersdorf-Rotenhahn.JPG,Germany,,53.9266,10.2434
Q1446501,Königsgrab von Seddin,history_and_mysteries,http://commons.wikimedia.org/wiki/Special:FilePath/K%C3%B6nigsgrab%20von%20Seddin.jpg,Germany,,53.1352,11.9747
Q1477572,Roman theatre of Verona,history_and_mysteries,http://commons.wikimedia.org/wiki/Special:FilePath/VeronaTeatroRomanoDalMuseo.jpg,Italy,"https://en.wikipedia.org/wiki/Roman_theatre,_Verona",45.447416666,11.001638888
Q1483247,Leubingen tumulus,history_and_mysteries,http://commons.wikimedia.org/wiki/Special:FilePath/Grabhuegel%20Leubingen.jpg,Germany,https://en.wikipedia.org/wiki/Leubingen_tumulus,51.1903,11.1697
Q1483252,Fürstengrabhügel Sonnenbühl,history_and_mysteries,http://commons.wikimedia.org/wiki/Special:FilePath/Sonnenbuehl01.JPG,Switzerland,,47.354167,8.482222
Q1483632,Vix grave,history_and_mysteries,http://commons.wikimedia.org/wiki/Special:FilePath/Vix01.JPG,France,https://en.wikipedia.org/wiki/Vix_Grave,47.902518,4.543375
Q1491996,Q1491996,history_and_mysteries,http://commons.wikimedia.org/wiki/Special:FilePath/Galgebakken%2C%20Slots%20Bjergby%202005%20%28cropped%29.jpg,Denmark,,55.37624,11.33529
Q1494595,Jardin aux Moines,history_and_mysteries,http://commons.wikimedia.org/wiki/Special:FilePath/Broc%C3%A9liande163.JPG,France,,48.01972222,-2.29
Q1513020,Gerichtsberg,history_and_mysteries,http://commons.wikimedia.org/wiki/Special:FilePath/Gerichtsberg%20Kagenow%204.jpg,Germany,,53.908,13.433
Q1536026,Ottarshögen,history_and_mysteries,http://commons.wikimedia.org/wiki/Special:FilePath/Ottar03.jpg,Sweden,,60.141537,17.575486
Q1540741,The King's Grave,history_and_mysteries,http://commons.wikimedia.org/wiki/Special:FilePath/Kungagraven%20kivik.jpg,Sweden,https://en.wikipedia.org/wiki/The_King%27s_Grave,55.6825,14.233888888
Q1540799,Uelzen harbour tumulus,history_and_mysteries,http://commons.wikimedia.org/wiki/Special:FilePath/Uelzen%20Grabhuegel%20%28Hafengebiet%29%20d.jpg,Germany,,53.006,10.5596
Q1540800,Grabhügel auf dem Vierth,history_and_mysteries,http://commons.wikimedia.org/wiki/Special:FilePath/Scharbeutz%20-%20Grabhuegel%20auf%20dem%20Vierth%20-%20Ehrenmal.JPG,Germany,,54.0195,10.6985
Q1540806,Q1540806,history_and_mysteries,http://commons.wikimedia.org/wiki/Special:FilePath/Kreis-Ploen%20Grabhuegel%20Trenthorst%202.JPG,Germany,,54.198,10.3552
Q1540808,Q1540808,history_and_mysteries,http://commons.wikimedia.org/wiki/Special:FilePath/Luftaufnahmen%20Nordseekueste%202012-05-by-RaBoe-674.jpg,Germany,,53.6997,9.12139
Q1540834,Håga kurgan,history_and_mysteries,http://commons.wikimedia.org/wiki/Special:FilePath/H%C3%A5gah%C3%B6gen.jpg,Sweden,https://en.wikipedia.org/wiki/H%C3%A5ga_mound,59.83722222,17.58694444
Q1540856,Q1540856,history_and_mysteries,http://commons.wikimedia.org/wiki/Special:FilePath/Gadeh%C3%B8j%2011-09-2019.jpg,Denmark,,56.07407,12.16602
Q1551286,Hjortsberga grave field,history_and_mysteries,http://commons.wikimedia.org/wiki/Special:FilePath/Hjortsberga%20gravf%C3%A4lt.jpg,Sweden,,56.2186,15.406
Q1551334,Hjortahammars grave field,history_and_mysteries,http://commons.wikimedia.org/wiki/Special:FilePath/Hjortahammar%201.jpg,Sweden,,56.1685,15.4611
Q1559140,Sagaholm,history_and_mysteries,http://commons.wikimedia.org/wiki/Special:FilePath/%C3%96versikt%20m%20stens%C3%A4ttningar.jpg,Sweden,https://en.wikipedia.org/wiki/Sagaholm,57.746388888,14.172222222
Q1590832,Hotié de Viviane,history_and_mysteries,http://commons.wikimedia.org/wiki/Special:FilePath/La%20Maison%20de%20Viviane.JPG,France,https://en.wikipedia.org/wiki/Hoti%C3%A9_de_Viviane,48.00022222,-2.26869444
Q1624118,Hohmichele,history_and_mysteries,http://commons.wikimedia.org/wiki/Special:FilePath/Hohmichele%20Grabh%C3%BCgel%20Pic1.JPG,Germany,,48.093889,9.383611
Q1720985,Kadyanda,history_and_mysteries,http://commons.wikimedia.org/wiki/Special:FilePath/Kadyanda%20Theatre%207563.jpg,Turkey,https://en.wikipedia.org/wiki/Cadyanda,36.7154,29.23589
Q1724661,Pyrgi,history_and_mysteries,http://commons.wikimedia.org/wiki/Special:FilePath/Pyrgi%20sanctuary.png,Italy,https://en.wikipedia.org/wiki/Pyrgi,42.015226,11.963414
Q1734309,Karpasia,history_and_mysteries,http://commons.wikimedia.org/wiki/Special:FilePath/Karpasia%20-%20Agios%20Filon1.JPG,Cyprus,https://en.wikipedia.org/wiki/Karpasia_(town),35.61994444,34.35175
Q1735374,Castra of Heilbronn-Böckingen,history_and_mysteries,http://commons.wikimedia.org/wiki/Special:FilePath/Boeckingen-roemerkastell-2015-1.JPG,Germany,,49.133888,9.188611
Q1735382,Castra of Kapersburg,history_and_mysteries,http://commons.wikimedia.org/wiki/Special:FilePath/Kapersburg%20Taunus%202021-04-02%2005.jpg,Germany,,50.312706749,8.636502423
Q1735383,Castra of Glashütten,history_and_mysteries,http://commons.wikimedia.org/wiki/Special:FilePath/Feldberg-Kastell-Blickachsen-9-2013-921.jpg,Germany,,50.2271,8.44467
Q1735387,Castrum Grinario,history_and_mysteries,http://commons.wikimedia.org/wiki/Special:FilePath/Kastellturm%20S%C3%BCdseite%20K%C3%B6ngen.JPG,Germany,,48.6773,9.36007
Q1735393,Castra of Mainhardt,history_and_mysteries,http://commons.wikimedia.org/wiki/Special:FilePath/Mainhardt1.JPG,Germany,,49.0804,9.55631
Q1735399,Castra of Niedernberg,history_and_mysteries,http://commons.wikimedia.org/wiki/Special:FilePath/Kastell%20Niedernberg%20Nordtor-JD.jpg,Germany,,49.9141,9.14105
Q1735397,Castra of Murrhardt,history_and_mysteries,http://commons.wikimedia.org/wiki/Special:FilePath/Apsis%20des%20Kastellbades%20in%20Murrhardt.jpg,Germany,,48.97696,9.5823
Q1735403,Castra of Oberhochstatt,history_and_mysteries,http://commons.wikimedia.org/wiki/Special:FilePath/Kastell%20Oberhochstatt.png,Germany,,49.03447,11.05305
Q1735406,Castrum Celeusum,history_and_mysteries,http://commons.wikimedia.org/wiki/Special:FilePath/Kastell%20Pf%C3%B6rring%20Lkr%20Eichst%C3%A4tt%20Oberbayern%20Osttornachbildung.JPG,Germany,,48.8185,11.6824
Q1735404,Castra of Oberscheidental,history_and_mysteries,http://commons.wikimedia.org/wiki/Special:FilePath/201102121253a%20ORL%2051%20Oberscheidental%20PPD%20rechter%20Turm%20Gel%C3%A4ndestufe.jpg,Germany,,49.5064,9.15278
Q1735409,Castrum Regulbium,history_and_mysteries,http://commons.wikimedia.org/wiki/Special:FilePath/Reculver%20Towers%20and%20Roman%20Fort%2C%20Herne%20Bay%20in%20Kent%20%2845085580565%29.jpg,United Kingdom,https://en.wikipedia.org/wiki/Regulbium,51.379,1.2
Q1735415,Castra of Sasbach-Jechtingen,history_and_mysteries,http://commons.wikimedia.org/wiki/Special:FilePath/Sasbach%20am%20Kaiserstuhl%20-%20Burg%20Sponeck%2C%20Mauerreste%20des%20sp%C3%A4tr%C3%B6mischen%20Kastells.JPG,Germany,,48.1141,7.5839
Q1735412,Castra of Ruffenhofen,history_and_mysteries,http://commons.wikimedia.org/wiki/Special:FilePath/Luftbild-Kastell-Ruffenhofen.jpg,Germany,,49.0464,10.4805
Q1735418,Castra of Schloßau,history_and_mysteries,http://commons.wikimedia.org/wiki/Special:FilePath/Schlo%C3%9Fau%20Ausgrabung%201806.jpg,Germany,,49.5406,9.14944
Q1735417,Castra of Schirenhof,history_and_mysteries,http://commons.wikimedia.org/wiki/Special:FilePath/Kohortenkastell%20Schirenhof%2C%20entdeckt%201886%2C%20erbaut%20in%20der%20Mitte%20des%202.%20Jahrhunderts%20n.%20Chr.%20-%20panoramio.jpg,Germany,,48.78676,9.77725
Q1735434,Castra of Wagbach,history_and_mysteries,http://commons.wikimedia.org/wiki/Special:FilePath/20111004Wagbachkastell3.jpg,Germany,,49.2089,8.53583
Q1735433,Castra Ad Iuvense,history_and_mysteries,http://commons.wikimedia.org/wiki/Special:FilePath/Kastellmodell%20im%20RM%20Wallsee-Sindelburg.JPG,Austria,,48.1667,14.7167
Q1735436,Castra of Walldürn,history_and_mysteries,http://commons.wikimedia.org/wiki/Special:FilePath/Kastell%20Walld%C3%BCrn%20-%20Gel%C3%A4nde%202022.jpg,Germany,,49.5785,9.38674
Q1735441,Welzheim East Roman Fort,history_and_mysteries,http://commons.wikimedia.org/wiki/Special:FilePath/Ostkastell%20Welzheim%20Westtor%202014.JPG,Germany,,48.87122,9.64224
Q1738167,Kelenderis,history_and_mysteries,http://commons.wikimedia.org/wiki/Special:FilePath/Kelenderis1.jpg,Turkey,,36.142487,33.318106
Q1746891,Castra of Schlögen,history_and_mysteries,http://commons.wikimedia.org/wiki/Special:FilePath/Visible%20remains%20of%20Schl%C3%B6gen%20Roman%20fort%2002.JPG,Austria,,48.424003,13.87018
Q1758695,Allianoi,history_and_mysteries,http://commons.wikimedia.org/wiki/Special:FilePath/Allianoi1.JPEG,Turkey,https://en.wikipedia.org/wiki/Allianoi,39.234846,27.305574
Q1759993,Segóbriga,history_and_mysteries,http://commons.wikimedia.org/wiki/Special:FilePath/Seg%C3%B3briga%20Teatro%2001%20JMM.jpg,Spain,https://en.wikipedia.org/wiki/Segobriga,39.885102,-2.813269
Q1762663,Cyaneae,history_and_mysteries,http://commons.wikimedia.org/wiki/Special:FilePath/Kyaneai%20Theater.JPG,Turkey,https://en.wikipedia.org/wiki/Cyaneae,36.246592,29.815759
Q1774167,Cleonae,history_and_mysteries,http://commons.wikimedia.org/wiki/Special:FilePath/Lower%20Acropolis%20of%20Cleonae%201.JPG,Greece,https://en.wikipedia.org/wiki/Cleonae_(Argolis),37.824444,22.775833
Q1779332,Nysa,history_and_mysteries,http://commons.wikimedia.org/wiki/Special:FilePath/Nysa%2C%20Anatolia.JPG,Turkey,https://en.wikipedia.org/wiki/Nysa_on_the_Maeander,37.887783,28.151194
Q1782566,Sulci,history_and_mysteries,http://commons.wikimedia.org/wiki/Special:FilePath/Tophet%2001.JPG,Italy,https://en.wikipedia.org/wiki/Sulci,39.066666666,8.45
Q1805795,Ancient Lappa,history_and_mysteries,http://commons.wikimedia.org/wiki/Special:FilePath/Ancient%20Lappa%2003.JPG,Greece,https://en.wikipedia.org/wiki/Lappa_(Crete),35.28658,24.336077
Q1807000,Lato,history_and_mysteries,http://commons.wikimedia.org/wiki/Special:FilePath/Lato%20-%20Agora.jpg,Greece,https://en.wikipedia.org/wiki/Lato,35.179352,25.656128
Q1807870,Saepinum,history_and_mysteries,http://commons.wikimedia.org/wiki/Special:FilePath/Aerial%20view%20of%20Saepinum%20%282024%29.jpg,Italy,https://en.wikipedia.org/wiki/Saepinum,41.43333333,14.61666667
Q1812247,Gheriat esh-Shergia,history_and_mysteries,http://commons.wikimedia.org/wiki/Special:FilePath/Gheriat%20esh-Shergia%202.jpg,Libya,,30.391247222,13.590313888
Q1812832,Housesteads Roman Fort,history_and_mysteries,http://commons.wikimedia.org/wiki/Special:FilePath/Housesteads%20Fort2.jpg,United Kingdom,https://en.wikipedia.org/wiki/Housesteads_Roman_Fort,55.013,-2.331
Q1820152,Leptis Parva,history_and_mysteries,http://commons.wikimedia.org/wiki/Special:FilePath/Ruspinaleptis.JPG,Tunisia,https://en.wikipedia.org/wiki/Leptis_Parva,35.66666667,10.89722222
Q1855083,Orchomenus,history_and_mysteries,http://commons.wikimedia.org/wiki/Special:FilePath/Orchomenos15.jpg,Greece,https://en.wikipedia.org/wiki/Orchomenus_(Arcadia),37.72473,22.315266
Q1856344,Mosynopolis,history_and_mysteries,http://commons.wikimedia.org/wiki/Special:FilePath/20100418%20Maximianoupolis%20Mosynopolis%20Rhodope%20Thrace%20Greece%202.jpg,Greece,https://en.wikipedia.org/wiki/Mosynopolis,41.12861111,25.32527778
Q1873411,Vesontio,history_and_mysteries,http://commons.wikimedia.org/wiki/Special:FilePath/TabulaPeutingeriana%20Vesontio.png,France,,47.2346,6.02989
Q1892445,Zama Regia,history_and_mysteries,http://commons.wikimedia.org/wiki/Special:FilePath/Schlacht%20bei%20Zama%20Gem%C3%A4lde%20H%20P%20Motte.jpg,Ancient Carthage,https://en.wikipedia.org/wiki/Zama_(Tunisia),36.115,9.284444
Q1915216,Pythagoreion,history_and_mysteries,http://commons.wikimedia.org/wiki/Special:FilePath/SamosAntiqueFortificationWalls.jpg,Greece,https://en.wikipedia.org/wiki/Pythagoreion,37.69,26.942555555
Q1918873,Mecyberna,history_and_mysteries,http://commons.wikimedia.org/wiki/Special:FilePath/Chalcidice.jpg,Greece,https://en.wikipedia.org/wiki/Mecyberna,40.278319,23.396101
Q1943549,Perperikon,history_and_mysteries,http://commons.wikimedia.org/wiki/Special:FilePath/Perperikon%20Nenko%20Lazarow%20023.JPG,Bulgaria,https://en.wikipedia.org/wiki/Perperikon,41.714722,25.465278
Q1965337,Narona,history_and_mysteries,http://commons.wikimedia.org/wiki/Special:FilePath/Roman%20temple%20Augustum%20in%20Narona%2C%201.%20cent.%2C%20Vid%2C%20Metkovic%2C%20Croatia%202010.JPG,Croatia,https://en.wikipedia.org/wiki/Narona,43.081,17.624
Q1987323,Nicopolis ad Istrum,history_and_mysteries,http://commons.wikimedia.org/wiki/Special:FilePath/Nicopolis%20ad%20Istrum%20-%20central%20part.jpg,Bulgaria,https://en.wikipedia.org/wiki/Nicopolis_ad_Istrum,43.21722222,25.61111111
Q1989713,Hippana,history_and_mysteries,http://commons.wikimedia.org/wiki/Special:FilePath/Hippana-Teatro.jpg,Italy,https://en.wikipedia.org/wiki/Hippana,37.70305556,13.43611111
Q1994812,Oea,history_and_mysteries,http://commons.wikimedia.org/wiki/Special:FilePath/Marcus%20Aurelius%20Arch%20Tripoli%20Libya.jpg,Libya,https://en.wikipedia.org/wiki/Oea,32.897586,13.175266
Q1996721,Crocodilopolis,history_and_mysteries,http://commons.wikimedia.org/wiki/Special:FilePath/QasrQarunFacade.jpg,Egypt,https://en.wikipedia.org/wiki/Crocodilopolis,29.1166,30.75
Q2005166,Alexandria on the Caucasus,history_and_mysteries,http://commons.wikimedia.org/wiki/Special:FilePath/BegramMedallion.jpg,Afghanistan,https://en.wikipedia.org/wiki/Alexandria_in_the_Caucasus,34.9925,69.3106
Q2008641,Oaxos,history_and_mysteries,http://commons.wikimedia.org/wiki/Special:FilePath/Ancient%20city%20of%20Axos%2001.png,Greece,https://en.wikipedia.org/wiki/Axos,35.308051,24.842019
Q2016870,Oiniadai,history_and_mysteries,http://commons.wikimedia.org/wiki/Special:FilePath/%CE%9F%CE%B9%CE%BD%CE%B9%CE%AC%CE%B4%CE%B5%CF%82%202.jpg,Greece,https://en.wikipedia.org/wiki/Oeniadae,38.406649,21.195384
Q2018245,Olbia de Provence,history_and_mysteries,http://commons.wikimedia.org/wiki/Special:FilePath/Le%20site%20arch%C3%A9ologique%20d%27Olbia.JPG,France,,43.08111111,6.1225
Q2026618,Norba,history_and_mysteries,http://commons.wikimedia.org/wiki/Special:FilePath/Norma%2C%20Eingang%20mit%20Zyklopensteinen.jpg,Italy,https://en.wikipedia.org/wiki/Norba,41.58988889,12.96430556
Q2061016,Banna,history_and_mysteries,http://commons.wikimedia.org/wiki/Special:FilePath/Birdoswald%20Roman%20Fort%20-%20geograph.org.uk%20-%2017585.jpg,United Kingdom,https://en.wikipedia.org/wiki/Banna_(Birdoswald),54.9897503,-2.6032378
Q2120559,Gheriat el-Garbia,history_and_mysteries,http://commons.wikimedia.org/wiki/Special:FilePath/Garbia%2002.JPG,Libya,,30.4201,13.4186
Q2121495,Qasr Azraq,history_and_mysteries,http://commons.wikimedia.org/wiki/Special:FilePath/QasrAlAzraq.jpg,Jordan,https://en.wikipedia.org/wiki/Qasr_al-Azraq,31.87996389,36.82742778
Q2131172,Ranuli,history_and_mysteries,http://commons.wikimedia.org/wiki/Special:FilePath/Ranuli.jpg,Bulgaria,,42.30751944,27.79234167
Q2137162,Satricum,history_and_mysteries,http://commons.wikimedia.org/wiki/Special:FilePath/Satricum%201983.jpg,Italy,https://en.wikipedia.org/wiki/Satricum,41.5131,12.7551
Q2179583,Hedemunden,history_and_mysteries,http://commons.wikimedia.org/wiki/Special:FilePath/HedemueWestwall1%20cropped.jpg,Germany,,51.3956,9.74
Q2179584,Anreppen,history_and_mysteries,http://commons.wikimedia.org/wiki/Special:FilePath/Germania%20Enobarbo%20e%20Tiberio.jpg,Germany,,51.73777778,8.59305556
Q2179592,Haltern,history_and_mysteries,http://commons.wikimedia.org/wiki/Special:FilePath/Legionslager%20Haltern%20Principia.png,Germany,https://en.wikipedia.org/wiki/Aliso_(Roman_camp),51.7395,7.17052
Q2215268,Olous,history_and_mysteries,http://commons.wikimedia.org/wiki/Special:FilePath/Elounda%20-%20panoramio%20-%20Mietek%20%C5%81%20%289%29.jpg,Greece,https://en.wikipedia.org/wiki/Olous,35.256511111,25.731758333
Q2232673,Tauresium,history_and_mysteries,http://commons.wikimedia.org/wiki/Special:FilePath/Tauresium%2C%20Macedonia2.JPG,North Macedonia,https://en.wikipedia.org/wiki/Tauresium,41.9001,21.6134
Q2234243,Phú Xuân,history_and_mysteries,http://commons.wikimedia.org/wiki/Special:FilePath/Ngomon2.jpg,Vietnam,https://en.wikipedia.org/wiki/Ph%C3%BA_Xu%C3%A2n,16.466666666,107.583333333
Q2246183,Cures,history_and_mysteries,http://commons.wikimedia.org/wiki/Special:FilePath/Crate%20EnvironsRome%20Monarchie.png,Italy,"https://en.wikipedia.org/wiki/Cures,_Sabinum",42.182513,12.686649
Q2257083,Novae,history_and_mysteries,http://commons.wikimedia.org/wiki/Special:FilePath/Novae%20prinicipia.jpg,Bulgaria,https://en.wikipedia.org/wiki/Novae_(fortress),43.613802777,25.393954444
Q2260505,Caenina,history_and_mysteries,http://commons.wikimedia.org/wiki/Special:FilePath/Crate%20EnvironsRome%20Monarchie.png,Italy,https://en.wikipedia.org/wiki/Caenina_(town),41.930992,12.580102
Q2260811,Lilibaeum,history_and_mysteries,http://commons.wikimedia.org/wiki/Special:FilePath/Skaskaska.JPG,Italy,,37.798405,12.437452
Q2262528,Entella,history_and_mysteries,http://commons.wikimedia.org/wiki/Special:FilePath/Agora%20di%20Entella%2002.JPG,Italy,https://en.wikipedia.org/wiki/Entella,37.774051,13.1219
Q2274328,Suessula,history_and_mysteries,http://commons.wikimedia.org/wiki/Special:FilePath/Suessola-Panoramica.jpg,Italy,https://en.wikipedia.org/wiki/Suessula,40.98985278,14.39816944
Q2275983,Eryx,history_and_mysteries,http://commons.wikimedia.org/wiki/Special:FilePath/Mount%20Erice.jpg,Italy,https://en.wikipedia.org/wiki/Eryx_(city),38.040655,12.588112
Q3387825,Q3387825,history_and_mysteries,http://commons.wikimedia.org/wiki/Special:FilePath/Dolmen%20de%20la%20Pierre%20Lev%C3%A9e%20de%20la%20roche%20l%27abeille.jpg,France,,45.59545,1.27242
Q3387831,La Pierre-Levée,history_and_mysteries,http://commons.wikimedia.org/wiki/Special:FilePath/La%20Pierre%20Levee.jpg,France,,46.5746,0.362028
Q3393652,dolmens of Mané-Ven-Guen,history_and_mysteries,http://commons.wikimedia.org/wiki/Special:FilePath/2%20Dolmens%20de%20la%20pointe%20de%20Toulvern.jpg,France,,47.596811,-2.925506
Q3491189,Sorginetxe,history_and_mysteries,http://commons.wikimedia.org/wiki/Special:FilePath/Arrizalako%20Sorginetxe%20trikuharria.jpg,Spain,,42.829578,-2.378267
Q3542044,dolmen de la Maison Trouvée,history_and_mysteries,http://commons.wikimedia.org/wiki/Special:FilePath/Dolmen%20de%20la%20maison%20trouv%C3%A9e.jpg,France,,47.883330555,-2.378330555
Q3556388,Q3556388,history_and_mysteries,http://commons.wikimedia.org/wiki/Special:FilePath/GM%20Guelma%20Roknia01.jpg,Algeria,,36.55,7.23333
Q3712683,Dolmen Frisari,history_and_mysteries,http://commons.wikimedia.org/wiki/Special:FilePath/Dolmen%20Frisari%201.JPG,Italy,,41.18025278,16.50968889
Q3712687,Dolmen di Albarosa,history_and_mysteries,http://commons.wikimedia.org/wiki/Special:FilePath/Bisceglie%20dolmen%20Albarosa%201.jpg,Italy,,41.18563056,16.48497222
Q3780704,Cova d'en Daina,history_and_mysteries,http://commons.wikimedia.org/wiki/Special:FilePath/Cova%20d%27en%20Daina%20-%20002.jpg,Spain,https://en.wikipedia.org/wiki/Cova_d%27en_Daina,41.856789945,2.992891827
Q3938804,D19,history_and_mysteries,http://commons.wikimedia.org/wiki/Special:FilePath/Hunebed%20D19%20bij%20Drouwen.jpg,Netherlands,,52.95197,6.7852
Q5812518,Dolmen del Prado de las Cruces,history_and_mysteries,http://commons.wikimedia.org/wiki/Special:FilePath/Dolmen%20del%20Prado%20de%20las%20Cruces%2002%20by-dpc.jpg,Spain,,40.672652,-4.602799
Q6039300,Los Algarbes,history_and_mysteries,http://commons.wikimedia.org/wiki/Special:FilePath/ALGARBES-02a.JPG,Spain,,36.07249016,-5.701552009
Q10396718,Q10396718,history_and_mysteries,http://commons.wikimedia.org/wiki/Special:FilePath/Z%C3%A1pad%20slunce%20nad%20tzv.%20%C5%A0v%C3%A9dskou%20%C5%A1anc%C3%AD.jpg,Czech Republic,,49.8372,14.0756
Q12034280,Viereckschanze,history_and_mysteries,http://commons.wikimedia.org/wiki/Special:FilePath/%C5%A0v%C3%A9dsk%C3%A9%20%C5%A1ance%2C%20Lud%C3%A9%C5%99ov%2C%20Drahanovice%2C%20okres%20Olomouc%20%2803%29.jpg,Czech Republic,,49.5831886,17.0413753
Q13125532,Ty'n y Berllan,history_and_mysteries,http://commons.wikimedia.org/wiki/Special:FilePath/Ty-tan-y-berllan%20-%20geograph.org.uk%20-%20181911.jpg,United Kingdom,,52.933256,-4.08367
Q16912710,Teatro Berga,history_and_mysteries,http://commons.wikimedia.org/wiki/Special:FilePath/Teatro%20Berga%20Palladio.jpg,Italy,https://en.wikipedia.org/wiki/Teatro_Berga,45.543888,11.547949
Q18008299,Theatre of Carthage,history_and_mysteries,http://commons.wikimedia.org/wiki/Special:FilePath/Roman%20Theater%20of%20Carthage%20%28Tunisia%29.jpg,Tunisia,,36.857737,10.329436
Q19368266,Roman theater of Segóbriga,history_and_mysteries,http://commons.wikimedia.org/wiki/Special:FilePath/Seg%C3%B3briga%2C%20teatro%2C%20vista%20general.jpg,Spain,,39.8861,-2.81389
Q19368273,"Roman Theatre, Side",history_and_mysteries,http://commons.wikimedia.org/wiki/Special:FilePath/Roman%20theatre%20at%20Side%201.jpg,Turkey,,36.7679,31.3906
Q122398102,Q122398102,history_and_mysteries,http://commons.wikimedia.org/wiki/Special:FilePath/%D0%9A%D1%83%D1%80%D0%B3%D0%B0%D0%BD%20%D0%BD%D0%B0%20%D0%BF%D1%96%D0%B2%D0%B4%D0%B5%D0%BD%D1%8C%20%D0%B2%D1%96%D0%B4%20%D1%81.%20%D0%A7%D0%B5%D1%80%D0%B2%D0%BE%D0%BD%D0%BE%D0%B0%D1%80%D0%BC%D1%96%D0%B9%D1%81%D0%BA%D0%B5.jpg,Ukraine,,45.993095,34.018503
Q122398101,Q122398101,history_and_mysteries,http://commons.wikimedia.org/wiki/Special:FilePath/%D0%9A%D1%83%D1%80%D0%B3%D0%B0%D0%BD%20%D0%BD%D0%B0%20%D0%B7%D0%B0%D1%85%D1%96%D0%B4%20%D0%B2%D1%96%D0%B4%20%D1%81.%20%D0%A7%D0%B5%D1%80%D0%B2%D0%BE%D0%BD%D0%BE%D0%B0%D1%80%D0%BC%D1%96%D0%B9%D1%81%D0%BA%D0%B5.jpg,Ukraine,,45.999611,33.976742
Q122398105,Q122398105,history_and_mysteries,http://commons.wikimedia.org/wiki/Special:FilePath/%D0%9A%D1%83%D1%80%D0%B3%D0%B0%D0%BD%20%D0%B1%D0%B0%D0%BB%D0%BA%D0%B0%20%D0%A1%D1%83%D1%85%D0%B0.jpg,Ukraine,,49.424422,36.527111
Q122398122,Q122398122,history_and_mysteries,http://commons.wikimedia.org/wiki/Special:FilePath/%D0%9A%D1%83%D1%80%D0%B3%D0%B0%D0%BD%20%D0%BF%D0%B5%D1%80%D1%96%D0%BE%D0%B4%D1%83%20%D0%B1%D1%80%D0%BE%D0%BD%D0%B7%D0%BE%D0%B2%D0%BE%D0%B3%D0%BE%20%D0%B2%D1%96%D0%BA%D1%83%20%D0%BD%D0%B0%20%D1%82%D0%B5%D1%80%D0%B8%D1%82%D0%BE%D1%80%D1%96%D1%97%20%D1%81.%D0%9E%D0%BB%D0%B5%D0%BA%D1%81%D0%B0%D0%BD%D0%B4%D1%80%D1%96%D0%B2%D0%BA%D0%B0.jpg,Ukraine,,49.183611,35.406389
Q122398123,Q122398123,history_and_mysteries,http://commons.wikimedia.org/wiki/Special:FilePath/%D0%9A%D1%83%D1%80%D0%B3%D0%B0%D0%BD%20%D0%9E%D0%BB%D0%B5%D0%BA%D1%81%D0%B0%D0%BD%D0%B4%D1%80%D1%96%D0%B2%D0%BA%D0%B0%202.jpg,Ukraine,,49.178611,35.370556
Q122398121,Q122398121,history_and_mysteries,http://commons.wikimedia.org/wiki/Special:FilePath/%D0%9A%D1%83%D1%80%D0%B3%D0%B0%D0%BD%20%D0%BF%D0%B5%D1%80%D1%96%D0%BE%D0%B4%D1%83%20%D0%B1%D1%80%D0%BE%D0%BD%D0%B7%D0%BE%D0%B2%D0%BE%D0%B3%D0%BE%20%D0%B2%D1%96%D0%BA%D1%83%20%D0%BD%D0%B0%20%D1%82%D0%B5%D1%80%D0%B8%D1%82%D0%BE%D1%80%D1%96%D1%97%20%D1%81.%D0%9C%D0%B8%D0%BA%D0%BE%D0%BB%D0%B0%D1%97%D0%B2%D0%BA%D0%B0.jpg,Ukraine,,49.192222,35.337222
Q122398131,Q122398131,history_and_mysteries,http://commons.wikimedia.org/wiki/Special:FilePath/%D0%9A%D1%83%D1%80%D0%B3%D0%B0%D0%BD%20%D0%BF%D0%BE%D0%B1%D0%BB%D0%B8%D0%B7%D1%83%20%D1%81%D0%B5%D0%BB%D0%B0%20%D0%A2%D0%B0%D0%B2%D1%80%D1%96%D0%B9%D1%81%D1%8C%D0%BA%D0%B5%20%28%D0%9A%D1%96%D1%80%D0%BE%D0%B2%D0%BE%29%20%D0%B7%20%D0%B2%D0%B8%D1%81%D0%BE%D1%82%D0%B8.jpg,Ukraine,,46.700627,32.130955
Q122398135,Q122398135,history_and_mysteries,http://commons.wikimedia.org/wiki/Special:FilePath/%D0%9A%D1%83%D1%80%D0%B3%D0%B0%D0%BD%20%28%D0%9E%D0%B4%D1%80%D0%B0%D0%B4%D0%BE%D0%BA%D0%B0%D0%BC%27%D1%8F%D0%BD%D0%BA%D0%B0%29.jpg,Ukraine,,46.825833,33.301944
Q122398133,Q122398133,history_and_mysteries,http://commons.wikimedia.org/wiki/Special:FilePath/%D0%9A%D1%83%D1%80%D0%B3%D0%B0%D0%BD%D0%B8%20%D0%B2%20%D1%81%D1%82%D0%B5%D0%BF%D1%83%20%28%D0%91%D0%B5%D1%80%D0%B8%D1%81%D0%BB%D0%B0%D0%B2%29.jpg,Ukraine,,46.875278,33.455556
Q122398139,Q122398139,history_and_mysteries,http://commons.wikimedia.org/wiki/Special:FilePath/%D0%9A%D1%83%D1%80%D0%B3%D0%B0%D0%BD%20%D0%9C%D0%BE%D0%B3%D0%B8%D0%BB%D0%B0%20%D0%92%D0%B8%D1%81%D0%BE%D0%BA%D0%B0%2001.jpg,Ukraine,,47.276944,33.2575
Q122398136,Q122398136,history_and_mysteries,http://commons.wikimedia.org/wiki/Special:FilePath/Repulikanets-2017%20Protection%20Table%20of%20Kurgan%20with%20Kost%20Gordienko%20Grave%20%28YDS%203314%29.jpg,Ukraine,,47.027222,33.650556
Q122398137,Q122398137,history_and_mysteries,http://commons.wikimedia.org/wiki/Special:FilePath/%D0%9A%D1%83%D1%80%D0%B3%D0%B0%D0%BD%20%D0%B7%20%D0%9E%D1%80%D0%BB%D0%BE%D0%BC%2001.jpg,Ukraine,,47.215833,33.188889
Q122398146,Q122398146,history_and_mysteries,http://commons.wikimedia.org/wiki/Special:FilePath/%D0%9A%D1%83%D1%80%D0%B3%D0%B0%D0%BD%20%D0%9E%D0%B3%D1%83%D0%B7.jpg,Ukraine,,46.874966,34.437724
Q122398150,Q122398150,history_and_mysteries,http://commons.wikimedia.org/wiki/Special:FilePath/%D0%9A%D1%83%D1%80%D0%B3%D0%B0%D0%BD%D0%B8.jpg,Ukraine,,46.459167,33.8875
Q122398154,Q122398154,history_and_mysteries,http://commons.wikimedia.org/wiki/Special:FilePath/%D0%9A%D1%83%D1%80%D0%B3%D0%B0%D0%BD%2C%20%D1%81%D0%B5%D0%BB%D0%BE%20%D0%9D%D0%B5%D0%BC%D0%B8%D1%80%D0%B8%D0%BD%D1%86%D1%96%202.jpg,Ukraine,,49.392102,26.541771
Q122398155,Q122398155,history_and_mysteries,http://commons.wikimedia.org/wiki/Special:FilePath/%D0%9A%D1%83%D1%80%D0%B3%D0%B0%D0%BD%2C%20%D1%81%D0%B5%D0%BB%D0%BE%20%D0%9A%D0%BE%D1%85%D0%B0%D0%BD%D1%96%D0%B2%D0%BA%D0%B0.jpg,Ukraine,,50.072122,27.340855
Q122398152,Q122398152,history_and_mysteries,http://commons.wikimedia.org/wiki/Special:FilePath/%D0%9A%D1%83%D1%80%D0%B3%D0%B0%D0%BD%2C%20%D1%81%D0%B5%D0%BB%D0%BE%20%D0%9A%D1%83%D0%BC%D0%B0%D0%BD%D1%96%D0%B2.jpg,Ukraine,,49.367134,26.369916
Q122398158,Q122398158,history_and_mysteries,http://commons.wikimedia.org/wiki/Special:FilePath/%D0%9A%D1%83%D1%80%D0%B3%D0%B0%D0%BD%20%D0%BD%D0%B0%20%D0%BF%D0%BE%D0%BB%D1%96%20%D0%A1%D1%82%D0%B0%D0%B2%D1%87%D0%B0%D0%BD%D1%81%D1%8C%D0%BA%D0%BE%D1%97%20%D0%B1%D0%B8%D1%82%D0%B2%D0%B8.JPG,Ukraine,,48.393508,26.400092
Q122398161,Q122398161,history_and_mysteries,http://commons.wikimedia.org/wiki/Special:FilePath/%D0%A7%D0%B5%D1%80%D0%BD%D1%96%D0%B3%D1%96%D0%B2.%20%D0%9A%D1%83%D1%80%D0%B3%D0%B0%D0%BD%20%D0%BF%D0%BE%20%D0%B2%D1%83%D0%BB.%20%D0%9F%D0%BE%D0%BF%D1%83%D0%B4%D1%80%D0%B5%D0%BD%D0%BA%D0%B0.JPG,Ukraine,,51.486516,31.2813
Q5690,Sparta,history_and_mysteries,http://commons.wikimedia.org/wiki/Special:FilePath/Sparta.jpg,Greece,https://en.wikipedia.org/wiki/Sparta,37.073678,22.430937
Q5699,Ur,history_and_mysteries,http://commons.wikimedia.org/wiki/Special:FilePath/Ur-Nassiriyah.jpg,Iraq,https://en.wikipedia.org/wiki/Ur,30.962222,46.104444
Q5715,Memphis,history_and_mysteries,http://commons.wikimedia.org/wiki/Special:FilePath/Memphis%2C%20Ramses%20II%2C%20Ancient%20Egypt.jpg,Egypt,"https://en.wikipedia.org/wiki/Memphis,_Egypt",29.844667,31.250917
Q5736,Amarna,history_and_mysteries,http://commons.wikimedia.org/wiki/Special:FilePath/Amarna%201%20llegenda.jpg,Egypt,https://en.wikipedia.org/wiki/Amarna,27.661666666,30.905555555
Q5743,Ebla,history_and_mysteries,http://commons.wikimedia.org/wiki/Special:FilePath/Ebla.jpg,Syria,https://en.wikipedia.org/wiki/Ebla,35.798056,36.798611
Q5747,Palmyra,history_and_mysteries,http://commons.wikimedia.org/wiki/Special:FilePath/Palmira%20al%20capvespre%20%282495033007%29.jpg,Syria,https://en.wikipedia.org/wiki/Palmyra,34.56,38.267222
Q5780,Meroë,history_and_mysteries,http://commons.wikimedia.org/wiki/Special:FilePath/Sudan%20Meroe%20Pyramids%202001.JPG,Sudan,https://en.wikipedia.org/wiki/Mero%C3%AB,16.935138888,33.75075
Q5788,Petra,history_and_mysteries,http://commons.wikimedia.org/wiki/Special:FilePath/The%20Treasury%2C%20Petra%2C%20Jordan5.jpg,Jordan,https://en.wikipedia.org/wiki/Petra,30.328888888,35.440277777
Q5859,Chichen Itza,history_and_mysteries,http://commons.wikimedia.org/wiki/Special:FilePath/Chichen%20Itza%203.jpg,Mexico,https://en.wikipedia.org/wiki/Chichen_Itza,20.683055555,-88.568611111
Q6343,Carthage,history_and_mysteries,http://commons.wikimedia.org/wiki/Special:FilePath/Tunisie%20Carthage%20Ruines%2008.JPG,Tunisia,https://en.wikipedia.org/wiki/Carthage,36.847009,10.312944
Q9443,Lothal,history_and_mysteries,http://commons.wikimedia.org/wiki/Special:FilePath/Archeological%20Remains%20at%20the%20Lower%20Town%20of%20Lothal.jpg,India,https://en.wikipedia.org/wiki/Lothal,22.521388888,72.249444444
Q10149,Ancient theatre of Vienne,history_and_mysteries,http://commons.wikimedia.org/wiki/Special:FilePath/Th%C3%A9%C3%A2tre%20antique%20de%20Vienne.%20019.JPG,France,,45.5248,4.87888
Q11780,Ancient Roman theatre,history_and_mysteries,http://commons.wikimedia.org/wiki/Special:FilePath/Lisboa%20-%20Ru%C3%ADnas%20do%20Teatro%20Romano.jpg,Portugal,,38.710595,-9.132406
Q17586,Teos,history_and_mysteries,http://commons.wikimedia.org/wiki/Special:FilePath/Teos%2C%20S%C4%B1%C4%9Fac%C4%B1k.jpg,Turkey,https://en.wikipedia.org/wiki/Teos,38.177222222,26.785
Q18986,Pergamon,history_and_mysteries,http://commons.wikimedia.org/wiki/Special:FilePath/Temple%20of%20Trajan%2C%20Pergamon%2001.jpg,Turkey,https://en.wikipedia.org/wiki/Pergamon,39.116667,27.183333
Q19861,Verulamium,history_and_mysteries,http://commons.wikimedia.org/wiki/Special:FilePath/Verulamium%20Roman%20Theatre%202.jpg,United Kingdom,https://en.wikipedia.org/wiki/Verulamium,51.75275,-0.35519833
Q23725,Byzantium,history_and_mysteries,http://commons.wikimedia.org/wiki/Special:FilePath/1784%20Bocage%20Map%20of%20The%20Bosphorus%20and%20the%20City%20of%20Byzantium%20-%20Istanbul%20-%20Constantinople%20-%20Geographicus%20-%20Bosphorus-white-1793.jpg,Roman Republic,https://en.wikipedia.org/wiki/Byzantium,41.013416666,28.983638888
Q23742,Gorgippia,history_and_mysteries,http://commons.wikimedia.org/wiki/Special:FilePath/Gorgippia.JPG,Russia,,44.892209,37.310251
Q29317,Bagan,history_and_mysteries,http://commons.wikimedia.org/wiki/Special:FilePath/Bagan%2C%20Myanmar%2C%20Htilominlo%20Temple%20and%20other%20Buddhist%20stupas%20in%20Bagan%20plain.jpg,Myanmar,https://en.wikipedia.org/wiki/Bagan,21.1725,94.86
Q85,Cairo,history_and_mysteries,http://commons.wikimedia.org/wiki/Special:FilePath/Cairo%20Skyline%20%282020%29.jpg,Egypt,https://en.wikipedia.org/wiki/Cairo,30.044444444,31.235833333
Q33313,Brownshill Dolmen,history_and_mysteries,http://commons.wikimedia.org/wiki/Special:FilePath/Browneshill%20Portal%20Tomb.jpg,Ireland,https://en.wikipedia.org/wiki/Brownshill_dolmen,52.8375,-6.881111111
Q43332,Pompeii,history_and_mysteries,http://commons.wikimedia.org/wiki/Special:FilePath/Pompeii%20%284873744179%29.jpg,Italy,https://en.wikipedia.org/wiki/Pompeii,40.750556,14.489722
Q45826,Apollonia,history_and_mysteries,http://commons.wikimedia.org/wiki/Special:FilePath/365%20Crete%20Earthquake%2C%20Apollonia%2C%20Map%20%28Jona%29.png,Libya,https://en.wikipedia.org/wiki/Apollonia_(Cyrenaica),32.9,21.9667
Q45829,Ptolemais,history_and_mysteries,http://commons.wikimedia.org/wiki/Special:FilePath/Ptolemais%20Byzantine%20Cistern.JPG,Libya,"https://en.wikipedia.org/wiki/Ptolemais,_Cyrenaica",32.70694737,20.952920252
Q59174,Capernaum,history_and_mysteries,http://commons.wikimedia.org/wiki/Special:FilePath/Kafarnaum%20BW%207.JPG,Israel,https://en.wikipedia.org/wiki/Capernaum,32.881111111,35.575
Q61750,Tiwanaku,history_and_mysteries,http://commons.wikimedia.org/wiki/Special:FilePath/Zonnepoort%20tiwanaku.jpg,Bolivia,https://en.wikipedia.org/wiki/Tiwanaku,-16.554722222,-68.673333333
Q62677,Karakorum,history_and_mysteries,http://commons.wikimedia.org/wiki/Special:FilePath/Karakorum%20Silver%20Tree.jpg,Mongolia,https://en.wikipedia.org/wiki/Karakorum,47.19753,102.82379
Q19610522,Roman theatre of Ankara,history_and_mysteries,http://commons.wikimedia.org/wiki/Special:FilePath/Ankara%20Roma%20Tiyatrosu.jpg,Turkey,https://en.wikipedia.org/wiki/Antique_Rome_theatre_of_Ankara,39.942055555,32.860222222
Q19717113,Roman Theatre of Timgad,history_and_mysteries,http://commons.wikimedia.org/wiki/Special:FilePath/Amphitheater%20Timgad.jpg,Algeria,,35.484148,6.468805
Q19830974,Roman theatre of Cuicul,history_and_mysteries,http://commons.wikimedia.org/wiki/Special:FilePath/Theatre%20-%20Djemila%20%28Cuicul%29%20%D8%AC%D9%85%D9%8A%D9%84%D8%A9%20-%20%D8%B3%D8%B7%D9%8A%D9%81%20-%20panoramio.jpg,Algeria,,36.320766,5.737664
Q21196047,theatre of Nuceria Alfaterna,history_and_mysteries,http://commons.wikimedia.org/wiki/Special:FilePath/Teatro%20Nuceria.jpg,Italy,,40.73784,14.66274
Q22916441,Roman Theatre of Fréjus,history_and_mysteries,http://commons.wikimedia.org/wiki/Special:FilePath/Th%C3%A9%C3%A2tre%20romain%20de%20Fr%C3%A9jus%20et%20buste%20de%20L%C3%A9otard.jpg,France,,43.436929,6.73816
Q22920330,Théâtre gallo-romain de Brion,history_and_mysteries,http://commons.wikimedia.org/wiki/Special:FilePath/Saint-Germain%20d%E2%80%99Esteuil%2C%20Gironde%2C%20th%C3%A9%C3%A2tre%20de%20Brion%20bu%20IMG%201396.jpg,France,,45.279339,-0.841377
Q22941035,Argentomagus theater,history_and_mysteries,http://commons.wikimedia.org/wiki/Special:FilePath/Le%20th%C3%A9%C3%A2tre%20romain%20Saint-Marcel%20%28Indre%29.JPG,France,,46.600389,1.515028
Q22942700,Théâtre gallo-romain d'Areines,history_and_mysteries,http://commons.wikimedia.org/wiki/Special:FilePath/Areines%20-%20Plan%20th%C3%A9%C3%A2tre.svg,France,,47.796227,1.086997
Q22950220,Ancient Roman sites in Les Andelys,history_and_mysteries,http://commons.wikimedia.org/wiki/Special:FilePath/Andelys%20cateliers%201258.jpg,France,,49.2569,1.4091
Q22955765,Théatre gallo-romain de Thénac,history_and_mysteries,http://commons.wikimedia.org/wiki/Special:FilePath/Th%C3%A9%C3%A2tre%20romain%20de%20Th%C3%A9nac.jpg,France,,45.6981,-0.6249
Q22962385,Théâtre de Jublains,history_and_mysteries,http://commons.wikimedia.org/wiki/Special:FilePath/Jublains%20th%C3%A9%C3%A2tre.JPG,France,,48.2547,-0.4941
Q22966474,Théâtre romain de Soissons,history_and_mysteries,http://commons.wikimedia.org/wiki/Special:FilePath/Amphith%C3%A9%C3%A2tre%20Soissosn%2035052.jpg,France,,49.37776,3.32284
Q22967263,Q22967263,history_and_mysteries,http://commons.wikimedia.org/wiki/Special:FilePath/Montbrison%2C%20Moingt%2C%20th%C3%A9%C3%A2tre%20romain%2C%20ext%C3%A9rieur.jpg,France,,45.5915,4.07
Q22980531,Théâtre antique de Meaux,history_and_mysteries,http://commons.wikimedia.org/wiki/Special:FilePath/Meaux%20%2877%29%2C%20site%20arch%C3%A9ologique%20du%20th%C3%A9%C3%A2tre%20antique.jpg,France,,48.9677,2.8814
Q22986587,Roman Theatre of Vasio Vocontiorum,history_and_mysteries,http://commons.wikimedia.org/wiki/Special:FilePath/La%20th%C3%A9atre.jpg,France,,44.24375,5.075555555
Q24571883,Roman Theatre of Sessa Aurunca,history_and_mysteries,http://commons.wikimedia.org/wiki/Special:FilePath/Sessa%20aurunca%20-%20Teatro%20Romano.jpg,Italy,,41.23437,13.93059
Q24942825,Roman Theatre of Bovianum Vetus,history_and_mysteries,http://commons.wikimedia.org/wiki/Special:FilePath/Pietrabbondante%20-%20Santuario%20Italico%20-%202024-09-07%2013-56-20%20001.JPG,Italy,,41.739812,14.387388
Q28001156,Roman theatre of Helvia Recina,history_and_mysteries,http://commons.wikimedia.org/wiki/Special:FilePath/Teatro%20Helvia%20Recina.jpg,Italy,,43.328,13.424
Q28001166,Ancient Roman Theatre of Teano,history_and_mysteries,http://commons.wikimedia.org/wiki/Special:FilePath/Teatro%20Romano%20di%20Teano.jpg,Italy,,41.24827,14.07283
Q28001184,Roman Theatre of Urbisaglia,history_and_mysteries,http://commons.wikimedia.org/wiki/Special:FilePath/Urbs%20Salvia%20Theatre.jpg,Italy,,43.198883,13.380765
Q28001211,theatre of Sarno,history_and_mysteries,http://commons.wikimedia.org/wiki/Special:FilePath/Teatro%20ellenistico-romano%20di%20Sarno%2028.JPG,Italy,,40.831061,14.590101
Q28217908,Roman theatre of Gytheion,history_and_mysteries,http://commons.wikimedia.org/wiki/Special:FilePath/Ancient%20theatre%20of%20gythio.jpg,Greece,,36.76369,22.5627
Q28599124,Theatre of Sparta,history_and_mysteries,http://commons.wikimedia.org/wiki/Special:FilePath/Ancient%20sparta%20theater.jpg,Greece,,37.082065,22.423547
Q28937966,Roman theatre of Dion,history_and_mysteries,http://commons.wikimedia.org/wiki/Special:FilePath/The%20horseshoe-saped%20orchestra%20of%20the%20Roman%20Theatre%2C%20from%20the%20time%20of%20Hadrian%2C%202nd%20c.%20AD%2C%20Ancient%20Dion%20%286930252452%29.jpg,Greece,,40.170741,22.495515
Q28971466,Drevant amphitheatre,history_and_mysteries,http://commons.wikimedia.org/wiki/Special:FilePath/Drevant%20Amphitheatre%20Gallo-Romain.JPG,France,,46.693,2.523
Q28971473,Gallo-Roman theatre of Sanxay,history_and_mysteries,http://commons.wikimedia.org/wiki/Special:FilePath/Th%C3%A9%C3%A2tre%20Gallo-Romain%20de%20Sanxay.jpg,France,,46.495,-0.022
Q28974187,Roman theatre of Sabratha,history_and_mysteries,http://commons.wikimedia.org/wiki/Special:FilePath/Theatre%20of%20Sabratha%2C%20Libya.jpg,Libya,https://en.wikipedia.org/wiki/Ancient_theater_of_Sabratha,32.8053,12.485
Q30524161,Roman Theatre of Terracina,history_and_mysteries,http://commons.wikimedia.org/wiki/Special:FilePath/TerracinaTeatroRomano.jpg,Italy,,41.2917495,13.2488689
Q37819323,Viereckschanze in Mšecké Žehrovice,history_and_mysteries,http://commons.wikimedia.org/wiki/Special:FilePath/Viereckschanze%20in%20M%C5%A1eck%C3%A9%20%C5%BDehrovice%2004.jpg,Czech Republic,,50.1704717,13.9204164
Q1309531,Caesarea of Mauretania,history_and_mysteries,http://commons.wikimedia.org/wiki/Special:FilePath/Forum%20cherchell.JPG,Algeria,https://en.wikipedia.org/wiki/Caesarea_in_Mauretania,36.607284,2.186828
Q1309702,Ratiaria,history_and_mysteries,http://commons.wikimedia.org/wiki/Special:FilePath/Ratiaria%2C%20Archar%2C%20Bulgaria%20-%2022.12.2020.jpg,Bulgaria,https://en.wikipedia.org/wiki/Ratiaria,43.81666667,22.91666667
Q1314033,Abila,history_and_mysteries,http://commons.wikimedia.org/wiki/Special:FilePath/The-Decapolis-map.svg,Jordan,https://en.wikipedia.org/wiki/Abila_(Decapolis),32.683121,35.869214
Q1317636,Pleuron,history_and_mysteries,http://commons.wikimedia.org/wiki/Special:FilePath/Ancient%20theater%20of%20Pleuron%2C%20Aetolia.jpg,Greece,https://en.wikipedia.org/wiki/Pleuron_(Aetolia),38.415309,21.414301
Q1317936,Mesembria,history_and_mysteries,http://commons.wikimedia.org/wiki/Special:FilePath/Nessebar%20Festungsmauern.jpg,Bulgaria,https://en.wikipedia.org/wiki/Mesembria,42.660417,27.7181
Q1521572,Q1521572,history_and_mysteries,http://commons.wikimedia.org/wiki/Special:FilePath/Keltenschanze-03.jpg,Germany,,49.52339444,9.5046
Q1793635,Viereckschanze,history_and_mysteries,http://commons.wikimedia.org/wiki/Special:FilePath/Buchendorf%20Germany%20Nemeton%20Keltenschanze%204%20from%20the%20top.jpg,Germany,,48.0606,11.4097
Q17455874,Q17455874,history_and_mysteries,http://commons.wikimedia.org/wiki/Special:FilePath/Grafheuvel%20Papenpad.jpg,Netherlands,,51.9854,5.70717
Q17455875,Q17455875,history_and_mysteries,http://commons.wikimedia.org/wiki/Special:FilePath/Grafheuvel%20Ritzema%20Bosweg.jpg,Netherlands,,51.96733,5.70427
Q17455872,Q17455872,history_and_mysteries,http://commons.wikimedia.org/wiki/Special:FilePath/Wageningen%20Grafheuvel%20Keijenbergseweg2.jpg,Netherlands,,51.99452,5.68976
Q17455873,Q17455873,history_and_mysteries,http://commons.wikimedia.org/wiki/Special:FilePath/Grafheuvel%20Nol%20in%20%27t%20Bos.jpg,Netherlands,,51.98322,5.71501
Q17456271,Q17456271,history_and_mysteries,http://commons.wikimedia.org/wiki/Special:FilePath/Begraafplaats%20Vorden.jpg,Netherlands,,52.11132,6.33016
Q17457097,Q17457097,history_and_mysteries,http://commons.wikimedia.org/wiki/Special:FilePath/Rotterdam%20begraafplaats%20Crooswijk%20grafheuvel.jpg,Netherlands,,51.93833,4.48927
Q17458456,Hunebedden in Havelterberg,history_and_mysteries,http://commons.wikimedia.org/wiki/Special:FilePath/Hunebed%20D53%20Havelterberg.jpg,Netherlands,,52.79101,6.21961
Q17460181,Q17460181,history_and_mysteries,http://commons.wikimedia.org/wiki/Special:FilePath/Grafheuvel%202.jpg,Netherlands,,52.04106,5.40399
Q17463936,Q17463936,history_and_mysteries,http://commons.wikimedia.org/wiki/Special:FilePath/Oudkerk%20Grafheuvel%20Van%20Sminia.JPG,Netherlands,,53.26463,5.88888
Q17539580,Table des Diables,history_and_mysteries,http://commons.wikimedia.org/wiki/Special:FilePath/Charnie%20Dolmen%20Pierre%20au%20diable.jpg,France,,48.084314,-0.304224
Q17539587,Pierre Brûlée,history_and_mysteries,http://commons.wikimedia.org/wiki/Special:FilePath/Dolmen%20de%20Pierre-Br%C3%BBl%C3%A9e%20%28Volnay%29%2001.JPG,France,,47.017,4.7608
Q17539584,Savatole dolmens,history_and_mysteries,http://commons.wikimedia.org/wiki/Special:FilePath/Groupe%20de%20Dolmens%20de%20Savatole%2C%20pic-002.JPG,France,,46.44347222,-1.465
Q17539590,L’Étiau dolmen,history_and_mysteries,http://commons.wikimedia.org/wiki/Special:FilePath/Dolmen%20de%20l%27Etiau%201.jpg,France,,47.38547,-0.35385
Q17539593,Monte Revincu dolmen,history_and_mysteries,http://commons.wikimedia.org/wiki/Special:FilePath/Santo-Pietro-di-Tenda%20dolmen%20du%20Monte%20Revincu.jpg,France,,42.670885,9.25802
Q17600295,Dolmen de Betlem,history_and_mysteries,http://commons.wikimedia.org/wiki/Special:FilePath/Dolmen3.jpg,Spain,,41.7798,1.71259
Q17600300,Dolmen de Can Mina dels Torrents,history_and_mysteries,http://commons.wikimedia.org/wiki/Special:FilePath/Dolmen%20Can%20Mina%20dels%20Torrents.JPG,Spain,,41.903347,3.190725
Q17600306,Dolmen de la Cabaneta,history_and_mysteries,http://commons.wikimedia.org/wiki/Special:FilePath/Dolmen%20de%20la%20Cabaneta.jpg,Spain,,42.3537,0.995164
Q17600327,Dolmen de Llanera,history_and_mysteries,http://commons.wikimedia.org/wiki/Special:FilePath/Dolmen%20de%20Llobera.jpg,Spain,,41.8987,1.47578
Q17600324,Dolmen de la Font del Roure,history_and_mysteries,http://commons.wikimedia.org/wiki/Special:FilePath/Dolmen%20de%20la%20Font%20del%20Roure.JPG,Spain,,42.434785,2.976587
Q17600329,Dolmen de Puig Balaguer,history_and_mysteries,http://commons.wikimedia.org/wiki/Special:FilePath/Dolmen%20de%20Puig%20Balaguer.jpg,Spain,,42.423544,3.012964
Q17602852,Q17602852,history_and_mysteries,http://commons.wikimedia.org/wiki/Special:FilePath/Heuvel%20met%20familiegraven%20Martenastate%203.jpg,Netherlands,,53.24439,5.7838
Q17603390,Q17603390,history_and_mysteries,http://commons.wikimedia.org/wiki/Special:FilePath/Grafheuvel%20Vaarwerkweg%20Jukkenberg2.JPG,Netherlands,,52.09409,6.62883
Q17603389,Q17603389,history_and_mysteries,http://commons.wikimedia.org/wiki/Special:FilePath/Woestenesch.JPG,Netherlands,,52.1148,6.64599
Q17603392,Q17603392,history_and_mysteries,http://commons.wikimedia.org/wiki/Special:FilePath/Grafheuvel%20Vaarwerkweg.JPG,Netherlands,,52.09562,6.62857
Q17603408,Q17603408,history_and_mysteries,http://commons.wikimedia.org/wiki/Special:FilePath/Zicht%20op%20grafheuvel%2C%20ringwalheuvel%2C%20uit%20het%20Midden-Bronstijd%20-%20Knegsel%20-%2020528463%20-%20RCE.jpg,Netherlands,,51.38599,5.36104
Q17605982,Q17605982,history_and_mysteries,http://commons.wikimedia.org/wiki/Special:FilePath/Grafheuvels%20Tonckensbos.jpg,Netherlands,,53.04832,6.45399
Q17610510,Four tumuli,history_and_mysteries,http://commons.wikimedia.org/wiki/Special:FilePath/Vier%20grafheuvels%20Wageningen%20-%20Q17610510%20-%203.jpg,Netherlands,,51.99617,5.68872
Q17615668,Dolmen d'Arreganyats,history_and_mysteries,http://commons.wikimedia.org/wiki/Special:FilePath/Dolmen%20Arreganyats.jpg,Spain,,42.4264,2.99017
Q17616076,La Casa Encantada,history_and_mysteries,http://commons.wikimedia.org/wiki/Special:FilePath/Casa%20encantada%201.jpg,Spain,,42.3433,0.890944
Q17645202,"Burial mound on Winns Common, Plumstead",history_and_mysteries,http://commons.wikimedia.org/wiki/Special:FilePath/Tumulus%20on%20Winn%27s%20Common.jpg,United Kingdom,,51.4812,0.0967794
Q17649595,"Round cairn with funerary chamber on Buzza Hill, 45m west of the Buzza Tower, St Mary's",history_and_mysteries,http://commons.wikimedia.org/wiki/Special:FilePath/Buzza%20Hill%20-%20geograph.org.uk%20-%201034.jpg,United Kingdom,,49.913333333,-6.311388888
Q17662122,Hoar Stone portal dolmen situated in Enstone Firs,history_and_mysteries,http://commons.wikimedia.org/wiki/Special:FilePath/Hoar%20Stone%2C%20Enstone%2005.jpg,United Kingdom,,51.9109,-1.45211
Q17747856,Ballynageeragh Portal Tomb,history_and_mysteries,http://commons.wikimedia.org/wiki/Special:FilePath/County%20Waterford%20-%20Ballynageeragh%20Tomb%20-%2020190917074738.jpg,Ireland,https://en.wikipedia.org/wiki/Ballynageeragh_Portal_Tomb,52.177726,-7.276922
Q17984083,Pierre courcoulée and cordon des Druides,history_and_mysteries,http://commons.wikimedia.org/wiki/Special:FilePath/Land%C3%A9an%20-%20CordondesDruides2.jpg,France,,48.394761,-1.184056
Q17984614,Knockeen Portal Tomb,history_and_mysteries,http://commons.wikimedia.org/wiki/Special:FilePath/Knockeen%20Dolmen%20IMG%204715.jpg,Ireland,https://en.wikipedia.org/wiki/Knockeen_Portal_Tomb,52.207495,-7.15916
Q18002780,Q18002780,history_and_mysteries,http://commons.wikimedia.org/wiki/Special:FilePath/Ludesten.JPG,Sweden,,58.72077,11.302456
Q18020576,Großsteingrab Midlum 1,history_and_mysteries,http://commons.wikimedia.org/wiki/Special:FilePath/Gro%C3%9Fsteingrab%20Midlum%201%2006.JPG,Germany,,53.743068,8.667431
Q18071704,Duvels Kut,history_and_mysteries,http://commons.wikimedia.org/wiki/Special:FilePath/P9010133%20Hunnenbed.jpg,Netherlands,,52.989816666,6.649255555
Q18145221,Q18145221,history_and_mysteries,http://commons.wikimedia.org/wiki/Special:FilePath/Sten%C3%A5ldersd%C3%B6s%2C%20Tj%C3%B6rn.jpg,Sweden,,58.036094,11.694872
Q18199231,Disas ting,history_and_mysteries,http://commons.wikimedia.org/wiki/Special:FilePath/Disas%20ting%2C%20Svarte.jpg,Sweden,,55.42697,13.712597
Q18333969,Großsteingrab Panker 1,history_and_mysteries,http://commons.wikimedia.org/wiki/Special:FilePath/Gro%C3%9Fsteingrab%20Panker%20I%202018%203.jpg,Germany,,54.31705,10.54598
Q18342958,Dolmen de Toriñuelo,history_and_mysteries,http://commons.wikimedia.org/wiki/Special:FilePath/Dolmen%20de%20Tori%C3%B1uelo%20-%20Corredor.jpg,Spain,,38.332,-6.713888888
Q18380189,Brangolí Dolmen,history_and_mysteries,http://commons.wikimedia.org/wiki/Special:FilePath/Enveitg%20-%20Dolmen%20%281%29.jpg,France,,42.48125,1.905138888
Q18411361,Assier dolmens,history_and_mysteries,http://commons.wikimedia.org/wiki/Special:FilePath/Dolmen%20champ%20de%20Belair%201d.JPG,France,,44.67694444,1.85555556
Q18412119,Großsteingrab Wollschow 2,history_and_mysteries,http://commons.wikimedia.org/wiki/Special:FilePath/Wollschow%20Grab%202.jpg,Germany,,53.39394,14.22112
Q18412121,Großsteingrab Wollschow 3,history_and_mysteries,http://commons.wikimedia.org/wiki/Special:FilePath/Wollschow%20Grab%203.jpg,Germany,,53.39376,14.22077
Q18413480,Großsteingrab Dobersdorf 3,history_and_mysteries,http://commons.wikimedia.org/wiki/Special:FilePath/Gro%C3%9Fsteingrab%20Dobersdorf%20III%202018%204.jpg,Germany,,54.306877,10.293995
Q18413481,Urdolmen von Katharinenhof,history_and_mysteries,http://commons.wikimedia.org/wiki/Special:FilePath/Gro%C3%9Fsteingrab%20Katharinenhof%20V%20Sprockhoff%20255%20Bild9.jpg,Germany,,54.430144,11.293144
Q18451507,Dolmen de las Peñezuelas,history_and_mysteries,http://commons.wikimedia.org/wiki/Special:FilePath/Granucillo%20de%20Vidriales-Las%20Penezuelas.jpg,Spain,,42.051993,-5.93104
Q18535485,Bwrdd y Tri Arglwydd,history_and_mysteries,http://commons.wikimedia.org/wiki/Special:FilePath/Bwrdd%20y%20Tri%20Arglwydd%20Bryneglwys%20Sir%20Ddinbych%20Cymru%2008.JPG,United Kingdom,,53.011024,-3.336346
Q18620511,Pierre Clouée,history_and_mysteries,http://commons.wikimedia.org/wiki/Special:FilePath/Dolmenpiercloueeandonville.JPG,France,,48.25842,2.02204
Q18624785,Dolmen Nobbin,history_and_mysteries,http://commons.wikimedia.org/wiki/Special:FilePath/Grosssteingrab%20Riesenberg%20Nobbin.jpg,Germany,,54.653055555,13.393333333
Q18624788,Großsteingrab Wollschow 4,history_and_mysteries,http://commons.wikimedia.org/wiki/Special:FilePath/Wollschow%20Grab%204.jpg,Germany,,53.39373,14.22087
Q18632194,Q18632194,history_and_mysteries,http://commons.wikimedia.org/wiki/Special:FilePath/Trebenow%20Urdolmen-1.jpg,Germany,,53.43805556,13.8575
Q18736691,Dolmen des Îles,history_and_mysteries,http://commons.wikimedia.org/wiki/Special:FilePath/Voutr%C3%A9%20Dolmen%20des%20%C3%8Eles%2012.jpg,France,,48.1165,-0.3253
Q18759520,Quélarn dolmen,history_and_mysteries,http://commons.wikimedia.org/wiki/Special:FilePath/Dolmen%20qu%C3%A9larn.jpg,France,,47.813816666,-4.251772222
Q18816403,Llety'r Filiast,history_and_mysteries,http://commons.wikimedia.org/wiki/Special:FilePath/Llety%27r%20Filiast%20%28Gogarth%20Fawr%2C%20Llandudno%29%20-%20Great%20Orme%20cromlech%20%28portal%20dolmen%29%2037.jpg,United Kingdom,,53.329158,-3.8451786
Q19059950,ciste des Cous,history_and_mysteries,http://commons.wikimedia.org/wiki/Special:FilePath/France%2085%20-%20Bazoges%20en%20Pareds%20-%20la%20ciste%20des%20cous%2001a.jpg,France,,46.6585,-0.9341
Q19278395,Men-Maria dolmen,history_and_mysteries,http://commons.wikimedia.org/wiki/Special:FilePath/Saint-Gildas%20-%20dolmen%20de%20Port%20aux%20Moines.JPG,France,,47.492331,-2.834306
Q19284384,Großsteingrab Ruthenbeck,history_and_mysteries,http://commons.wikimedia.org/wiki/Special:FilePath/H%C3%BCnengrab%20Neu%20Ruthenbeck.JPG,Germany,,53.54209,11.73583
Q19284385,Großsteingrab Mankmoos 2,history_and_mysteries,http://commons.wikimedia.org/wiki/Special:FilePath/Gro%C3%9Fsteingrab%20Mankmoos%202%20p1.jpg,Germany,,53.81329,11.79531
Q19367912,Dolmen de Biscarbó,history_and_mysteries,http://commons.wikimedia.org/wiki/Special:FilePath/MAC-BCN17004%20Vas%20de%20nansa%20amb%20ap%C3%A8ndix%20de%20bot%C3%B3.%20Bronze%20antic-mitj%C3%A0.%20Llosa%20del%20Corralet%20%28Biscarb%C3%B3%29.jpg,Spain,,42.3442,1.22475
Q65344292,Gunung Susuru Site,history_and_mysteries,http://commons.wikimedia.org/wiki/Special:FilePath/Puncak%20Pund%C3%A9n%20Situs%20Gunung%20Susuru.jpg,Indonesia,,-7.342103148,108.463668957
Q97783820,Keltenschanze Möckenlohe,history_and_mysteries,http://commons.wikimedia.org/wiki/Special:FilePath/M%C3%B6ckenlohe%20Keltenschanze%20von%20NW.jpg,Germany,,48.82094812,11.198404867
Q98551740,Keltische Viereckschanze Rauenberg,history_and_mysteries,http://commons.wikimedia.org/wiki/Special:FilePath/Wallreste%20Rauenberg%2001.jpg,Germany,,49.734916666,9.37055
Q98593018,Keltische Viereckanlage Wermutshausen,history_and_mysteries,http://commons.wikimedia.org/wiki/Special:FilePath/Keltische%20Viereckanlage%20Wermutshausen%20-%20Schild.jpg,Germany,,49.402833333,9.966633333
Q1243550,Castra of Osterburken,history_and_mysteries,http://commons.wikimedia.org/wiki/Special:FilePath/200909161109MEZ%20Modell%20Osterburken%2C%20R%C3%B6mermuseum%20Osterburken.jpg,Ancient Rome,,49.42753,9.42364
Q3108357,Astrolabe Glacier,glaciers,http://commons.wikimedia.org/wiki/Special:FilePath/Astrolabe%20Glacier.jpg,,https://en.wikipedia.org/wiki/Astrolabe_Glacier,-66.75,139.917
Q3358392,Shirase Glacier,glaciers,http://commons.wikimedia.org/wiki/Special:FilePath/Antarctica%2C%20Norway%20territorial%20claim%20%28Queen%20Maud%20Land%2C%202015%29.svg,,https://en.wikipedia.org/wiki/Shirase_Glacier,-70.083333333,38.75
Q3372454,Schytt Glacier,glaciers,http://commons.wikimedia.org/wiki/Special:FilePath/Antarctica%2C%20Norway%20territorial%20claim%20%28Queen%20Maud%20Land%2C%202015%29.svg,,https://en.wikipedia.org/wiki/Schytt_Glacier,-71.583333333,-3.666666666
Q3446029,Borchgrevinkisen,glaciers,http://commons.wikimedia.org/wiki/Special:FilePath/Antarctica%2C%20Norway%20territorial%20claim%20%28Queen%20Maud%20Land%2C%202015%29.svg,,https://en.wikipedia.org/wiki/Borchgrevinkisen,-72.1667,21.5
Q3761660,Erebus Glacier,glaciers,http://commons.wikimedia.org/wiki/Special:FilePath/Erebus%20Ice%20Tongue%20%28ASTER%29.jpg,,https://en.wikipedia.org/wiki/Erebus_Glacier,-77.6667,167.1
Q3761665,Panega Glacier,glaciers,http://commons.wikimedia.org/wiki/Special:FilePath/Panega.jpg,,https://en.wikipedia.org/wiki/Panega_Glacier,-62.5403,-60.1136
Q3761668,Priestley Glacier,glaciers,http://commons.wikimedia.org/wiki/Special:FilePath/Priestley%20Glacier%202018.jpg,,https://en.wikipedia.org/wiki/Priestley_Glacier,-74.33333333,163.36666667
Q155135,Axel Heiberg Glacier,glaciers,http://commons.wikimedia.org/wiki/Special:FilePath/Axel%20Heiberg%20Glacier%20-%20Antarctica.JPG,,https://en.wikipedia.org/wiki/Axel_Heiberg_Glacier,-85.416666666,-163.0
Q260322,Skelton Glacier,glaciers,http://commons.wikimedia.org/wiki/Special:FilePath/AN%20-Victoria%20Land.png,,https://en.wikipedia.org/wiki/Skelton_Glacier,-78.6935,161.642
Q278186,Sandhøhallet Glacier,glaciers,http://commons.wikimedia.org/wiki/Special:FilePath/Antarctica%2C%20Norway%20territorial%20claim%20%28Queen%20Maud%20Land%2C%202015%29.svg,,https://en.wikipedia.org/wiki/Sandh%C3%B8hallet_Glacier,-71.8667,9.83333
Q366896,Sal Glacier,glaciers,http://commons.wikimedia.org/wiki/Special:FilePath/Antarctica%2C%20Norway%20territorial%20claim%20%28Queen%20Maud%20Land%2C%202015%29.svg,,https://en.wikipedia.org/wiki/Sal_Glacier,-72.05,25.5167
Q4084160,Q4084160,landmarks,http://commons.wikimedia.org/wiki/Special:FilePath/%D0%91%D0%B5%D1%80%D0%B4%D1%8F%D0%BD%D1%81%D1%8C%D0%BA%D0%B8%D0%B9%20%D0%BA%D1%83%D1%80%D0%B3%D0%B0%D0%BD..jpg,,,46.85417,36.819222
Q491496,Cheonmachong,landmarks,http://commons.wikimedia.org/wiki/Special:FilePath/%EC%B2%9C%EB%A7%88%EC%B4%9D.jpg,,https://en.wikipedia.org/wiki/Cheonmachong,35.83777778,129.2125
Q196495,Amundsen Glacier,glaciers,http://commons.wikimedia.org/wiki/Special:FilePath/C85150s1%20Mount%20Goodale.jpg,,https://en.wikipedia.org/wiki/Amundsen_Glacier,-85.583333333,-159.0
Q499164,Ascraeus Mons,peaks,http://commons.wikimedia.org/wiki/Special:FilePath/Ascraeus%20mons%20topo.jpg,,https://en.wikipedia.org/wiki/Ascraeus_Mons,11.92,255.92
Q586852,Ushas Mons,peaks,http://commons.wikimedia.org/wiki/Special:FilePath/Ushas%20Mons.jpg,,https://en.wikipedia.org/wiki/Ushas_Mons,-24.3,324.6
Q1140202,Tvashtar Paterae,peaks,http://commons.wikimedia.org/wiki/Special:FilePath/Tvashtarvideo.gif,,https://en.wikipedia.org/wiki/Tvashtar_Paterae,62.76,236.47
Q1143359,Culann Patera,peaks,http://commons.wikimedia.org/wiki/Special:FilePath/Io%20Culann%20Patera.jpg,,,-20.216666666,-160.166666666
Q5119712,Cierva Point and offshore islands Important Bird Area,natural,http://commons.wikimedia.org/wiki/Special:FilePath/Cierva%20Cove%20%2811%29%20%2811125931015%29.jpg,,https://en.wikipedia.org/wiki/Cierva_Point_and_offshore_islands_Important_Bird_Area,-64.1667,-61.0167
Q1320267,Pele,peaks,http://commons.wikimedia.org/wiki/Special:FilePath/Pele%20Voyagercolor%20mosaic.jpg,,https://en.wikipedia.org/wiki/Pele_(volcano),-18.71,255.28
Q765048,Loki Patera,volcanoes,http://commons.wikimedia.org/wiki/Special:FilePath/Loki%20Patera%20Color%20Voyager.jpg,,https://en.wikipedia.org/wiki/Loki_Patera,13.01,308.79
Q913722,Bridgeman Island,volcanoes,http://commons.wikimedia.org/wiki/Special:FilePath/Bridgeman%20Island%20NOAA.jpg,,https://en.wikipedia.org/wiki/Bridgeman_Island_(South_Shetland_Islands),-62.066666666,-56.733333333
Q718158,Chinese gunboat Chung Shan,museums,http://commons.wikimedia.org/wiki/Special:FilePath/ZhongShanJian.jpg,,https://en.wikipedia.org/wiki/Chinese_gunboat_Zhongshan,30.34833333,114.12944444
Q992791,Syrtis Major Planum,volcanoes,http://commons.wikimedia.org/wiki/Special:FilePath/Syrtis%20Major%20MC-13.jpg,,https://en.wikipedia.org/wiki/Syrtis_Major_Planum,9.2,67.1
Q5385364,Erebus hotspot,natural,http://commons.wikimedia.org/wiki/Special:FilePath/MountErebusNASA.jpg,,https://en.wikipedia.org/wiki/Erebus_hotspot,-77.5,167.2
Q937047,HNLMS Abraham Crijnssen,museums,http://commons.wikimedia.org/wiki/Special:FilePath/HMAS-HRMS%20Abraham%20Crijnssen.jpg,,https://en.wikipedia.org/wiki/HNLMS_Abraham_Crijnssen_(1936),52.963888888,4.770833333
Q188982,Mount Erebus,volcanoes,http://commons.wikimedia.org/wiki/Special:FilePath/Mt%20erebus.jpg,,https://en.wikipedia.org/wiki/Mount_Erebus,-77.533333333,167.283333333
Q715269,World Ocean,oceans,http://commons.wikimedia.org/wiki/Special:FilePath/Oceanus.png,,https://en.wikipedia.org/wiki/World_Ocean,-48.867,-123.383
Q788,Arctic Ocean,oceans,http://commons.wikimedia.org/wiki/Special:FilePath/Arctic%20Ocean.png,,https://en.wikipedia.org/wiki/Arctic_Ocean,90.0,0.0
Q1239,Indian Ocean,oceans,http://commons.wikimedia.org/wiki/Special:FilePath/Indian%20Ocean-CIA%20WFB%20Map.png,,https://en.wikipedia.org/wiki/Indian_Ocean,-20.0,80.0
Q7354,Southern Ocean,oceans,http://commons.wikimedia.org/wiki/Special:FilePath/Location%20Southern%20Ocean.svg,,https://en.wikipedia.org/wiki/Southern_Ocean,-65.0,90.0
Q562161,USS Iowa,museums,http://commons.wikimedia.org/wiki/Special:FilePath/BB61%20USS%20Iowa%20BB61%20broadside%20USN.jpg,,https://en.wikipedia.org/wiki/USS_Iowa_(BB-61),33.741613888,-118.277533333
Q98,Pacific Ocean,oceans,http://commons.wikimedia.org/wiki/Special:FilePath/Pacific%20Ocean.png,,https://en.wikipedia.org/wiki/Pacific_Ocean,0.0,-160.0
Q97,Atlantic Ocean,oceans,http://commons.wikimedia.org/wiki/Special:FilePath/Atlantic%20Ocean.png,,https://en.wikipedia.org/wiki/Atlantic_Ocean,0.0,-30.0
Q763528,Redoutable,museums,http://commons.wikimedia.org/wiki/Special:FilePath/FS%20Redoutable.jpg,,https://en.wikipedia.org/wiki/French_submarine_Redoutable_(S611),49.6479482,-1.6173224
Q72154,Amundsen Sea,seas,http://commons.wikimedia.org/wiki/Special:FilePath/Antarctic%20Sea%20Ice%20-%20Amundsen%20Sea.jpg,,https://en.wikipedia.org/wiki/Amundsen_Sea,-73.0,-112.0
Q173343,Weddell Sea,seas,http://commons.wikimedia.org/wiki/Special:FilePath/NASA%27s%20DC-8%20Flying%20Over%20the%20Weddell%20Sea.jpg,,https://en.wikipedia.org/wiki/Weddell_Sea,-73.0,-45.0
Q7559821,Uruguay Island,natural,http://commons.wikimedia.org/wiki/Special:FilePath/Biologist%20of%20the%2029th%20Ukrainian%20Antarctic%20Expedition%20takes%20water%20samples%20from%20a%20freshwater%20lake%20on%20Uruguay%20Island.jpg,,https://en.wikipedia.org/wiki/Uruguay_Island,-65.2333,-64.2333
Q2605054,Cape Lookout,natural,http://commons.wikimedia.org/wiki/Special:FilePath/Cape%20Lookout%20%2851995036872%29.jpg,,https://en.wikipedia.org/wiki/Cape_Lookout_(South_Shetland_Islands),-61.28018,-55.20474
Q183455,Bellingshausen Sea,seas,http://commons.wikimedia.org/wiki/Special:FilePath/Sea%20ice%20by%20fruchtzwerg%27s%20world.jpg,,https://en.wikipedia.org/wiki/Bellingshausen_Sea,-71.0,-85.0
Q1635255,Noctis Labyrinthus,natural,http://commons.wikimedia.org/wiki/Special:FilePath/Noctis%20Labyrinthus%20Viking%201%201980.png,,https://en.wikipedia.org/wiki/Noctis_Labyrinthus,-6.4,-101.2
Q2864876,Artemis Corona,natural,http://commons.wikimedia.org/wiki/Special:FilePath/Artemis%20Corona.jpg,,https://en.wikipedia.org/wiki/Artemis_Corona,-35.0,135.0
Q2299203,USS Little Rock,museums,http://commons.wikimedia.org/wiki/Special:FilePath/USS%20Little%20Rock%20%28CLG-4%29%20off%20Naples%2C%20Italy%2C%20on%2031%20July%201967%20%28NH%2098957%29.jpg,,https://en.wikipedia.org/wiki/USS_Little_Rock_(CL-92),42.8776,-78.8809
Q576829,Kiev,museums,http://commons.wikimedia.org/wiki/Special:FilePath/Aircraft%20carrier%20%22Kiev%22%20in%201985.jpeg,,https://en.wikipedia.org/wiki/Soviet_aircraft_carrier_Kiev,39.155278,117.808333
Q470088,American Mediterranean Sea,seas,http://commons.wikimedia.org/wiki/Special:FilePath/Amerikanisches%20Mittelmeer%20NASA%20World%20Wind%20Globe.jpg,,https://en.wikipedia.org/wiki/American_Mediterranean_Sea,18.0,-80.0
Q2090594,Cantabrian Sea,seas,http://commons.wikimedia.org/wiki/Special:FilePath/Acantilados%20de%20Alfoz%20de%20Lloredo%20%28To%C3%B1anes%29%2C%20Camino%20del%20norte%20costero.jpg,,https://en.wikipedia.org/wiki/Cantabrian_Sea,44.0323,-4.35059
Q60038397,Somali Sea,seas,http://commons.wikimedia.org/wiki/Special:FilePath/SSC-Khatumo%20blue%2C%20Somali%20sea.png,,,2.847819444,51.35965
Q990375,Esterházy Palace Forestry Museum,museums,http://commons.wikimedia.org/wiki/Special:FilePath/Templom%20utca%202.%2C%20Esterh%C3%A1zy-palota%20%28ma%20K%C3%B6zponti%20B%C3%A1ny%C3%A1szati%20M%C3%BAzeum%29.%20Fortepan%2060058.jpg,,,47.6858925,16.59003
Q380300,Mount Overlord,volcanoes,http://commons.wikimedia.org/wiki/Special:FilePath/MountOverlord.jpg,,https://en.wikipedia.org/wiki/Mount_Overlord,-73.166666666,164.6
Q6757370,Irving Reef,islands,http://commons.wikimedia.org/wiki/Special:FilePath/Irving%20Reef%2C%20Spratly%20Islands.png,,https://en.wikipedia.org/wiki/Irving_Reef,10.86,114.92
Q2395593,USS Batfish,museums,http://commons.wikimedia.org/wiki/Special:FilePath/USS%20BATFISH%202013.JPG,,https://en.wikipedia.org/wiki/USS_Batfish_(SS-310),35.7945,-95.311
