wikidata_id,name,category,image_url,country,wikipedia_url,latitude,longitude,description
Q33156,Kandahar International Airport,airports,http://commons.wikimedia.org/wiki/Special:FilePath/Women%20from%20203rd%20Zone%20Afghan%20Border%20Police%20and%20TAAC-S%20attend%20shura%20at%20Kandahar%20Airfield%2C%20Afghanistan%20150809-N-SQ656-227.jpg,Afghanistan,https://en.wikipedia.org/wiki/Kandahar_International_Airport,31.507222222,65.850277777,"international airport serving Kandahar, Afghanistan"
Q613251,Band-e Amir National Park,national_parks,http://commons.wikimedia.org/wiki/Special:FilePath/Lake%20Band-e-Amir.jpg,Afghanistan,https://en.wikipedia.org/wiki/Band-e_Amir_National_Park,34.839722222,67.230833333,national park in Afghanistan
Q715467,National Museum of Afghanistan,museums,http://commons.wikimedia.org/wiki/Special:FilePath/National%20museum%20of%20Afghanistan.jpg,Afghanistan,https://en.wikipedia.org/wiki/National_Museum_of_Afghanistan,34.4675,69.12,museum
Q686088,Llogara National Park,national_parks,http://commons.wikimedia.org/wiki/Special:FilePath/Llogara%20pass.jpg,Albania,https://en.wikipedia.org/wiki/Llogara_National_Park,40.21638889,19.57027778,national park in Albania
Q856285,Mes Bridge,bridges,http://commons.wikimedia.org/wiki/Special:FilePath/Mesi%20Bridge%202025.jpg,Albania,https://en.wikipedia.org/wiki/Mesi_Bridge,42.11448,19.574976,bridge and cultural heritage monument of Albania
Q279171,Skela Castle,castles,http://commons.wikimedia.org/wiki/Special:FilePath/Kanina%20Castle%20and%20Vlora%20Square.jpg,Albania,https://en.wikipedia.org/wiki/Vlor%C3%AB_Castle,40.455,19.485277777,cultural heritage monument of Albania
Q25060,Oued Irara–Krim Belkacem Airport,airports,http://commons.wikimedia.org/wiki/Special:FilePath/HassiMessaoudIntArrivals.jpg,Algeria,https://en.wikipedia.org/wiki/Oued_Irara%E2%80%93Krim_Belkacem_Airport,31.673889,6.140556,"airport serving Hassi Messaoud, Algeria"
Q598215,Biskra Mohamed Khider Airport,airports,http://commons.wikimedia.org/wiki/Special:FilePath/Biskra%20Airport.jpg,Algeria,https://en.wikipedia.org/wiki/Biskra_Airport,34.793361111,5.738305555,Airoports in Algeria
Q623452,Algiers Houari Boumediene Airport,airports,http://commons.wikimedia.org/wiki/Special:FilePath/Aeroport%20Houari%20Boumediene%20IMG%201362.JPG,Algeria,https://en.wikipedia.org/wiki/Houari_Boumediene_Airport,36.694444444,3.216944444,"international airport serving Algiers, Algeria"
Q650992,El Kala National Park,national_parks,http://commons.wikimedia.org/wiki/Special:FilePath/GM%20Parc%20national%20El%20Kala01.jpg,Algeria,https://en.wikipedia.org/wiki/El_Kala_National_Park,36.81666667,8.41666667,national park in Algeria
Q3561,Algiers,cities,http://commons.wikimedia.org/wiki/Special:FilePath/Alger%20monochrome.jpg,Algeria,https://en.wikipedia.org/wiki/Algiers,36.776388888,3.058611111,capital city of Algeria
Q817274,Ksar Beni Isguen,cities,http://commons.wikimedia.org/wiki/Special:FilePath/Ksar%20de%20Beni%20Isguen.jpg,Algeria,,32.475222222,3.696194444,"Historical ksar in the Mzab valley, in Bounoura, province of Ghardaia, Algeria"
Q1309531,Caesarea of Mauretania,landmarks,http://commons.wikimedia.org/wiki/Special:FilePath/Forum%20cherchell.JPG,Algeria,https://en.wikipedia.org/wiki/Caesarea_in_Mauretania,36.607284,2.186828,ancient city of Algeria
Q2429753,Roman Theatre of Thubursicum Numidarum,landmarks,http://commons.wikimedia.org/wiki/Special:FilePath/GM%20Khamissa%20Roman%20Theatre01.jpg,Algeria,,36.193686,7.655947,"ancient Roman theatre in Khamissa, Algeria"
Q613937,University of Ouargla,universities,http://commons.wikimedia.org/wiki/Special:FilePath/UKMO%20Rectorat.jpg,Algeria,https://en.wikipedia.org/wiki/University_of_Ouargla,31.963,5.34201,university in Algeria
Q1863,Andorra la Vella,cities,http://commons.wikimedia.org/wiki/Special:FilePath/Andorra%20la%20Vella%20-%20view2.jpg,Andorra,https://en.wikipedia.org/wiki/Andorra_la_Vella,42.507222222,1.522222222,capital of Andorra
Q541858,Dr. Antonio Agostinho Neto International Airport,airports,http://commons.wikimedia.org/wiki/Special:FilePath/Construction%20site%20Angola%20International%20Airport1.jpg,Angola,https://en.wikipedia.org/wiki/Dr._Ant%C3%B3nio_Agostinho_Neto_International_Airport,-9.050480555,13.499966666,"Airport in Luanda, Angola"
Q598002,Quatro de Fevereiro Airport,airports,http://commons.wikimedia.org/wiki/Special:FilePath/1.Luanda%20Airport%20Aeroporto%204%20de%20Fevereiro%20LAD.jpg,Angola,https://en.wikipedia.org/wiki/Quatro_de_Fevereiro_Airport,-8.858083333,13.231194444,"international airport serving Luanda, Angola"
Q187918,Epupa Falls,waterfalls,http://commons.wikimedia.org/wiki/Special:FilePath/Epupa%20Falls%20%28detail%29.jpg,Angola,https://en.wikipedia.org/wiki/Epupa_Falls,-17.0,13.25,waterfall on the Cunene River in Angola and Namibia
Q1348116,Mount Moco,natural,http://commons.wikimedia.org/wiki/Special:FilePath/Moco.JPG,Angola,https://en.wikipedia.org/wiki/Mount_Moco,-12.466666666,15.183333333,mountain in Angola
Q316390,Antigua,islands,http://commons.wikimedia.org/wiki/Special:FilePath/Antiguashoreline.jpg,Antigua and Barbuda,https://en.wikipedia.org/wiki/Antigua,17.085,-61.8,island in Antigua and Barbuda
Q201374,Ingeniero Aeronáutico Ambrosio L.V. Taravella International Airport,airports,http://commons.wikimedia.org/wiki/Special:FilePath/Aeropuerto%20C%C3%B3rdoba%20COR%201%20-%20Entrada.jpg,Argentina,https://en.wikipedia.org/wiki/Ingeniero_Aeron%C3%A1utico_Ambrosio_L.V._Taravella_International_Airport,-31.31,-64.20833333,"international airport serving Cordoba, Argentina"
Q312770,Domuyo,peaks,http://commons.wikimedia.org/wiki/Special:FilePath/Volc%C3%A1n%20Domuyo.jpg,Argentina,https://en.wikipedia.org/wiki/Domuyo,-36.6397,-70.433,mountain in Argentina
Q312862,Aracar,peaks,http://commons.wikimedia.org/wiki/Special:FilePath/Aracar.jpg,Argentina,https://en.wikipedia.org/wiki/Aracar,-24.29,-67.7833,mountain in Argentina
Q312866,Antofalla,peaks,http://commons.wikimedia.org/wiki/Special:FilePath/Antofalla-sunset.jpg,Argentina,https://en.wikipedia.org/wiki/Antofalla,-25.5625,-67.880833333,mountain in Argentina
Q312921,Cerro El Cóndor,peaks,http://commons.wikimedia.org/wiki/Special:FilePath/CerroElCondor6532mSeenFromEast.jpg,Argentina,https://en.wikipedia.org/wiki/Cerro_El_C%C3%B3ndor,-26.6309,-68.3614,stratovolcano
Q312934,Cerro Tuzgle,peaks,http://commons.wikimedia.org/wiki/Special:FilePath/Cerro%20Tuzgle-01.JPG,Argentina,https://en.wikipedia.org/wiki/Cerro_Tuzgle,-24.056,-66.479,stratovolcano in the Susques Department of Jujuy Province in Argentina
Q312936,Antofagasta de la Sierra,peaks,http://commons.wikimedia.org/wiki/Special:FilePath/Volc%C3%A1n%20Antofagasta.jpg,Argentina,https://en.wikipedia.org/wiki/Antofagasta_de_la_Sierra,-25.968055555,-67.535833333,mountain in Argentina
Q422774,Robledo,volcanoes,http://commons.wikimedia.org/wiki/Special:FilePath/Cerro%20Blanco%20volcano%20%28AVA%20Granule%20L1B%2020000916145757%29.jpg,Argentina,https://en.wikipedia.org/wiki/Cerro_Blanco_(volcano),-26.77,-67.72,mountain in Argentina
Q422807,Tipas,volcanoes,http://commons.wikimedia.org/wiki/Special:FilePath/Cazadero.jpg,Argentina,https://en.wikipedia.org/wiki/Tipas,-27.2,-68.55,mountain in Argentina
Q422965,Tromen,volcanoes,http://commons.wikimedia.org/wiki/Special:FilePath/VolcanTromen05.jpg,Argentina,https://en.wikipedia.org/wiki/Tromen,-37.142,-70.03,mountain in Argentina
Q492520,Isla de los Estados,islands,http://commons.wikimedia.org/wiki/Special:FilePath/Baie%20Cook%2C%20%C3%8Ele%20des%20%C3%89tats.jpg,Argentina,https://en.wikipedia.org/wiki/Isla_de_los_Estados,-54.783333333,-64.25,island in Argentina
Q827817,Nahuel Huapi National Park,national_parks,http://commons.wikimedia.org/wiki/Special:FilePath/Lago%20Nahuel%20Huapi%2C%20Argentina%2C%202005.jpeg,Argentina,https://en.wikipedia.org/wiki/Nahuel_Huapi_National_Park,-41.0,-71.5,national park in Argentina
Q827962,Perito Moreno National Park,national_parks,http://commons.wikimedia.org/wiki/Special:FilePath/Nothofagus%20pumilio-general%20view%2001.JPG,Argentina,https://en.wikipedia.org/wiki/Perito_Moreno_National_Park,-47.81138889,-72.25055556,national park
Q828206,Lanín National Park,national_parks,http://commons.wikimedia.org/wiki/Special:FilePath/Cara%20Sur%20Volc%C3%A1n%20Lan%C3%ADn..JPG,Argentina,https://en.wikipedia.org/wiki/Lan%C3%ADn_National_Park,-40.1603,-71.3575,national park in Argentina
Q828291,Los Alerces National Park,national_parks,http://commons.wikimedia.org/wiki/Special:FilePath/Cerro%20y%20glaciar%20Torrecillas%20-%20Lago%20Men%C3%A9ndez%20-%20Parque%20Nacional%20Los%20Alerces%20-%20Chubut%20-%20Argentina%20-%20panoramio.jpg,Argentina,https://en.wikipedia.org/wiki/Los_Alerces_National_Park,-42.8075,-71.89888889,national park of Argentina
Q828353,Lago Puelo National Park,national_parks,http://commons.wikimedia.org/wiki/Special:FilePath/Puelo%20Lake.jpg,Argentina,https://en.wikipedia.org/wiki/Lago_Puelo_National_Park,-42.183333333,-71.683333333,national park
Q828531,Laguna Blanca National Park,national_parks,http://commons.wikimedia.org/wiki/Special:FilePath/PN%20Laguna%20Blanca%2C%20Neuquen.jpg,Argentina,https://en.wikipedia.org/wiki/Laguna_Blanca_National_Park,-39.041388888,-70.358333333,national park
Q828601,El Rey National Park,national_parks,http://commons.wikimedia.org/wiki/Special:FilePath/Cariama%20cristata%20El%20Rey%20NP.jpg,Argentina,https://en.wikipedia.org/wiki/El_Rey_National_Park,-24.7,-64.63333333,national park of Argentina
Q828642,Río Pilcomayo National Park,national_parks,http://commons.wikimedia.org/wiki/Special:FilePath/Parque%20Nacional%20R%C3%ADo%20Pilcomayo.jpg,Argentina,https://en.wikipedia.org/wiki/R%C3%ADo_Pilcomayo_National_Park,-25.0644,-58.1367,"national park in Formosa Province, Argentina"
Q828709,Tierra del Fuego National Park,national_parks,http://commons.wikimedia.org/wiki/Special:FilePath/PN%20Tierra%20del%20Fuego%20%28View%20Costera%29.jpg,Argentina,https://en.wikipedia.org/wiki/Tierra_del_Fuego_National_Park,-54.666944444,-68.5,national park of Argentina
Q829012,Los Arrayanes National Park,national_parks,http://commons.wikimedia.org/wiki/Special:FilePath/Parque%20Nacional%20Los%20Arrayanes.jpg,Argentina,https://en.wikipedia.org/wiki/Los_Arrayanes_National_Park,-40.86139,-71.61944,"national park in Neuquén Province, Argentina"
Q829228,Lihué Calel National Park,national_parks,http://commons.wikimedia.org/wiki/Special:FilePath/LihueCalel077.JPG,Argentina,https://en.wikipedia.org/wiki/Lihu%C3%A9_Calel_National_Park,-37.95,-65.65,national park
Q829260,Calilegua National Park,national_parks,http://commons.wikimedia.org/wiki/Special:FilePath/Calilegua%20National%20Park%20-%20View%20of%20San%20Lorenzo%20Rio.JPG,Argentina,https://en.wikipedia.org/wiki/Calilegua_National_Park,-23.639,-64.838,"national park in Jujuy Province, Argentina"
Q829305,Sierra de las Quijadas National Park,national_parks,http://commons.wikimedia.org/wiki/Special:FilePath/Sierra%20de%20las%20Quijadas%2C%20San%20Luis.jpg,Argentina,https://en.wikipedia.org/wiki/Sierra_de_las_Quijadas_National_Park,-32.55083333,-67.06416667,national park
Q829474,Los Cardones National Park,national_parks,http://commons.wikimedia.org/wiki/Special:FilePath/Los%20Cardones%20National%20Park%2004.jpg,Argentina,https://en.wikipedia.org/wiki/Los_Cardones_National_Park,-25.12533333,-66.18166667,national park
Q829648,Copo National Park,national_parks,http://commons.wikimedia.org/wiki/Special:FilePath/Parque%20Nacional%20Copo.jpg,Argentina,https://en.wikipedia.org/wiki/Copo_National_Park,-25.96666667,-61.88333333,national park in Argentina
Q829745,San Guillermo National Park,national_parks,http://commons.wikimedia.org/wiki/Special:FilePath/Parque%20Nacional%20San%20Guillermo%2C%20depto.%20Iglesia%2C%20San%20Juan.jpg,Argentina,https://en.wikipedia.org/wiki/San_Guillermo_National_Park,-29.1,-69.2,Argentine National Park
Q829771,Mburucuyá National Park,national_parks,http://commons.wikimedia.org/wiki/Special:FilePath/Palmar%20de%20Yatay.jpg,Argentina,https://en.wikipedia.org/wiki/Mburucuy%C3%A1_National_Park,-27.998622081,-58.00980969,national park
Q829805,El Leoncito National Park,national_parks,http://commons.wikimedia.org/wiki/Special:FilePath/Acceso%20al%20Parque%20Nacional%20El%20Leoncito.jpg,Argentina,https://en.wikipedia.org/wiki/El_Leoncito_National_Park,-31.8,-69.36666667,paisaje
Q829872,Monte León National Park,national_parks,http://commons.wikimedia.org/wiki/Special:FilePath/Monte%20Leon2.jpg,Argentina,https://en.wikipedia.org/wiki/Monte_Le%C3%B3n_National_Park,-50.23333333,-69.0,national park
Q829966,Campos del Tuyú National Park,national_parks,http://commons.wikimedia.org/wiki/Special:FilePath/Atardecer%20en%20Campos%20del%20Tuy%C3%BA.jpg,Argentina,https://en.wikipedia.org/wiki/Campos_del_Tuy%C3%BA_National_Park,-36.35,-56.866666666,national park
Q830022,Islas de Santa Fé National Park,national_parks,http://commons.wikimedia.org/wiki/Special:FilePath/Victoria%20cruziana.jpeg,Argentina,https://en.wikipedia.org/wiki/Islas_de_Santa_Fe_National_Park,-32.433,-60.817,national park
Q830083,Bosques Petrificados de Jaramillo National Park,national_parks,http://commons.wikimedia.org/wiki/Special:FilePath/Cerros%20Madre%20e%20Hija.jpg,Argentina,https://en.wikipedia.org/wiki/Bosques_Petrificados_de_Jaramillo_National_Park,-47.6667,-68.1667,national park in Argentina
Q215992,Los Glaciares National Park,national_parks,http://commons.wikimedia.org/wiki/Special:FilePath/Perito%20moreno%20argentini%C3%AB.JPEG,Argentina,https://en.wikipedia.org/wiki/Los_Glaciares_National_Park,-50.0,-73.0,national park of Argentina
Q611989,Chaco National Park,national_parks,http://commons.wikimedia.org/wiki/Special:FilePath/Carpincho%20lake%20in%20National%20park%20Chaco.JPG,Argentina,https://en.wikipedia.org/wiki/Chaco_National_Park,-26.83333,-59.66667,"national park in Chaco, Argentina"
Q998798,Greater Buenos Aires,cities,http://commons.wikimedia.org/wiki/Special:FilePath/NASA%20ISS006-E-24987.jpg,Argentina,https://en.wikipedia.org/wiki/Greater_Buenos_Aires,-34.6083,-58.3719,urban agglomeration
Q375910,Argentine,skyscrapers,http://commons.wikimedia.org/wiki/Special:FilePath/Kavanagh%20building.jpg,Argentina,https://en.wikipedia.org/wiki/Kavanagh_Building,-34.59541667,-58.37466667,"residential skyscraper in Retiro, Buenos Aires"
Q544726,Chateau Tower of Puerto Madero,skyscrapers,http://commons.wikimedia.org/wiki/Special:FilePath/Torres%20Chateau%20y%20El%20Faro.JPG,Argentina,https://en.wikipedia.org/wiki/Torre_Chateau_de_Puerto_Madero,-34.613055555,-58.360277777,skyscraper
Q1138028,Nicolás Avellaneda Transporter Bridge,bridges,http://commons.wikimedia.org/wiki/Special:FilePath/Buenos%20Aires%20Most%20Transportowy%202.jpg,Argentina,https://en.wikipedia.org/wiki/Puente_Transbordador,-34.63847222,-58.35625,transporter bridge in Argentina
Q594681,Estadio Nueva Chicago,stadiums,http://commons.wikimedia.org/wiki/Special:FilePath/Tribuna%20que%20da%20al%20barrio%20Los%20Perales.jpg,Argentina,https://en.wikipedia.org/wiki/Estadio_Nueva_Chicago,-34.66791944,-58.4996,"football stadium in Buenos Aires, Argentina"
Q276354,Mas Monumental Stadium,stadiums,http://commons.wikimedia.org/wiki/Special:FilePath/RiverPlateStadium.jpg,Argentina,https://en.wikipedia.org/wiki/Estadio_Monumental_(Buenos_Aires),-34.545277777,-58.449722222,"football stadium in Buenos Aires, Argentina"
Q280141,Estadio Tomás Adolfo Ducó,stadiums,http://commons.wikimedia.org/wiki/Special:FilePath/Huracan%20palacio%20duco.jpg,Argentina,https://en.wikipedia.org/wiki/Estadio_Tom%C3%A1s_Adolfo_Duc%C3%B3,-34.643494,-58.396511,"football stadium in Buenos Aires, Argentina"
Q115044,Southern Fuegian Railway,museums,http://commons.wikimedia.org/wiki/Special:FilePath/Cruzada%20en%20La%20Macarena.jpg,Argentina,https://en.wikipedia.org/wiki/Southern_Fuegian_Railway,-54.833164,-68.424,heritage railway line in Argentina
Q143615,ARA Uruguay,museums,http://commons.wikimedia.org/wiki/Special:FilePath/Corbeta%20Uruguay%20%28A.R.A.%29.jpg,Argentina,https://en.wikipedia.org/wiki/ARA_Uruguay,-34.603656,-58.367063,gunboat
Q7299854,Raúl Uranga – Carlos Sylvestre Begnis Subfluvial Tunnel,space,http://commons.wikimedia.org/wiki/Special:FilePath/Paran%C3%A1%2032%20%28T%C3%BAnel%20subfluvial%20Santa%20Fe-Paran%C3%A1%29.JPG,Argentina,https://en.wikipedia.org/wiki/Ra%C3%BAl_Uranga_%E2%80%93_Carlos_Sylvestre_Begnis_Subfluvial_Tunnel,-31.70138889,-60.50361111,"road tunnel in Santa Fe and Paraná, Entre Ríos"
Q891560,Buenos Aires Stock Exchange,markets,http://commons.wikimedia.org/wiki/Special:FilePath/Buenos%20Aires%20-%20Bolsa%20de%20Comercio.jpg,Argentina,https://en.wikipedia.org/wiki/Buenos_Aires_Stock_Exchange,-34.60388889,-58.37072222,"Stock exchange located in Buenos Aires, Argentina"
Q643667,Arevik National Park,national_parks,http://commons.wikimedia.org/wiki/Special:FilePath/Arevik%20National%20Park%20and%20Meghri%20mountains%20in%20winter.jpg,Armenia,https://en.wikipedia.org/wiki/Arevik_National_Park,39.0,46.15,national park in Armenia
Q80779,Kasakhi Marzik Stadium,stadiums,http://commons.wikimedia.org/wiki/Special:FilePath/Kaskahi%20Marzik%20Stadium%2C%20Ashtarak%2C%2012.08.2013.jpg,Armenia,https://en.wikipedia.org/wiki/Kasakhi_Marzik_Stadium,40.291111,44.352222,stadium
Q280262,Baby Beach,lakes,http://commons.wikimedia.org/wiki/Special:FilePath/Baby%20Beach.jpg,Aruba,"https://en.wikipedia.org/wiki/Baby_Beach,_Aruba",12.4138,-69.8796,lagoon and beach in Aruba
Q45935,Perth Airport,airports,http://commons.wikimedia.org/wiki/Special:FilePath/Singapore%20Airlines%20Boeing%20777-200ER%20at%20Perth%20Airport%20Smith-1.jpg,Australia,https://en.wikipedia.org/wiki/Perth_Airport,-31.94,115.965,"international airport in Perth, Western Australia"
Q14302,Adelaide Airport,airports,http://commons.wikimedia.org/wiki/Special:FilePath/AdelaideAirportSkyline.jpg,Australia,https://en.wikipedia.org/wiki/Adelaide_Airport,-34.945,138.530555555,"airport in Adelaide, Australia"
Q14300,Canberra Airport,airports,http://commons.wikimedia.org/wiki/Special:FilePath/Canberra%20Airport%20overview%20Gilbert.jpg,Australia,https://en.wikipedia.org/wiki/Canberra_Airport,-35.306944444,149.195,"airport in Canberra, Australia"
Q15498,Hobart Airport,airports,http://commons.wikimedia.org/wiki/Special:FilePath/Hobart%20Airportview.jpg,Australia,https://en.wikipedia.org/wiki/Hobart_Airport,-42.836112,147.510278,"primary airport serving Hobart, Tasmania"
Q17581,Sydney Airport,airports,http://commons.wikimedia.org/wiki/Special:FilePath/Sydney%20airport%20-%20International%20terminal.jpg,Australia,https://en.wikipedia.org/wiki/Sydney_Airport,-33.948333333,151.1761111,"international airport serving Sydney, Australia"
Q17609,Darwin International Airport,airports,http://commons.wikimedia.org/wiki/Special:FilePath/Aircraft%20Waiting%20to%20Cross%20Runway%201129%20at%20Darwin%20Airport%20in%20March%202012.jpg,Australia,https://en.wikipedia.org/wiki/Darwin_International_Airport,-12.414722222,130.876666666,"international airport in Darwin, Northern Territory, Australia"
Q17896,Avalon Airport,airports,http://commons.wikimedia.org/wiki/Special:FilePath/Control%20tower%20and%20offices%20at%20avalon%20airport.jpg,Australia,https://en.wikipedia.org/wiki/Avalon_Airport,-38.039444,144.469444,"airport for Geelong and Melbourne in Victoria, Australia"
Q474632,Cairns Airport,airports,http://commons.wikimedia.org/wiki/Special:FilePath/Cairns%20Airport.JPG,Australia,https://en.wikipedia.org/wiki/Cairns_Airport,-16.885833333,145.755277777,"airport in Cairns, Queensland, Australia"
Q145165,Great Victoria Desert,deserts,http://commons.wikimedia.org/wiki/Special:FilePath/Australia.A2002231.0145.250m%20NASA%20Nullarbor.jpg,Australia,https://en.wikipedia.org/wiki/Great_Victoria_Desert,-28.5,127.75,desert in Western Australia and South Australia
Q211839,Simpson Desert,deserts,http://commons.wikimedia.org/wiki/Special:FilePath/Simpson-Desert-2007-12-16-NASA.jpg,Australia,https://en.wikipedia.org/wiki/Simpson_Desert,-24.57,137.42,desert in Central Australia
Q272577,Gibson Desert,deserts,http://commons.wikimedia.org/wiki/Special:FilePath/Gibson%20Desert%20and%20moon%20from%20Alfred%20%26%20Marie%20Range.jpg,Australia,https://en.wikipedia.org/wiki/Gibson_Desert,-23.73,127.996666666,desert in Western Australia
Q326896,Great Sandy Desert,deserts,http://commons.wikimedia.org/wiki/Special:FilePath/Landsat%20art%20-%20Great%20Sandy%20Desert%2C%20Australia.jpg,Australia,https://en.wikipedia.org/wiki/Great_Sandy_Desert,-20.916111111,124.684722222,ecoregion and desert in Northern Western Australia
Q5353147,Eromanga Sea,seas,http://commons.wikimedia.org/wiki/Special:FilePath/Kronosaurus%20hunt1DB.jpg,Australia,https://en.wikipedia.org/wiki/Eromanga_Sea,-26.0,140.0,Cretaceous sea in Australia
Q137788,Lake Tuggeranong,lakes,http://commons.wikimedia.org/wiki/Special:FilePath/Lake%20tuggeranong%20reflection.jpg,Australia,https://en.wikipedia.org/wiki/Lake_Tuggeranong,-35.408333333,149.066666666,"artificial lake located in the Tuggeranong district of Canberra, within the Australian Capital Territory"
Q360892,Lake George,lakes,http://commons.wikimedia.org/wiki/Special:FilePath/LakeGeorgeNSWAug2005.jpg,Australia,https://en.wikipedia.org/wiki/Lake_George_(New_South_Wales),-35.1667,149.417,"lake in New South Wales, Australia"
Q366813,Lake Gordon,lakes,http://commons.wikimedia.org/wiki/Special:FilePath/Gordon%20Dam.jpg,Australia,https://en.wikipedia.org/wiki/Lake_Gordon,-42.95,146.166666666,reservoir in Tasmania
Q37754,Purlingbrook Falls,waterfalls,http://commons.wikimedia.org/wiki/Special:FilePath/Purlingbrook%20Falls%20edit.jpg,Australia,https://en.wikipedia.org/wiki/Purling_Brook_Falls,-28.189822222,153.270905555,"waterfall in Queensland, Australia"
Q37784,Millstream Falls,waterfalls,http://commons.wikimedia.org/wiki/Special:FilePath/MillstreamFalls%204467.jpg,Australia,https://en.wikipedia.org/wiki/Millstream_Falls,-17.643055555,145.4575,"waterfall in Queensland, Australia"
Q37790,Tully Falls,waterfalls,http://commons.wikimedia.org/wiki/Special:FilePath/Tully%20Falls%20on%20the%20Atherton%20Tablelands.jpg,Australia,https://en.wikipedia.org/wiki/Tully_Falls,-17.783055555,145.566388888,"waterfall in Queensland, Australia"
Q37791,Stoney Creek Falls,waterfalls,http://commons.wikimedia.org/wiki/Special:FilePath/Stoney%20creek%20falls.jpg,Australia,https://en.wikipedia.org/wiki/Stoney_Creek_Falls,-16.850944444,145.647222222,waterfall
Q37788,Boundary Falls,waterfalls,http://commons.wikimedia.org/wiki/Special:FilePath/Boundary%20Falls%200187.jpg,Australia,https://en.wikipedia.org/wiki/Boundary_Falls,-29.533325,152.248825,waterfall in national park in NSW
Q37823,Tolmer Falls,waterfalls,http://commons.wikimedia.org/wiki/Special:FilePath/Tolmer%20Falls.jpg,Australia,https://en.wikipedia.org/wiki/Tolmer_Falls,-13.2057,130.7158,"waterfall in Litchfield National Park, Northern Territory, Australia"
Q37826,Twin Falls,waterfalls,http://commons.wikimedia.org/wiki/Special:FilePath/Twin%20Falls.jpg,Australia,https://en.wikipedia.org/wiki/Twin_Falls_(Northern_Territory),-13.321,132.781,"waterfall in Northern Territory, Australia"
Q37900,Silverband Falls,waterfalls,http://commons.wikimedia.org/wiki/Special:FilePath/20090614%20Silverband%20Falls%20-%20Grampians%20National%20Park%20-%20Victoria%20-%20Australia.JPG,Australia,https://en.wikipedia.org/wiki/Silverband_Falls,-37.152655555,142.527694444,"waterfall in Victoria, Australia"
Q3538030,Wentworth Falls,waterfalls,http://commons.wikimedia.org/wiki/Special:FilePath/Upper%20Wentworth%20Falls%203%2C%20NSW%2C%20Australia%20-%20Nov%202008.jpg,Australia,https://en.wikipedia.org/wiki/Wentworth_Falls_(waterfall),-33.7272,150.374,"waterfall in New South Wales, Australia"
Q3647343,Wollomombi Falls,waterfalls,http://commons.wikimedia.org/wiki/Special:FilePath/A371%2C%20Oxley%20Wild%20Rivers%20National%20Park%2C%20Australia%2C%20Wollomombi%20Falls%2C%202007.JPG,Australia,https://en.wikipedia.org/wiki/Wollomombi_Falls,-30.532121,152.039752,"waterfall on the Wollomombi River in New South Wales, Australia"
Q3652579,Queen Mary Falls,waterfalls,http://commons.wikimedia.org/wiki/Special:FilePath/Queen%20Mary%20Falls.jpg,Australia,https://en.wikipedia.org/wiki/Queen_Mary_Falls,-28.340005555,152.372602777,"waterfall in Queensland, Australia"
Q3652583,Delaneys Falls,waterfalls,http://commons.wikimedia.org/wiki/Special:FilePath/Delaneys%20Falls.jpg,Australia,https://en.wikipedia.org/wiki/Delaneys_Falls,-41.279997222,146.059997222,"waterfall in Tasmania, Australia"
Q3652598,Blencoe Falls,waterfalls,http://commons.wikimedia.org/wiki/Special:FilePath/Blencoe%20falls.jpg,Australia,https://en.wikipedia.org/wiki/Blencoe_Falls,-18.223830555,145.539711111,"waterfall in Queensland, Australia"
Q3652628,Millaa Millaa Falls,waterfalls,http://commons.wikimedia.org/wiki/Special:FilePath/MillaaMillaaFallsOct272024%2001.jpg,Australia,https://en.wikipedia.org/wiki/Millaa_Millaa_Falls,-17.495555555,145.61,"historic site in Queensland, Australia"
Q3652636,Ellenborough Falls,waterfalls,http://commons.wikimedia.org/wiki/Special:FilePath/Ellenborough.JPG,Australia,https://en.wikipedia.org/wiki/Ellenborough_Falls,-31.616666666,152.283333333,"falls on Ellenborough River, New South Wales, Australia"
Q504763,Melville Island,islands,http://commons.wikimedia.org/wiki/Special:FilePath/Folklore%20and%20Science%20Meet%20at%20Tiwi.jpeg,Australia,https://en.wikipedia.org/wiki/Melville_Island_(Northern_Territory),-11.5,130.933333333,"one of the Tiwi Islands, off the northern Australian coast"
Q371666,Moa Island,islands,http://commons.wikimedia.org/wiki/Special:FilePath/Moa%20Island%20%28Landsat%29.png,Australia,https://en.wikipedia.org/wiki/Moa_Island_(Queensland),-10.166666666,142.266666666,"island in the Torres Strait in Queensland, Australia"
Q799012,Badgingarra National Park,national_parks,http://commons.wikimedia.org/wiki/Special:FilePath/Badgingarra%20National%20Park%20view%20over%20Badgingarra.JPG,Australia,https://en.wikipedia.org/wiki/Badgingarra_National_Park,-30.4686,115.44,national park in Western Australia
Q799956,Bago Bluff National Park,national_parks,http://commons.wikimedia.org/wiki/Special:FilePath/Bago%20Bluff.jpg,Australia,https://en.wikipedia.org/wiki/Bago_Bluff_National_Park,-31.5322,152.629,"National Park in New South Wales, Australia"
Q804731,Bald Rock National Park,national_parks,http://commons.wikimedia.org/wiki/Special:FilePath/Bald%20Rock%20NP%20NSW%201.jpg,Australia,https://en.wikipedia.org/wiki/Bald_Rock_National_Park,-28.848333333,152.0511111,"National Park in New South Wales, Australia"
Q808934,Barrington Tops National Park,national_parks,http://commons.wikimedia.org/wiki/Special:FilePath/Barrington%20river.jpg,Australia,https://en.wikipedia.org/wiki/Barrington_Tops_National_Park,-32.048333333,151.5011111,"National Park in New South Wales, Australia"
Q808968,Barron Gorge National Park,national_parks,http://commons.wikimedia.org/wiki/Special:FilePath/Barron%20Falls%20Kuranda.JPG,Australia,https://en.wikipedia.org/wiki/Barron_Gorge_National_Park,-16.8428,145.652,national park in Australia
Q812025,Baw Baw National Park,national_parks,http://commons.wikimedia.org/wiki/Special:FilePath/Baw-baw-view-gippsland.jpg,Australia,https://en.wikipedia.org/wiki/Baw_Baw_National_Park,-37.7639,146.223,"national park in Victoria, Australia"
Q814030,Greater Beedelup National Park,national_parks,http://commons.wikimedia.org/wiki/Special:FilePath/Beedelupfalls.jpg,Australia,https://en.wikipedia.org/wiki/Greater_Beedelup_National_Park,-34.4183,115.878,national park in Australia
Q816402,Ben Lomond National Park,national_parks,http://commons.wikimedia.org/wiki/Special:FilePath/Ben%20Lomond%20snow%20fields.JPG,Australia,https://en.wikipedia.org/wiki/Ben_Lomond_National_Park,-41.55,147.666667,national park in Australia
Q816681,Benarkin National Park,national_parks,http://commons.wikimedia.org/wiki/Special:FilePath/Black-breasted%20Button-quail%20male%20inskip.JPG,Australia,,-26.760561111,152.170561111,national park in Australia
Q827519,Hartz Mountains National Park,national_parks,http://commons.wikimedia.org/wiki/Special:FilePath/Ladies%20Tarn%20Hartz%20NP.jpg,Australia,https://en.wikipedia.org/wiki/Hartz_Mountains_National_Park,-43.2297,146.756,"national park in Tasmania, Australia"
Q827526,Mole Creek Karst National Park,national_parks,http://commons.wikimedia.org/wiki/Special:FilePath/Marakoopa%20Cave-Tasmania-Australia01.JPG,Australia,https://en.wikipedia.org/wiki/Mole_Creek_Karst_National_Park,-41.6006,146.289,"national park in Tasmania, Australia"
Q830099,South Bruny National Park,national_parks,http://commons.wikimedia.org/wiki/Special:FilePath/The%20Friars.jpg,Australia,https://en.wikipedia.org/wiki/South_Bruny_National_Park,-43.35,147.371111,"national park in Tasmania, Australia"
Q833116,Undara Volcanic National Park,national_parks,http://commons.wikimedia.org/wiki/Special:FilePath/Undara%20Lava%20Tubes.JPG,Australia,https://en.wikipedia.org/wiki/Undara_Volcanic_National_Park,-18.2011,144.596,national park in Australia
Q847071,Warrumbungle National Park,national_parks,http://commons.wikimedia.org/wiki/Special:FilePath/Warrumbungle%20breadknife.jpg,Australia,https://en.wikipedia.org/wiki/Warrumbungle_National_Park,-31.292222222,149.008055555,"National Park in New South Wales, Australia"
Q855311,Biamanga National Park,national_parks,http://commons.wikimedia.org/wiki/Special:FilePath/Mumbulla%20Mountain%20from%20Princes%20Highway.JPG,Australia,https://en.wikipedia.org/wiki/Biamanga_National_Park,-36.451111111,149.941944444,"National Park in New South Wales, Australia"
Q863555,Bindarri National Park,national_parks,http://commons.wikimedia.org/wiki/Special:FilePath/Bindarri%20NP%20%282911074409%29.jpg,Australia,https://en.wikipedia.org/wiki/Bindarri_National_Park,-30.295,152.933,"National Park in New South Wales, Australia"
Q863775,Bingera National Park,national_parks,http://commons.wikimedia.org/wiki/Special:FilePath/Noisyfriarbird.jpg,Australia,,-25.0277748,152.3157947,national park in Australia
Q865438,Biriwal Bulga National Park,national_parks,http://commons.wikimedia.org/wiki/Special:FilePath/Ellenborough.JPG,Australia,https://en.wikipedia.org/wiki/Biriwal_Bulga_National_Park,-31.507222222,152.306388888,"National Park in New South Wales, Australia"
Q880717,Blackbraes National Park,national_parks,http://commons.wikimedia.org/wiki/Special:FilePath/Emu%20Swamp%2C%20Blackbraes%20National%20Park%2C%20North%20Queensland%2C%202022.jpg,Australia,https://en.wikipedia.org/wiki/Blackbraes_National_Park,-19.478888888,144.181388888,national park in Australia
Q880783,Blackdown Tableland National Park,national_parks,http://commons.wikimedia.org/wiki/Special:FilePath/Blackdown%20Tableland%20National%20Park%20View%201.jpg,Australia,https://en.wikipedia.org/wiki/Blackdown_Tableland_National_Park,-23.7236,149.06,national park in Australia
Q885558,Blue Mountains National Park,national_parks,http://commons.wikimedia.org/wiki/Special:FilePath/Rainforest%2CbluemountainsNSW.jpg,Australia,https://en.wikipedia.org/wiki/Blue_Mountains_National_Park,-33.797222222,150.4452778,"National Park in New South Wales, Australia"
Q892405,Bongil Bongil National Park,national_parks,http://commons.wikimedia.org/wiki/Special:FilePath/Bongil%20Bongil%20National%20Park.jpg,Australia,https://en.wikipedia.org/wiki/Bongil_Bongil_National_Park,-30.398611111,153.034722222,"National Park in New South Wales, Australia"
Q893073,Boonoo Boonoo National Park,national_parks,http://commons.wikimedia.org/wiki/Special:FilePath/Morgan%27s%20Gully%201.jpg,Australia,https://en.wikipedia.org/wiki/Boonoo_Boonoo_National_Park,-28.8175,152.178333333,"National Park in New South Wales, Australia"
Q893086,Boorabbin National Park,national_parks,http://commons.wikimedia.org/wiki/Special:FilePath/Boorabbin%20NP%20VIII-2009.jpg,Australia,https://en.wikipedia.org/wiki/Boorabbin_National_Park,-31.2383,120.169,national park in Western Australia
Q893407,Border Ranges National Park,national_parks,http://commons.wikimedia.org/wiki/Special:FilePath/BrindleCreek.jpg,Australia,https://en.wikipedia.org/wiki/Border_Ranges_National_Park,-28.359722222,152.986111111,"National Park in New South Wales, Australia"
Q894672,Kamay Botany Bay National Park,national_parks,http://commons.wikimedia.org/wiki/Special:FilePath/Kurnell.JPG,Australia,https://en.wikipedia.org/wiki/Kamay_Botany_Bay_National_Park,-34.020555555,151.224722222,"National Park in New South Wales, Australia"
Q68472,Great Otway National Park,national_parks,http://commons.wikimedia.org/wiki/Special:FilePath/Lake%20elizabeth.jpg,Australia,https://en.wikipedia.org/wiki/Great_Otway_National_Park,-38.7733,143.557,national park in Australia
Q80343,West Cape Howe National Park,national_parks,http://commons.wikimedia.org/wiki/Special:FilePath/2002%20-%20View%20across%20Shelley%20Beach%20to%20West%20Cape%20Howe%2C%20WA%20-%20panoramio.jpg,Australia,https://en.wikipedia.org/wiki/West_Cape_Howe_National_Park,-35.1061,117.593,national park in Western Australia
Q113523,Royal National Park,national_parks,http://commons.wikimedia.org/wiki/Special:FilePath/WattamollaLiss.jpg,Australia,https://en.wikipedia.org/wiki/Royal_National_Park,-34.131666666,151.0511111,"National Park in New South Wales, Australia"
Q115591,Stirling Range National Park,national_parks,http://commons.wikimedia.org/wiki/Special:FilePath/Stirling%20range%20np%2004%20gnangarra.jpg,Australia,https://en.wikipedia.org/wiki/Stirling_Range_National_Park,-34.397718,118.047177,national park in Western Australia
Q119528,Jardine River National Park,national_parks,http://commons.wikimedia.org/wiki/Special:FilePath/Fruit%20Bat%20Falls%20-%20Jardine%20River%20National%20Park.jpg,Australia,https://en.wikipedia.org/wiki/Apudthama_National_Park,-10.9211,142.627,national park of Australia
Q120765,Hinchinbrook Island National Park,national_parks,http://commons.wikimedia.org/wiki/Special:FilePath/Hinchinbrook-island-from-mainland-queensland-australia.jpg,Australia,https://en.wikipedia.org/wiki/Hinchinbrook_Island_National_Park,-18.3819,146.247,national park in Australia
Q123161,Woomargama National Park,national_parks,http://commons.wikimedia.org/wiki/Special:FilePath/Waterfall%2C%20Woomargama%20National%20Park.jpg,Australia,https://en.wikipedia.org/wiki/Woomargama_National_Park,-35.8714,147.485,"National Park in New South Wales, Australia"
Q133502,Warren National Park,national_parks,http://commons.wikimedia.org/wiki/Special:FilePath/Old%20growth%20karri%20forest%2C%20Warren%20National%20Park%2C%20southwest%20Western%20Australia.jpg,Australia,https://en.wikipedia.org/wiki/Warren_National_Park,-34.5006,115.956,national park in Western Australia
Q137917,Magnetic Island National Park,national_parks,http://commons.wikimedia.org/wiki/Special:FilePath/Magnetic%20Island%20Horseshoe%20Bay%201.jpg,Australia,https://en.wikipedia.org/wiki/Magnetic_Island_National_Park,-19.135833333,146.842222222,national park in Australia
Q155266,Cunnawarra National Park,national_parks,http://commons.wikimedia.org/wiki/Special:FilePath/Cunnawarra%20NP.JPG,Australia,https://en.wikipedia.org/wiki/Cunnawarra_National_Park,-30.624722222,152.217222222,"National Park in New South Wales, Australia"
Q165026,Girraween National Park,national_parks,http://commons.wikimedia.org/wiki/Special:FilePath/Vistagirrahween%20email.jpg,Australia,https://en.wikipedia.org/wiki/Girraween_National_Park,-28.7742,151.912,national park in Australia
Q168421,Minerva Hills National Park,national_parks,http://commons.wikimedia.org/wiki/Special:FilePath/Minerva%20Hills%20Natl%20Park%20Qld%20Australia.jpg,Australia,https://en.wikipedia.org/wiki/Minerva_Hills_National_Park,-24.080555555,148.064166666,national park in Australia
Q168618,Molle Islands National Park,national_parks,http://commons.wikimedia.org/wiki/Special:FilePath/On%20South%20Molle%20Island%20looking%20at%20North%20Molle%20and%20Daydream%20Islands.JPG,Australia,https://en.wikipedia.org/wiki/Molle_Islands_National_Park,-20.376666666,148.8575,national park in Australia
Q174656,Millstream Chichester National Park,national_parks,http://commons.wikimedia.org/wiki/Special:FilePath/Millstream-Chichester%20National%20Park%20DSC04092.JPG,Australia,https://en.wikipedia.org/wiki/Millstream_Chichester_National_Park,-21.2733,117.107,national park in the Pilbara region of Western Australia
Q174918,Errinundra National Park,national_parks,http://commons.wikimedia.org/wiki/Special:FilePath/Errinundra%20National%20Park%202010.jpg,Australia,https://en.wikipedia.org/wiki/Errinundra_National_Park,-37.2858,148.895,national park in Australia
Q176872,Barmah National Park,national_parks,http://commons.wikimedia.org/wiki/Special:FilePath/Barmah%20Lakes%2C%20Barmah%20National%20Park.jpg,Australia,https://en.wikipedia.org/wiki/Barmah_National_Park,-35.866666666,145.118055555,"national park in Victoria, Australia"
Q181556,Brockman National Park,national_parks,http://commons.wikimedia.org/wiki/Special:FilePath/Brockman%20National%20Park%20%28mapillary%20759584592136590%20cropped%29.jpg,Australia,https://en.wikipedia.org/wiki/Brockman_National_Park,-34.5144,115.996,national park in Western Australia
Q181891,Nullarbor National Park,national_parks,http://commons.wikimedia.org/wiki/Special:FilePath/Nullabor%20plain%20from%20the%20indian%20pacific.jpg,Australia,https://en.wikipedia.org/wiki/Nullarbor_National_Park,-31.4562,129.89905,national park in South Australia
Q198185,Moorrinya National Park,national_parks,http://commons.wikimedia.org/wiki/Special:FilePath/Squatter%20Pigeons%20Cement%20Mills.JPG,Australia,https://en.wikipedia.org/wiki/Moorrinya_National_Park,-21.3942,144.941,national park in Australia
Q203368,Boodjamulla (Lawn Hill) National Park,national_parks,http://commons.wikimedia.org/wiki/Special:FilePath/Lawn%20Hill%20Gorge.JPG,Australia,https://en.wikipedia.org/wiki/Boodjamulla_National_Park,-18.7014,138.488,"national park in Queensland, Australia"
Q211816,Pioneer Peaks National Park,national_parks,http://commons.wikimedia.org/wiki/Special:FilePath/Mt%20blackwood%20queensland01.jpg,Australia,https://en.wikipedia.org/wiki/Pioneer_Peaks_National_Park,-20.983888888,148.923888888,national park in Australia
Q212134,Staaten River National Park,national_parks,http://commons.wikimedia.org/wiki/Special:FilePath/Golden-shouldered%20Parrot%20%28Psephotus%20chrysopterygius%29-6.jpg,Australia,https://en.wikipedia.org/wiki/Staaten_River_National_Park,-16.2553,142.679,national park in Australia
Q248825,Peak Charles National Park,national_parks,http://commons.wikimedia.org/wiki/Special:FilePath/Peak%20Charles%2010%20Peak%20Charles%20NP%20V-2013.jpeg,Australia,https://en.wikipedia.org/wiki/Peak_Charles_National_Park,-32.9097,121.107,national park in Western Australia
Q254556,Conondale National Park,national_parks,http://commons.wikimedia.org/wiki/Special:FilePath/Conondale%20National%20Park%2C%20Queensland%2C%202023%2C%2012.jpg,Australia,https://en.wikipedia.org/wiki/Conondale_National_Park,-26.663055555,152.645555555,national park in Australia
Q256022,Wyperfeld National Park,national_parks,http://commons.wikimedia.org/wiki/Special:FilePath/Snowdrift.jpg,Australia,https://en.wikipedia.org/wiki/Wyperfeld_National_Park,-35.3892,141.877,"national park in Victoria, Australia"
Q491972,Mount William National Park,national_parks,http://commons.wikimedia.org/wiki/Special:FilePath/Stumpys%20Bay%20Beach%2C%20Tasmania.jpg,Australia,https://en.wikipedia.org/wiki/Mount_William_National_Park,-40.9375,148.253333,national park in Australia
Q499550,Smith Islands National Park,national_parks,http://commons.wikimedia.org/wiki/Special:FilePath/HumpbackWhaleBreaching.jpg,Australia,https://en.wikipedia.org/wiki/Smith_Islands_National_Park,-20.589166666,149.110555555,national park in Australia
Q524956,Dorrigo National Park,national_parks,http://commons.wikimedia.org/wiki/Special:FilePath/Rainforest%20trail.jpg,Australia,https://en.wikipedia.org/wiki/Dorrigo_National_Park,-30.381666666,152.7511111,"National Park in New South Wales, Australia"
Q539925,Murray Valley National Park,national_parks,http://commons.wikimedia.org/wiki/Special:FilePath/BullanginyaLagoon.JPG,Australia,https://en.wikipedia.org/wiki/Murray_Valley_National_Park,-35.7933,145.027,"National Park in New South Wales, Australia"
Q541149,Hat Head National Park,national_parks,http://commons.wikimedia.org/wiki/Special:FilePath/Pandanus%20tectorius%20at%20Hat%20Head%20National%20Park%20NSW.jpg,Australia,https://en.wikipedia.org/wiki/Hat_Head_National_Park,-31.065,153.0177778,"National Park in New South Wales, Australia"
Q568121,Lake Eildon National Park,national_parks,http://commons.wikimedia.org/wiki/Special:FilePath/Lake%20Eildon%20MP1.jpg,Australia,https://en.wikipedia.org/wiki/Lake_Eildon_National_Park,-37.151530555,145.830138888,national park in Australia
Q570270,Lake Gairdner National Park,national_parks,http://commons.wikimedia.org/wiki/Special:FilePath/Lake%20Gairdner.jpg,Australia,https://en.wikipedia.org/wiki/Lake_Gairdner_National_Park,-31.6972,135.854,national park in South Australia
Q572064,Wadbilliga National Park,national_parks,http://commons.wikimedia.org/wiki/Special:FilePath/Wadbilliga%20rocky%20scenery.JPG,Australia,https://en.wikipedia.org/wiki/Wadbilliga_National_Park,-36.466666666,149.583333333,"National Park in New South Wales, Australia"
Q581646,Bladensburg National Park,national_parks,http://commons.wikimedia.org/wiki/Special:FilePath/Scrammy%20Gorge%20Winton.jpg,Australia,https://en.wikipedia.org/wiki/Bladensburg_National_Park,-22.6525,143.057222222,"national park in Queensland, Australia"
Q581883,Mummel Gulf National Park,national_parks,http://commons.wikimedia.org/wiki/Special:FilePath/NewCountrySwamp.JPG,Australia,https://en.wikipedia.org/wiki/Mummel_Gulf_National_Park,-31.3125,151.844444444,"National Park in New South Wales, Australia"
Q586786,Cape Range National Park,national_parks,http://commons.wikimedia.org/wiki/Special:FilePath/00%201867%20Cape%20Range%20National%20Park%20Westaustralien.jpg,Australia,https://en.wikipedia.org/wiki/Cape_Range_National_Park,-22.1233,113.921,national park in Western Australia
Q600250,Garig Gunak Barlu National Park,national_parks,http://commons.wikimedia.org/wiki/Special:FilePath/Cape%20Don%20Lighthouse.jpg,Australia,https://en.wikipedia.org/wiki/Garig_Gunak_Barlu_National_Park,-11.36555556,132.23972222,"national park in Northern Territory, Australia"
Q608315,Yarriabini National Park,national_parks,http://commons.wikimedia.org/wiki/Special:FilePath/Yarriabini%20rainforest.jpg,Australia,https://en.wikipedia.org/wiki/Yarriabini_National_Park,-30.8052,152.930688888,"National Park in New South Wales, Australia"
Q614773,Walyunga National Park,national_parks,http://commons.wikimedia.org/wiki/Special:FilePath/Walyunga%20National%20Park%20entry%20station%2C%20September%202024%2006.jpg,Australia,https://en.wikipedia.org/wiki/Walyunga_National_Park,-31.7061,116.09,national park in Western Australia
Q625511,Arakwal National Park,national_parks,http://commons.wikimedia.org/wiki/Special:FilePath/Byron%20Lighthouse%20looking%20south%202004-28-12.JPG,Australia,https://en.wikipedia.org/wiki/Arakwal_National_Park,-28.6603,153.621,"National Park in New South Wales, Australia"
Q643478,Guy Fawkes River National Park,national_parks,http://commons.wikimedia.org/wiki/Special:FilePath/Guy%20Fawkes%20R.JPG,Australia,https://en.wikipedia.org/wiki/Guy_Fawkes_River_National_Park,-30.031666666,152.3011111,"National Park in New South Wales, Australia"
Q643818,Belair National Park,national_parks,http://commons.wikimedia.org/wiki/Special:FilePath/Belair%20Old%20Government%20House.jpg,Australia,https://en.wikipedia.org/wiki/Belair_National_Park,-35.013055555,138.655833333,national park in Australia
Q655191,Rocky Cape National Park,national_parks,http://commons.wikimedia.org/wiki/Special:FilePath/Rocky%20Cape%202009.jpg,Australia,https://en.wikipedia.org/wiki/Rocky_Cape_National_Park,-40.899722,145.535833,national park in Australia
Q667469,Shannon National Park,national_parks,http://commons.wikimedia.org/wiki/Special:FilePath/Mokare%27s%20Rock%201%20Rock%20Walktrail%20Shannon%20NP%20IX-2015.jpg,Australia,https://en.wikipedia.org/wiki/Shannon_National_Park,-34.6031,116.365,national park in Western Australia
Q679568,Purnululu National Park,national_parks,http://commons.wikimedia.org/wiki/Special:FilePath/1%20Purnululu%20Nationalpark%20-%20Australien.jpg,Australia,https://en.wikipedia.org/wiki/Purnululu_National_Park,-17.448789,128.546055,national park in the Kimberley region of Western Australia
Q696959,Snowy River National Park,national_parks,http://commons.wikimedia.org/wiki/Special:FilePath/Little%20River%20Gorge.jpg,Australia,https://en.wikipedia.org/wiki/Snowy_River_National_Park,-37.275,148.553,national park in Australia
Q11568,Darwin,cities,http://commons.wikimedia.org/wiki/Special:FilePath/.00%202367%20Darwin%20Australien%20-%20State%20Square.jpg,Australia,"https://en.wikipedia.org/wiki/Darwin,_Northern_Territory",-12.438055555,130.841111111,"capital city of the Northern Territory, Australia, and the surrounding area"
Q3114,Canberra,cities,http://commons.wikimedia.org/wiki/Special:FilePath/Canberra%20from%20Mt%20Ainslie%20%285642431515%29.jpg,Australia,https://en.wikipedia.org/wiki/Canberra,-35.293055555,149.126944444,capital city of Australia
Q3130,Sydney,cities,http://commons.wikimedia.org/wiki/Special:FilePath/00%203178%20Sydney%2C%20Australia.jpg,Australia,https://en.wikipedia.org/wiki/Sydney,-33.867777777,151.21,"capital city of New South Wales, Australia"
Q3141,Melbourne,cities,http://commons.wikimedia.org/wiki/Special:FilePath/Melbourne%20CBD%20and%20Ceremonial%20Avenue%20%28in%202024%29%20as%20seen%20from%20the%20rooftop%20of%20Shrine%20of%20Remembrance.jpg,Australia,https://en.wikipedia.org/wiki/Melbourne,-37.814166666,144.963055555,"capital city of Victoria, Australia"
Q3183,Perth,cities,http://commons.wikimedia.org/wiki/Special:FilePath/Elizabeth%20Quay%20February%202016%20%28cropped%29.jpg,Australia,https://en.wikipedia.org/wiki/Perth,-31.955833333,115.859722222,"capital city of Western Australia, Australia"
Q125846,Q1 Tower,skyscrapers,http://commons.wikimedia.org/wiki/Special:FilePath/Q1%20Tower%2C%20Gold%20Coast%2C%20Queensland.jpg,Australia,https://en.wikipedia.org/wiki/Q1_(building),-28.006111111,153.429444444,skyscraper in Australia
Q165506,101 Collins Street,skyscrapers,http://commons.wikimedia.org/wiki/Special:FilePath/AUS%20Melbourne%2C%20Central%20Business%20District%2C%20Princes%20Bridge%2C%20View%20002.jpg,Australia,https://en.wikipedia.org/wiki/101_Collins_Street,-37.815,144.970777777,"Skyscraper in Melbourne, Australia"
Q172402,120 Collins Street,skyscrapers,http://commons.wikimedia.org/wiki/Special:FilePath/120CollinsSt.jpg,Australia,https://en.wikipedia.org/wiki/120_Collins_Street,-37.813833333,144.9695,"Skyscraper in Melbourne, Australia"
Q199312,Zig Zag Railway,museums,http://commons.wikimedia.org/wiki/Special:FilePath/ZigZagTopPoints.jpg,Australia,https://en.wikipedia.org/wiki/Zig_Zag_Railway,-33.471758333,150.194222222,"railway line in New South Wales, Australia"
Q1656485,Ida Bay Railway,museums,http://commons.wikimedia.org/wiki/Special:FilePath/Ida%20Bay%20Railway%208%20Silver%20Streak.jpg,Australia,https://en.wikipedia.org/wiki/Ida_Bay_Railway,-43.443588888,146.903525,railway line in Australia
Q1724095,Walhalla Goldfields Railway,museums,http://commons.wikimedia.org/wiki/Special:FilePath/Walhalla%20Goldfields%20Railway.jpg,Australia,https://en.wikipedia.org/wiki/Walhalla_Goldfields_Railway,-37.9522,146.436,"Narrow gauge tourist railway in Victoria, Australia"
Q721087,HMAS Vampire,museums,http://commons.wikimedia.org/wiki/Special:FilePath/Australian%20national%20maritime%20museum%20ships%20cr.jpg,Australia,https://en.wikipedia.org/wiki/HMAS_Vampire_(D11),-33.8692,151.2,1956 Daring-class destroyer
Q4681889,Adele Island,natural,http://commons.wikimedia.org/wiki/Special:FilePath/ISS044-E-903%20-%20View%20of%20Western%20Australia.jpg,Australia,https://en.wikipedia.org/wiki/Adele_Island_(Western_Australia),-15.52361111,123.15444444,"island in Western Australia, Australia"
Q4879376,Bedout Island,natural,http://commons.wikimedia.org/wiki/Special:FilePath/Brown%20boobytern.JPG,Australia,https://en.wikipedia.org/wiki/Bedout_Island,-19.57777778,119.09444444,island in Western Australia
Q5212938,Dampier Saltworks Important Bird Area,natural,http://commons.wikimedia.org/wiki/Special:FilePath/Dampier%20panorama%20Nov06%20SMC.jpg,Australia,https://en.wikipedia.org/wiki/Dampier_Saltworks_Important_Bird_Area,-20.7189,116.727,Important Bird Area in Western Australia
Q5315553,Dunn Rock and Lake King Important Bird Area,natural,http://commons.wikimedia.org/wiki/Special:FilePath/Lichenostomus%20cratitius.jpg,Australia,https://en.wikipedia.org/wiki/Dunn_Rock_and_Lake_King_Important_Bird_Area,-33.2361,119.522,Important Bird Area in Western Australia
Q6908060,Moora Important Bird Area,natural,http://commons.wikimedia.org/wiki/Special:FilePath/Moora%20Important%20Bird%20Area.jpg,Australia,https://en.wikipedia.org/wiki/Moora_Important_Bird_Area,-30.6456,116.007,Important Bird Area in Western Australia
Q6935738,Mundaring-Kalamunda Important Bird Area,natural,http://commons.wikimedia.org/wiki/Special:FilePath/Calyptorhynchus%20baudinii%20%28female%29%20-Margaret%20River-8.jpg,Australia,https://en.wikipedia.org/wiki/Mundaring-Kalamunda_Important_Bird_Area,-31.9606,116.14,Important Bird Area in Western Australia
Q7565306,South-east Tasmania Important Bird Area,natural,http://commons.wikimedia.org/wiki/Special:FilePath/Forty-spotted%20Pardalote.jpg,Australia,https://en.wikipedia.org/wiki/South-east_Tasmania_Important_Bird_Area,-42.99305556,147.43222222,"important bird area in Tasmania, Australia"
Q7566007,South Arm Important Bird Area,natural,http://commons.wikimedia.org/wiki/Special:FilePath/Haematopus%20longirostris%20-%20Austins%20Ferry.jpg,Australia,https://en.wikipedia.org/wiki/South_Arm_Important_Bird_Area,-42.86861111,147.53194444,"Important Bird Area in Tasmania, Australia"
Q6528775,Lerderderg River diversion tunnel,space,http://commons.wikimedia.org/wiki/Special:FilePath/Lerderberg%20River%20tunnel.jpg,Australia,https://en.wikipedia.org/wiki/Lerderderg_River_diversion_tunnel,-37.49,144.348,a river tunnel
Q7235627,Pound Bend Tunnel,space,http://commons.wikimedia.org/wiki/Special:FilePath/Pound%20Bend%20tunnel.JPG,Australia,https://en.wikipedia.org/wiki/Pound_Bend_Tunnel,-37.7389,145.2,"diversion tunnel on the Yarra River at Warrandyte, Victoria, Australia"
Q32999,Wien-Schwechat Airport,airports,http://commons.wikimedia.org/wiki/Special:FilePath/2011-06-14%2010-23-53%20Austria%20Nieder%C3%B6sterreich%20Fischamend%20Markt.jpg,Austria,https://en.wikipedia.org/wiki/Vienna_International_Airport,48.110277777,16.569722222,"international airport serving Vienna, Austria"
Q178162,Graz Airport,airports,http://commons.wikimedia.org/wiki/Special:FilePath/Aerial%20image%20of%20the%20Graz%20airport.jpg,Austria,https://en.wikipedia.org/wiki/Graz_Airport,46.993055555,15.439166666,"primary international airport in Styria, Austria"
Q351321,Wienerwaldsee,lakes,http://commons.wikimedia.org/wiki/Special:FilePath/Nieder%C3%B6sterreich%20-%20Wienerwaldsee.JPG,Austria,https://en.wikipedia.org/wiki/Wienerwaldsee,48.1806,16.1203,"lake in Lower Austria, Austria"
Q387919,Afritzer See,lakes,http://commons.wikimedia.org/wiki/Special:FilePath/Afritzer%20see%202003.jpg,Austria,https://en.wikipedia.org/wiki/Afritzer_See,46.745277777,13.768055555,lake in Austria
Q389566,Wildensee,lakes,http://commons.wikimedia.org/wiki/Special:FilePath/Rinnerkogel%20Wildensee%20Totes%20Gebirge%2020210615.jpg,Austria,https://en.wikipedia.org/wiki/Wildensee_(Salzkammergut),47.712986,13.851237,"lake in the Salzkammergut, Styria"
Q176990,Lauchsee,lakes,http://commons.wikimedia.org/wiki/Special:FilePath/AUT%20%E2%80%93%20Land%20Tirol%20%E2%80%93%20Bezirk%20Kitzb%C3%BChel%20%E2%80%94%20Gemeinde%20Fieberbrunn%20%E2%80%94%20Fieberbrunn%20Dorf%20%E2%80%94%20Lauchseeweg%2019%20%28Lauchsee%20Moorbad%29%202020.JPG,Austria,https://en.wikipedia.org/wiki/Lauchsee,47.470944,12.534392,"lake in Tyrol, Austria"
Q525983,Schleierfall,waterfalls,http://commons.wikimedia.org/wiki/Special:FilePath/Schleierwasserfall%20wilder%20kaiser.JPG,Austria,https://en.wikipedia.org/wiki/Schleierfall,47.5454,12.3624,waterfall in the Wilder Kaiser in Tyrol
Q258357,Äußeres Mullwitzkees,glaciers,http://commons.wikimedia.org/wiki/Special:FilePath/Defregger-Haus-%281980%29.jpg,Austria,,47.08765,12.379583333,glacier in the Venediger Group in East Tyrol
Q332418,Übergossene Alm,glaciers,http://commons.wikimedia.org/wiki/Special:FilePath/Blick%20vom%20Hochk%C3%B6nig%20richtung%20Westen.JPG,Austria,https://en.wikipedia.org/wiki/%C3%9Cbergossene_Alm,47.4267,13.0617,glacier in the Hochkönig Massiv in Salzburg
Q612901,National Park Thayatal,national_parks,http://commons.wikimedia.org/wiki/Special:FilePath/Thaya%20080524%2010.jpg,Austria,https://en.wikipedia.org/wiki/Thayatal_National_Park,48.8522,15.8633,national park in Austria
Q696014,Hohe Tauern National Park,national_parks,http://commons.wikimedia.org/wiki/Special:FilePath/Jungfernsprung%20im%20Nationalpark%20Hohe%20Tauern.JPG,Austria,https://en.wikipedia.org/wiki/Hohe_Tauern_National_Park,47.13556,12.32529,national park
Q700204,Salzburger Lungau and Kärntner Nockberge,national_parks,http://commons.wikimedia.org/wiki/Special:FilePath/Seeboden08ende%20145.jpg,Austria,https://en.wikipedia.org/wiki/Nockberge_National_Park,46.9692,13.7256,biosphere reserve in Austria
Q1016113,Q1016113,cities,http://commons.wikimedia.org/wiki/Special:FilePath/Burgus%20Hirschleitengraben%20%28Ruine%20r%C3%B6mischer%20Wachturm%20K%C3%BCrnberger%20Wald%29.jpg,Austria,,48.3239,14.1906,burgus
Q1016118,Q1016118,cities,http://commons.wikimedia.org/wiki/Special:FilePath/Hollenburg%20Hausberg%20Bertholdstein.JPG,Austria,,48.37975,15.68147,burgus
Q1016128,Q1016128,cities,http://commons.wikimedia.org/wiki/Special:FilePath/Ybbs%20Reste%20Sp%C3%A4tantikes%20Kleinkastell%2001.jpg,Austria,,48.1667,15.0667,burgus
Q2741490,Kleinkastell Oberranna,cities,http://commons.wikimedia.org/wiki/Special:FilePath/Oberranna%20%28Burgus-3%29.JPG,Austria,,48.4715,13.7737,"building in Engelhartszell an der Donau, Austria"
Q1735,Innsbruck,cities,http://commons.wikimedia.org/wiki/Special:FilePath/Innsbruck%20-%20panoramio%20%2845%29.jpg,Austria,https://en.wikipedia.org/wiki/Innsbruck,47.268333333,11.393333333,"capital of the state of Tyrol, Austria"
Q80495,Millennium Tower,skyscrapers,http://commons.wikimedia.org/wiki/Special:FilePath/Wien%20-%20Millennium%20Tower%20%281%29.JPG,Austria,https://en.wikipedia.org/wiki/Millennium_Tower_(Vienna),48.24,16.386944444,skyscraper in Vienna
Q512867,Andromeda Tower,skyscrapers,http://commons.wikimedia.org/wiki/Special:FilePath/Image-Andromeda-Tower%20Vienna%202005.JPG,Austria,https://en.wikipedia.org/wiki/Andromeda_Tower,48.233,16.4142,"an office building in Vienna, Austria"
Q166900,Goldburg,castles,http://commons.wikimedia.org/wiki/Special:FilePath/Goldburg%2C%20Murstetten.jpg,Austria,,48.2361,15.8289,castle ruin
Q177125,Burg Clam,castles,http://commons.wikimedia.org/wiki/Special:FilePath/Klam%20-%20Burg%20Clam%20%281%29.JPG,Austria,https://en.wikipedia.org/wiki/Burg_Clam,48.220919444,14.778488888,"building in Upper Austria, Austria"
Q179236,Burg Neulengbach,castles,http://commons.wikimedia.org/wiki/Special:FilePath/Neulengbach%20-%20Schloss.JPG,Austria,https://en.wikipedia.org/wiki/Burg_Neulengbach,48.1981,15.9103,castle in Lower Austria
Q185287,Burg Freundsberg,castles,http://commons.wikimedia.org/wiki/Special:FilePath/Schloss%20Freundsberg%202008-08-16.JPG,Austria,https://en.wikipedia.org/wiki/Burg_Freundsberg,47.3433,11.7175,château
Q258347,Äußeres Burgtor,castles,http://commons.wikimedia.org/wiki/Special:FilePath/Wien%2001%20%C3%84u%C3%9Feres%20Burgtor%20a.jpg,Austria,,48.2056,16.3627,"building in Innere Stadt, Austria"
Q261253,Burg Altpernstein,castles,http://commons.wikimedia.org/wiki/Special:FilePath/Burg%20Altpernstein.jpg,Austria,,47.885,14.1567,castle in Austria
Q356289,"Hofburg, Innsbruck",castles,http://commons.wikimedia.org/wiki/Special:FilePath/Insbruk%20Hofburg%20%C4%8Delo%201.jpg,Austria,"https://en.wikipedia.org/wiki/Hofburg,_Innsbruck",47.2689,11.3944,"Habsburg palace in Innsbruck, Austria, and considered one of the three most significant cultural buildings in the country, along with the Hofburg Palace and Schönbrunn Palace in Vienna"
Q365970,Burg Raabs an der Thaya,castles,http://commons.wikimedia.org/wiki/Special:FilePath/Raabs%20castle%201995%2001.jpg,Austria,https://en.wikipedia.org/wiki/Burg_Raabs_an_der_Thaya,48.847,15.4901,rocca
Q368261,Herzogenburg Priory,castles,http://commons.wikimedia.org/wiki/Special:FilePath/Herzogenburg%20-%20Stift.JPG,Austria,https://en.wikipedia.org/wiki/Herzogenburg_Monastery,48.28679,15.69718,Monastery of Augustinian Canons
Q185741,Ernst-Happel-Stadion,stadiums,http://commons.wikimedia.org/wiki/Special:FilePath/Ernst-happel-stadion%20vienna.jpg,Austria,https://en.wikipedia.org/wiki/Ernst-Happel-Stadion,48.207222222,16.420833333,stadium in Vienna
Q216167,Wörthersee Stadion,stadiums,http://commons.wikimedia.org/wiki/Special:FilePath/Stadium%20klagenfurt%20aerial%20view.jpg,Austria,https://en.wikipedia.org/wiki/W%C3%B6rthersee_Stadion,46.608847,14.278281,stadium
Q622683,University of Graz,universities,http://commons.wikimedia.org/wiki/Special:FilePath/Graz%20-%20Universit%C3%A4t%2C%20Hauptgeb%C3%A4ude%20%28b%29.JPG,Austria,https://en.wikipedia.org/wiki/University_of_Graz,47.07761,15.44956,"university in Graz, Austria"
Q414219,Academy of Fine Arts Vienna,universities,http://commons.wikimedia.org/wiki/Special:FilePath/Akademie%20der%20bildenden%20Kuenste%20DSC%202400w.jpg,Austria,https://en.wikipedia.org/wiki/Academy_of_Fine_Arts_Vienna,48.201253,16.365103,"art school in Vienna, Austria"
Q474613,Ampflwang coal railway,museums,http://commons.wikimedia.org/wiki/Special:FilePath/Lokpark%20Ampflwang%2012.jpg,Austria,,48.008711,13.593036,railway line in Upper Austria
Q745350,Filmarchiv Austria,museums,http://commons.wikimedia.org/wiki/Special:FilePath/Altes%20Schloss%20Laxenburg%208991.jpg,Austria,https://en.wikipedia.org/wiki/Filmarchiv_Austria,48.054948,16.358766,museum in Austria
Q872504,Ybbs Valley Railway,museums,http://commons.wikimedia.org/wiki/Special:FilePath/Ybbstalbahn%20Bruecke%20bei%20Gstadt.jpg,Austria,https://en.wikipedia.org/wiki/Ybbs_Valley_Railway,47.9682,14.76605,narrow gauge railway in Lower Austria
Q905185,Bregenz Forest Railway,museums,http://commons.wikimedia.org/wiki/Special:FilePath/W%C3%A4lderb%C3%A4hnle%204.JPG,Austria,https://en.wikipedia.org/wiki/Bregenz_Forest_Railway,47.3819,9.89583,"heritage railway in Vorarlberg, Austria"
Q1225518,Waldviertel narrow gauge railways,museums,http://commons.wikimedia.org/wiki/Special:FilePath/%C3%96BB399%20altnagelberg.jpg,Austria,,48.7819,14.9856,railway line in Austria
Q1266809,Höllental Railway,museums,http://commons.wikimedia.org/wiki/Special:FilePath/HTB01.JPG,Austria,https://en.wikipedia.org/wiki/H%C3%B6llental_Railway_(Lower_Austria),47.6981,15.8394,narrow gauge heritage railway in Austria
Q1289416,Florianerbahn,museums,http://commons.wikimedia.org/wiki/Special:FilePath/Florianerbahn%20Remise.JPG,Austria,https://en.wikipedia.org/wiki/Florianerbahn,48.233335,14.37451611,museum in Austria
Q1363842,Erzbergbahn,museums,http://commons.wikimedia.org/wiki/Special:FilePath/Erzberg%20Verladeanlage.jpg,Austria,,47.5197,14.9514,railway line in Austria
Q1555215,Gurktalbahn,museums,http://commons.wikimedia.org/wiki/Special:FilePath/Poeckstein%2089801%2020000812.jpg,Austria,,46.8683,14.4648,railway line in Austria
Q1669845,Museumstramway Mariazell,museums,http://commons.wikimedia.org/wiki/Special:FilePath/Museumstramway%20Mariazell%20Hellbrunn%20Haltestelle%20Promenadenweg%202023-06-18.jpg,Austria,,47.7864,15.2944,railway line in Austria
Q113528,Österreichischer Skulpturenpark,museums,http://commons.wikimedia.org/wiki/Special:FilePath/EU%20%26%20YOU%20by%20Boris%20Podrecca-6925.jpg,Austria,,46.9788,15.4318,museum in Austria
Q136333,ZOOM Kindermuseum,museums,http://commons.wikimedia.org/wiki/Special:FilePath/Zoom%20Kindermuseum%20MQ%20Wien.jpg,Austria,,48.20207,16.359563,museum in Vienna
Q143767,Zahnmuseum Linz,museums,http://commons.wikimedia.org/wiki/Special:FilePath/Linz%20Museum%20Zahnheilkunde.jpg,Austria,,48.3058,14.2867,museum in Upper Austria
Q281725,Imperial Carriage Museum,museums,http://commons.wikimedia.org/wiki/Special:FilePath/Wagenburg%20Eingang.jpg,Austria,https://en.wikipedia.org/wiki/Imperial_Carriage_Museum,48.1867,16.3094,museum of carriages
Q334274,Seckau Abbey,museums,http://commons.wikimedia.org/wiki/Special:FilePath/%C3%84u%C3%9Ferer%20Klosterhof%20Benediktinerabtei%20Seckau.JPG,Austria,https://en.wikipedia.org/wiki/Seckau_Abbey,47.274223,14.787456,abbey
Q340128,Schloss Rosenau,museums,http://commons.wikimedia.org/wiki/Special:FilePath/2005-09-19%20Schloss%20Rosenau.JPG,Austria,,48.6011,15.0636,"building in Lower Austria, Austria"
Q372676,Vienna Technical Museum,museums,http://commons.wikimedia.org/wiki/Special:FilePath/Wien%20-%20Technisches%20Museum%20%282%29.JPG,Austria,https://en.wikipedia.org/wiki/Vienna_Museum_of_Science_and_Technology,48.190930555,16.318030555,"museum in Vienna, Austria"
Q700709,Kufstein Fortress,museums,http://commons.wikimedia.org/wiki/Special:FilePath/Festung%20Kufstein%20Bruennstein-1.jpg,Austria,https://en.wikipedia.org/wiki/Kufstein_Fortress,47.581222222,12.169138888,fortress in Austria
Q2568865,Vienna stock exchange building,markets,http://commons.wikimedia.org/wiki/Special:FilePath/B%C3%B6rse%20Wien%2001.jpg,Austria,,48.215311111,16.3664,building in Vienna that used the house the stock exchange
Q992810,Brunnenmarkt,markets,http://commons.wikimedia.org/wiki/Special:FilePath/Brunnenmarkt%2002.jpg,Austria,,48.212,16.3358,market in Vienna
Q2360985,Porak,peaks,http://commons.wikimedia.org/wiki/Special:FilePath/PorakVolcano.jpg,Azerbaijan,https://en.wikipedia.org/wiki/Porak,40.02,45.78,volcano in Armenia and Azerbaijan
Q593274,Göygöl National Park,national_parks,http://commons.wikimedia.org/wiki/Special:FilePath/Geygol.jpg,Azerbaijan,https://en.wikipedia.org/wiki/G%C3%B6yg%C3%B6l_National_Park,40.40583333,46.3225,geographical object
Q80499,Flame Towers,skyscrapers,http://commons.wikimedia.org/wiki/Special:FilePath/Flame%20towers%20baku.jpg,Azerbaijan,https://en.wikipedia.org/wiki/Flame_Towers,40.359722222,49.826111111,skyscraper
Q511612,Bahrain World Trade Center,skyscrapers,http://commons.wikimedia.org/wiki/Special:FilePath/Bahrain%20World%20trade%20Center%20.jpg,Bahrain,https://en.wikipedia.org/wiki/Bahrain_World_Trade_Center,26.239166666,50.581388888,skyscraper
Q93807,Manama Souq,markets,http://commons.wikimedia.org/wiki/Special:FilePath/Bahrain%20Souk%20Sweets1.JPG,Bahrain,https://en.wikipedia.org/wiki/Manama_Souq,26.231252,50.576961,"bazaar of Manama, Bahrain"
Q30603,Hazrat Shahjalal International Airport,airports,http://commons.wikimedia.org/wiki/Special:FilePath/Zia%20aeropuerto%20internacional.JPG,Bangladesh,https://en.wikipedia.org/wiki/Hazrat_Shahjalal_International_Airport,23.845,90.4005,"Primary Airport of Bangladesh, Serves the capital City Dhaka"
Q162139,Osmani International Airport,airports,http://commons.wikimedia.org/wiki/Special:FilePath/Osmani%20International%20Airport.jpg,Bangladesh,https://en.wikipedia.org/wiki/Osmani_International_Airport,24.963333333,91.866944444,"international airport in Sylhet, Bangladesh"
Q525609,Shah Amanat International Airport,airports,http://commons.wikimedia.org/wiki/Special:FilePath/ShahAmanatAirport-01.jpg,Bangladesh,https://en.wikipedia.org/wiki/Shah_Amanat_International_Airport,22.249722222,91.813333333,airport
Q3348667,Madhabkunda waterfall,waterfalls,http://commons.wikimedia.org/wiki/Special:FilePath/Madhobkundo%20falls.jpg,Bangladesh,https://en.wikipedia.org/wiki/Madhabkunda_Waterfall,24.639166666,92.221111111,waterfall in Bangladesh
Q1974408,Dhaka Stock Exchange,markets,http://commons.wikimedia.org/wiki/Special:FilePath/Dhaka%20stock%20exchange.jpg,Bangladesh,https://en.wikipedia.org/wiki/Dhaka_Stock_Exchange,23.836,90.4173,"Stock exchange located in Dhaka, Bangladesh"
Q167042,Kensington Oval,stadiums,http://commons.wikimedia.org/wiki/Special:FilePath/Kensington%20Oval%20yes.jpg,Barbados,https://en.wikipedia.org/wiki/Kensington_Oval,13.105,-59.6225,Cricket stadium
Q27048,Brest Airport,airports,http://commons.wikimedia.org/wiki/Special:FilePath/Brest%20Airport.jpg,Belarus,https://en.wikipedia.org/wiki/Brest_Airport,52.108333333,23.898055555,"airport serving Brest, Belarus"
Q27049,Hrodna Airport,airports,http://commons.wikimedia.org/wiki/Special:FilePath/Grodno%20airport.jpg,Belarus,https://en.wikipedia.org/wiki/Grodno_Airport,53.601944444,24.053888888,"airport that serves Hrodna, Belarus"
Q393977,Bohinskaje,lakes,http://commons.wikimedia.org/wiki/Special:FilePath/Lake%20Boginskoe%20Belarus.jpg,Belarus,,55.4,26.816666666,"lake in Viciebsk region, Belarus"
Q209643,Mir Castle Complex,castles,http://commons.wikimedia.org/wiki/Special:FilePath/Mir%20Castle%202018.jpg,Belarus,https://en.wikipedia.org/wiki/Mir_Castle_Complex,53.451266666,26.472894444,"castle in Mir, Belarus"
Q268433,New Grodno Castle,castles,http://commons.wikimedia.org/wiki/Special:FilePath/%D0%9D%D0%BE%D0%B2%D1%8B%20%D0%B7%D0%B0%D0%BC%D0%B0%D0%BA%28%D0%93%D0%B0%D1%80%D0%BE%D0%B4%D0%BD%D1%8F%29%201.jpg,Belarus,https://en.wikipedia.org/wiki/New_Grodno_Castle,53.67613,23.82538,"palace in Grodno, Belarus"
Q117504,Pinsk Marshes,natural,http://commons.wikimedia.org/wiki/Special:FilePath/Prypiat%20River%20in%20the%20Chernobyl%20Exclusion%20Zone%2C%20May%202009.jpg,Belarus,https://en.wikipedia.org/wiki/Pripet_Marshes,51.815277777,24.952777777,swamp
Q4128877,Vydryca,natural,http://commons.wikimedia.org/wiki/Special:FilePath/%D0%A0.%20%D0%92%D1%8B%D0%B4%D1%80%D1%8B%D1%86%D0%B0.jpg,Belarus,,52.7436,29.6642,nature reserve in Belarus
Q28934,Brussels Airport,airports,http://commons.wikimedia.org/wiki/Special:FilePath/Brussels%20Airport%20Runway%2025%20R.jpg,Belgium,https://en.wikipedia.org/wiki/Brussels_Airport,50.901388888,4.484444444,"international airport northeast of Brussels, Belgium"
Q17480,Antwerp International Airport,airports,http://commons.wikimedia.org/wiki/Special:FilePath/Antwerp%20Airport%20%28Deurne%29.jpg,Belgium,https://en.wikipedia.org/wiki/Antwerp_International_Airport,51.189444444,4.460277777,"international airport serving Antwerp, Belgium"
Q165395,Dam of the Vesdre,lakes,http://commons.wikimedia.org/wiki/Special:FilePath/Eupen002.jpg,Belgium,https://en.wikipedia.org/wiki/Lake_Eupen,50.616666666,6.092222222,dam
Q320702,Lake Robertville,lakes,http://commons.wikimedia.org/wiki/Special:FilePath/Lac%20de%20Robertville%20%2C%20Pont%20Haelen.jpg,Belgium,https://en.wikipedia.org/wiki/Lake_Robertville,50.45,6.113611111,"lake in Waimes, Wallonia, Belgium"
Q3417824,waterfall of Chaudière,waterfalls,http://commons.wikimedia.org/wiki/Special:FilePath/La%20Chaudi%C3%A9re%20001.JPG,Belgium,,50.4678,5.74835,"waterfall in Ninglinspo, Belgium"
Q12994,Bruges,cities,http://commons.wikimedia.org/wiki/Special:FilePath/Brugge-CanalRozenhoedkaai.JPG,Belgium,https://en.wikipedia.org/wiki/Bruges,51.208888888,3.224166666,"city in West Flanders, Belgium"
Q1660449,Le Cheslé,cities,http://commons.wikimedia.org/wiki/Special:FilePath/Reconstitution%20porte.JPG,Belgium,,50.16333,5.6472,"Celtic oppidum in Bérismenil, Belgium"
Q3057058,Dolmen of Wéris,landmarks,http://commons.wikimedia.org/wiki/Special:FilePath/Dolmen%20de%20W%C3%A9ris%20I%20%28Vue%20du%20nord%29.jpg,Belgium,,50.33347,5.5227,dolmen in Belgium
Q3192455,Dolmen of Oppagne,landmarks,http://commons.wikimedia.org/wiki/Special:FilePath/W%C3%A9ris%20Dol2b%20JPG.jpg,Belgium,,50.321611111,5.512916666,dolmen in Belgium
Q1820643,Tumulus of Hochtumsknopf,landmarks,http://commons.wikimedia.org/wiki/Special:FilePath/Burg-Reuland-Tumulus%20van%20Hochtumsknopf%20%282%29.JPG,Belgium,,50.23163,6.05816,"tumulus in Burg-Reuland, Belgium"
Q1899395,Tombe de l'Empereur,landmarks,http://commons.wikimedia.org/wiki/Special:FilePath/Belgium%20Tumulus%20de%20l%27Empereur%2001.jpg,Belgium,,50.63816,5.08519,"tumulus in Hannuit, Belgium"
Q1913292,Othée Tumulus,landmarks,http://commons.wikimedia.org/wiki/Special:FilePath/Awans-Tumulus%20van%20Oth%C3%A9e%20%283%29.JPG,Belgium,,50.72329,5.45953,"tumulus in Awans, Belgium"
Q1981929,Butte Saint-Sauveur,landmarks,http://commons.wikimedia.org/wiki/Special:FilePath/Braives-Butte%20Saint-Sauveur%20%284%29.JPG,Belgium,,50.60324,5.18821,
Q1997166,Tumulus of Koninksem,landmarks,http://commons.wikimedia.org/wiki/Special:FilePath/Tongeren-Tumulus%20Koninksem%20%28Paardsweidestraat%29%20%282%29.JPG,Belgium,,50.76888,5.44443,"tumulus at the Paardsweidestraat in Koninksem, Belgium"
Q2001444,Tumuli of Libersart,landmarks,http://commons.wikimedia.org/wiki/Special:FilePath/Belgique%20-%20Tumuli%20de%20Libersart%20-%2003.JPG,Belgium,,50.6552,4.72158,
Q2004450,Tumulus of Vechmaal,landmarks,http://commons.wikimedia.org/wiki/Special:FilePath/Vechmaal-Tumulus%20van%20Vechmaal%20%283%29.JPG,Belgium,,50.75704,5.3518,
Q2020031,Tumulus of Brustem,landmarks,http://commons.wikimedia.org/wiki/Special:FilePath/Tumulus%20de%20Brustem.jpg,Belgium,,50.7926,5.24247,
Q2029782,Tumulus of Piétrain,landmarks,http://commons.wikimedia.org/wiki/Special:FilePath/Jodoigne-Tumulus%20van%20Pi%C3%A9train%20%282%29.JPG,Belgium,,50.71538,4.92136,
Q2085821,Tumulus of Vaux,landmarks,http://commons.wikimedia.org/wiki/Special:FilePath/Villers-le-Bouillet-Tumulus%20van%20Vaux%20%282%29.JPG,Belgium,,50.620967,5.230172,
Q2088193,Tumulus of Hodeige,landmarks,http://commons.wikimedia.org/wiki/Special:FilePath/Remicourt-Tumulus%20van%20Hoedeige%20%282%29.JPG,Belgium,,50.70041,5.36442,
Q2112661,Tumulus of Tilly,landmarks,http://commons.wikimedia.org/wiki/Special:FilePath/Tombe%20de%20Tilly%20-%20Tumulus%20de%20Tilly.jpg,Belgium,,50.57663,4.55465,
Q2139595,Tumulus of Émael,landmarks,http://commons.wikimedia.org/wiki/Special:FilePath/Bassenge-Tumulus%20van%20Emael%20%283%29.JPG,Belgium,,50.78972,5.67556,
Q2156054,tumulus of Gutschoven,landmarks,http://commons.wikimedia.org/wiki/Special:FilePath/Gutshoven-Graf%20van%20Gutshoven%20%284%29.JPG,Belgium,,50.77012,5.33237,
Q2161403,Tombe of Yve,landmarks,http://commons.wikimedia.org/wiki/Special:FilePath/Braives-Tombe%20van%20Yve%20%281%29.JPG,Belgium,,50.60592,5.14188,
Q2171278,Tumulus of Oleye,landmarks,http://commons.wikimedia.org/wiki/Special:FilePath/Oleye-Tumulus%20van%20Oleye%20%281%29.JPG,Belgium,,50.7158,5.28212,
Q2172118,Tumulus of Herderen,landmarks,http://commons.wikimedia.org/wiki/Special:FilePath/Tumulus%20van%20Herderen%20%28Grootbos%29.jpg,Belgium,,50.80676,5.5545,Vlijtingerweg
Q2222361,Tumulus of Schinkelsknopf,landmarks,http://commons.wikimedia.org/wiki/Special:FilePath/Sankt%20Vith-H%C3%BCgelgr%C3%A4ber%20Schinkelsknopf%20%283%29.jpg,Belgium,,50.255608333,6.110852777,"tumulus in Sankt Vith, Belgium"
Q2223625,Tumulus of Havelange,landmarks,http://commons.wikimedia.org/wiki/Special:FilePath/Havelange-Tumulus%20van%20Havelange%20%282%29.JPG,Belgium,,50.39051,5.28808,
Q2230537,Tumulus aux Six Frères,landmarks,http://commons.wikimedia.org/wiki/Special:FilePath/Eghezee-Tumulus%20aux%20Six%20Fr%C3%A8res%20%284%29.JPG,Belgium,,50.55867,4.86556,
Q2232672,Avernassetombe,landmarks,http://commons.wikimedia.org/wiki/Special:FilePath/Gingelom-Avernassetombe%20%282%29.JPG,Belgium,,50.70596,5.12973,tumulus in Belgium
Q2235189,Tumulus of Xhendremael,landmarks,http://commons.wikimedia.org/wiki/Special:FilePath/Tumuls%20xhendremael.jpg,Belgium,,50.69735,5.47812,
Q2236903,Tumulus of Genoelselderen,landmarks,http://commons.wikimedia.org/wiki/Special:FilePath/Riemst-Tumulus%20van%20Genoelselderen%20%281%29.JPG,Belgium,,50.80348,5.52802,
Q2247766,Tumulus of Glimes,landmarks,http://commons.wikimedia.org/wiki/Special:FilePath/Tumulus%20de%20Glimes%2001.jpg,Belgium,,50.67676,4.83276,
Q2260941,Tumulus of Aineffe,landmarks,http://commons.wikimedia.org/wiki/Special:FilePath/Faimes-Tumulus%20van%20Aineffe%20%281%29.JPG,Belgium,,50.62294,5.26101,
Q2283365,Tumulus of Blehen,landmarks,http://commons.wikimedia.org/wiki/Special:FilePath/Hannut-Tumulus%20van%20Blehen%20%281%29.JPG,Belgium,,50.66862,5.13022,
Q2373696,Twee Tommen,landmarks,http://commons.wikimedia.org/wiki/Special:FilePath/Gingelom-Twee%20Tommen%20%283%29.JPG,Belgium,,50.71601,5.16581,"twin Gallo-Roman tumuli in Gingelom Belgium,"
Q2409909,Tumulus of Avernas,landmarks,http://commons.wikimedia.org/wiki/Special:FilePath/Tumulus%20Avernas%2001.jpg,Belgium,,50.7013,5.07125,
Q2455642,Tumulus of Marcinelle,landmarks,http://commons.wikimedia.org/wiki/Special:FilePath/Marcinelle%20-%20Tumulus.jpg,Belgium,,50.38826,4.42728,
Q2458578,Tumulus of Trou de Billemont,landmarks,http://commons.wikimedia.org/wiki/Special:FilePath/Tumulus%20du%20Trou%20de%20Billemont%2001.jpg,Belgium,,50.57089,3.46152,
Q2527398,Tumulus of Avennes,landmarks,http://commons.wikimedia.org/wiki/Special:FilePath/Belgium%20Tumulus%20d%27Avennes%2003.jpg,Belgium,,50.63457,5.12807,
Q2562828,Drie Tommen,landmarks,http://commons.wikimedia.org/wiki/Special:FilePath/Gingelom-Drie%20Tommen%20%284%29.JPG,Belgium,,50.70972,5.16104,"tumuli in Montenaken, Belgium"
Q2581353,Tumuli of Bois des Tombes,landmarks,http://commons.wikimedia.org/wiki/Special:FilePath/Waremme-Tumuli%20van%20het%20Bois%20des%20Tombes%20%283%29.JPG,Belgium,,50.67915,5.24109,Waremme
Q2595945,Tumulus of Vissoul,landmarks,http://commons.wikimedia.org/wiki/Special:FilePath/Burdinne-Tumulus%20van%20Vissoul%20%281%29.JPG,Belgium,,50.59766,5.13077,
Q2643327,Tumuli of Noirmont,landmarks,http://commons.wikimedia.org/wiki/Special:FilePath/Belgique%20-%20Chastre%20-%20Tumuli%20de%20Noirmont%20-%2002.JPG,Belgium,,50.602223,4.64329,
Q2667030,Tumuli du Soleil,landmarks,http://commons.wikimedia.org/wiki/Special:FilePath/Wasseiges-Tumuli%20du%20Soleil%20%282%29.JPG,Belgium,,50.636176,5.033763,tumulus in Belgium
Q2689699,Tumulus of Middelwinden,landmarks,http://commons.wikimedia.org/wiki/Special:FilePath/Landen-Tumulus%20van%20Middelwinden%20%281%29.JPG,Belgium,,50.76154,5.04359,
Q2690150,Les cinq Tombes,landmarks,http://commons.wikimedia.org/wiki/Special:FilePath/Geer-Tumuli%20van%20Omal%20%281%29.JPG,Belgium,https://en.wikipedia.org/wiki/Five_tumuli_of_Omal,50.65097,5.19878,
Q2691955,tumulus of Waesmont,landmarks,http://commons.wikimedia.org/wiki/Special:FilePath/Landen-Tumulus%20van%20Waasmont%20%281%29.JPG,Belgium,,50.73161,5.04863,
Q2802140,Tumulus of Verlaine,landmarks,http://commons.wikimedia.org/wiki/Special:FilePath/Verlaine-Tumulus%20van%20Verlaine%20%284%29.JPG,Belgium,,50.61421,5.30651,
Q3098259,Tumulus of Saives,landmarks,http://commons.wikimedia.org/wiki/Special:FilePath/Faimes-Tumulus%20van%20Saives%20%283%29.JPG,Belgium,,50.65856,5.23911,
Q3370859,Tumulus of Lamine,landmarks,http://commons.wikimedia.org/wiki/Special:FilePath/Remicourt-Tumulus%20van%20Lamine.JPG,Belgium,,50.68946,5.33611,
Q130095,Bridge at Kanne,bridges,http://commons.wikimedia.org/wiki/Special:FilePath/Br%C3%A9ck%20vu%20Kanne.JPG,Belgium,,50.810611,5.671222,"bridge in Kanne, Belgium"
Q316822,Reuland Castle,castles,http://commons.wikimedia.org/wiki/Special:FilePath/Vennbahn-reuland.jpg,Belgium,https://en.wikipedia.org/wiki/Reuland_Castle,50.196053,6.134411,"castle in Burg-Reuland, East Belgium"
Q262326,Lotto Park,stadiums,http://commons.wikimedia.org/wiki/Special:FilePath/Constant%20Vanden%20Stockstadion%2C%20Anderlecht.jpg,Belgium,https://en.wikipedia.org/wiki/Constant_Vanden_Stock_Stadium,50.834167,4.298333,stadium
Q285074,Bosuilstadion,stadiums,http://commons.wikimedia.org/wiki/Special:FilePath/20110720%20bosuil.jpg,Belgium,https://en.wikipedia.org/wiki/Bosuilstadion,51.232222,4.471667,"football stadium in Antwerp, Belgium"
Q378134,UCLouvain,universities,http://commons.wikimedia.org/wiki/Special:FilePath/Belgique%20-%20Brabant%20wallon%20-%20Halles%20universitaires%20de%20Louvain-la-Neuve%20-%2001.jpg,Belgium,https://en.wikipedia.org/wiki/UCLouvain,50.669687,4.615591,"french-speaking university in Louvain-la-Neuve, Belgium"
Q612665,Vrije Universiteit Brussel,universities,http://commons.wikimedia.org/wiki/Special:FilePath/Renaat%20Braem%20Rectoraat%20VUB.JPG,Belgium,https://en.wikipedia.org/wiki/Vrije_Universiteit_Brussel,50.82186,4.39338,"Dutch-speaking university in Brussels, Belgium (since 1970)"
Q1391755,University of Namur,universities,http://commons.wikimedia.org/wiki/Special:FilePath/Universit%C3%A9%20de%20Namur%20-%20rue%20de%20Bruxelles%20-%2001.jpg,Belgium,https://en.wikipedia.org/wiki/Universit%C3%A9_de_Namur,50.466333,4.860361,Belgian university
Q94564,Museums of the Far East,museums,http://commons.wikimedia.org/wiki/Special:FilePath/0%20Laeken%20Pavillon%20chinois%201.JPG,Belgium,https://en.wikipedia.org/wiki/Museums_of_the_Far_East,50.893872,4.360091,"museum complex in Laken, Belgium"
Q705092,Arskrippana,museums,http://commons.wikimedia.org/wiki/Special:FilePath/ArsKRIPPANA%20208.jpg,Belgium,,50.3524,6.38399,
Q215429,Grand-Place,markets,http://commons.wikimedia.org/wiki/Special:FilePath/Brusel%20Grand-Place%20radnice%201a.jpg,Belgium,https://en.wikipedia.org/wiki/Grand-Place,50.84670775,4.35253815,"main square in Brussels, Belgium"
Q947295,Grote Markt,markets,http://commons.wikimedia.org/wiki/Special:FilePath/Grote%20Markt%20%28Antwerpen%29.jpg,Belgium,"https://en.wikipedia.org/wiki/Grote_Markt,_Antwerp",51.22111,4.39972,Antwerp
Q517712,Drie Tommen,history_and_mysteries,http://commons.wikimedia.org/wiki/Special:FilePath/Drie%20Tommen.jpg,Belgium,,50.7996,4.95842,"tumulus in Tienen, Belgium"
Q645533,Tumuli of Seron,history_and_mysteries,http://commons.wikimedia.org/wiki/Special:FilePath/Belgium%20Tumuli%20de%20S%C3%A9ron%2003.jpg,Belgium,,50.59379,5.00842,tumulus in Belgium
Q28361,Belize Barrier Reef,islands,http://commons.wikimedia.org/wiki/Special:FilePath/Belize%20Barrier%20Reef%20from%20space.png,Belize,https://en.wikipedia.org/wiki/Belize_Barrier_Reef,17.2625,-88.052777777,series of coral reefs straddling the coast of Belize
Q3043,Belmopan,cities,http://commons.wikimedia.org/wiki/Special:FilePath/Belmopan%20Parliament.jpg,Belize,https://en.wikipedia.org/wiki/Belmopan,17.25,-88.7675,capital of Belize
Q268631,Lake Nokoué,lakes,http://commons.wikimedia.org/wiki/Special:FilePath/Lake%20Nokoue%20NASA.jpg,Benin,https://en.wikipedia.org/wiki/Lake_Nokou%C3%A9,6.432777777,2.425555555,lake in Benin
Q3799,Porto-Novo,cities,http://commons.wikimedia.org/wiki/Special:FilePath/Porto-Novo%20vue.jpg,Benin,https://en.wikipedia.org/wiki/Porto-Novo,6.483333333,2.616666666,capital of Benin
Q44877,Paro Airport,airports,http://commons.wikimedia.org/wiki/Special:FilePath/Paro%20Airport.jpg,Bhutan,https://en.wikipedia.org/wiki/Paro_International_Airport,27.408819444,89.420580555,international airport in Bhutan
Q639727,Uturuncu,peaks,http://commons.wikimedia.org/wiki/Special:FilePath/Uturuncu.jpg,Bolivia,https://en.wikipedia.org/wiki/Uturuncu,-22.264488888,-67.186919444,stratovolcano in Bolivia
Q398202,Paqu Quta,lakes,http://commons.wikimedia.org/wiki/Special:FilePath/Refugi%20Chacaltaya.jpg,Bolivia,https://en.wikipedia.org/wiki/Phaq%27u_Quta,-16.3825,-68.135277777,"lake in La Paz Department, Bolivia"
Q592741,Toro Toro National Park,national_parks,http://commons.wikimedia.org/wiki/Special:FilePath/Serranias%20de%20Toro%20Toro.jpg,Bolivia,https://en.wikipedia.org/wiki/Torotoro_National_Park,-18.1,-65.7667,national Park near Torotoro in the northern department of Potosí in Bolivia
Q647206,Madidi National Park and Integrated Management Natural Area,national_parks,http://commons.wikimedia.org/wiki/Special:FilePath/Acantilados%20del%20r%C3%ADo%20Madidi%20-%20Parque%20Nacional%20Madidi%20-%20La%20Paz%20-%20Bolivia.jpg,Bolivia,https://en.wikipedia.org/wiki/Madidi_National_Park,-14.333333333,-68.333333333,national park of Bolivia
Q650710,Noel Kempff Mercado National Park,national_parks,http://commons.wikimedia.org/wiki/Special:FilePath/Cataratas%20Arcoiris%20Bolivia.png,Bolivia,https://en.wikipedia.org/wiki/Noel_Kempff_Mercado_National_Park,-14.23028,-60.84667,national park
Q2907,Sucre,cities,http://commons.wikimedia.org/wiki/Special:FilePath/Sucre%20Square.jpg,Bolivia,https://en.wikipedia.org/wiki/Sucre,-19.0475,-65.26,constitutional capital of Bolivia
Q231499,Zvornik Lake,lakes,http://commons.wikimedia.org/wiki/Special:FilePath/Drina%20River%20Zvornik%20Reservoir.JPG,Bosnia and Herzegovina,https://en.wikipedia.org/wiki/Zvornik_Lake,44.31068333,19.13938333,lake
Q393437,Q393437,lakes,http://commons.wikimedia.org/wiki/Special:FilePath/%C5%BDdrima%C4%8Dko.JPG,Bosnia and Herzegovina,,43.92277778,17.62236111,lake in Bosnia and Herzegovina
Q3403227,Koćuša,waterfalls,http://commons.wikimedia.org/wiki/Special:FilePath/Kocusa.jpg,Bosnia and Herzegovina,https://en.wikipedia.org/wiki/Ko%C4%87u%C5%A1a_(waterfall),43.249454,17.452253,waterfall in Bosnia and Herzegovina
Q3435229,Skakavac Waterfall,waterfalls,http://commons.wikimedia.org/wiki/Special:FilePath/Vodopad%20Skakavac.jpg,Bosnia and Herzegovina,https://en.wikipedia.org/wiki/Skakavac_(Sarajevo),43.948622222,18.448841666,waterfall near Sarajevo
Q11194,Sarajevo,cities,http://commons.wikimedia.org/wiki/Special:FilePath/Sarajevo%20City%20Panorama.JPG,Bosnia and Herzegovina,https://en.wikipedia.org/wiki/Sarajevo,43.856388888,18.413055555,capital city of Bosnia and Herzegovina
Q198758,Goat's Bridge,bridges,http://commons.wikimedia.org/wiki/Special:FilePath/Sarajevo%20Kozija%20Cuprija.JPG,Bosnia and Herzegovina,https://en.wikipedia.org/wiki/Goat%27s_Bridge,43.85361111,18.45722222,bridge in Bosnia and Herzegovina
Q210055,Mehmed Paša Sokolović Bridge,bridges,http://commons.wikimedia.org/wiki/Special:FilePath/Visegrad%20Drina%20Bridge%201.jpg,Bosnia and Herzegovina,https://en.wikipedia.org/wiki/Mehmed_Pa%C5%A1a_Sokolovi%C4%87_Bridge,43.78248,19.28794,bridge in Bosnia and Herzegovina
Q188528,Stari Most,bridges,http://commons.wikimedia.org/wiki/Special:FilePath/Mostar%20Old%20Town%20Panorama%202007.jpg,Bosnia and Herzegovina,https://en.wikipedia.org/wiki/Stari_Most,43.337277777,17.815027777,bridge in Mostar over the river Neretva
Q391211,Šargan Eight,museums,http://commons.wikimedia.org/wiki/Special:FilePath/Sarganska%20osmica%202.jpg,Bosnia and Herzegovina,https://en.wikipedia.org/wiki/%C5%A0argan_Eight,43.8,19.521944444,narrow gauge heritage railway in Serbia
Q700606,Museum of Sarajevo,museums,http://commons.wikimedia.org/wiki/Special:FilePath/Muzej%20Sarajevo%201878-1918.jpg,Bosnia and Herzegovina,https://en.wikipedia.org/wiki/Museum_of_Sarajevo,43.860890712,18.427614168,"Museum in Sarajevo, Bosnia and Herzegovina"
Q1639258,Hutovo Blato Nature park,natural,http://commons.wikimedia.org/wiki/Special:FilePath/Hutovo%20Blato.jpg,Bosnia and Herzegovina,https://en.wikipedia.org/wiki/Hutovo_Blato,43.056847222,17.757683333,"Protected area, Nature park & Ramsar Wetland, Bosnia and Herzegovina"
Q121760,Maun Airport,airports,http://commons.wikimedia.org/wiki/Special:FilePath/Maun%20Airport.jpg,Botswana,https://en.wikipedia.org/wiki/Maun_Airport,-19.9725,23.431111111,airport
Q859377,Nxai Pan National Park,national_parks,http://commons.wikimedia.org/wiki/Special:FilePath/Botswana%20Nxai%20Pan%20NP%20Salzpfanne.jpg,Botswana,https://en.wikipedia.org/wiki/Nxai_Pan_National_Park,-20.04166667,24.76888889,Botswana National park
Q859389,Chobe National Park,national_parks,http://commons.wikimedia.org/wiki/Special:FilePath/Gnus%20zebras%20chobe%20national%20park.jpg,Botswana,https://en.wikipedia.org/wiki/Chobe_National_Park,-18.65,24.4,national park in Botswana
Q3919,Gaborone,cities,http://commons.wikimedia.org/wiki/Special:FilePath/Gaborone%20skyline.JPG,Botswana,https://en.wikipedia.org/wiki/Gaborone,-24.656944444,25.908611111,capital city of Botswana
Q170717,Mogoditshane,cities,http://commons.wikimedia.org/wiki/Special:FilePath/Pula%20spar%20mogoditshane%20road.jpg,Botswana,https://en.wikipedia.org/wiki/Mogoditshane,-24.633333333,25.866666666,city
Q170724,Mahalapye,cities,http://commons.wikimedia.org/wiki/Special:FilePath/Mahalapye.jpg,Botswana,https://en.wikipedia.org/wiki/Mahalapye,-23.1041,26.8142,town of Botswana
Q170725,Molepolole,cities,http://commons.wikimedia.org/wiki/Special:FilePath/MolepololeMall.jpg,Botswana,https://en.wikipedia.org/wiki/Molepolole,-24.4066,25.4951,"village in Kweneng District, Botswana"
Q170730,Kanye,cities,http://commons.wikimedia.org/wiki/Special:FilePath/KanyeApproach.jpg,Botswana,"https://en.wikipedia.org/wiki/Kanye,_Botswana",-24.983333333,25.35,town in Botswana
Q170755,Mathangwane,cities,http://commons.wikimedia.org/wiki/Special:FilePath/Botswana%2050years%20of%20independence%20commemorative%20plaque%20in%20Mathangwane%20-%20September%202016.jpeg,Botswana,https://en.wikipedia.org/wiki/Mathangwane,-20.995555555,27.336944444,city
Q385406,São Paulo-Guarulhos International Airport,airports,http://commons.wikimedia.org/wiki/Special:FilePath/ViewfromAir-SaoPaulo.jpg,Brazil,https://en.wikipedia.org/wiki/S%C3%A3o_Paulo/Guarulhos_International_Airport,-23.435555555,-46.473055555,international airport serving São Paulo
Q587801,Marechal Cunha Machado International Airport,airports,http://commons.wikimedia.org/wiki/Special:FilePath/Slz.jpg,Brazil,https://en.wikipedia.org/wiki/Marechal_Cunha_Machado_International_Airport,-2.586944444,-44.236111111,airport in Brazil
Q926029,Deputado Luís Eduardo Magalhães International Airport,airports,http://commons.wikimedia.org/wiki/Special:FilePath/Fachada%20Aeroporto%20de%20Salvador2.jpg,Brazil,https://en.wikipedia.org/wiki/Salvador_Bahia_Airport,-12.90861,-38.3225,airport
Q180464,Afonso Pena International Airport,airports,http://commons.wikimedia.org/wiki/Special:FilePath/Afonsopenaairport.jpg,Brazil,https://en.wikipedia.org/wiki/Afonso_Pena_International_Airport,-25.531666666,-49.176111111,airport in Brazil
Q387704,Recife/Guararapes–Gilberto Freyre International Airport,airports,http://commons.wikimedia.org/wiki/Special:FilePath/Recife%20airport.jpg,Brazil,https://en.wikipedia.org/wiki/Recife/Guararapes_International_Airport,-8.126388888,-34.922777777,airport
Q539298,Florianópolis International Airport,airports,http://commons.wikimedia.org/wiki/Special:FilePath/HercilioLuz%20Airport%20Florianopolis.jpg,Brazil,https://en.wikipedia.org/wiki/Herc%C3%ADlio_Luz_International_Airport,-27.670277777,-48.5525,airport
Q597669,Boa Vista International Airport,airports,http://commons.wikimedia.org/wiki/Special:FilePath/Entrada%20do%20Aeroporto%20Internacional%20de%20Boa%20Vista%20-%20Atlas%20Brasil%20Cantanhede%2C%20Boa%20Vista%20RR.jpg,Brazil,https://en.wikipedia.org/wiki/Boa_Vista_International_Airport,2.84139,-60.69222,airport
Q607211,Campo Grande International Airport,airports,http://commons.wikimedia.org/wiki/Special:FilePath/Aeroporto%20Internacional%20de%20Campo%20Grande%20MS%2C%2020-07-2025.jpg,Brazil,https://en.wikipedia.org/wiki/Campo_Grande_International_Airport,-20.469444444,-54.670277777,international airport
Q387866,Lagoa do Peri,lakes,http://commons.wikimedia.org/wiki/Special:FilePath/HDR%20Lagoa%20do%20Peri.jpg,Brazil,,-27.7314,-48.5222,lake in Brazil
Q37879,Paulo Afonso Falls,waterfalls,http://commons.wikimedia.org/wiki/Special:FilePath/Cachoeira%20de%20Paulo%20Afonso%20BA.jpg,Brazil,https://en.wikipedia.org/wiki/Paulo_Afonso_Falls,-9.389088888,-38.195769444,"waterfalls on the São Francisco River in Alagoas and Bahia, Brazil"
Q3470256,Q3470256,waterfalls,http://commons.wikimedia.org/wiki/Special:FilePath/Mocona5.jpg,Brazil,,-27.1535,-53.8894,
Q879629,Ilha Grande National Park,national_parks,http://commons.wikimedia.org/wiki/Special:FilePath/Lagoa%20Saraiva%20localizada%20no%20Parque%20Nacional%20de%20Ilha%20Grande.jpg,Brazil,https://en.wikipedia.org/wiki/Ilha_Grande_National_Park,-23.4,-53.81666667,national park of Brazil
Q174228,Caparaó National Park,national_parks,http://commons.wikimedia.org/wiki/Special:FilePath/Facedecristo.JPG,Brazil,https://en.wikipedia.org/wiki/Capara%C3%B3_National_Park,-20.45017583,-41.7837525,national park of Brazil
Q575822,Tumucumaque National Park,national_parks,http://commons.wikimedia.org/wiki/Special:FilePath/Oyapock%20maripa%20falls%20tree.jpg,Brazil,https://en.wikipedia.org/wiki/Tumucumaque_Mountains_National_Park,1.83333,-54.0,national park of Brazil
Q578202,Monte Roraima National Park,national_parks,http://commons.wikimedia.org/wiki/Special:FilePath/Mt%20Kukenan%20from%20Mt%20Roraima%20in%20Guyana%20HighLand%20001.JPG,Brazil,https://en.wikipedia.org/wiki/Monte_Roraima_National_Park,5.20194,-60.7369,national park of Brazil
Q617635,Aparados da Serra National Park,national_parks,http://commons.wikimedia.org/wiki/Special:FilePath/Itaimb%C3%A9zinho%20Canyon%202006.jpg,Brazil,https://en.wikipedia.org/wiki/Aparados_da_Serra_National_Park,-29.19173,-50.09766,national park of Brazil
Q625172,Serra do Itajaí National Park,national_parks,http://commons.wikimedia.org/wiki/Special:FilePath/SpitzkopfPNSI2.jpg,Brazil,https://en.wikipedia.org/wiki/Serra_do_Itaja%C3%AD_National_Park,-27.2,-49.35,national park of Brazil
Q631981,Ubajara National Park,national_parks,http://commons.wikimedia.org/wiki/Special:FilePath/Viggo%2001.JPG,Brazil,https://en.wikipedia.org/wiki/Ubajara_National_Park,-3.766282,-40.89797967,national park of Brazil
Q647777,Lençóis Maranhenses National Park,national_parks,http://commons.wikimedia.org/wiki/Special:FilePath/Len%C3%A7%C3%B3is%20Maranhenses%202018.jpg,Brazil,https://en.wikipedia.org/wiki/Len%C3%A7%C3%B3is_Maranhenses_National_Park,-2.483333333,-43.133333333,"national park in northeastern Brazil, known for its rolling dunes and fresh water lagoons"
Q2844,Brasília,cities,http://commons.wikimedia.org/wiki/Special:FilePath/Planalto%20Central%20%28cropped%29.jpg,Brazil,https://en.wikipedia.org/wiki/Bras%C3%ADlia,-15.793888888,-47.882777777,federal capital of Brazil
Q8678,Rio de Janeiro,cities,http://commons.wikimedia.org/wiki/Special:FilePath/Cidade%20Maravilhosa.jpg,Brazil,https://en.wikipedia.org/wiki/Rio_de_Janeiro,-22.911111111,-43.205555555,"city of Rio de Janeiro state, Brazil"
Q127172,Sede do BankBoston,skyscrapers,http://commons.wikimedia.org/wiki/Special:FilePath/Bank%20Boston%20-%20sede%20%27.JPG,Brazil,https://en.wikipedia.org/wiki/Sede_do_BankBoston,-23.617078,-46.699192,skyscraper
Q169420,Edifício Altino Arantes,skyscrapers,http://commons.wikimedia.org/wiki/Special:FilePath/Edif%C3%ADcio%20do%20Banespa%20%28cropped%29.jpg,Brazil,https://en.wikipedia.org/wiki/Altino_Arantes_Building,-23.545675,-46.6341,"skyscraper in São Paulo, Brazil"
Q170610,Edifício Itália,skyscrapers,http://commons.wikimedia.org/wiki/Special:FilePath/Edif%C3%ADcio%20It%C3%A1lia%2C%20SP.jpg,Brazil,https://en.wikipedia.org/wiki/Edif%C3%ADcio_It%C3%A1lia,-23.545417,-46.643611,"skyscraper in São Paulo, Brazil"
Q492112,Andraus Building,skyscrapers,http://commons.wikimedia.org/wiki/Special:FilePath/30-12-2008%20017.%28By%20Felipe%20Mostarda%29.JPG,Brazil,https://en.wikipedia.org/wiki/Andraus_Building,-23.54150833,-46.64236111,skyscraper
Q510575,Estádio José Fragelli,stadiums,http://commons.wikimedia.org/wiki/Special:FilePath/Verdao%20-Cuiaba%20-%20August%202009.jpg,Brazil,https://en.wikipedia.org/wiki/Verd%C3%A3o,-15.595333333,-56.098666666,"former stadium in Cuiabá, Brazil"
Q570404,"Estádio Luiz Viana Filho, Itabuna",stadiums,http://commons.wikimedia.org/wiki/Special:FilePath/Itabuna%20Estadio%20Itabunao.jpg,Brazil,,-14.808403712,-39.278887532,
Q606803,Arena da Baixada,stadiums,http://commons.wikimedia.org/wiki/Special:FilePath/Arena%20-%20Vista%20da%20Bas%C3%ADlio%20Itiber%C3%AA.jpg,Brazil,https://en.wikipedia.org/wiki/Arena_da_Baixada,-25.448333,-49.276944,"football stadium in Curitiba, Paraná"
Q155174,Maracanã Stadium,stadiums,http://commons.wikimedia.org/wiki/Special:FilePath/Maracana%202022.jpg,Brazil,https://en.wikipedia.org/wiki/Maracan%C3%A3_Stadium,-22.912166666,-43.230163888,"stadium in Rio de Janeiro, Brazil"
Q337224,Brazilian Academy of Letters,museums,http://commons.wikimedia.org/wiki/Special:FilePath/Academia%20brasileira%20de%20letras%201.JPG,Brazil,https://en.wikipedia.org/wiki/Brazilian_Academy_of_Letters,-22.910833333,-43.173055555,Brazilian literary non-profit society
Q371803,Ipiranga Museum,museums,http://commons.wikimedia.org/wiki/Special:FilePath/Museo%20Paulista%20desde%20el%20aire%2001%20%28cropped%29.jpg,Brazil,https://en.wikipedia.org/wiki/Museu_do_Ipiranga,-23.58542,-46.60974,"history museum of São Paulo state, Brazil"
Q10386017,Q10386017,space,http://commons.wikimedia.org/wiki/Special:FilePath/T%C3%BAnel%20Velho%20%28Copacabana%29.jpg,Brazil,,-22.96236111,-43.19122222,
Q10386047,Túnel Zuzu Angel,space,http://commons.wikimedia.org/wiki/Special:FilePath/T%C3%BAnel%20Zuzu%20Angel%20%283808579211%29.jpg,Brazil,,-22.99083,-43.24308,
Q1978239,Rio de Janeiro Stock Exchange,markets,http://commons.wikimedia.org/wiki/Special:FilePath/Bolsa%20de%20rio%20de%20janeiro.jpg,Brazil,https://en.wikipedia.org/wiki/Rio_de_Janeiro_Stock_Exchange,-22.9023,-43.17412,"Stock exchange located in Rio de Janeiro, Brazil"
Q368672,Peter Island,islands,http://commons.wikimedia.org/wiki/Special:FilePath/Peter%20Island%2C%20BVI.jpg,British Virgin Islands,https://en.wikipedia.org/wiki/Peter_Island,18.355852777,-64.571072222,island of British Virgin Islands
Q127951,Sofia Airport,airports,http://commons.wikimedia.org/wiki/Special:FilePath/SA-06-NOvember-2015.jpg,Bulgaria,https://en.wikipedia.org/wiki/Sofia_Airport,42.695,23.408333333,international airport in Bulgaria
Q3364161,Popinolashki waterfall,waterfalls,http://commons.wikimedia.org/wiki/Special:FilePath/%D0%92%D0%BE%D0%B4%D0%BE%D0%BF%D0%B0%D0%B4%20%D0%BD%D0%B0%20%D1%80.%D0%A1%D0%B0%D0%BD%D0%B4%D0%B0%D0%BD%D1%81%D0%BA%D0%B0%20%D0%B1%D0%B8%D1%81%D1%82%D1%80%D0%B8%D1%86%D0%B0%20-%20panoramio.jpg,Bulgaria,https://en.wikipedia.org/wiki/Popinolashki_waterfall,41.673333333,23.393611111,"waterfall at Pirin mountain in Svetivrachko, Pirin Macedonia"
Q3494207,Raysko Praskalo,waterfalls,http://commons.wikimedia.org/wiki/Special:FilePath/Staraplanina-krassiu.jpg,Bulgaria,https://en.wikipedia.org/wiki/Raysko_Praskalo,42.711936111,24.924438888,"waterfall in Balkan Mountains, Bulgaria"
Q20500484,Hlyabovo dolmens,landmarks,http://commons.wikimedia.org/wiki/Special:FilePath/Dolmen%20tomb%20Hlyabovo%20BG.jpg,Bulgaria,,42.05,26.25,"dolmens around Hlyabovo, Bulgaria"
Q1201664,Develtos,landmarks,http://commons.wikimedia.org/wiki/Special:FilePath/%D0%9E%D0%B1%D0%BB%D0%B0%D1%81%D1%82%20%D0%91%D1%83%D1%80%D0%B3%D0%B0%D1%81%20-%20%D0%9E%D0%B1%D1%89%D0%B8%D0%BD%D0%B0%20%D0%A1%D1%80%D0%B5%D0%B4%D0%B5%D1%86%20-%20%D1%81.%20%D0%94%D0%B5%D0%B1%D0%B5%D0%BB%D1%82%20-%20%D0%90%D0%BD%D1%82%D0%B8%D1%87%D0%BD%D0%B8%D1%8F%D1%82%20%D0%94%D0%B5%D1%83%D0%BB%D1%82%D1%83%D0%BC%20-%20%2826%29.jpg,Bulgaria,https://en.wikipedia.org/wiki/Develtos,42.4,27.266667,human settlement in Bulgaria
Q1291235,Seuthopolis,landmarks,http://commons.wikimedia.org/wiki/Special:FilePath/Artificial%20lake%20kazanlak.jpg,Bulgaria,https://en.wikipedia.org/wiki/Seuthopolis,42.618056,25.305556,archeological site in Bulgaria
Q1309702,Ratiaria,landmarks,http://commons.wikimedia.org/wiki/Special:FilePath/Ratiaria%2C%20Archar%2C%20Bulgaria%20-%2022.12.2020.jpg,Bulgaria,https://en.wikipedia.org/wiki/Ratiaria,43.81666667,22.91666667,city in Bulgaria
Q1317936,Mesembria,landmarks,http://commons.wikimedia.org/wiki/Special:FilePath/Nessebar%20Festungsmauern.jpg,Bulgaria,https://en.wikipedia.org/wiki/Mesembria,42.660417,27.7181,"an ancient Greek city on the Black Sea coast of Bulgaria, modern Nesebar"
Q358267,Eagles' Bridge,bridges,http://commons.wikimedia.org/wiki/Special:FilePath/Downtown%20Sofia%20Boby%20Dimitrov%201.jpg,Bulgaria,"https://en.wikipedia.org/wiki/Eagles%27_Bridge,_Sofia",42.690555555,23.3375,"Bridge in Sofia, Bulgaria"
Q267104,Kadin most,bridges,http://commons.wikimedia.org/wiki/Special:FilePath/Nevestino%20Kadin%20Most.JPG,Bulgaria,https://en.wikipedia.org/wiki/Kadin_most,42.25611111,22.85361111,deck arch bridge
Q613759,Plovdiv Stadium,stadiums,http://commons.wikimedia.org/wiki/Special:FilePath/Plovdiv%20Stadium.JPG,Bulgaria,https://en.wikipedia.org/wiki/Stadion_Plovdiv,42.149722,24.719722,stadium
Q370968,New Bulgarian University,universities,http://commons.wikimedia.org/wiki/Special:FilePath/NBU%20-%20Opening%20academic%20year%202015-2016.png,Bulgaria,https://en.wikipedia.org/wiki/New_Bulgarian_University,42.6775,23.253055555,"private university located in Sofia, Bulgaria"
Q26180562,Forum of Philippopolis,markets,http://commons.wikimedia.org/wiki/Special:FilePath/Bulgaria-0813%20-%20Roman%20Odeon%20%287432946560%29.jpg,Bulgaria,https://en.wikipedia.org/wiki/Roman_forum_of_Philippopolis,42.142111111,24.750944444,"historic Roman plaza in the city of Plovdiv, Bulgaria"
Q598661,Bobo Dioulasso Airport,airports,http://commons.wikimedia.org/wiki/Special:FilePath/Bobo%20Dioulasso%20Airport.jpg,Burkina Faso,https://en.wikipedia.org/wiki/Bobo_Dioulasso_Airport,11.16,-4.330833,airport
Q510882,Phnom Kulen National Park,national_parks,http://commons.wikimedia.org/wiki/Special:FilePath/PhnomKulen.jpg,Cambodia,https://en.wikipedia.org/wiki/Phnom_Kulen_National_Park,13.6062,104.0957,national park
Q1850,Phnom Penh,cities,http://commons.wikimedia.org/wiki/Special:FilePath/Phnom%20Penh%20aerial.jpg,Cambodia,https://en.wikipedia.org/wiki/Phnom_Penh,11.569583333,104.921027777,capital of Cambodia
Q1092616,Spean Thma,bridges,http://commons.wikimedia.org/wiki/Special:FilePath/Speanthmasmall.JPG,Cambodia,https://en.wikipedia.org/wiki/Spean_Thma,13.444722222,103.8775,bridge in Cambodia
Q163607,Angkor,history_and_mysteries,http://commons.wikimedia.org/wiki/Special:FilePath/Angkor%20Wat%20W-Seite.jpg,Cambodia,https://en.wikipedia.org/wiki/Angkor,13.433333333,103.833333333,former capital city; region of Cambodia
Q190562,Mount Cameroon,peaks,http://commons.wikimedia.org/wiki/Special:FilePath/Le%20Char%20des%20Dieux%20-%20Fako%20Mountain%20-%20Mount%20Cameroon%20National%20Park%20-%20R%C3%A9gion%20du%20Sud-ouest.jpg,Cameroon,https://en.wikipedia.org/wiki/Mount_Cameroon,4.216666666,9.1725,active volcano in Cameroon near the Gulf of Guinea
Q332628,Lake Nyos,lakes,http://commons.wikimedia.org/wiki/Special:FilePath/Nyos%20Lake%20correct.jpg,Cameroon,https://en.wikipedia.org/wiki/Lake_Nyos,6.438055555,10.298888888,crater lake in the Northwest Region of Cameroon
Q522250,Takamanda National Park,national_parks,http://commons.wikimedia.org/wiki/Special:FilePath/Mbe%20mountains%20community%20forest.jpg,Cameroon,https://en.wikipedia.org/wiki/Takamanda_National_Park,6.16666667,9.33333333,national park in Cameroon
Q3808,Yaoundé,cities,http://commons.wikimedia.org/wiki/Special:FilePath/Yaound%C3%A9%20view%20from%20central%20market%20%282014%29.JPG,Cameroon,https://en.wikipedia.org/wiki/Yaound%C3%A9,3.857777777,11.518055555,capital of Cameroon
Q1115550,Lake Oku,natural,http://commons.wikimedia.org/wiki/Special:FilePath/Lake%20Oku%20Cameroon.jpg,Cameroon,https://en.wikipedia.org/wiki/Lake_Oku,6.192777777,10.453888888,crater lake on the Bamenda Plateau in the Northwest Region of Cameroon.
Q130193,Victoria International Airport,airports,http://commons.wikimedia.org/wiki/Special:FilePath/YYJ-Terminal.jpg,Canada,https://en.wikipedia.org/wiki/Victoria_International_Airport,48.6472,-123.426,"airport in Victoria, BC, Canada"
Q183027,Mount Garibaldi,peaks,http://commons.wikimedia.org/wiki/Special:FilePath/Mount%20Garibaldi%20West%20Face.jpg,Canada,https://en.wikipedia.org/wiki/Mount_Garibaldi,49.850555555,-123.004722222,"mountain in British Columbia, Canada"
Q131274,Beaufort Sea,seas,http://commons.wikimedia.org/wiki/Special:FilePath/Wfm%20herschell%20island%20location.jpg,Canada,https://en.wikipedia.org/wiki/Beaufort_Sea,72.0,-137.0,marginal sea of the Arctic Ocean
Q184189,Labrador Sea,seas,http://commons.wikimedia.org/wiki/Special:FilePath/HamiltonInlet%202006.PNG,Canada,https://en.wikipedia.org/wiki/Labrador_Sea,60.683888888,-56.612777777,sea
Q2097617,Salish Sea,seas,http://commons.wikimedia.org/wiki/Special:FilePath/Vancouver%20Island%20by%20Aqua%2C%202020-07-26%20%28cropped%20to%20Salish%20Sea%29.jpg,Canada,https://en.wikipedia.org/wiki/Salish_Sea,48.936666666,-123.061111111,marginal sea of the Pacific Ocean in the Canadian province of British Columbia and the U.S. state of Washington
Q2216,Athabasca River,rivers,http://commons.wikimedia.org/wiki/Special:FilePath/Athabasca%20at%20Brule%20Lake.jpg,Canada,https://en.wikipedia.org/wiki/Athabasca_River,58.66696,-110.83517,Canadian river in Alberta province
Q2220,Peace River,rivers,http://commons.wikimedia.org/wiki/Special:FilePath/Peace%20River%20aerial.jpg,Canada,https://en.wikipedia.org/wiki/Peace_River,55.9892,-123.8356,"river in Alberta and British Columbia, Canada"
Q2226,Slave River,rivers,http://commons.wikimedia.org/wiki/Special:FilePath/Fort%20Smith%20Nashornpelikane%201%2098-07-01.jpg,Canada,https://en.wikipedia.org/wiki/Slave_River,58.702422222,-111.196277777,river in Alberta and Northwest Territories
Q2231,Hay River,rivers,http://commons.wikimedia.org/wiki/Special:FilePath/Hay%20River%2C%20NWT.jpg,Canada,https://en.wikipedia.org/wiki/Hay_River_(Canada),58.085,-119.021944444,"river in Alberta, British Columbia and Northwest Territories, Canada"
Q2237,North Saskatchewan River,rivers,http://commons.wikimedia.org/wiki/Special:FilePath/Edmonton%20Sourdough%20Raft%20Race.jpg,Canada,https://en.wikipedia.org/wiki/North_Saskatchewan_River,52.16341,-117.131469,river in Alberta and Saskatchewan
Q2242,South Saskatchewan River,rivers,http://commons.wikimedia.org/wiki/Special:FilePath/South%20Saskatchewan%20River.jpg,Canada,https://en.wikipedia.org/wiki/South_Saskatchewan_River,49.933333333,-111.691666666,river in Alberta and Saskatchewan
Q2244,Beaver River,rivers,http://commons.wikimedia.org/wiki/Special:FilePath/Beaver%20River%20AB.JPG,Canada,https://en.wikipedia.org/wiki/Beaver_River_(Canada),54.728794444,-111.897397222,river that flows through Alberta into Lac Île-à-la-Crosse in Saskatchewan
Q2251,Columbia River,rivers,http://commons.wikimedia.org/wiki/Special:FilePath/ColumbiarivergorgeJRH.jpg,Canada,https://en.wikipedia.org/wiki/Columbia_River,46.25,-124.05,"river in North America; flows from British Columbia, through Washington, and along the Washington-Oregon border to the Pacific Ocean"
Q2249,Liard River,rivers,http://commons.wikimedia.org/wiki/Special:FilePath/Liard%20River.jpg,Canada,https://en.wikipedia.org/wiki/Liard_River,61.2491,-131.6686,left tributary of the Mackenzie River in Canada
Q2262,Kootenay River,rivers,http://commons.wikimedia.org/wiki/Special:FilePath/Kootenay%20valley.JPG,Canada,https://en.wikipedia.org/wiki/Kootenay_River,49.3166219,-117.6510945,river in North America. Tributary of the Columbia River
Q3047,Saskatchewan River,rivers,http://commons.wikimedia.org/wiki/Special:FilePath/Saskatchewan%20River%20Bridge.jpg,Canada,https://en.wikipedia.org/wiki/Saskatchewan_River,53.235,-105.0828,river in Canada
Q3292,Nelson River,rivers,http://commons.wikimedia.org/wiki/Special:FilePath/Nelson-bassin.png,Canada,https://en.wikipedia.org/wiki/Nelson_River,53.697741666,-97.864344444,river that flows from Lake Winnipeg to Hudson's Bay
Q281635,Minnedosa Lake,lakes,http://commons.wikimedia.org/wiki/Special:FilePath/Min%20Dam.jpg,Canada,https://en.wikipedia.org/wiki/Minnedosa_Lake,50.265555555,-99.825555555,"reservoir in Manitoba, Canada"
Q316365,Carpenter Lake,lakes,http://commons.wikimedia.org/wiki/Special:FilePath/48-IMG%201420%20Carpenter%20Lake%20BC.JPG,Canada,https://en.wikipedia.org/wiki/Carpenter_Lake,50.85,-122.5,"lake in British Columbia, Canada"
Q316407,Buntzen Lake,lakes,http://commons.wikimedia.org/wiki/Special:FilePath/BuntzenLakePL280507.jpg,Canada,https://en.wikipedia.org/wiki/Buntzen_Lake,49.349,-122.86,"lake in British Columbia, Canada"
Q316412,Capilano Lake,lakes,http://commons.wikimedia.org/wiki/Special:FilePath/CapilanoLake.jpg,Canada,https://en.wikipedia.org/wiki/Capilano_Lake,49.377,-123.12,"lake in British Columbia, Canada"
Q317407,Kinbasket Lake,lakes,http://commons.wikimedia.org/wiki/Special:FilePath/Kinbasket%20Lake%2C%20Columbia%20River%2C%20British%20Columbia.jpg,Canada,https://en.wikipedia.org/wiki/Kinbasket_Lake,52.133333333,-118.45,"lake in British Columbia, Canada"
Q68467,Lake Champlain,lakes,http://commons.wikimedia.org/wiki/Special:FilePath/Lake%20Champlain%20by%20Sentinel-2.jpg,Canada,https://en.wikipedia.org/wiki/Lake_Champlain,44.53,-73.33,"lake in New York, Vermont and Quebec"
Q366985,Lake Simcoe,lakes,http://commons.wikimedia.org/wiki/Special:FilePath/Sibbald%20Point%20Provincial%20Park%20-%20a%20view%20to%20Lake%20Simcoe%20%282%29.jpg,Canada,https://en.wikipedia.org/wiki/Lake_Simcoe,44.436666666,-79.339166666,"lake in Central Ontario, Canada"
Q399604,Lake Diefenbaker,lakes,http://commons.wikimedia.org/wiki/Special:FilePath/Lake%20Diefenbaker%202007.jpg,Canada,https://en.wikipedia.org/wiki/Lake_Diefenbaker,51.0,-107.366666666,"reservoir in Saskatchewan, Canada"
Q175765,Babine Lake,lakes,http://commons.wikimedia.org/wiki/Special:FilePath/Babine%20Lake%20with%20huts%20%28321870589%29.jpg,Canada,https://en.wikipedia.org/wiki/Babine_Lake,54.75,-126.0,"lake in British Columbia, Canada"
Q175828,Lac Saint-Louis,lakes,http://commons.wikimedia.org/wiki/Special:FilePath/Fin%20de%20journ%C3%A9e%20sur%20le%20Lac%20Saint-Louis%2C%20Pointe-Claire%2C%20Montr%C3%A9al.%20On%20the%20lake%20by%20the%20sunset%20-%20panoramio.jpg,Canada,https://en.wikipedia.org/wiki/Lake_Saint-Louis,45.401388888,-73.814166666,"widening of the Saint Lawrence River, Montreal"
Q37691,Ashlu Falls,waterfalls,http://commons.wikimedia.org/wiki/Special:FilePath/Ashlu%20Falls.jpg,Canada,https://en.wikipedia.org/wiki/Ashlu_Falls,49.933611111,-123.358611111,waterfall
Q37703,Emperor Falls,waterfalls,http://commons.wikimedia.org/wiki/Special:FilePath/Emperor%20Falls.jpg,Canada,https://en.wikipedia.org/wiki/Emperor_Falls,53.1306,-119.205,waterfall
Q37712,Rainbow Falls,waterfalls,http://commons.wikimedia.org/wiki/Special:FilePath/Rainbow%20falls.JPG,Canada,https://en.wikipedia.org/wiki/Rainbow_Falls_(British_Columbia),49.3992,-121.744,"perennial plunge waterfall located near Harrison Lake, British Columbia, Canada"
Q37757,Sherman Falls,waterfalls,http://commons.wikimedia.org/wiki/Special:FilePath/ShermanFalls.jpg,Canada,https://en.wikipedia.org/wiki/Sherman_Falls,43.23806,-79.97289,"waterfall in Ontario, Canada"
Q37799,Churchill Falls,waterfalls,http://commons.wikimedia.org/wiki/Special:FilePath/Churchillfalls08.JPG,Canada,https://en.wikipedia.org/wiki/Churchill_Falls,53.594722222,-64.308333333,"waterfall on the Churchill River in Newfoundland and Labrador, Canada"
Q37852,Crescent Falls,waterfalls,http://commons.wikimedia.org/wiki/Special:FilePath/Crescent%20Falls%202007-06.jpg,Canada,https://en.wikipedia.org/wiki/Crescent_Falls,52.3872,-116.354,waterfall
Q37865,Bow Glacier Falls,waterfalls,http://commons.wikimedia.org/wiki/Special:FilePath/Bow%20Glacier%20Falls.jpg,Canada,https://en.wikipedia.org/wiki/Bow_Glacier_Falls,51.6564,-116.497,waterfall
Q37870,Felkers Falls,waterfalls,http://commons.wikimedia.org/wiki/Special:FilePath/Felker%E2%80%99s%20Falls%20Conservation%20Area-%20Felker%E2%80%99s%20Falls%20-Hamilton-Ontario.jpg,Canada,,43.2035,-79.7902,"waterfall in Ontario, Canada"
Q37889,Albion Falls,waterfalls,http://commons.wikimedia.org/wiki/Special:FilePath/Albion%20Falls%2C%20Hamilton%20Ontario%20%286787086003%29.jpg,Canada,https://en.wikipedia.org/wiki/Albion_Falls,43.2005,-79.8197,"waterfall in Ontario, Canada"
Q123058,Kakabeka Falls,waterfalls,http://commons.wikimedia.org/wiki/Special:FilePath/Thefalls.jpg,Canada,https://en.wikipedia.org/wiki/Kakabeka_Falls,48.4029,-89.6256,"waterfall on the Kaministiquia river near Thunder Bay, Ontario, Canada"
Q291233,Churchill River,waterfalls,http://commons.wikimedia.org/wiki/Special:FilePath/Churchill%20river%20newfoundland%20and%20churchill%20falls.PNG,Canada,https://en.wikipedia.org/wiki/Churchill_River_(Atlantic),53.870344,-65.028076,"river in Newfoundland and Labrador, Canada"
Q572771,Takakkaw Falls,waterfalls,http://commons.wikimedia.org/wiki/Special:FilePath/Takakkaw%20Falls.jpg,Canada,https://en.wikipedia.org/wiki/Takakkaw_Falls,51.499722222,-116.472777777,"waterfalls in British Columbia, Canada"
Q37633,Alexander Falls,waterfalls,http://commons.wikimedia.org/wiki/Special:FilePath/Alexander%20Falls%20near%20Whistler%2C%20British%20Columbia.jpg,Canada,https://en.wikipedia.org/wiki/Alexander_Falls,50.135555555,-123.128055555,waterfall
Q55637130,Villiers Island,islands,http://commons.wikimedia.org/wiki/Special:FilePath/Filling%20in%20part%20of%20the%20mouth%20of%20the%20Keating%20Channel%2C%202018-07-04%20-a.jpg,Canada,https://en.wikipedia.org/wiki/Ookwemin_Minising,43.6462,-79.3516,"island in Toronto, Ontario, Canada"
Q292117,Île Notre-Dame,islands,http://commons.wikimedia.org/wiki/Special:FilePath/Parc%20Jean-Drapeau%20Montr%C3%A9al.jpg,Canada,https://en.wikipedia.org/wiki/Notre_Dame_Island,45.508230555,-73.527388888,artificial island in St. Lawrence River near Montreal
Q498051,Byam Martin Island,islands,http://commons.wikimedia.org/wiki/Special:FilePath/Byammartinisland.png,Canada,https://en.wikipedia.org/wiki/Byam_Martin_Island,75.25,-104.25,"island in Nunavut, Canada"
Q513788,Quadra Island,islands,http://commons.wikimedia.org/wiki/Special:FilePath/Cape%20Mudge%20Lighthouse%20%289169121993%29.jpg,Canada,https://en.wikipedia.org/wiki/Quadra_Island,50.181111,-125.252778,"largest island of the Discovery Islands in British Columbia, Canada"
Q292436,Province Island,islands,http://commons.wikimedia.org/wiki/Special:FilePath/%C3%8Ele%20de%20la%20Province.jpg,Canada,https://en.wikipedia.org/wiki/Province_Island,45.008611111,-72.232222222,island on the Canada and the United States border
Q292493,Île des Soeurs,islands,http://commons.wikimedia.org/wiki/Special:FilePath/Nuns%20Island%20skyline%2001.jpg,Canada,https://en.wikipedia.org/wiki/Nuns%27_Island,45.460555555,-73.547222222,island in St. Lawrence River near Montreal
Q338670,Coats Island,islands,http://commons.wikimedia.org/wiki/Special:FilePath/Coats%20Island%202019-08-23%20Sentinel-2%20L2A%20True%20color.jpg,Canada,https://en.wikipedia.org/wiki/Coats_Island,62.5,-83.0,"island in Nunavut, Canada"
Q368753,Koch Island,islands,http://commons.wikimedia.org/wiki/Special:FilePath/Kochisland.png,Canada,https://en.wikipedia.org/wiki/Koch_Island,69.633333,-78.333333,"island in Nunavut, Canada"
Q379090,Middle Island,islands,http://commons.wikimedia.org/wiki/Special:FilePath/Middle%20Island%20ONT%20CA%202006.jpg,Canada,https://en.wikipedia.org/wiki/Middle_Island_(Lake_Erie),41.6828,-82.683149,"island in Essex County, Ontario, Canada"
Q384965,Eglinton Island,islands,http://commons.wikimedia.org/wiki/Special:FilePath/Eglinton%20island.jpg,Canada,https://en.wikipedia.org/wiki/Eglinton_Island,75.800646,-118.503095,"island in the Northwest Territories, Canada"
Q3347256,Garibaldi Névé,glaciers,http://commons.wikimedia.org/wiki/Special:FilePath/Isunnguata-sermia-greenland.jpg,Canada,https://en.wikipedia.org/wiki/Garibaldi_N%C3%A9v%C3%A9,49.8533,-122.99,"Icefield in British Columbia, Canada"
Q390766,Agassiz Ice Cap,glaciers,http://commons.wikimedia.org/wiki/Special:FilePath/Agassiz%20ice%20cap.jpg,Canada,https://en.wikipedia.org/wiki/Agassiz_Ice_Cap,82.749,-71.65,glacier in Canada
Q391165,Athabasca Glacier,glaciers,http://commons.wikimedia.org/wiki/Special:FilePath/Athabasca%20Glacier%20BenWBell.jpg,Canada,https://en.wikipedia.org/wiki/Athabasca_Glacier,52.190833333,-117.255277777,"glacier in Alberta, Canada"
Q429971,Crowfoot Glacier,glaciers,http://commons.wikimedia.org/wiki/Special:FilePath/Crowfoot%20Glacier%201.jpg,Canada,https://en.wikipedia.org/wiki/Crowfoot_Glacier,51.634128,-116.434478,glacier in Canada
Q795332,Sirmilik National Park,national_parks,http://commons.wikimedia.org/wiki/Special:FilePath/Sirmilik%20Glacier%202%201997-08-06.jpg,Canada,https://en.wikipedia.org/wiki/Sirmilik_National_Park,72.833333333,-80.583333333,"national park in Nunavut, Canada"
Q828404,Yoho National Park,national_parks,http://commons.wikimedia.org/wiki/Special:FilePath/Emerald%20Lake%20-%20Yoho%20National%20Park.JPG,Canada,https://en.wikipedia.org/wiki/Yoho_National_Park,51.3953,-116.487,national park of Canada located in the Rocky Mountains of British Columbia
Q861957,Nááts'įhch'oh National Park Reserve,national_parks,http://commons.wikimedia.org/wiki/Special:FilePath/N%C4%B1onep%27ene%20Lake%20in%20Naats%27ihch%27oh.jpg,Canada,https://en.wikipedia.org/wiki/N%C3%A1%C3%A1ts%27ihch%27oh_National_Park_Reserve,62.25,-128.25,national park of Canada
Q862157,Mingan Archipelago National Park Reserve,national_parks,http://commons.wikimedia.org/wiki/Special:FilePath/Monolithes%20Mingan.jpg,Canada,https://en.wikipedia.org/wiki/Mingan_Archipelago_National_Park_Reserve,50.2,-63.829166666,national park of Canada located in Quebec
Q862260,Kouchibouguac National Park,national_parks,http://commons.wikimedia.org/wiki/Special:FilePath/Kouchibouguac%20National%20Park%20%2837124711561%29.jpg,Canada,https://en.wikipedia.org/wiki/Kouchibouguac_National_Park,46.8497,-64.9669,"national park in New Brunswick, Canada"
Q862265,Mount Revelstoke National Park,national_parks,http://commons.wikimedia.org/wiki/Special:FilePath/Mount%20Revelstoke%20National%20Park%201.jpg,Canada,https://en.wikipedia.org/wiki/Mount_Revelstoke_National_Park,51.0858,-118.066,national park of Canada in British Columbia
Q862271,Vuntut National Park,national_parks,http://commons.wikimedia.org/wiki/Special:FilePath/Vontut%20National%20Park.jpg,Canada,https://en.wikipedia.org/wiki/Vuntut_National_Park,68.3069,-140.048,"national park in Yukon, Canada"
Q862285,Gwaii Haanas National Park Reserve and Haida Heritage Site,national_parks,http://commons.wikimedia.org/wiki/Special:FilePath/Windy%20Bay%20forest.jpg,Canada,https://en.wikipedia.org/wiki/Gwaii_Haanas_National_Park_Reserve_and_Haida_Heritage_Site,52.3892,-131.471,"culturally and environmentally protected reserve in Haida Gwaii, British Columbia"
Q862318,Ukkusiksalik National Park,national_parks,http://commons.wikimedia.org/wiki/Special:FilePath/Ukkusiksalik%20NP%201.jpg,Canada,https://en.wikipedia.org/wiki/Ukkusiksalik_National_Park,65.498611111,-87.895277777,"national park in Nunavut, Canada"
Q152688,Torngat Mountains National Park,national_parks,http://commons.wikimedia.org/wiki/Special:FilePath/Nachvak%20Fjord%20Labrador%202008.JPG,Canada,https://en.wikipedia.org/wiki/Torngat_Mountains_National_Park,59.435833333,-63.696388888,national park in Canada
Q200590,Ivvavik National Park,national_parks,http://commons.wikimedia.org/wiki/Special:FilePath/Sheep%20Slot%20Rapids%2C%20Firth%20River%2C%20Ivvavik%20National%20Park%2C%20YT.jpg,Canada,https://en.wikipedia.org/wiki/Ivvavik_National_Park,69.5197,-139.525,national park of Canada in Yukon
Q253517,Cape Breton Highlands National Park,national_parks,http://commons.wikimedia.org/wiki/Special:FilePath/NS%20CapeBretonHighlands2%20tango7174.jpg,Canada,https://en.wikipedia.org/wiki/Cape_Breton_Highlands_National_Park,46.7167,-60.6597,"national park in Nova Scotia, Canada"
Q257598,Gros Morne National Park,national_parks,http://commons.wikimedia.org/wiki/Special:FilePath/Western%20Brook%20Pond%20Newfoundland%20Canada%20DSC%206405.jpg,Canada,https://en.wikipedia.org/wiki/Gros_Morne_National_Park,49.689444444,-57.738055555,National Park on the west coast of Newfoundland
Q503429,Jasper National Park,national_parks,http://commons.wikimedia.org/wiki/Special:FilePath/Herbert%20Lake%20beim%20Icefields%20Parkway.jpg,Canada,https://en.wikipedia.org/wiki/Jasper_National_Park,52.8,-117.9,"national park in the Canadian Rockies in Alberta, Canada"
Q583518,Georgian Bay Islands National Park,national_parks,http://commons.wikimedia.org/wiki/Special:FilePath/BeausoleilIslandCedarSprings2004.jpg,Canada,https://en.wikipedia.org/wiki/Georgian_Bay_Islands_National_Park,44.8778,-79.8747,"national park in Ontario, Canada"
Q597959,Tuktut Nogait National Park,national_parks,http://commons.wikimedia.org/wiki/Special:FilePath/Hornaday%20River.jpg,Canada,https://en.wikipedia.org/wiki/Tuktut_Nogait_National_Park,68.8187,-121.749,"national park in the Northwest Territories, Canada"
Q636823,Thousand Islands National Park,national_parks,http://commons.wikimedia.org/wiki/Special:FilePath/Gazebo%20a.jpg,Canada,https://en.wikipedia.org/wiki/Thousand_Islands_National_Park,44.3525,-75.955,"Protected area in Ontario, Canada"
Q2030,Iqaluit,cities,http://commons.wikimedia.org/wiki/Special:FilePath/Iqaluit%20skyline.jpg,Canada,https://en.wikipedia.org/wiki/Iqaluit,63.749444444,-68.521666666,"capital of the territory of Nunavut, Canada"
Q2055,Whitehorse,cities,http://commons.wikimedia.org/wiki/Special:FilePath/Whitehorse%2C%20Yukon%20in%202019.jpg,Canada,https://en.wikipedia.org/wiki/Whitehorse,60.717222222,-135.055833333,"capital city of the territory of Yukon, Canada"
Q2061,Yellowknife,cities,http://commons.wikimedia.org/wiki/Special:FilePath/Downtown%20Yellowknife%202.jpg,Canada,https://en.wikipedia.org/wiki/Yellowknife,62.442222222,-114.3975,"capital and largest city of the Northwest Territories, Canada"
Q2096,Edmonton,cities,http://commons.wikimedia.org/wiki/Special:FilePath/Downtown%20edmonton.jpg,Canada,https://en.wikipedia.org/wiki/Edmonton,53.533333333,-113.5,"capital city of the province of Alberta, Canada"
Q2123,Regina,cities,http://commons.wikimedia.org/wiki/Special:FilePath/Reginadowntown%20%28cropped%29.png,Canada,"https://en.wikipedia.org/wiki/Regina,_Saskatchewan",50.454722222,-104.606666666,"capital and second-largest city of the province of Saskatchewan, Canada"
Q2127,Charlottetown,cities,http://commons.wikimedia.org/wiki/Special:FilePath/Charlottetown-Stratford%20%28aerial%29%2002.jpg,Canada,https://en.wikipedia.org/wiki/Charlottetown,46.235277777,-63.126666666,"capital city of the province of Prince Edward Island, Canada"
Q2138,Fredericton,cities,http://commons.wikimedia.org/wiki/Special:FilePath/Fredericton%2C%20New%20Brunswick%20montage.png,Canada,https://en.wikipedia.org/wiki/Fredericton,45.95,-66.666666666,"capital city of the province of New Brunswick, Canada"
Q273780,Hydro-Québec Building,skyscrapers,http://commons.wikimedia.org/wiki/Special:FilePath/Hydro%20Qu%C3%A9bec%2C%20building%20in%20Montreal%202005-10-21.JPG,Canada,https://en.wikipedia.org/wiki/Hydro-Qu%C3%A9bec_Building,45.5083,-73.5625,"Government office building in Montreal, Quebec"
Q273781,Édifice Marie-Guyart,skyscrapers,http://commons.wikimedia.org/wiki/Special:FilePath/EdificeMarieGuyart.JPG,Canada,https://en.wikipedia.org/wiki/%C3%89difice_Marie-Guyart,46.808056,-71.217222,"office skyscraper in Quebec City, Quebec"
Q332518,Absolute World,skyscrapers,http://commons.wikimedia.org/wiki/Special:FilePath/Absolute%20Towers%20Mississauga.%20South-west%20view.jpg,Canada,https://en.wikipedia.org/wiki/Absolute_World,43.5946,-79.6354,"Twin residential skyscraper complex in Mississauga, Ontario"
Q373143,Édifice Price,skyscrapers,http://commons.wikimedia.org/wiki/Special:FilePath/%C3%89difice%20Price-Qu%C3%A9bec.jpg,Canada,https://en.wikipedia.org/wiki/%C3%89difice_Price,46.812963888,-71.208066666,"skyscraper in Quebec City, Canada"
Q153625,Simpson Tower,skyscrapers,http://commons.wikimedia.org/wiki/Special:FilePath/Simpson%20Tower.JPG,Canada,https://en.wikipedia.org/wiki/Simpson_Tower,43.652,-79.3812,skyscraper
Q164877,1000 de La Gauchetière,skyscrapers,http://commons.wikimedia.org/wiki/Special:FilePath/Edifice%201000%20de%20La%20Gauchetiere%2C%20Montreal%2015.jpg,Canada,https://en.wikipedia.org/wiki/1000_de_La_Gaucheti%C3%A8re,45.4982,-73.5663,"skyscraper in Montreal, Quebec, Canada"
Q173454,1250 René-Lévesque,skyscrapers,http://commons.wikimedia.org/wiki/Special:FilePath/1250RLevesque.jpg,Canada,https://en.wikipedia.org/wiki/1250_Ren%C3%A9-L%C3%A9vesque,45.4973,-73.5704,"skyscraper in Montreal, Quebec, Canada"
Q528031,Port Mann Bridge,bridges,http://commons.wikimedia.org/wiki/Special:FilePath/Vancouver%20Portmann-Bridge%202015.JPG,Canada,https://en.wikipedia.org/wiki/Port_Mann_Bridge,49.221,-122.813,"bridge over the Fraser River in Metro Vancouver, British Columbia; opened in 2012"
Q885931,Blue Water Bridge,bridges,http://commons.wikimedia.org/wiki/Special:FilePath/Bluewater%20Bridge%20in%20Sarnia-2010-11-20-011.jpg,Canada,https://en.wikipedia.org/wiki/Blue_Water_Bridge,42.998611111,-82.423611111,"bridge across the St. Clair River, connecting Port Huron, Michigan and Sarnia, Ontario"
Q612227,BC Place,stadiums,http://commons.wikimedia.org/wiki/Special:FilePath/BC%20Place%20Opening%20Day%202011-09-30.jpg,Canada,https://en.wikipedia.org/wiki/BC_Place,49.276666666,-123.111944444,"stadium at Vancouver, British Columbia, Canada"
Q130381,Commonwealth Stadium,stadiums,http://commons.wikimedia.org/wiki/Special:FilePath/Commonwealth.jpg,Canada,https://en.wikipedia.org/wiki/Commonwealth_Stadium,53.559722222,-113.476111111,"stadium in Edmonton, Alberta"
Q4456884,Southern Alberta Institute of Technology,universities,http://commons.wikimedia.org/wiki/Special:FilePath/Calgary%20SAIT.jpg,Canada,https://en.wikipedia.org/wiki/Southern_Alberta_Institute_of_Technology,51.063745,-114.089272,"Polytechnic institute in Calgary, Alberta, Canada"
Q5939790,Humber Polytechnic,universities,http://commons.wikimedia.org/wiki/Special:FilePath/Humber%20College%20logo.svg,Canada,https://en.wikipedia.org/wiki/Humber_Polytechnic,43.729444444,-79.609166666,"publicly funded college in Toronto, Ontario, Canada"
Q7450279,Seneca Polytechnic,universities,http://commons.wikimedia.org/wiki/Special:FilePath/Seneca%20CITE%20Building%20K%20-%20front%20exterior%20view.jpg,Canada,https://en.wikipedia.org/wiki/Seneca_Polytechnic,43.79395,-79.349047222,"public college in Toronto, Ontario, Canada"
Q337382,Acadia University,universities,http://commons.wikimedia.org/wiki/Special:FilePath/Acadia%20University%201.jpg,Canada,https://en.wikipedia.org/wiki/Acadia_University,45.087777777,-64.366111111,"public university in Wolfville, Nova Scotia, Canada"
Q391028,University of British Columbia,universities,http://commons.wikimedia.org/wiki/Special:FilePath/Irving%20K.%20Barber%20Library.jpg,Canada,https://en.wikipedia.org/wiki/University_of_British_Columbia,49.264722222,-123.252777777,"public research university in British Columbia, Canada"
Q1001900,Buffalo National Park,natural,http://commons.wikimedia.org/wiki/Special:FilePath/Corraling%20buffalo%20in%20Wainwright%20Buffalo%20Park%20%2820752653102%29.jpg,Canada,https://en.wikipedia.org/wiki/Buffalo_National_Park,52.8333,-110.9,"former national park in Alberta, Canada"
Q1122878,Prince Albert National Park,natural,http://commons.wikimedia.org/wiki/Special:FilePath/Prince%20Albert%20National%20Park.jpg,Canada,https://en.wikipedia.org/wiki/Prince_Albert_National_Park,53.9633,-106.37,"national park in Saskatchewan, Canada"
Q1153938,Point Pelee National Park,natural,http://commons.wikimedia.org/wiki/Special:FilePath/Boardwalk%20in%20Pelee.JPG,Canada,https://en.wikipedia.org/wiki/Point_Pelee_National_Park,41.966666666,-82.516666666,national park of Canada in Ontario
Q1161253,Glacier National Park,natural,http://commons.wikimedia.org/wiki/Special:FilePath/Glacier%20np%20canada.JPG,Canada,https://en.wikipedia.org/wiki/Glacier_National_Park_(Canada),51.3,-117.519,"national park in Columbia-Shuswap Regional District, British Columbia, Canada"
Q1314367,Prince Edward Island National Park,natural,http://commons.wikimedia.org/wiki/Special:FilePath/Prince%20edward%20island%20zz.jpg,Canada,https://en.wikipedia.org/wiki/Prince_Edward_Island_National_Park,46.4167,-63.075,"national park in Prince Edward Island, Canada"
Q1327341,Quttinirpaaq National Park,natural,http://commons.wikimedia.org/wiki/Special:FilePath/Scylla-and-Charbydis.jpg,Canada,https://en.wikipedia.org/wiki/Quttinirpaaq_National_Park,82.216666666,-72.216666666,northernmost national park in Canada
Q1331433,Elk Island National Park,natural,http://commons.wikimedia.org/wiki/Special:FilePath/Bison%20Elk%20Island.jpg,Canada,https://en.wikipedia.org/wiki/Elk_Island_National_Park,53.6144,-112.866,"national park in Alberta, Canada"
Q1422693,Terra Nova National Park,natural,http://commons.wikimedia.org/wiki/Special:FilePath/NLC%20TerraNova1%20tango7174.jpg,Canada,https://en.wikipedia.org/wiki/Terra_Nova_National_Park,48.5306,-53.9281,national park of Canada located in Newfoundland and Labrador
Q1437338,Forillon National Park,natural,http://commons.wikimedia.org/wiki/Special:FilePath/Forillon%20National%20Park%20of%20Canada%201.jpg,Canada,https://en.wikipedia.org/wiki/Forillon_National_Park,48.9,-64.35,"national park in Quebec, Canada"
Q1474238,Fundy National Park,natural,http://commons.wikimedia.org/wiki/Special:FilePath/NB%20Fundy3%20tango7174.jpg,Canada,https://en.wikipedia.org/wiki/Fundy_National_Park,45.595277777,-64.953888888,"Located on the Bay of Fundy, near the village of Alma, New Brunswick"
Q1481093,Rocky Mountain Trench,natural,http://commons.wikimedia.org/wiki/Special:FilePath/Columbiavalley%20lake.jpg,Canada,https://en.wikipedia.org/wiki/Rocky_Mountain_Trench,54.5,-122.5,"long valley in British Columbia, Canada"
Q6820371,Merritton Tunnel,space,http://commons.wikimedia.org/wiki/Special:FilePath/Merritton%20Tunnel.jpg,Canada,https://en.wikipedia.org/wiki/Merritton_Tunnel,43.1331,-79.1811,
Q7438942,Screaming Tunnel,space,http://commons.wikimedia.org/wiki/Special:FilePath/Screaming%20Tunnel-Niagara%20Falls-Ontario-20220205.jpg,Canada,https://en.wikipedia.org/wiki/Screaming_Tunnel,43.1452,-79.145,"tunnel in Ontario, Canada"
Q7517507,Simcoe Street Tunnel,space,http://commons.wikimedia.org/wiki/Special:FilePath/Simcoe%20Street%20Tunnel%2C%20August%2030%202025.jpg,Canada,https://en.wikipedia.org/wiki/Simcoe_Street_Tunnel,43.6436,-79.3846,"road tunnel in Toronto, Ontario, Canada"
Q178617,Lower Fort Garry,markets,http://commons.wikimedia.org/wiki/Special:FilePath/Lowerfortgarry.jpg,Canada,https://en.wikipedia.org/wiki/Lower_Fort_Garry,50.1122,-96.9319,"human settlement in St. Andrews, Manitoba, Canada"
Q515965,Fort Frontenac,markets,http://commons.wikimedia.org/wiki/Special:FilePath/Fort%20Frontenac.JPG,Canada,https://en.wikipedia.org/wiki/Fort_Frontenac,44.233333333,-76.478611111,"fort in Kingston, Ontario, Canada"
Q689727,Fort Garry,markets,http://commons.wikimedia.org/wiki/Special:FilePath/Upper%20Fort%20Garry%20North%20Gate.JPG,Canada,https://en.wikipedia.org/wiki/Fort_Garry,49.887883,-97.13532,"human settlement in Winnipeg, Manitoba, Canada"
Q947530,Fort Douglas,markets,http://commons.wikimedia.org/wiki/Special:FilePath/Red%20River%20summer%20view%201822.jpg,Canada,https://en.wikipedia.org/wiki/Fort_Douglas_(Canada),49.904,-97.1319,"human settlement in Winnipeg, Manitoba, Canada"
Q180100,Taber Hill,history_and_mysteries,http://commons.wikimedia.org/wiki/Special:FilePath/Taber%20Hill.JPG,Canada,https://en.wikipedia.org/wiki/Taber_Hill,43.759,-79.235,cemetery
Q482315,Amílcar Cabral International Airport,airports,http://commons.wikimedia.org/wiki/Special:FilePath/GVAC%20SID.jpg,Cape Verde,https://en.wikipedia.org/wiki/Am%C3%ADlcar_Cabral_International_Airport,16.737588888,-22.950016666,"international airport serving Espargos, Cape Verde"
Q543335,Francisco Mendes International Airport,airports,http://commons.wikimedia.org/wiki/Special:FilePath/Francisco%20Mendes%20Airport.jpg,Cape Verde,https://en.wikipedia.org/wiki/Francisco_Mendes_International_Airport,14.9261,-23.4948,airport
Q1778115,Monte Gordo,peaks,http://commons.wikimedia.org/wiki/Special:FilePath/Sao-nicolau%20route.jpg,Cape Verde,https://en.wikipedia.org/wiki/Monte_Gordo_(Cape_Verde),16.620833333,-24.354166666,"mountain on the island of São Nicolau, Cape Verde"
Q485117,Ilhéu de Cima,islands,http://commons.wikimedia.org/wiki/Special:FilePath/Ilheu%20de%20Cima%20Cape%20Verde.jpg,Cape Verde,https://en.wikipedia.org/wiki/Ilh%C3%A9u_de_Cima,14.973333333,-24.635,island
Q489203,Ilhéu dos Pássaros,islands,http://commons.wikimedia.org/wiki/Special:FilePath/Djeu3.jpg,Cape Verde,https://en.wikipedia.org/wiki/Ilh%C3%A9u_dos_P%C3%A1ssaros,16.9097,-25.0113,island in Cape Verde
Q490593,Ilhéu de Sal-Rei,islands,http://commons.wikimedia.org/wiki/Special:FilePath/Ilh%C3%A9u%20de%20Sal%20Rei%20-%202022-07-12%20-%20Image%20213837.jpg,Cape Verde,https://en.wikipedia.org/wiki/Ilh%C3%A9u_de_Sal_Rei,16.173,-22.933,island
Q492509,São Nicolau,islands,http://commons.wikimedia.org/wiki/Special:FilePath/Bela-vista-net-Sao%20Nicolau-map.jpg,Cape Verde,"https://en.wikipedia.org/wiki/S%C3%A3o_Nicolau,_Cape_Verde",16.615277777,-24.271111111,island of Cape Verde
Q492531,Santa Luzia,islands,http://commons.wikimedia.org/wiki/Special:FilePath/Sana%20Luzia%20draw.jpg,Cape Verde,"https://en.wikipedia.org/wiki/Santa_Luzia,_Cape_Verde",16.761388888,-24.743888888,smallest and the only uninhabited island of Cape Verde
Q492528,Brava,islands,http://commons.wikimedia.org/wiki/Special:FilePath/Furna%20Cape%20Verde.jpg,Cape Verde,"https://en.wikipedia.org/wiki/Brava,_Cape_Verde",14.866666666,-24.7,smallest inhabited island of Cape Verde
Q492551,Maio,islands,http://commons.wikimedia.org/wiki/Special:FilePath/V%20DSC00097.JPG,Cape Verde,"https://en.wikipedia.org/wiki/Maio,_Cape_Verde",15.230555555,-23.156111111,island of Cape Verde
Q498958,Ilhéu Raso,islands,http://commons.wikimedia.org/wiki/Special:FilePath/View%20from%20Raso.jpg,Cape Verde,https://en.wikipedia.org/wiki/Ilh%C3%A9u_Raso,16.62,-24.586666666,"island, Cape Verde"
Q3751,Praia,cities,http://commons.wikimedia.org/wiki/Special:FilePath/Praia%20Harbor.jpg,Cape Verde,https://en.wikipedia.org/wiki/Praia,14.917719444,-23.509155555,capital of Cape Verde
Q569437,Estádio da Várzea,stadiums,http://commons.wikimedia.org/wiki/Special:FilePath/Est%C3%A1dio%20da%20V%C3%A1rzea.jpg,Cape Verde,https://en.wikipedia.org/wiki/Est%C3%A1dio_da_V%C3%A1rzea,14.916111,-23.512222,stadium
Q499108,Pico do Fogo,natural,http://commons.wikimedia.org/wiki/Special:FilePath/Pico-94-117-13.jpg,Cape Verde,https://en.wikipedia.org/wiki/Pico_do_Fogo,14.949269444,-24.340369444,active volcano and highest peak of Cape Verde
Q503835,Manovo-Gounda St. Floris National Park,national_parks,http://commons.wikimedia.org/wiki/Special:FilePath/Manovo.jpg,Central African Republic,https://en.wikipedia.org/wiki/Manovo-Gounda_St._Floris_National_Park,8.5,21.5,national park
Q3832,Bangui,cities,http://commons.wikimedia.org/wiki/Special:FilePath/Bangui%20City%20Centre.jpg,Central African Republic,https://en.wikipedia.org/wiki/Bangui,4.37325,18.562833333,capital city of the Central African Republic
Q3659,N'Djamena,cities,http://commons.wikimedia.org/wiki/Special:FilePath/Place%20de%20la%20nation4%20%28Tchad%29.jpg,Chad,https://en.wikipedia.org/wiki/N%27Djamena,12.11,15.05,capital and largest city of Chad
Q919952,Presidente Carlos Ibáñez del Campo International Airport,airports,http://commons.wikimedia.org/wiki/Special:FilePath/A%C3%A9roport%20Punta%20Arenas.jpg,Chile,https://en.wikipedia.org/wiki/Presidente_Carlos_Ib%C3%A1%C3%B1ez_del_Campo_International_Airport,-53.0025,-70.854444444,airport in Chile
Q127671,Arturo Merino Benítez International Airport,airports,http://commons.wikimedia.org/wiki/Special:FilePath/Terminal%20Aeropuerto%20Pudahuel.jpg,Chile,https://en.wikipedia.org/wiki/Arturo_Merino_Ben%C3%ADtez_International_Airport,-33.392777777,-70.785555555,international airport in Chile
Q127721,Carriel Sur International Airport,airports,http://commons.wikimedia.org/wiki/Special:FilePath/Lan%20737en%20CCP.jpg,Chile,https://en.wikipedia.org/wiki/Carriel_Sur_International_Airport,-36.7725,-73.063055555,international airport in Chile
Q1048225,Villarrica Volcano,peaks,http://commons.wikimedia.org/wiki/Special:FilePath/Pucon-y-su-Volcan.jpg,Chile,https://en.wikipedia.org/wiki/Villarrica_(volcano),-39.42,-71.939166666,Chilean volcano
Q1055787,Cerro Azul,peaks,http://commons.wikimedia.org/wiki/Special:FilePath/Cerro%20Azul.jpg,Chile,https://en.wikipedia.org/wiki/Cerro_Azul_(Chile_volcano),-35.653333333,-70.760833333,"mountain in Curicó Province, Chile"
Q1056128,Cerro del Azufre,peaks,http://commons.wikimedia.org/wiki/Special:FilePath/Laguna%20Ca%C3%B1apa%20con%20flamencos%20Potos%C3%AD%20Bolivia.jpg,Chile,https://en.wikipedia.org/wiki/Cerro_del_Azufre,-21.783055555,-68.239722222,mountain
Q1130319,Chiliques,peaks,http://commons.wikimedia.org/wiki/Special:FilePath/Chiliques%20volcano.jpg,Chile,https://en.wikipedia.org/wiki/Chiliques,-23.583333333,-67.7,stratovolcano in Chile
Q1420297,Ollagüe,peaks,http://commons.wikimedia.org/wiki/Special:FilePath/Ollag%C3%BCe%20from%20Bolivia%28Jan2012%29.jpg,Chile,https://en.wikipedia.org/wiki/Ollag%C3%BCe,-21.3025,-68.179166666,mountain shared by Bolivia and Chile
Q1552026,Tacora,peaks,http://commons.wikimedia.org/wiki/Special:FilePath/Tacora.jpg,Chile,https://en.wikipedia.org/wiki/Tacora,-17.716666666,-69.766666666,"mountain in Parinacota Province, Chile; geonames ID = 3868151"
Q117822,Acotango,peaks,http://commons.wikimedia.org/wiki/Special:FilePath/Acotango.jpg,Chile,https://en.wikipedia.org/wiki/Acotango,-18.383333333,-69.046944444,mountain shared by Bolivia and Chile
Q152380,Chaitén,peaks,http://commons.wikimedia.org/wiki/Special:FilePath/Chaiten%20Volcano%20NASA.jpg,Chile,https://en.wikipedia.org/wiki/Chait%C3%A9n_(volcano),-42.832777777,-72.645833333,"mountain in Palena Province, Chile"
Q164121,Llaima,peaks,http://commons.wikimedia.org/wiki/Special:FilePath/Volc%C3%A1n%20Llaima%20y%20Laguna%20Conguill%C3%ADo%2C%20desde%20Sierra%20Nevada.jpg,Chile,https://en.wikipedia.org/wiki/Llaima,-38.697407,-71.730445,mountain
Q202629,Lonquimay,peaks,http://commons.wikimedia.org/wiki/Special:FilePath/Volcan%20lonquimay.jpg,Chile,https://en.wikipedia.org/wiki/Lonquimay_(volcano),-38.37919,-71.58991814,"mountain in Malleco Province, Chile"
Q214916,Llullaillaco,peaks,http://commons.wikimedia.org/wiki/Special:FilePath/Habitat%20du%20Chinchilla%20brevicaudata%20-%20Lllullaillaco.jpg,Chile,https://en.wikipedia.org/wiki/Llullaillaco,-24.719722222,-68.536666666,stratovolcano in Chile and Argentina
Q248276,Corcovado Volcano,peaks,http://commons.wikimedia.org/wiki/Special:FilePath/Corcovado%20volcano%20aerial.jpg,Chile,https://en.wikipedia.org/wiki/Corcovado_Volcano,-43.193055555,-72.792777777,"mountain in Palena Province, Chile"
Q252081,"Guallatiri, Chile",peaks,http://commons.wikimedia.org/wiki/Special:FilePath/Guallatiri.jpg,Chile,https://en.wikipedia.org/wiki/Guallatiri,-18.423611111,-69.089722222,"mountain in Parinacota Province, Chile"
Q255010,Parinacota,peaks,http://commons.wikimedia.org/wiki/Special:FilePath/Parinacota.jpg,Chile,https://en.wikipedia.org/wiki/Parinacota_(volcano),-18.165752777,-69.141611111,volcano on the border of Chile and Bolivia
Q312930,Copahue,peaks,http://commons.wikimedia.org/wiki/Special:FilePath/Copahue%20Volcano.jpg,Chile,https://en.wikipedia.org/wiki/Copahue,-37.852222222,-71.1675,stratovolcano nestled on the border between Argentina and Chile
Q312929,Viedma,peaks,http://commons.wikimedia.org/wiki/Special:FilePath/Viedma%20volcanic%20complex.jpg,Chile,https://en.wikipedia.org/wiki/Viedma_(volcano),-49.358333333,-73.283333333,subglacial volcano
Q337644,Acamarachi,peaks,http://commons.wikimedia.org/wiki/Special:FilePath/Acamarachi%20Volcano.jpg,Chile,https://en.wikipedia.org/wiki/Acamarachi,-23.295833333,-67.617222222,"mountain in El Loa Province, Chile"
Q548229,Reclus,peaks,http://commons.wikimedia.org/wiki/Special:FilePath/Amalia%20Glacier%20Chile%202007-12-28.JPG,Chile,https://en.wikipedia.org/wiki/Reclus_(volcano),-50.939533,-73.63715172,"volcano located in the Southern Patagonian Ice Field, Chile"
Q576985,Antillanca Group,peaks,http://commons.wikimedia.org/wiki/Special:FilePath/DonPedro%20Antillanca.jpg,Chile,https://en.wikipedia.org/wiki/Antillanca_Group,-40.774722222,-72.156388888,mountain range
Q577482,Cerro Solo,peaks,http://commons.wikimedia.org/wiki/Special:FilePath/Solo-from-north.jpg,Chile,https://en.wikipedia.org/wiki/Cerro_Solo,-27.108333333,-68.716666666,volcano on the Argentine-Chilean border
Q577700,Puyehue-Cordón Caulle,peaks,http://commons.wikimedia.org/wiki/Special:FilePath/Puyehue%20Lake%20with%20Puyehue%20volcano%20in%20the%20background.jpg,Chile,https://en.wikipedia.org/wiki/Puyehue-Cord%C3%B3n_Caulle,-40.590277777,-72.117222222,volcanic complex in Chile
Q1139840,Puntiagudo-Cordón Cenizos,volcanoes,http://commons.wikimedia.org/wiki/Special:FilePath/Volcan%20Puntiagudo.jpg,Chile,https://en.wikipedia.org/wiki/Puntiagudo-Cord%C3%B3n_Cenizos,-40.969444444,-72.263888888,mountain in Chile
Q1189752,Quetrupillán,volcanoes,http://commons.wikimedia.org/wiki/Special:FilePath/Volcanoes%20Quetrupillan%20and%20Lanin.jpg,Chile,https://en.wikipedia.org/wiki/Quetrupill%C3%A1n,-39.49706,-71.72329903,"mountain in Cautín Province, Chile"
Q1200515,Descabezado Grande,volcanoes,http://commons.wikimedia.org/wiki/Special:FilePath/Descabezado.jpg,Chile,https://en.wikipedia.org/wiki/Descabezado_Grande,-35.583333333,-70.75,"mountain in Curicó Province, Chile"
Q1324394,Cerro El Muerto,volcanoes,http://commons.wikimedia.org/wiki/Special:FilePath/Cerro%20El%20Muerto.jpg,Chile,https://en.wikipedia.org/wiki/Cerro_El_Muerto,-27.0575,-68.483888888,mountain in Argentina
Q1420308,Juriques,volcanoes,http://commons.wikimedia.org/wiki/Special:FilePath/Volc%C3%A1n%20Juriques%2C%20Bolivia%2C%202016-02-02%2C%20DD%2003.JPG,Chile,https://en.wikipedia.org/wiki/Juriques,-22.846388888,-67.824444444,mountain
Q1478849,Incahuasi,volcanoes,http://commons.wikimedia.org/wiki/Special:FilePath/Incahuasi%20and%20el%20fraile%20plus%20laguna%20verde%20chile.jpg,Chile,https://en.wikipedia.org/wiki/Incahuasi,-27.033333333,-68.3,mountain in Argentina
Q1535333,Marmolejo,volcanoes,http://commons.wikimedia.org/wiki/Special:FilePath/Marmolejo%20and%20San%20Jose.jpg,Chile,https://en.wikipedia.org/wiki/Marmolejo,-33.717129,-69.864514,mountain
Q373105,Arintica,volcanoes,http://commons.wikimedia.org/wiki/Special:FilePath/Thermes%20de%20Polloquere%20%28sud%20du%20salar%20de%20Surire%29.jpg,Chile,https://en.wikipedia.org/wiki/Arintica,-18.75,-69.05,mountain in Chile
Q389121,Lanín,volcanoes,http://commons.wikimedia.org/wiki/Special:FilePath/Laguna%20Huenfuica%20y%20Volc%C3%A1n%20Lan%C3%ADn.jpg,Chile,https://en.wikipedia.org/wiki/Lan%C3%ADn,-39.637178,-71.50305748,volcano on the border of Argentina and Chile
Q422737,Pomerape,volcanoes,http://commons.wikimedia.org/wiki/Special:FilePath/SajamaPark.jpg,Chile,https://en.wikipedia.org/wiki/Pomerape,-18.126275,-69.126719444,mountain in Chile
Q422765,Socompa,volcanoes,http://commons.wikimedia.org/wiki/Special:FilePath/Volc%C3%A1n%20Socompa.jpg,Chile,https://en.wikipedia.org/wiki/Socompa,-24.393333333,-68.256111111,mountain in Argentina
Q37684,Ojos del Caburgua,waterfalls,http://commons.wikimedia.org/wiki/Special:FilePath/Ojos%20del%20Caburgua.jpg,Chile,https://en.wikipedia.org/wiki/Ojos_del_Caburgua,-39.2387,-71.8343,"water fall that is a common tourist attraction in Pucón, Chile"
Q37854,Huilo-Huilo Falls,waterfalls,http://commons.wikimedia.org/wiki/Special:FilePath/Salto%20de%20Huilo%20Huilo.jpg,Chile,https://en.wikipedia.org/wiki/Huilo-Huilo_Falls,-39.853333333,-71.954444444,waterfall
Q391146,Laja Falls,waterfalls,http://commons.wikimedia.org/wiki/Special:FilePath/Salto%20del%20Laja%202019%20%282%29.jpg,Chile,https://en.wikipedia.org/wiki/Laja_Falls,-37.215555555,-72.383333333,waterfall
Q430990,Petrohué Waterfalls,waterfalls,http://commons.wikimedia.org/wiki/Special:FilePath/Saltos%20del%20petrohue%2001b.jpg,Chile,https://en.wikipedia.org/wiki/Petrohu%C3%A9_Waterfalls,-41.17235,-72.44683,waterfalls in Chile
Q504449,Chiloé Island,islands,http://commons.wikimedia.org/wiki/Special:FilePath/Abtao-Parque%20Nacional%20Chilo%C3%A9.jpg,Chile,https://en.wikipedia.org/wiki/Chilo%C3%A9_Island,-42.676666666,-73.993333333,island of Chile
Q329422,Robinson Crusoe Island,islands,http://commons.wikimedia.org/wiki/Special:FilePath/Robinson%20Crusoe%20Island.jpeg,Chile,https://en.wikipedia.org/wiki/Robinson_Crusoe_Island,-33.641388888,-78.841111111,island of Chile
Q367943,Perito Moreno Glacier,glaciers,http://commons.wikimedia.org/wiki/Special:FilePath/Perito%20Moreno%20Glacier%202023.jpg,Chile,https://en.wikipedia.org/wiki/Perito_Moreno_Glacier,-50.483333333,-73.05,glacier located in the Patagonian Andes
Q606749,Villarrica National Park,national_parks,http://commons.wikimedia.org/wiki/Special:FilePath/VOLCAN%20VILLARICA.JPG,Chile,https://en.wikipedia.org/wiki/Villarrica_National_Park,-39.4931,-71.7168,national park in Chile
Q634183,Puyehue National Park,national_parks,http://commons.wikimedia.org/wiki/Special:FilePath/Waterfall%20puyehue.jpg,Chile,https://en.wikipedia.org/wiki/Puyehue_National_Park,-40.64888889,-72.08444444,national park in Chile
Q680312,Conguillío National Park,national_parks,http://commons.wikimedia.org/wiki/Special:FilePath/Araucaria%20araucana%20-%20Parque%20Nacional%20Conguill%C3%ADo%20por%20lautaroj%20-%20001.jpg,Chile,https://en.wikipedia.org/wiki/Conguill%C3%ADo_National_Park,-38.66666667,-71.65,national park in Chile
Q13077,Hualpén,cities,http://commons.wikimedia.org/wiki/Special:FilePath/Hualp%C3%A9n%20y%20el%20r%C3%ADo%20B%C3%ADo-B%C3%ADo.jpg,Chile,https://en.wikipedia.org/wiki/Hualp%C3%A9n,-36.783333333,-73.083333333,city in Chile
Q14433,Huechuraba,cities,http://commons.wikimedia.org/wiki/Special:FilePath/Huechuraba.jpg,Chile,https://en.wikipedia.org/wiki/Huechuraba,-33.35,-70.666666666,city and commune of Chile
Q2203,Arica,cities,http://commons.wikimedia.org/wiki/Special:FilePath/Catedral%20de%20San%20Marcos%20I%2C%20Regi%C3%B3n%20de%20Arica%20-%20Chile..jpg,Chile,https://en.wikipedia.org/wiki/Arica,-18.478388888,-70.321222222,city of Chile
Q3602,Andacollo,cities,http://commons.wikimedia.org/wiki/Special:FilePath/Andacollo%20Plaza.jpg,Chile,https://en.wikipedia.org/wiki/Andacollo,-30.216666666,-71.083333333,"city and commune in the Elqui Province, Coquimbo Region, Chile"
Q3656,Buin,cities,http://commons.wikimedia.org/wiki/Special:FilePath/Municipalidad%2C%20Buin%2020230723.jpg,Chile,"https://en.wikipedia.org/wiki/Buin,_Chile",-33.733333333,-70.75,Chilean city
Q3713,La Calera,cities,http://commons.wikimedia.org/wiki/Special:FilePath/La%20Calera%2C%20regi%C3%B3n%20de%20Valpara%C3%ADso%2C%20Chile.jpg,Chile,"https://en.wikipedia.org/wiki/La_Calera,_Chile",-32.783333333,-71.216666666,"city and commune in the Quillota Province, Chile"
Q3742,Casablanca,cities,http://commons.wikimedia.org/wiki/Special:FilePath/Plaza%20Casablanca.jpg,Chile,"https://en.wikipedia.org/wiki/Casablanca,_Chile",-33.316666666,-71.416666666,Chilean commune
Q3753,Cañete,cities,http://commons.wikimedia.org/wiki/Special:FilePath/Municipality%20of%20Ca%C3%B1ete%20%28Chile%29.jpg,Chile,"https://en.wikipedia.org/wiki/Ca%C3%B1ete,_Chile",-37.8,-73.383333333,city and commune in Chile
Q3765,Chiguayante,cities,http://commons.wikimedia.org/wiki/Special:FilePath/Chiguayante%20sem%C3%A1foros.jpg,Chile,https://en.wikipedia.org/wiki/Chiguayante,-36.916666666,-73.016666666,Chilean city and commune
Q3841,Colina,cities,http://commons.wikimedia.org/wiki/Special:FilePath/Cementerio%20colina%201.jpg,Chile,"https://en.wikipedia.org/wiki/Colina,_Chile",-33.202277777,-70.674888888,Chilean city and commune
Q594994,Julio Martínez Prádanos National Stadium,stadiums,http://commons.wikimedia.org/wiki/Special:FilePath/Estadio%20Nacional%20-%20A741105.jpg,Chile,https://en.wikipedia.org/wiki/Estadio_Nacional_Julio_Mart%C3%ADnez_Pr%C3%A1danos,-33.464444444,-70.610555555,"stadium in Santiago, Chile"
Q398404,Aguilera,natural,http://commons.wikimedia.org/wiki/Special:FilePath/Aguilera%20Volcano.jpg,Chile,https://en.wikipedia.org/wiki/Aguilera_(volcano),-50.284585,-73.66839409,stratovolcano in southern Chile
Q422713,Licancabur,natural,http://commons.wikimedia.org/wiki/Special:FilePath/Volcan%20Licancabur%20Bolivia.jpg,Chile,https://en.wikipedia.org/wiki/Licancabur,-22.833611111,-67.882777777,stratovolcano on the border between Bolivia and Chile
Q201785,El Dorado International Airport,airports,http://commons.wikimedia.org/wiki/Special:FilePath/Vista%20a%C3%A9rea%20Aeropuerto%20Internacional%20Eldorado%20Bogot%C3%A1%20%28SKBO-BOG%29%20%288204598528%29.jpg,Colombia,https://en.wikipedia.org/wiki/El_Dorado_International_Airport,4.701388888,-74.146944444,"main airport of Bogota, Colombia"
Q432334,Alfredo Vásquez Cobo International Airport,airports,http://commons.wikimedia.org/wiki/Special:FilePath/Alfredo%20V%C3%A1squez%20Cobo%20International%20Airport.jpg,Colombia,https://en.wikipedia.org/wiki/Alfredo_V%C3%A1squez_Cobo_International_Airport,-4.193333333,-69.943055555,Colombian airport in Leticia in the departamento of Amazonas
Q535161,José María Córdova International Airport,airports,http://commons.wikimedia.org/wiki/Special:FilePath/Aeropuerto%20JMC-Vista%20aerea.JPG,Colombia,https://en.wikipedia.org/wiki/Jos%C3%A9_Mar%C3%ADa_C%C3%B3rdova_International_Airport,6.167222222,-75.426666666,Colombian airport in Rionegro - Antioquia in the departamento of Antioquia
Q619873,Benito Salas Airport,airports,http://commons.wikimedia.org/wiki/Special:FilePath/Aeropuerto%20Benito%20Salas.jpg,Colombia,https://en.wikipedia.org/wiki/Benito_Salas_Airport,2.95,-75.293888888,Colombian airport in Neiva in the departamento of Huila
Q590920,Cerro Bravo,peaks,http://commons.wikimedia.org/wiki/Special:FilePath/Cerro%20Bravo.jpg,Colombia,https://en.wikipedia.org/wiki/Cerro_Bravo,5.089166666,-75.292222222,"volcano in Tolima Department, Colombia"
Q233351,Nevado del Ruiz,peaks,http://commons.wikimedia.org/wiki/Special:FilePath/Nevado%20del%20Ruiz%201985.jpg,Colombia,https://en.wikipedia.org/wiki/Nevado_del_Ruiz,4.895277777,-75.3225,volcanic mountain in Colombia
Q235062,Galeras,peaks,http://commons.wikimedia.org/wiki/Special:FilePath/Volc%C3%A1n%20Galeras%20%28cropped%29.jpg,Colombia,https://en.wikipedia.org/wiki/Galeras,1.216666666,-77.366666666,volcanic mountain in Colombia
Q1330927,Puracé,volcanoes,http://commons.wikimedia.org/wiki/Special:FilePath/Volc%C3%A1n%20Purac%C3%A9%20from%20Popay%C3%A1n%20-%202006.jpg,Colombia,https://en.wikipedia.org/wiki/Purac%C3%A9,2.314166666,-76.394166666,mountain in Colombia
Q533861,Tatacoa Desert,deserts,http://commons.wikimedia.org/wiki/Special:FilePath/Foto%202004%201017%28046%29.JPG,Colombia,https://en.wikipedia.org/wiki/Tatacoa_Desert,3.23,-75.17,arid zone in Colombia
Q251301,Guavio Reservoir,lakes,http://commons.wikimedia.org/wiki/Special:FilePath/Embalse%20del%20Guavio%20%282%29.JPG,Colombia,,4.6943,-73.50885833,reservoir in Colombia
Q490295,Tequendama Falls,waterfalls,http://commons.wikimedia.org/wiki/Special:FilePath/Tequendamasaltobta.jpg,Colombia,https://en.wikipedia.org/wiki/Tequendama_Falls,4.574861111,-74.293388888,waterfall
Q3470251,Salto de Bordones,waterfalls,http://commons.wikimedia.org/wiki/Special:FilePath/Salto%20de%20Bordones%2C%20Isnos%2C%20Huila%20-%20panoramio.jpg,Colombia,,2.013333333,-76.169166666,
Q3470249,Salto de Mortiño,waterfalls,http://commons.wikimedia.org/wiki/Special:FilePath/Salto%20de%20Mortino.jpg,Colombia,,1.879,-76.204,
Q3470258,Tequendamita Falls,waterfalls,http://commons.wikimedia.org/wiki/Special:FilePath/Tequendamita.jpg,Colombia,https://en.wikipedia.org/wiki/Tequendamita_Falls,6.082222222,-75.475833333,waterfall in Colombia
Q144327,Nevado del Tolima,glaciers,http://commons.wikimedia.org/wiki/Special:FilePath/Nevado%20del%20tolima.jpg,Colombia,https://en.wikipedia.org/wiki/Nevado_del_Tolima,4.666666666,-75.333333333,volcano located in the Central Andes of Colombia
Q91110,Castillo de San Felipe de Barajas,castles,http://commons.wikimedia.org/wiki/Special:FilePath/Panorama%20Castillo%20San%20Felipe%20de%20Barajas%20CTG%2011%202019%202864.jpg,Colombia,https://en.wikipedia.org/wiki/Castillo_San_Felipe_de_Barajas,10.42222,-75.53806,castle in Colombia
Q549088,Estadio Once de Noviembre,stadiums,http://commons.wikimedia.org/wiki/Special:FilePath/Estadioncedenov.jpg,Colombia,https://en.wikipedia.org/wiki/Estadio_Once_de_Noviembre,10.404187,-75.495334,sports venue
Q546823,Volcán Cerro Machín,natural,http://commons.wikimedia.org/wiki/Special:FilePath/Cerro%20Machin%202016-12-15.jpg,Colombia,https://en.wikipedia.org/wiki/Cerro_Mach%C3%ADn,4.483333333,-75.391666666,"Stratovolcano located in Tolima Department, Colombia"
Q511978,Mauke,islands,http://commons.wikimedia.org/wiki/Special:FilePath/Mauke%20Aerial.jpg,Cook Islands,https://en.wikipedia.org/wiki/Mauke,-20.1583,-157.3417,island of the Cook Islands
Q555940,Juan Santamaría International Airport,airports,http://commons.wikimedia.org/wiki/Special:FilePath/TACA%20airplanes%20SJO%2004%202005.jpg,Costa Rica,https://en.wikipedia.org/wiki/Juan_Santamar%C3%ADa_International_Airport,9.993888888,-84.208888888,"primary airport serving San José, the capital of Costa Rica"
Q1969482,Poás Volcano,peaks,http://commons.wikimedia.org/wiki/Special:FilePath/Poas%20crater.jpg,Costa Rica,https://en.wikipedia.org/wiki/Po%C3%A1s_Volcano,10.1978153,-84.2302979,mountain in Costa Rica
Q869074,Corcovado National Park,national_parks,http://commons.wikimedia.org/wiki/Special:FilePath/Corcovado%20National%20Park%20%288440028662%29.jpg,Costa Rica,https://en.wikipedia.org/wiki/Corcovado_National_Park,8.55,-83.583333333,national park in Costa Rica
Q112854,Manuel Antonio National Park,national_parks,http://commons.wikimedia.org/wiki/Special:FilePath/Manuel%20Antonio%20CRI%2007%202016%207495.jpg,Costa Rica,https://en.wikipedia.org/wiki/Manuel_Antonio_National_Park,9.37555556,-84.13583333,national park
Q602120,Tortuguero National Park,national_parks,http://commons.wikimedia.org/wiki/Special:FilePath/Tortuguero%20caribbean%20coast.jpg,Costa Rica,https://en.wikipedia.org/wiki/Tortuguero_National_Park,10.4232,-83.4967,national park in Costa Rica
Q3070,San José,cities,http://commons.wikimedia.org/wiki/Special:FilePath/Cityscape%20of%20San%20Jos%C3%A9%2C%20Costa%20Rica%20%28253552473%29.jpg,Costa Rica,"https://en.wikipedia.org/wiki/San_Jos%C3%A9,_Costa_Rica",9.932738888,-84.079613888,capital of Costa Rica
Q392774,University for Peace,universities,http://commons.wikimedia.org/wiki/Special:FilePath/UPEACE-campus.jpg,Costa Rica,https://en.wikipedia.org/wiki/University_for_Peace,9.919444444,-84.272777777,university
Q128016,Zagreb Airport,airports,http://commons.wikimedia.org/wiki/Special:FilePath/Zagreb%20Airpoirt%20tower.jpg,Croatia,https://en.wikipedia.org/wiki/Zagreb_Airport,45.743055555,16.068888888,main international airport of Croatia; base of the Croatian Air Force and Air Defence
Q3511202,Skradinski buk,waterfalls,http://commons.wikimedia.org/wiki/Special:FilePath/Skradinski%20buk%2001.JPG,Croatia,,43.8057257,15.9631774,waterfall in Croatia
Q341554,Čiovo,islands,http://commons.wikimedia.org/wiki/Special:FilePath/Chorwacja%2C%20widok%20na%20wysp%C4%99%20Ciovo%20z%20mostu%20pomi%C4%99dzy%20wysp%C4%85%20Ciovo%20i%20Trogirem.JPG,Croatia,https://en.wikipedia.org/wiki/%C4%8Ciovo,43.49806,16.30056,island of Croatia
Q388024,Žirje,islands,http://commons.wikimedia.org/wiki/Special:FilePath/Zirje%20Croatia.jpg,Croatia,"https://en.wikipedia.org/wiki/%C5%BDirje,_Croatia",43.652222222,15.661666666,island of Croatia
Q828155,Krka National Park,national_parks,http://commons.wikimedia.org/wiki/Special:FilePath/7%20NP%20Krka.jpg,Croatia,https://en.wikipedia.org/wiki/Krka_National_Park,43.801944444,15.972777777,national park from the approximately 45 kilometer long section of the Krka river between Knin and Skradin and the lower reaches of the tributary Čikolain in Croatia
Q591878,National Park Sjeverni Velebit,national_parks,http://commons.wikimedia.org/wiki/Special:FilePath/Karstformationen%20Nationalpark-Nord-Velebit.JPG,Croatia,https://en.wikipedia.org/wiki/Northern_Velebit_National_Park,44.69305556,15.00694444,national park in Ccroatia
Q631183,Risnjak National Park,national_parks,http://commons.wikimedia.org/wiki/Special:FilePath/Nacionalni%20park%20Risnjak%20%28Berghutte%20unterhalb%20des%20Gipfels%20des%20Risnak%29.jpg,Croatia,https://en.wikipedia.org/wiki/Risnjak_National_Park,45.431,14.651,national park in Croatia
Q3370,Zadar,cities,http://commons.wikimedia.org/wiki/Special:FilePath/View%20over%20Zadar.jpg,Croatia,https://en.wikipedia.org/wiki/Zadar,44.114166666,15.2275,"city and settlement in Zadar County, Croatia"
Q1640,Osijek,cities,http://commons.wikimedia.org/wiki/Special:FilePath/Osijek%20panorama%20Gornji%20grad.jpg,Croatia,https://en.wikipedia.org/wiki/Osijek,45.560277777,18.670277777,"city and settlement in Osijek-Baranja County, Croatia"
Q1258998,Salona,landmarks,http://commons.wikimedia.org/wiki/Special:FilePath/Episcopal%20Center%20%28Salona%29%2003.jpg,Croatia,https://en.wikipedia.org/wiki/Salona,43.539444444,16.483055555,"ancient Roman city on the Dalmatian coast, in present Croatia"
Q991909,Suleiman Bridge,bridges,http://commons.wikimedia.org/wiki/Special:FilePath/Edward%20Brown%20Az%20esz%C3%A9ki%20h%C3%ADd%20%281674%29.jpg,Croatia,https://en.wikipedia.org/wiki/Suleiman_Bridge,45.563333333,18.692777777,historic bridge in Osijek Croatia
Q609301,University of Split,universities,http://commons.wikimedia.org/wiki/Special:FilePath/Hauptgeb%C3%A4ude%20Univ%20Split.jpg,Croatia,https://en.wikipedia.org/wiki/University_of_Split,43.510959,16.468152,Croatian university
Q527031,Frank País Airport,airports,http://commons.wikimedia.org/wiki/Special:FilePath/Airport%20Holguin.JPG,Cuba,https://en.wikipedia.org/wiki/Frank_Pa%C3%ADs_Airport,20.788616017,-76.305662984,airport
Q555863,Juan Gualberto Gómez Airport,airports,http://commons.wikimedia.org/wiki/Special:FilePath/Juan%20Gualberto%20G%C3%B3mez%20Airport%20overview%20Idaszak.jpg,Cuba,https://en.wikipedia.org/wiki/Juan_Gualberto_G%C3%B3mez_Airport,23.034444444,-81.435277777,varadero city
Q1563,Havana,cities,http://commons.wikimedia.org/wiki/Special:FilePath/Cuba%20libre%20%286941395159%29.jpg,Cuba,https://en.wikipedia.org/wiki/Havana,23.136666666,-82.358888888,capital and largest city of Cuba
Q607230,Ercan International Airport,airports,http://commons.wikimedia.org/wiki/Special:FilePath/Ercan%20Airport%20North%20Cyprus%20007.JPG,Cyprus,https://en.wikipedia.org/wiki/Ercan_International_Airport,35.159647,33.488372,airport in Northern Cyprus
Q922954,Leoš Janáček Airport Ostrava,airports,http://commons.wikimedia.org/wiki/Special:FilePath/OSRintl.jpg,Czech Republic,https://en.wikipedia.org/wiki/Leo%C5%A1_Jan%C3%A1%C4%8Dek_Airport_Ostrava,49.696111111,18.110833333,"airport serving the city of Ostrava, Czech Republic"
Q99172,Václav Havel Airport Prague,airports,http://commons.wikimedia.org/wiki/Special:FilePath/PRG%20Ruzyne%20airport%20view%208971b.jpg,Czech Republic,https://en.wikipedia.org/wiki/V%C3%A1clav_Havel_Airport_Prague,50.100833333,14.26,international airport in Prague
Q369173,Žermanice Reservoir,lakes,http://commons.wikimedia.org/wiki/Special:FilePath/%C5%BDermanick%C3%A1%20p%C5%99ehrada%2003.jpg,Czech Republic,,49.719444444,18.461944444,lake
Q3564928,Mumlava Waterfall,waterfalls,http://commons.wikimedia.org/wiki/Special:FilePath/Mumlavsky%20vodopad.jpg,Czech Republic,,50.7703,15.4539,
Q864799,Šumava National Park,national_parks,http://commons.wikimedia.org/wiki/Special:FilePath/Ple%C5%A1n%C3%A9%20jezero.jpg,Czech Republic,https://en.wikipedia.org/wiki/%C5%A0umava_National_Park,49.060643055,13.482478888,national park in Czechia
Q2240221,Bechyně Castle,cities,http://commons.wikimedia.org/wiki/Special:FilePath/Z%C3%A1mek%20Bechyn%C4%9B%20L%20crop.jpg,Czech Republic,,49.29150556,14.46808333,
Q10396718,Q10396718,landmarks,http://commons.wikimedia.org/wiki/Special:FilePath/Z%C3%A1pad%20slunce%20nad%20tzv.%20%C5%A0v%C3%A9dskou%20%C5%A1anc%C3%AD.jpg,Czech Republic,,49.8372,14.0756,
Q12034280,Viereckschanze,landmarks,http://commons.wikimedia.org/wiki/Special:FilePath/%C5%A0v%C3%A9dsk%C3%A9%20%C5%A1ance%2C%20Lud%C3%A9%C5%99ov%2C%20Drahanovice%2C%20okres%20Olomouc%20%2803%29.jpg,Czech Republic,,49.5831886,17.0413753,
Q37819323,Viereckschanze in Mšecké Žehrovice,landmarks,http://commons.wikimedia.org/wiki/Special:FilePath/Viereckschanze%20in%20M%C5%A1eck%C3%A9%20%C5%BDehrovice%2004.jpg,Czech Republic,,50.1704717,13.9204164,
Q204871,Charles Bridge,bridges,http://commons.wikimedia.org/wiki/Special:FilePath/Prague%2007-2016%20View%20from%20Petrinska%20Tower%20img2.jpg,Czech Republic,https://en.wikipedia.org/wiki/Charles_Bridge,50.086388888,14.411944444,"bridge in Prague, Czech Republic"
Q393375,Žampach viaduct,bridges,http://commons.wikimedia.org/wiki/Special:FilePath/Zampach.JPG,Czech Republic,https://en.wikipedia.org/wiki/%C5%BDampach_viaduct,49.873064444,14.487769166,"Railway bridge made of stone, in Czech Republic"
Q159971,Lemberk Castle,castles,http://commons.wikimedia.org/wiki/Special:FilePath/RD%20250928%20Z%C3%A1mek%20Lemberk.jpg,Czech Republic,https://en.wikipedia.org/wiki/Lemberk_Castle,50.77743611,14.78787778,national monument of the Czech Republic
Q168391,Hradec nad Moravicí Castle,castles,http://commons.wikimedia.org/wiki/Special:FilePath/Hradec2%20396388-1382.jpg,Czech Republic,,49.863908,17.874773,national monument of the Czech Republic
Q187633,Vízmburk,castles,http://commons.wikimedia.org/wiki/Special:FilePath/V%C3%ADzmburk%200.JPG,Czech Republic,,50.4847,16.0488,castle
Q188015,Veliš Castle,castles,http://commons.wikimedia.org/wiki/Special:FilePath/Veli%C5%A1%20od%20silnice.jpg,Czech Republic,,50.41705278,15.31541389,castle
Q193369,Prague Castle,castles,http://commons.wikimedia.org/wiki/Special:FilePath/Castillo%20de%20Praga%2C%20Praga%2C%20Rep%C3%BAblica%20Checa%2C%202022-07-02%2C%20DD%20209.jpg,Czech Republic,https://en.wikipedia.org/wiki/Prague_Castle,50.09,14.4,"castle complex in Prague, Czech Republic, dating from the 9th century"
Q200693,Kroměříž Castle,castles,http://commons.wikimedia.org/wiki/Special:FilePath/Kromeriz%2C%20Marktpl%2C%20Schl.jpg,Czech Republic,https://en.wikipedia.org/wiki/Krom%C4%9B%C5%99%C3%AD%C5%BE_Castle,49.300277777,17.393055555,castle in the Czech Republic
Q202446,Castle Libštejn,castles,http://commons.wikimedia.org/wiki/Special:FilePath/Libstejn-1.jpg,Czech Republic,,49.90032222,13.54763611,castle
Q255544,Egerberk,castles,http://commons.wikimedia.org/wiki/Special:FilePath/Egerberk%202023-05-01%20Pal%C3%A1c.jpg,Czech Republic,https://en.wikipedia.org/wiki/Egerberk,50.36724167,13.18471111,castle
Q266698,Karlštejn Castle,castles,http://commons.wikimedia.org/wiki/Special:FilePath/Burg%20Karlstein%20-%20Karl%C5%A1tejn%20-%20panoramio.jpg,Czech Republic,https://en.wikipedia.org/wiki/Karl%C5%A1tejn,49.93955,14.187933,Gothic castle in the Czech Republic founded by Charles IV
Q287264,Křikava,castles,http://commons.wikimedia.org/wiki/Special:FilePath/K%C5%99ikava%201.jpg,Czech Republic,,49.475,13.93833333,castle
Q105310,Buchlov,castles,http://commons.wikimedia.org/wiki/Special:FilePath/The%20Buchlov%20Castle.jpg,Czech Republic,https://en.wikipedia.org/wiki/Buchlov,49.1075,17.31083333,castle in the Czech Republic
Q116582,Hasištejn Castle,castles,http://commons.wikimedia.org/wiki/Special:FilePath/Hassenstein%20ueberblick.jpg,Czech Republic,https://en.wikipedia.org/wiki/Hasi%C5%A1tejn_Castle,50.44513889,13.25730556,castle
Q118256,Špilberk Castle,castles,http://commons.wikimedia.org/wiki/Special:FilePath/Hrad%20%C5%A0pilberk%20%28Brno%29%2C%20Brno%20-%20st%C5%99ed%20208%2C%20Brno.JPG,Czech Republic,https://en.wikipedia.org/wiki/%C5%A0pilberk_Castle,49.194444,16.598889,"building in the Czech Republic, used as prison"
Q366074,Švihov Castle,castles,http://commons.wikimedia.org/wiki/Special:FilePath/Svihov%20v%20zime%20%28cropped%29.JPG,Czech Republic,https://en.wikipedia.org/wiki/%C5%A0vihov_Castle,49.47877222,13.2849,national monument of the Czech Republic
Q366087,Rabí Castle,castles,http://commons.wikimedia.org/wiki/Special:FilePath/Rabi%20-%20east%20view%2001.jpg,Czech Republic,https://en.wikipedia.org/wiki/Rab%C3%AD_Castle,49.27877778,13.61837222,national monument of the Czech Republic
Q366439,Krakovec Castle,castles,http://commons.wikimedia.org/wiki/Special:FilePath/Krakovec%20Castle%201.jpg,Czech Republic,,50.01716667,13.63936111,castle
Q366444,Landštejn Castle,castles,http://commons.wikimedia.org/wiki/Special:FilePath/Land%C5%A1tejn%2C%202013%20%2811%29.jpg,Czech Republic,https://en.wikipedia.org/wiki/Land%C5%A1tejn_Castle,49.024,15.23,castle
Q366448,Houska Castle,castles,http://commons.wikimedia.org/wiki/Special:FilePath/Burg%20Houska.jpg,Czech Republic,https://en.wikipedia.org/wiki/Houska_Castle,50.49100278,14.62421111,castle
Q366535,Mikulov Castle,castles,http://commons.wikimedia.org/wiki/Special:FilePath/Mikulov%20z%C3%A1mek%20od%20zahrad%202.jpg,Czech Republic,https://en.wikipedia.org/wiki/Mikulov_Castle,48.806818,16.636702,château
Q366697,Hrubý Rohozec,castles,http://commons.wikimedia.org/wiki/Special:FilePath/Z%C3%A1mek%20Hrub%C3%BD%20Rohozec.jpg,Czech Republic,https://en.wikipedia.org/wiki/Hrub%C3%BD_Rohozec,50.59777778,15.15666667,national monument of the Czech Republic
Q367343,Horšovský Týn Castle,castles,http://commons.wikimedia.org/wiki/Special:FilePath/Hor%C5%A1ovsk%C3%BD%20T%C3%BDn%202012-08-05%20N%C3%A1m%C4%9Bst%C3%AD%20se%20z%C3%A1mkem.jpg,Czech Republic,,49.5293539,12.9423572,national monument of the Czech Republic
Q367362,Castle of Jindřichův Hradec,castles,http://commons.wikimedia.org/wiki/Special:FilePath/Jind%C5%99ich%C5%AFv%20Hradec%2C%202013%20%2814%29.jpg,Czech Republic,,49.142019,15.001462,"castle in Southern Bohemia, Czechia"
Q203902,Ivan Hlinka Stadion,stadiums,http://commons.wikimedia.org/wiki/Special:FilePath/Ivan%20Hlinka%20Arena.JPG,Czech Republic,https://en.wikipedia.org/wiki/Ivan_Hlinka_Stadion,50.60564167,13.621375,stadium
Q391945,Škoda Auto University,universities,http://commons.wikimedia.org/wiki/Special:FilePath/Vzdelavaci%20centrum%20Na%20Karmeli.jpg,Czech Republic,https://en.wikipedia.org/wiki/%C5%A0koda_Auto_University,50.415608,14.902481,"private university located in Mladá Boleslav, Czech Republic"
Q596788,Pošumavská jižní dráha,museums,http://commons.wikimedia.org/wiki/Special:FilePath/Nove%20Udoli4.JPG,Czech Republic,,48.828675,13.792785,heritage railway
Q707850,Jewish Museum in Prague,museums,http://commons.wikimedia.org/wiki/Special:FilePath/Du%C5%A1n%C3%AD%20%C5%BDidovsk%C3%A9%20muzeum%201.jpg,Czech Republic,https://en.wikipedia.org/wiki/Jewish_Museum_in_Prague,50.090285388,14.421100111,museum in Czechia
Q27596,Kisangani Bangoka International Airport,airports,http://commons.wikimedia.org/wiki/Special:FilePath/Nouveau%20parking%20de%20l%27a%C3%A9roport.jpg,Democratic Republic of the Congo,https://en.wikipedia.org/wiki/Kisangani_Bangoka_International_Airport,0.481667,25.338056,airport in the Democratic Republic of the Congo
Q214696,Mount Nyiragongo,peaks,http://commons.wikimedia.org/wiki/Special:FilePath/Lava%20Lake%20Nyiragongo%202.jpg,Democratic Republic of the Congo,https://en.wikipedia.org/wiki/Mount_Nyiragongo,-1.516666666,29.25,active volcano in Democratic Republic of the Congo
Q737859,Mount Karisimbi,peaks,http://commons.wikimedia.org/wiki/Special:FilePath/Karisimbi2.jpg,Democratic Republic of the Congo,https://en.wikipedia.org/wiki/Mount_Karisimbi,-1.5,29.45,volcano on the Rwanda–Democratic Republic of the Congo border
Q477594,Lofoi Falls,waterfalls,http://commons.wikimedia.org/wiki/Special:FilePath/Chutes%20de%20la%20Lofo%C3%AF.jpg,Democratic Republic of the Congo,https://en.wikipedia.org/wiki/Lofoi_Falls,-10.260277777,27.606388888,waterfall
Q223589,Virunga National Park,national_parks,http://commons.wikimedia.org/wiki/Special:FilePath/Virunga%2001.jpg,Democratic Republic of the Congo,https://en.wikipedia.org/wiki/Virunga_National_Park,-0.5,29.5,national park in the Democratic Republic of the Congo
Q263406,Upemba National Park,national_parks,http://commons.wikimedia.org/wiki/Special:FilePath/Lake%20Upemba%20STS057-104-62.jpg,Democratic Republic of the Congo,https://en.wikipedia.org/wiki/Upemba_National_Park,-9.01666667,26.58333333,national park
Q3838,Kinshasa,cities,http://commons.wikimedia.org/wiki/Special:FilePath/Vue%20Kinshasa.jpg,Democratic Republic of the Congo,https://en.wikipedia.org/wiki/Kinshasa,-4.321944444,15.311944444,capital and the largest city of the Democratic Republic of the Congo having the status of a province
Q598121,Billund Airport,airports,http://commons.wikimedia.org/wiki/Special:FilePath/Billund%20Airport%20from%20NE.jpg,Denmark,https://en.wikipedia.org/wiki/Billund_Airport,55.740277777,9.151944444,"international airport in Billund, Denmark"
Q114271178,Bornholm Basin,seas,http://commons.wikimedia.org/wiki/Special:FilePath/Akwarium%20Gdy%C5%84skie%201.JPG,Denmark,,55.0,15.5,part of the Proper Baltic Sea
Q100325174,Havneøen,islands,http://commons.wikimedia.org/wiki/Special:FilePath/Havne%C3%B8en%2C%20Vejle%2001.jpg,Denmark,,55.7067,9.5547,artificial island in Vejle harbour
Q106540900,Skrædderholm,islands,http://commons.wikimedia.org/wiki/Special:FilePath/Skr%C3%A6dderholm.jpg,Denmark,,55.6142,12.5082,
Q125622942,Kronløbsøen,islands,http://commons.wikimedia.org/wiki/Special:FilePath/Kronl%C3%B8bs%C3%B8en%2008.jpg,Denmark,,55.709315,12.597035,
Q20679,Koresand,islands,http://commons.wikimedia.org/wiki/Special:FilePath/Koresand%20i%202010%20%28b%29.jpg,Denmark,https://en.wikipedia.org/wiki/Koresand,55.25,8.483333333,sandbank in Wadden Sea
Q163518,Peberholm,islands,http://commons.wikimedia.org/wiki/Special:FilePath/20050319-Peberholm.jpg,Denmark,https://en.wikipedia.org/wiki/Peberholm,55.6,12.75,artificial island in the Øresund
Q666502,Møn,islands,http://commons.wikimedia.org/wiki/Special:FilePath/M%C3%B8n%20aerial.jpg,Denmark,https://en.wikipedia.org/wiki/M%C3%B8n,55.0,12.333333333,island in south-eastern Denmark
Q338037,Omø,islands,http://commons.wikimedia.org/wiki/Special:FilePath/Om%C3%B8%20%26%20Agers%C3%B8%2C%202006-06-04.jpg,Denmark,https://en.wikipedia.org/wiki/Om%C3%B8,55.16,11.155833333,island in Denmark
Q1748,Copenhagen,cities,http://commons.wikimedia.org/wiki/Special:FilePath/Copenhagen%20-%20view%20from%20Christiansborg%20castle.jpg,Denmark,https://en.wikipedia.org/wiki/Copenhagen,55.676111111,12.568888888,capital and largest city of Denmark
Q27425,Hillerød,cities,http://commons.wikimedia.org/wiki/Special:FilePath/Hiller%C3%B8d%20105.jpg,Denmark,https://en.wikipedia.org/wiki/Hiller%C3%B8d,55.933333333,12.3,city in Denmark
Q27452,Frederikshavn,cities,http://commons.wikimedia.org/wiki/Special:FilePath/Frederikshavn%20Kirke%202005%20ubt.jpg,Denmark,https://en.wikipedia.org/wiki/Frederikshavn,57.433888888,10.536111111,"town in northeast Jutland, Denmark"
Q27678,Holstebro,cities,http://commons.wikimedia.org/wiki/Special:FilePath/Holstebro%20001.JPG,Denmark,https://en.wikipedia.org/wiki/Holstebro,56.358055555,8.6175,"town in Holstebro Municipality, Denmark"
Q28031,Svendborg,cities,http://commons.wikimedia.org/wiki/Special:FilePath/Svendborg.3.jpg,Denmark,https://en.wikipedia.org/wiki/Svendborg,55.059722222,10.61,"town on the south coast of Funen, Denmark"
Q28042,Holbæk,cities,http://commons.wikimedia.org/wiki/Special:FilePath/Holb%C3%A6k%20luftfoto.jpg,Denmark,https://en.wikipedia.org/wiki/Holb%C3%A6k,55.7181,11.7103,town in Denmark
Q19694665,Q19694665,landmarks,http://commons.wikimedia.org/wiki/Special:FilePath/Br%C3%A6nde-Stene.jpg,Denmark,,56.61695,10.19587,ancient monument in Randers Municipality (44655)
Q19759213,Kongstrup stendysse,landmarks,http://commons.wikimedia.org/wiki/Special:FilePath/Kongstrup%20stendysse.jpg,Denmark,,55.723102548,11.004856219,ancient monument in Kalundborg Municipality (98971)
Q1491996,Q1491996,landmarks,http://commons.wikimedia.org/wiki/Special:FilePath/Galgebakken%2C%20Slots%20Bjergby%202005%20%28cropped%29.jpg,Denmark,,55.37624,11.33529,ancient monument in Slagelse Municipality (111345)
Q1540856,Q1540856,landmarks,http://commons.wikimedia.org/wiki/Special:FilePath/Gadeh%C3%B8j%2011-09-2019.jpg,Denmark,,56.07407,12.16602,ancient monument in Gribskov Municipality (92240)
Q1658360,Vongshøj,landmarks,http://commons.wikimedia.org/wiki/Special:FilePath/Vongsh%C3%B8j.jpg,Denmark,,55.088031851,8.921546985,ancient monument in Tønder Municipality (84646)
Q2083670,Hyrdehøj,landmarks,http://commons.wikimedia.org/wiki/Special:FilePath/Hyrdeh%C3%B8j%28Ramlose%29.jpg,Denmark,,56.017851971,12.131437708,Ramløse
Q2276428,Jelling Mounds,landmarks,http://commons.wikimedia.org/wiki/Special:FilePath/Jelling-Kirche%20suedlicher%20Huegel.jpg,Denmark,,55.75651427,9.419743429,
Q2695465,Borum Eshøj,landmarks,http://commons.wikimedia.org/wiki/Special:FilePath/Borum%20Esh%C3%B8j%20%28kultanl%C3%A6g%29.jpg,Denmark,,56.200876955,9.991828632,ancient monument in Aarhus Municipality (48831)
Q3176917,Jelshøj,landmarks,http://commons.wikimedia.org/wiki/Special:FilePath/Colline%20Jelsh%C3%B8j.jpg,Denmark,,56.0975,10.18111111,ancient monument in Aarhus Municipality (49622)
Q393200,Aggersund Bridge,bridges,http://commons.wikimedia.org/wiki/Special:FilePath/Aggersundbroen1.jpg,Denmark,https://en.wikipedia.org/wiki/Aggersund_Bridge,56.9994,9.29403,
Q996217,Ravning Bridge,bridges,http://commons.wikimedia.org/wiki/Special:FilePath/Ravningbroen.JPG,Denmark,https://en.wikipedia.org/wiki/Ravning_Bridge,55.67122,9.34636,bridge
Q189358,Kronborg Castle,castles,http://commons.wikimedia.org/wiki/Special:FilePath/KronborgCastle%20HCS.jpg,Denmark,https://en.wikipedia.org/wiki/Kronborg,56.038611111,12.621944444,"castle in Helsingør, Denmark"
Q281180,Hjørring Stadium,stadiums,http://commons.wikimedia.org/wiki/Special:FilePath/Sara%20Thrige%2C%20Fortuna%20Hj%C3%B8rring%20i%20kamp%20mod%20Olympique%20Lyon%20i%20UEFA%20Women%27s%20Champions%20League.jpg,Denmark,https://en.wikipedia.org/wiki/Hj%C3%B8rring_Stadium,57.4577062,9.9984598,stadium in Denmark
Q601956,Aalborg University,universities,http://commons.wikimedia.org/wiki/Special:FilePath/AAU%2020210406%203%20ubt.jpg,Denmark,https://en.wikipedia.org/wiki/Aalborg_University,57.015,9.985,public university in Denmark
Q803409,Haderslevbanen,museums,http://commons.wikimedia.org/wiki/Special:FilePath/Haderslevbanen12Ribevej.JPG,Denmark,,55.2487994,9.3815091,railway line
Q1201043,Danish Film Institute,museums,http://commons.wikimedia.org/wiki/Special:FilePath/Cinemateket%2001.jpg,Denmark,https://en.wikipedia.org/wiki/Danish_Film_Institute,55.6831953,12.578504,Danish government agency supporting the film industry
Q620706,Djibouti-Ambouli International Airport,airports,http://commons.wikimedia.org/wiki/Special:FilePath/Djibouti%20airport.jpg,Djibouti,https://en.wikipedia.org/wiki/Djibouti%E2%80%93Ambouli_International_Airport,11.547337,43.159255,international airport in Djibouti
Q141549,Day Forest National Park,national_parks,http://commons.wikimedia.org/wiki/Special:FilePath/Goda%20Mountains%20-%20National%20Park%20of%20For%C3%AAt%20du%20Day.jpg,Djibouti,https://en.wikipedia.org/wiki/Day_Forest_National_Park,11.8,42.683333333,national park
Q3604,Djibouti,cities,http://commons.wikimedia.org/wiki/Special:FilePath/Djibouti%20City.jpg,Djibouti,https://en.wikipedia.org/wiki/Djibouti_City,11.595,43.148055555,capital city of Djibouti
Q1638549,Morne Diablotins,peaks,http://commons.wikimedia.org/wiki/Special:FilePath/Morne%20Diablotins.jpg,Dominica,https://en.wikipedia.org/wiki/Morne_Diablotins,15.503333333,-61.397222222,mountain
Q1535776,Morne Watt,volcanoes,http://commons.wikimedia.org/wiki/Special:FilePath/Morne%20Watt.jpg,Dominica,https://en.wikipedia.org/wiki/Morne_Watt,15.307,-61.305,mountain
Q629436,Morne Trois Pitons National Park,national_parks,http://commons.wikimedia.org/wiki/Special:FilePath/Valley%20of%20desolation.jpg,Dominica,https://en.wikipedia.org/wiki/Morne_Trois_Pitons_National_Park,15.266667,-61.283333,"World Heritage Site in Dominica, in the Caribbean"
Q585251,Cotubanamá National Park,national_parks,http://commons.wikimedia.org/wiki/Special:FilePath/Isla%20Saona%20III.jpg,Dominican Republic,https://en.wikipedia.org/wiki/Cotubanam%C3%A1_National_Park,18.2283,-68.683,national park in the Dominican Republic
Q605355,Rábida Island,peaks,http://commons.wikimedia.org/wiki/Special:FilePath/R%C3%A1bida%20Island.jpg,Ecuador,https://en.wikipedia.org/wiki/R%C3%A1bida_Island,-0.413,-90.709,"islet in the Galapagos Archipelago, Ecuador"
Q1036179,Carihuairazo volcano,peaks,http://commons.wikimedia.org/wiki/Special:FilePath/Carihuairazo1996.jpg,Ecuador,https://en.wikipedia.org/wiki/Carihuairazo,-1.406944444,-78.75,volcano in Ecuador
Q1136571,Cotacachi,peaks,http://commons.wikimedia.org/wiki/Special:FilePath/Cotacachi%20Ecuador736.jpg,Ecuador,https://en.wikipedia.org/wiki/Cotacachi_Volcano,0.360833333,-78.349166666,volcano in Ecuador
Q1659771,Imbabura Volcano,peaks,http://commons.wikimedia.org/wiki/Special:FilePath/Otavalo%20Imbabura%20nina%20urkuwan.jpg,Ecuador,https://en.wikipedia.org/wiki/Imbabura_Volcano,0.258055555,-78.179722222,volcano in Ecuador
Q1759338,Rumiñahui,peaks,http://commons.wikimedia.org/wiki/Special:FilePath/Rumi%C3%B1ahui%20volcano%20Limpiopungo%20Lagoon%20ec.jpg,Ecuador,https://en.wikipedia.org/wiki/Rumi%C3%B1ahui_(volcano),-0.58972222,-78.50888889,volcano in Ecuador
Q181476,Cotopaxi volcano,peaks,http://commons.wikimedia.org/wiki/Special:FilePath/V%C3%B3lcan%20Cotopaxi.jpg,Ecuador,https://en.wikipedia.org/wiki/Cotopaxi,-0.680555555,-78.437777777,Highest active volcano in the world
Q207421,Tungurahua volcano,peaks,http://commons.wikimedia.org/wiki/Special:FilePath/Volc%C3%A1n%20Tungurahua%20Riobamba%20-%20Ecuador.jpg,Ecuador,https://en.wikipedia.org/wiki/Tungurahua,-1.466944444,-78.441666666,volcano in Ecuador
Q248770,Reventador,peaks,http://commons.wikimedia.org/wiki/Special:FilePath/Reventador%20volcano.jpg,Ecuador,https://en.wikipedia.org/wiki/Reventador,-0.076944444,-77.656111111,active stratovolcano in Ecuador
Q734280,Illinizas,peaks,http://commons.wikimedia.org/wiki/Special:FilePath/Illiniza%20Route-a%202012.jpg,Ecuador,https://en.wikipedia.org/wiki/Illiniza,-0.659444444,-78.713611111,pair of volcanoes in Ecuador
Q742216,Pichincha Volcano,peaks,http://commons.wikimedia.org/wiki/Special:FilePath/Rucu%20Pichincha%20and%20Trail.jpg,Ecuador,https://en.wikipedia.org/wiki/Pichincha_(volcano),-0.177222222,-78.598888888,"volcano in Quito Metro, Ecuador"
Q753140,volcano Atacazo,peaks,http://commons.wikimedia.org/wiki/Special:FilePath/Atacazo%20volcano.jpg,Ecuador,https://en.wikipedia.org/wiki/Atacazo,-0.357222222,-78.619166666,volcano in Ecuador
Q1143300,Cuicocha,volcanoes,http://commons.wikimedia.org/wiki/Special:FilePath/Cuicocha%2C%20Ecuador.jpg,Ecuador,https://en.wikipedia.org/wiki/Cuicocha,0.300555555,-78.362777777,lake in Ecuador
Q1147502,Marchena Island,volcanoes,http://commons.wikimedia.org/wiki/Special:FilePath/Marchena%20Island.jpg,Ecuador,https://en.wikipedia.org/wiki/Marchena_Island,0.35,-90.5,Island in the Galapagos Archipelago in Ecuador
Q1195352,Pinzón Island,volcanoes,http://commons.wikimedia.org/wiki/Special:FilePath/Galapagos%20Island%20Names.svg,Ecuador,https://en.wikipedia.org/wiki/Pinz%C3%B3n_Island,-0.6,-90.65,Island in the Galapagos Archipelago in Ecuador
Q1376373,Volcán Wolf,volcanoes,http://commons.wikimedia.org/wiki/Special:FilePath/Wolf%20volcano.jpg,Ecuador,https://en.wikipedia.org/wiki/Volc%C3%A1n_Wolf,0.033333333,-91.333333333,mountain in Ecuador
Q1424979,Alcedo Volcano,volcanoes,http://commons.wikimedia.org/wiki/Special:FilePath/Volcan%20Alcedo%20%28Galapagos%29.jpg,Ecuador,https://en.wikipedia.org/wiki/Alcedo_Volcano,-0.396583,-91.109104,mountain in Ecuador
Q408217,Santiago Island,volcanoes,http://commons.wikimedia.org/wiki/Special:FilePath/Santiagofromsea.jpg,Ecuador,https://en.wikipedia.org/wiki/Santiago_Island_(Gal%C3%A1pagos),-0.25,-90.7,"Island in the Galápagos Archipelago, Ecuador"
Q492463,North Seymour Island,islands,http://commons.wikimedia.org/wiki/Special:FilePath/Isla%20Seymour%20Norte%2C%20islas%20Gal%C3%A1pagos%2C%20Ecuador%2C%202015-07-23%2C%20DD%2002-03%20PAN.JPG,Ecuador,https://en.wikipedia.org/wiki/North_Seymour_Island,-0.3915,-90.2841,Small island in the Galapagos Archipelago in Ecuador
Q492703,Darwin Island,islands,http://commons.wikimedia.org/wiki/Special:FilePath/Darwins%20Arch%2C%20Galapagos.jpg,Ecuador,https://en.wikipedia.org/wiki/Darwin_Island,1.6675,-91.998611111,"uninhabited island in the Galapagos Archipelago, Ecuador"
Q839603,Sangay National Park,national_parks,http://commons.wikimedia.org/wiki/Special:FilePath/Ecuador%20SanguayNationalPark.JPG,Ecuador,https://en.wikipedia.org/wiki/Sangay_National_Park,-1.833333333,-78.333333333,national park in Ecuador
Q112375,Galápagos National Park,national_parks,http://commons.wikimedia.org/wiki/Special:FilePath/Cerro%20Dragon%201.jpg,Ecuador,https://en.wikipedia.org/wiki/Gal%C3%A1pagos_National_Park,-0.333333333,-90.0,national park and UNESCO World Heritage Site in Ecuador
Q512783,Sumaco Napo-Galeras National Park,national_parks,http://commons.wikimedia.org/wiki/Special:FilePath/Rain%20in%20Tena.jpg,Ecuador,https://en.wikipedia.org/wiki/Sumaco_Napo-Galeras_National_Park,-0.383333,-77.55,national park
Q2900,Quito,cities,http://commons.wikimedia.org/wiki/Special:FilePath/FACHADA%20ASAMBLEA%20NACIONAL.%20QUITO%2C%2020%20DE%20FEBRERO%202020.%2001.jpg,Ecuador,https://en.wikipedia.org/wiki/Quito,-0.22,-78.5125,capital of Ecuador
Q541523,Estadio 9 de Mayo,stadiums,http://commons.wikimedia.org/wiki/Special:FilePath/Estadio%209%20de%20Mayo%20Machala.jpg,Ecuador,https://en.wikipedia.org/wiki/Estadio_9_de_Mayo,-3.254467,-79.962497,sports venue
Q604975,Estadio Reales Tamarindos,stadiums,http://commons.wikimedia.org/wiki/Special:FilePath/Reales%20tamarindos.jpg,Ecuador,https://en.wikipedia.org/wiki/Estadio_Reales_Tamarindos,-1.048486,-80.45395,sports venue
Q754734,Cayambe,natural,http://commons.wikimedia.org/wiki/Special:FilePath/Volcan%20Cayambe.JPG,Ecuador,https://en.wikipedia.org/wiki/Cayambe_(volcano),0.0239,-77.9888,volcano in Ecuador
Q123222,Marsa Alam International Airport,airports,http://commons.wikimedia.org/wiki/Special:FilePath/MarsaAlamInternationalAirport.jpg,Egypt,https://en.wikipedia.org/wiki/Marsa_Alam_International_Airport,25.556944,34.583611,international airport located 60 km north of Marsa Alam in Egypt
Q461793,Cairo International Airport,airports,http://commons.wikimedia.org/wiki/Special:FilePath/Cairo%20Int.%20Airport%20-%20NASA.JPG,Egypt,https://en.wikipedia.org/wiki/Cairo_International_Airport,30.121944444,31.405555555,"International Airport just outside Cairo, Egypt"
Q191687,Heliopolis,history_and_mysteries,http://commons.wikimedia.org/wiki/Special:FilePath/CairoObeliskSesostris1.jpg,Egypt,https://en.wikipedia.org/wiki/Heliopolis_(ancient_Egypt),30.129527777,31.288888888,city of ancient Egypt
Q181528,Libyan Desert,deserts,http://commons.wikimedia.org/wiki/Special:FilePath/Libyan%20Desert%20-%202006.jpg,Egypt,https://en.wikipedia.org/wiki/Libyan_Desert,24.0,25.0,"northeastern part of the Sahara comprising desert areas in Egypt, Libya and Sudan"
Q182796,Lake Nasser,lakes,http://commons.wikimedia.org/wiki/Special:FilePath/Abu%20Simbel%2C%20Nefertari%20Temple%2C%20Lake%20Nasser%2C%20Egypt%2C%20Oct%202004.jpg,Egypt,https://en.wikipedia.org/wiki/Lake_Nasser,22.5,31.86,reservoir in Southern Egypt
Q335216,Sha‘ab Abū Nuhās,islands,http://commons.wikimedia.org/wiki/Special:FilePath/NuhasGiannis5.jpg,Egypt,https://en.wikipedia.org/wiki/Sha%CA%BDb_Abu_Nu%C4%A7as,27.575,33.93,Egyptian coral reef and dive site in the Straits of Gubal in the south of the Gulf of Suez
Q210598,Tanis,history_and_mysteries,http://commons.wikimedia.org/wiki/Special:FilePath/Ruins%20of%20Tanis.jpg,Egypt,https://en.wikipedia.org/wiki/Tanis,30.976944444,31.88,"village and ancient city in Sharqia Governorate, Egypt"
Q5715,Memphis,landmarks,http://commons.wikimedia.org/wiki/Special:FilePath/Memphis%2C%20Ramses%20II%2C%20Ancient%20Egypt.jpg,Egypt,"https://en.wikipedia.org/wiki/Memphis,_Egypt",29.844667,31.250917,ancient capital of Egypt
Q5736,Amarna,landmarks,http://commons.wikimedia.org/wiki/Special:FilePath/Amarna%201%20llegenda.jpg,Egypt,https://en.wikipedia.org/wiki/Amarna,27.661666666,30.905555555,Egyptian archaeological site
Q1145715,Pelusium,landmarks,http://commons.wikimedia.org/wiki/Special:FilePath/Ancient%20Levant%20routes.png,Egypt,https://en.wikipedia.org/wiki/Pelusium,31.05,32.6,ancient Egyptian archaeological site
Q1042722,Benha University,universities,http://commons.wikimedia.org/wiki/Special:FilePath/Banha.jpg,Egypt,https://en.wikipedia.org/wiki/Benha_University,30.471111,31.181667,public university in Egypt
Q372088,Ahmed Shawki Museum,museums,http://commons.wikimedia.org/wiki/Special:FilePath/GizaAhmedShawqyFacade.jpg,Egypt,https://en.wikipedia.org/wiki/Ahmed_Shawki_Museum,30.0214,31.2175,museum in Giza
Q101583,Thebes,markets,http://commons.wikimedia.org/wiki/Special:FilePath/Luxor%20temple27.JPG,Egypt,"https://en.wikipedia.org/wiki/Thebes,_Egypt",25.720555555,32.610277777,ancient Egyptian city
Q309282,Avaris,markets,http://commons.wikimedia.org/wiki/Special:FilePath/Lower%20Egypt-en.png,Egypt,https://en.wikipedia.org/wiki/Avaris,30.786228,31.82253,archaeological site in Egypt
Q381038,Sais,markets,http://commons.wikimedia.org/wiki/Special:FilePath/Jean-Francois%20Champollion%20-%20Plan%20Des%20Ruines%20De%20Sais.cropped.png,Egypt,"https://en.wikipedia.org/wiki/Sais,_Egypt",30.964722222,30.768333333,"village in Gharbia Governorate, Egypt"
Q587675,El Salvador International Airport,airports,http://commons.wikimedia.org/wiki/Special:FilePath/San%20salvador%20airport%204.jpg,El Salvador,https://en.wikipedia.org/wiki/El_Salvador_International_Airport,13.443019444,-89.056447222,airport in El Salvador
Q588038,Ilopango International Airport,airports,http://commons.wikimedia.org/wiki/Special:FilePath/32-0001%20Aeropuerto%20de%20Ilopango.jpg,El Salvador,https://en.wikipedia.org/wiki/Ilopango_International_Airport,13.694572222,-89.117297222,"regional airport in San Salvador, El Salvador"
Q1049338,Santa Ana Volcano,peaks,http://commons.wikimedia.org/wiki/Special:FilePath/Santa%20Ana%20Volcano.USAF.C-130.1.jpg,El Salvador,https://en.wikipedia.org/wiki/Santa_Ana_Volcano,13.852777777,-89.63,"Volcano in the Department of Santa Ana, El Salvador."
Q1049619,Izalco,peaks,http://commons.wikimedia.org/wiki/Special:FilePath/Green%20Izalco%20Volcano.JPG,El Salvador,https://en.wikipedia.org/wiki/Izalco_(volcano),13.813055555,-89.633333333,volcano in El Salvador
Q137953,Ilopango,peaks,http://commons.wikimedia.org/wiki/Special:FilePath/SalvadorVolcanoEngraving.jpg,El Salvador,,13.66666667,-89.05,volcano in El Salvador
Q3818,Malabo,cities,http://commons.wikimedia.org/wiki/Special:FilePath/Malabo%20a%2013-oct-01.jpg,Equatorial Guinea,https://en.wikipedia.org/wiki/Malabo,3.752063888,8.7737,city and former capital of Equatorial Guinea
Q522898,Asmara International Airport,airports,http://commons.wikimedia.org/wiki/Special:FilePath/Eritrean%20Airlines%20Boeing%20767-200ER%20UR-SDV-1.jpg,Eritrea,https://en.wikipedia.org/wiki/Asmara_International_Airport,15.285,38.901667,airport
Q3642,Asmara,cities,http://commons.wikimedia.org/wiki/Special:FilePath/Fiat%20tagliero%2C%2009.JPG,Eritrea,https://en.wikipedia.org/wiki/Asmara,15.333333333,38.916666666,capital city of Eritrea
Q334761,Lake Ülemiste,lakes,http://commons.wikimedia.org/wiki/Special:FilePath/Airplane%20landing%20at%20Tallinn%20Airport.jpg,Estonia,https://en.wikipedia.org/wiki/Lake_%C3%9Clemiste,59.3993,24.7689,lake in Estonia
Q385528,Pitkjärv,lakes,http://commons.wikimedia.org/wiki/Special:FilePath/Koigi%20Pikkj%C3%A4rv%20suvel.jpg,Estonia,,58.47527778,22.96583333,lake in Estonia
Q177609,Lake Kirikumäe,lakes,http://commons.wikimedia.org/wiki/Special:FilePath/Lake%20kirikumae.JPG,Estonia,https://en.wikipedia.org/wiki/Lake_Kirikum%C3%A4e,57.68305556,27.25055556,lake in Estonia
Q177915,Soitsjärv,lakes,http://commons.wikimedia.org/wiki/Special:FilePath/Soitslake.jpg,Estonia,https://en.wikipedia.org/wiki/Soitsj%C3%A4rv,58.555277777,26.685555555,lake in Estonia
Q492989,Vohilaid,islands,http://commons.wikimedia.org/wiki/Special:FilePath/Vohilaid%20saunaga.jpg,Estonia,https://en.wikipedia.org/wiki/Vohilaid,58.9171,23.0225,island in Estonia
Q493241,Mohni,islands,http://commons.wikimedia.org/wiki/Special:FilePath/Mohni%20saare%20maastik%20ja%20majakas.JPG,Estonia,https://en.wikipedia.org/wiki/Mohni,59.678,25.8024,island in Estonia
Q493248,Kräsuli,islands,http://commons.wikimedia.org/wiki/Special:FilePath/Krasuli%20sea.jpg,Estonia,https://en.wikipedia.org/wiki/Kr%C3%A4suli,59.5746,24.7864,island in Estonia
Q493253,Saarnaki islet,islands,http://commons.wikimedia.org/wiki/Special:FilePath/Saarnaki%20287.jpg,Estonia,https://en.wikipedia.org/wiki/Saarnaki_laid,58.8044,22.9987,island in Estonia
Q331594,Abruka,islands,http://commons.wikimedia.org/wiki/Special:FilePath/Abruka%20maja%2C%202010.jpg,Estonia,https://en.wikipedia.org/wiki/Abruka,58.163888888,22.503888888,island in Estonia
Q380699,Aegna,islands,http://commons.wikimedia.org/wiki/Special:FilePath/%C3%95huvaade%20Aegna%20saarest.jpg,Estonia,https://en.wikipedia.org/wiki/Aegna,59.580555555,24.757777777,island in Estonia
Q618514,Rakvere Linnastaadion,stadiums,http://commons.wikimedia.org/wiki/Special:FilePath/Rakvere%20linnastaadion.jpg,Estonia,https://en.wikipedia.org/wiki/Rakvere_Linnastaadion,59.3437,26.3584,stadium in Estonia
Q618519,Narva Kreenholmi Stadium,stadiums,http://commons.wikimedia.org/wiki/Special:FilePath/Narva%20Kreenholmi%20staadion.jpg,Estonia,https://en.wikipedia.org/wiki/Narva_Kreenholm_Stadium,59.36347,28.18465,"stadium in Narva, Estonia"
Q720876,Suur Tõll,museums,http://commons.wikimedia.org/wiki/Special:FilePath/Suur%20Toll.jpg,Estonia,https://en.wikipedia.org/wiki/Suur_T%C3%B5ll_(icebreaker),59.453075,24.738719,Estonian icebreaker built in 1914
Q3904,Mbabane,cities,http://commons.wikimedia.org/wiki/Special:FilePath/Mbabane%20%286035476964%29.jpg,Eswatini,https://en.wikipedia.org/wiki/Mbabane,-26.316666666,31.133333333,capital of Eswatini
Q44923,Addis Ababa Bole International Airport,airports,http://commons.wikimedia.org/wiki/Special:FilePath/Aeropuerto%20Internacional%20Bole%202022%203.jpg,Ethiopia,https://en.wikipedia.org/wiki/Addis_Ababa_Bole_International_Airport,8.977777777,38.799444444,"international airport serving Addis Ababa, Ethiopia"
Q2336503,Mount Fentale,peaks,http://commons.wikimedia.org/wiki/Special:FilePath/Fentale%20aerial.jpg,Ethiopia,https://en.wikipedia.org/wiki/Mount_Fentale,8.966666666,39.933333333,mountain in Ethiopia
Q125156,Alutu,peaks,http://commons.wikimedia.org/wiki/Special:FilePath/Alutu.jpg,Ethiopia,,7.765422222,38.782325,mountain
Q141513,Danakil Desert,deserts,http://commons.wikimedia.org/wiki/Special:FilePath/Danakil-Sable.jpg,Ethiopia,https://en.wikipedia.org/wiki/Danakil_Desert,14.2417,40.3,desert in northeast Ethiopia
Q383714,Lake Afrera,lakes,http://commons.wikimedia.org/wiki/Special:FilePath/ET%20Afar%20asv2018-01%20img113%20Afdera.jpg,Ethiopia,https://en.wikipedia.org/wiki/Lake_Afrera,13.283333333,40.916666666,lake in Ethiopia
Q804881,Bale Mountains National Park,national_parks,http://commons.wikimedia.org/wiki/Special:FilePath/Bale%20mountains.jpg,Ethiopia,https://en.wikipedia.org/wiki/Bale_Mountains_National_Park,6.66667,39.6667,national park in Ethiopia
Q504315,Simien Mountains National Park,national_parks,http://commons.wikimedia.org/wiki/Special:FilePath/Simiensk%C3%A9%20hory.jpg,Ethiopia,https://en.wikipedia.org/wiki/Simien_Mountains_National_Park,13.183333333,38.066666666,national park in Ethiopia
Q591775,Yangudi Rassa National Park,national_parks,http://commons.wikimedia.org/wiki/Special:FilePath/Parc%20national%20de%20Yangudi%20Rassa%20%281%29.jpg,Ethiopia,https://en.wikipedia.org/wiki/Yangudi_Rassa_National_Park,11.0,40.8333,national park in Ethiopia
Q3624,Addis Ababa,cities,http://commons.wikimedia.org/wiki/Special:FilePath/AddisView.jpg,Ethiopia,https://en.wikipedia.org/wiki/Addis_Ababa,9.035833333,38.7525,capital city of Ethiopia
Q380084,Adwa,natural,http://commons.wikimedia.org/wiki/Special:FilePath/Adwa.jpg,Ethiopia,https://en.wikipedia.org/wiki/Adwa_(volcano),10.07,40.84,mountain
Q792922,Mount Ayalu,natural,http://commons.wikimedia.org/wiki/Special:FilePath/Ayelu%20volcano.jpg,Ethiopia,https://en.wikipedia.org/wiki/Mount_Hazalo,10.082222222,40.701666666,mountain in Ethiopia
Q166512,Chuuk International Airport,airports,http://commons.wikimedia.org/wiki/Special:FilePath/Chuuk%20International%20Airport%2C%20Weno.jpg,Federated States of Micronesia,https://en.wikipedia.org/wiki/Chuuk_International_Airport,7.461944444,151.843055555,airport
Q598642,Kosrae International Airport,airports,http://commons.wikimedia.org/wiki/Special:FilePath/KosraeAirport.jpg,Federated States of Micronesia,https://en.wikipedia.org/wiki/Kosrae_International_Airport,5.356944444,162.958333333,airport
Q510694,Yen Yen,islands,http://commons.wikimedia.org/wiki/Special:FilePath/Lelu%20Island.PNG,Federated States of Micronesia,,5.33528,163.02,island
Q846967,Nan Madol,islands,http://commons.wikimedia.org/wiki/Special:FilePath/Nan%20madol.jpg,Federated States of Micronesia,https://en.wikipedia.org/wiki/Nan_Madol,6.841944,158.332222,ruined city of Federated States of Micronesesia
Q319836,Pohnpei,islands,http://commons.wikimedia.org/wiki/Special:FilePath/Pohnpei%20International%20Airport.jpg,Federated States of Micronesia,https://en.wikipedia.org/wiki/Pohnpei,6.9,158.225,island in Micronesia
Q374714,Nama,islands,http://commons.wikimedia.org/wiki/Special:FilePath/Nama%20ISS002-9212.jpg,Federated States of Micronesia,https://en.wikipedia.org/wiki/Nama_(island),6.99166667,152.575,island
Q664031,Moala Island,islands,http://commons.wikimedia.org/wiki/Special:FilePath/Fiji%20map.png,Fiji,https://en.wikipedia.org/wiki/Moala_Island,-18.6,179.866666666,volcanic island in the Moala subgroup of Fiji's Lau archipelago
Q327733,Vanua Levu,islands,http://commons.wikimedia.org/wiki/Special:FilePath/Fiji%20June%202001.jpg,Fiji,https://en.wikipedia.org/wiki/Vanua_Levu,-16.583333333,179.183333333,second largest island in Fiji
Q545,Baltic Sea,seas,http://commons.wikimedia.org/wiki/Special:FilePath/SvetlogorskRauschen%2005-2017%20img11%20beach.jpg,Finland,https://en.wikipedia.org/wiki/Baltic_Sea,58.0,20.0,Inland sea of ​​the Atlantic Ocean basin
Q203137,Lake Inari,lakes,http://commons.wikimedia.org/wiki/Special:FilePath/BoatInari1.jpg,Finland,https://en.wikipedia.org/wiki/Lake_Inari,68.9596511,27.6017069,"lake in Inari, Finland"
Q382649,Lake Orivesi,lakes,http://commons.wikimedia.org/wiki/Special:FilePath/Rocks%20-%20Flickr%20-%20Janne%20R%C3%A4kk%C3%B6l%C3%A4inen%20%28cropped%29.jpg,Finland,https://en.wikipedia.org/wiki/Lake_Orivesi,62.266666666,29.4,"lake of Finland, part of Saimaa"
Q385678,Jyväsjärvi,lakes,http://commons.wikimedia.org/wiki/Special:FilePath/Jyvasjarvi.jpg,Finland,https://en.wikipedia.org/wiki/Jyv%C3%A4sj%C3%A4rvi,62.23916667,25.7725,"lake in Jyväskylä, Finland"
Q385597,Liuskasaari,islands,http://commons.wikimedia.org/wiki/Special:FilePath/Liuskasaari.JPG,Finland,https://en.wikipedia.org/wiki/Liuskasaari,60.15091,24.94841,"island in Helsinki, Finland"
Q1757,Helsinki,cities,http://commons.wikimedia.org/wiki/Special:FilePath/Helsinki%20Lutheran%20Cathedral%20%28panoraaman%C3%A4k%C3%B6ala%29-2%20%28s%C3%A4%C3%A4t%C3%B6%29.jpg,Finland,https://en.wikipedia.org/wiki/Helsinki,60.170833333,24.9375,capital and most populous city of Finland
Q28911,Lahti,cities,http://commons.wikimedia.org/wiki/Special:FilePath/Lahti%20view%207.jpg,Finland,https://en.wikipedia.org/wiki/Lahti,60.9803806,25.654988,city in the region of Päijänne Tavastia in Finland
Q251272,Olavinlinna Castle,castles,http://commons.wikimedia.org/wiki/Special:FilePath/Savonlinna%20hein%C3%A4kuu%202002%20IMG%201635.JPG,Finland,https://en.wikipedia.org/wiki/Olavinlinna,61.8637134,28.9012379,"medieval castle in Savonlinna, Finland"
Q136893,Turku Castle,castles,http://commons.wikimedia.org/wiki/Special:FilePath/Turku%20Castle%2C%20Turku%2C%20Finland.jpg,Finland,https://en.wikipedia.org/wiki/Turku_Castle,60.4352823,22.2276388,"castle in Turku, Finland"
Q414481,Royal Academy of Turku,universities,http://commons.wikimedia.org/wiki/Special:FilePath/Turun%20hovioikeus.jpg,Finland,https://en.wikipedia.org/wiki/Royal_Academy_of_Turku,60.451644444,22.279877777,"former university in Turku, Finland"
Q304988,Wilhelm Carpelan,museums,http://commons.wikimedia.org/wiki/Special:FilePath/MS%20Wilhelm%20Carpelan%2C%20Espoo%20Keilaniemi%20bay%2C%20Feb%202009.jpg,Finland,https://en.wikipedia.org/wiki/Finnish_transport_vessel_Wilhelm_Carpelan,60.436666666,22.233888888,museum ship
Q46280,Paris-Charles de Gaulle Airport,airports,http://commons.wikimedia.org/wiki/Special:FilePath/Aeroport%20de%20Roissy.JPG,France,https://en.wikipedia.org/wiki/Charles_de_Gaulle_Airport,49.009722222,2.547777777,"international airport serving Paris, France"
Q1547,Lyon–Saint-Exupéry Airport,airports,http://commons.wikimedia.org/wiki/Special:FilePath/Vue%20a%C3%A9rienne%20d%27une%20partie%20de%20l%27a%C3%A9roport%20de%20Lyon%20Saint-Exup%C3%A9ry%20et%20de%20la%20gare%20TGV%20%28septembre%202022%29.jpg,France,https://en.wikipedia.org/wiki/Lyon%E2%80%93Saint-Exup%C3%A9ry_Airport,45.725555555,5.081111111,"international airport in Lyon, France"
Q156971,EuroAirport Basel-Mulhouse-Freiburg,airports,http://commons.wikimedia.org/wiki/Special:FilePath/Euroairport%20from%20the%20air%20%287262130986%29.jpg,France,https://en.wikipedia.org/wiki/EuroAirport_Basel_Mulhouse_Freiburg,47.599696,7.5316,airport in France near the Swiss and German borders
Q611983,Beauvais-Tillé Airport,airports,http://commons.wikimedia.org/wiki/Special:FilePath/A%C3%A9roport%20Beauvais%20-%20France%20%2C%20Aeropuerto%20Beauvais%20-%20Francia.%20-%20panoramio.jpg,France,https://en.wikipedia.org/wiki/Beauvais%E2%80%93Till%C3%A9_Airport,49.454444,2.112778,"international airport serving Beauvais, France"
Q612731,Bordeaux–Mérignac Airport,airports,http://commons.wikimedia.org/wiki/Special:FilePath/A%C3%A9roport%20Bx%20M%C3%A9rignac.JPG,France,https://en.wikipedia.org/wiki/Bordeaux%E2%80%93M%C3%A9rignac_Airport,44.828333,-0.715556,"international airport serving Bordeaux, France"
Q1149310,Soufrière,peaks,http://commons.wikimedia.org/wiki/Special:FilePath/Guadeloupe%20114%20-%20Sommet%20de%20la%20Soufri%C3%A8re%201467m%20-%20Guadeloupe.jpg,France,https://en.wikipedia.org/wiki/La_Grande_Soufri%C3%A8re,16.0438,-61.6634,"active stratovolcano located in Basse-Terre Island, Guadeloupe, French West Indies"
Q76309,Mount Pelée,peaks,http://commons.wikimedia.org/wiki/Special:FilePath/La%20Pel%C3%A9e%20vue%20du%20Carbet.jpg,France,https://en.wikipedia.org/wiki/Mount_Pel%C3%A9e,14.813055555,-61.165555555,active stratovolcano
Q194215,Île Amsterdam,peaks,http://commons.wikimedia.org/wiki/Special:FilePath/Amsterdam%20ASTER.jpg,France,https://en.wikipedia.org/wiki/%C3%8Ele_Amsterdam,-37.825833333,77.554722222,islands in the southern Indian Ocean
Q204821,Île Saint-Paul,peaks,http://commons.wikimedia.org/wiki/Special:FilePath/2020-11%20Saint-Paul%20Island%2003.jpg,France,https://en.wikipedia.org/wiki/%C3%8Ele_Saint-Paul,-38.73,77.522222222,island in the southern Indian Ocean
Q568090,Puy Griou,peaks,http://commons.wikimedia.org/wiki/Special:FilePath/PuyGriou.JPG,France,https://en.wikipedia.org/wiki/Puy_Griou,45.0803,2.70611,mountain
Q1267547,Mount Mézenc,volcanoes,http://commons.wikimedia.org/wiki/Special:FilePath/Mont%20M%C3%A9zenc%20-%20France.JPG,France,https://en.wikipedia.org/wiki/Mont_M%C3%A9zenc,44.91111111,4.195,"mountain in Ardèche, France"
Q1340711,Mehetia,volcanoes,http://commons.wikimedia.org/wiki/Special:FilePath/Mehetia%20NASA%202000.jpg,France,https://en.wikipedia.org/wiki/Meheti%CA%BBa,-17.866666666,-148.066666666,island in French Polynesia
Q82931,Coral Sea,seas,http://commons.wikimedia.org/wiki/Special:FilePath/Somewhere%20in%20the%20Coral%20Sea.jpg,France,https://en.wikipedia.org/wiki/Coral_Sea,-18.0,158.0,Marginal sea in the Pacific Ocean off the northeast coast of Australia
Q208962,Iroise Sea,seas,http://commons.wikimedia.org/wiki/Special:FilePath/View%20of%20Pointe%20du%20Raz1.jpg,France,https://en.wikipedia.org/wiki/Iroise_Sea,48.25,-4.916666666,part of the Atlantic Ocean
Q20133,Divatte,rivers,http://commons.wikimedia.org/wiki/Special:FilePath/Confluent%20de%20la%20Divatte%20et%20de%20la%20Loire%20au%20fond%20La%20Varenne.JPG,France,,47.30194444,-1.34527778,river in France
Q2464,Allier,rivers,http://commons.wikimedia.org/wiki/Special:FilePath/Langeac%20Vil1a.jpg,France,https://en.wikipedia.org/wiki/Allier_(river),46.959444444,3.078888888,river in France
Q258818,Lake of Sainte-Croix,lakes,http://commons.wikimedia.org/wiki/Special:FilePath/Aerial%20view%20of%20the%20Lake%20of%20Sainte-Croix%2005.jpg,France,https://en.wikipedia.org/wiki/Lake_of_Sainte-Croix,43.763611111,6.183888888,artificial lake in southern France
Q278754,Lac de Michelbach,lakes,http://commons.wikimedia.org/wiki/Special:FilePath/Barrage%20de%20Michelbach.JPG,France,https://en.wikipedia.org/wiki/Lac_de_Michelbach,47.757319444,7.123838888,lake
Q288975,Étang du Stock,lakes,http://commons.wikimedia.org/wiki/Special:FilePath/%C3%89tang%20du%20Stock.jpg,France,,48.75,6.9333334,lake in France
Q288912,Étang de Berre,lakes,http://commons.wikimedia.org/wiki/Special:FilePath/%C3%89tang%20de%20Berre%20SPOT%201293.jpg,France,https://en.wikipedia.org/wiki/%C3%89tang_de_Berre,43.445833333,5.113888888,French lagoon
Q288930,Pond of Montady,lakes,http://commons.wikimedia.org/wiki/Special:FilePath/Etang%20de%20Montady.jpg,France,https://en.wikipedia.org/wiki/%C3%89tang_de_Montady,43.319183,3.121492,drained wetland and agricultural landscape in France
Q288968,Étang de Thau,lakes,http://commons.wikimedia.org/wiki/Special:FilePath/%C3%89tang%20de%20Thau%2C%20S%C3%A8te%2C%20H%C3%A9rault%2002.jpg,France,https://en.wikipedia.org/wiki/%C3%89tang_de_Thau,43.41,3.624166666,French lagoon
Q376993,Étang de Bages-Sigean,lakes,http://commons.wikimedia.org/wiki/Special:FilePath/Panorama%20bages%20sud.jpg,France,,43.0917,3.00194,
Q386343,lac du Salagou,lakes,http://commons.wikimedia.org/wiki/Special:FilePath/Photo30103%20planche%20a%20voile%20sur%20le%20Salagou.jpg,France,,43.65912,3.36813,"lake located in Hérault, France"
Q392278,Lac des Settons,lakes,http://commons.wikimedia.org/wiki/Special:FilePath/Lac%20des%20settons%20-%20barrage%2003.jpg,France,https://en.wikipedia.org/wiki/Lac_des_Settons,47.181306,4.063889,lake
Q593481,Trou de Fer,waterfalls,http://commons.wikimedia.org/wiki/Special:FilePath/Trou-de-Fer.jpg,France,https://en.wikipedia.org/wiki/Trou_de_Fer,-21.040277777,55.556944444,Canyon on Reunion Island
Q3389197,Piscia di Gallo,waterfalls,http://commons.wikimedia.org/wiki/Special:FilePath/Waterfall%20of%20Piscia%20di%20Gallo%2004.jpg,France,,41.680634,9.215586,
Q3389246,Q3389246,waterfalls,http://commons.wikimedia.org/wiki/Special:FilePath/Pisse%20en%20lair.jpg,France,,-20.99944444,55.58527778,
Q3470222,Salt de la Maria Valenta,waterfalls,http://commons.wikimedia.org/wiki/Special:FilePath/FR66%20Arles-sur-Tech%20Salt%20de%20Maria%20Valenta%202.jpg,France,,42.4427,2.6282,
Q3474287,saut de la Lézarde,waterfalls,http://commons.wikimedia.org/wiki/Special:FilePath/Saut%20de%20la%20L%C3%A9zarde.JPG,France,,16.1778,-61.6553,river in France
Q3539940,Les Trois Roches,waterfalls,http://commons.wikimedia.org/wiki/Special:FilePath/Mafate%20Trois-Roches%20dsc00811.jpg,France,,-21.0894,55.4111,
Q3562320,Q3562320,waterfalls,http://commons.wikimedia.org/wiki/Special:FilePath/Voile%20de%20la%20Mari%C3%A9e%20waterfall%20Grand%20bassin.JPG,France,,-21.1839,55.5301,
Q3562321,Bridal Veil Falls (Salazie),waterfalls,http://commons.wikimedia.org/wiki/Special:FilePath/Voile%20de%20la%20Mari%C3%A9e%20Salazie.jpg,France,https://en.wikipedia.org/wiki/Bridal_Veil_Falls_(Salazie),-21.04,55.5383,waterfall in Réunion
Q54852744,île sud du lac des Minimes,islands,http://commons.wikimedia.org/wiki/Special:FilePath/%C3%8Ele%20Sud%20Lac%20Minimes%20-%20Paris%20XII%20%28FR75%29%20-%202021-05-23%20-%203.jpg,France,,48.8346,2.4591,"island in bois de Vincennes, Paris, France"
Q54852806,île nord du lac des Minimes,islands,http://commons.wikimedia.org/wiki/Special:FilePath/%C3%8Ele%20Nord%20Lac%20Minimes%20-%20Paris%20XII%20%28FR75%29%20-%202021-05-23%20-%2031.jpg,France,,48.8367,2.4581,"island in bois de Vincennes, Paris, France"
Q292258,île aux Cygnes,islands,http://commons.wikimedia.org/wiki/Special:FilePath/Paris%20View%20from%20the%20Eiffel%20Tower%20third%20floor%20Ile%20aux%20Cygnes.jpg,France,https://en.wikipedia.org/wiki/%C3%8Ele_aux_Cygnes,48.851666666,2.281944444,"island in the Seine river in Paris, France"
Q489003,Wallis,islands,http://commons.wikimedia.org/wiki/Special:FilePath/NASA%20Wallis%20Island%20STS104-722-73%203%20%28modified%29.jpg,France,https://en.wikipedia.org/wiki/Wallis_(island),-13.3,-176.2,island in Wallis and Futuna
Q514626,Tubuai,islands,http://commons.wikimedia.org/wiki/Special:FilePath/Tubuai.jpg,France,https://en.wikipedia.org/wiki/Tubuai,-23.37,-149.48,main island of the Tubuai Island group
Q664321,Futuna,islands,http://commons.wikimedia.org/wiki/Special:FilePath/Futuna%20i%20Alofi%20from%20space.jpg,France,https://en.wikipedia.org/wiki/Futuna_(Wallis_and_Futuna),-14.2775,-178.14,island in Wallis and Futuna
Q292450,île de la Possession,islands,http://commons.wikimedia.org/wiki/Special:FilePath/Crozet%20Possession%20ISS006.jpg,France,https://en.wikipedia.org/wiki/%C3%8Ele_de_la_Possession,-46.4075,51.7575,island in the Crozet archipelago
Q292461,île de l'Ouest,islands,http://commons.wikimedia.org/wiki/Special:FilePath/Ile%20de%20l%20Ouest-pos.PNG,France,https://en.wikipedia.org/wiki/%C3%8Ele_de_l%27Ouest,-49.35,68.7333,island in the Kerguelen Islands
Q292472,île de l'Est,islands,http://commons.wikimedia.org/wiki/Special:FilePath/Marion%20Dufresne%20-%20Crozet.jpg,France,https://en.wikipedia.org/wiki/%C3%8Ele_de_l%27Est,-46.43,52.2075,island in the Crozet archipelago
Q292482,île des Pingouins,islands,http://commons.wikimedia.org/wiki/Special:FilePath/Ile%20des%20pingouins.svg,France,https://en.wikipedia.org/wiki/%C3%8Ele_des_Pingouins,-46.416944444,50.402777777,island in the Crozet archipelago
Q292503,île du Port,islands,http://commons.wikimedia.org/wiki/Special:FilePath/Ile%20du%20Port-pos.png,France,https://en.wikipedia.org/wiki/%C3%8Ele_du_Port,-49.1833,69.6,island in the Kerguelen islands
Q292500,Isle of Pines,islands,http://commons.wikimedia.org/wiki/Special:FilePath/Noum%C3%A9a%20Ile%20des%20Pins%20Upi.JPG,France,https://en.wikipedia.org/wiki/Isle_of_Pines_(island),-22.616666666,167.466666666,"island in Nouvelle-Calédonie, France"
Q292516,Levant Island,islands,http://commons.wikimedia.org/wiki/Special:FilePath/Ile%20du%20Levant%20%2883%29%20-%20C%C3%B4te%20ouest.JPG,France,https://en.wikipedia.org/wiki/Levant_Island,43.05,6.466666666,"island in Hyères, France"
Q292522,Île d’If,islands,http://commons.wikimedia.org/wiki/Special:FilePath/IsledIf%20ChateaudIf%20Marseille%20NDDLG%2011032007%20JD.jpg,France,,43.27972222,5.32555556,"island near Marseille, France"
Q292564,île d'Or,islands,http://commons.wikimedia.org/wiki/Special:FilePath/IlDor.JPG,France,https://en.wikipedia.org/wiki/%C3%8Ele_d%27Or,43.410833333,6.846666666,"island in Saint-Raphaël, France"
Q292568,Oléron Island,islands,http://commons.wikimedia.org/wiki/Special:FilePath/%C3%8Ele%20d%27Ol%C3%A9ron%20aerial%20view.jpg,France,https://en.wikipedia.org/wiki/Ol%C3%A9ron,45.925,-1.2825,"island in Charente-Maritime, New Aquitaine, France"
Q292576,Île Sans Nom,islands,http://commons.wikimedia.org/wiki/Special:FilePath/Cordouan%20ile1.JPG,France,https://en.wikipedia.org/wiki/%C3%8Ele_Sans_Nom,45.6,-1.1525,"island in the Bay of Biscay, France"
Q386258,Motu Nao,islands,http://commons.wikimedia.org/wiki/Special:FilePath/Marquesas%20map-fr.svg,France,https://en.wikipedia.org/wiki/Motu_Nao,-10.36,-138.42,island in French Polynesia
Q388380,La Coche,islands,http://commons.wikimedia.org/wiki/Special:FilePath/Les%20Augustin%20%28left%29%20and%20La%20Coche%20%28right%29%20rocks%20at%20the%20entrance%20to%20Anse%20de%20Bourg%2C%20Iles%20des%20Saintes%2C%20near%20Guadeloupe%20-%20panoramio.jpg,France,https://en.wikipedia.org/wiki/La_Coche,15.833333333,-61.6,"island in Guadeloupe, France"
Q3108330,Glacier de Blaitière,glaciers,http://commons.wikimedia.org/wiki/Special:FilePath/Aiguille%20du%20Plan%20from%20La%20Fl%C3%A9g%C3%A8re%202.JPG,France,,45.9006,6.9025,
Q3108331,Glacier de Chavière,glaciers,http://commons.wikimedia.org/wiki/Special:FilePath/Glacier%20de%20Chavi%C3%A8re%20%40%20Chalet%20de%20Chavi%C3%A8re.jpg,France,,45.2628,6.6136,
Q3108334,Glacier de Freydane,glaciers,http://commons.wikimedia.org/wiki/Special:FilePath/Glacier%20freydane.jpg,France,,45.1708,5.9861,
Q3108333,Crupillouse Glacier,glaciers,http://commons.wikimedia.org/wiki/Special:FilePath/Le%20Glacier%20de%20Crupillouse.jpg,France,,44.7717,6.23222,
Q3108336,Glacier de Gébroulaz,glaciers,http://commons.wikimedia.org/wiki/Special:FilePath/Gebroulaz%20Glacier%2C%20Vanoise%20National%20Park%20%282%29.jpg,France,,45.2889,6.6325,glacier in France
Q3108342,Glacier de Mont-de-Lans,glaciers,http://commons.wikimedia.org/wiki/Special:FilePath/Glacier%20Deux-Alpes.jpg,France,,45.0,6.21667,
Q3108343,Glacier de Péclet,glaciers,http://commons.wikimedia.org/wiki/Special:FilePath/Glacier%20de%20P%C3%A9clet%2004.jpg,France,,45.2883,6.61889,
Q3108344,Glacier de Miage,glaciers,http://commons.wikimedia.org/wiki/Special:FilePath/Chalets%20de%20Miage%20%2850731231717%29.jpg,France,,45.825,6.7972,glacier in France
Q3108351,Glacier de Taconnaz,glaciers,http://commons.wikimedia.org/wiki/Special:FilePath/Taconnaz.JPG,France,,45.877708,6.847089,glacier in France
Q3108352,Glacier de Talèfre,glaciers,http://commons.wikimedia.org/wiki/Special:FilePath/Ghiacciaio%20di%20Tal%C3%A8fre%20001.JPG,France,,45.9156,6.99417,glacier in France
Q3108353,Tête Rousse Glacier,glaciers,http://commons.wikimedia.org/wiki/Special:FilePath/Glacier%20de%20T%C3%AAte-Rousse%20%40%20Pointe%20de%20Merdassier.jpg,France,https://en.wikipedia.org/wiki/T%C3%AAte_Rousse_Glacier,45.8564,6.81917,glacier in France
Q3108358,Glacier de la Grande-Motte,glaciers,http://commons.wikimedia.org/wiki/Special:FilePath/Glacier%20de%20la%20Grande%20Motte%20en%20%C3%A9t%C3%A9%20%282018%29.JPG,France,,45.418222,6.880979,
Q3108359,Grande Casse Glacier,glaciers,http://commons.wikimedia.org/wiki/Special:FilePath/Glacier%20de%20la%20Grande%20Casse%20%40%20Chalet%20des%20gardes.jpg,France,,45.4083,6.8028,glacier in France
Q3108363,Glacier des Glaciers,glaciers,http://commons.wikimedia.org/wiki/Special:FilePath/Glacier%20des%20Glaciers%20%40%20T%C3%AAte%20Nord%20des%20Fours.jpg,France,,45.7661,6.79222,
Q3108366,Glacier des Grands Couloirs,glaciers,http://commons.wikimedia.org/wiki/Special:FilePath/Glacier%20des%20Grands%20Couloirs%20%40%20Col%20Noir.jpg,France,,45.4028,6.81667,
Q3108367,Glacier des Pélerins,glaciers,http://commons.wikimedia.org/wiki/Special:FilePath/Glacier%20des%20P%C3%A8lerins.jpg,France,,45.8922,6.88806,
Q3108375,Glacier du Géant,glaciers,http://commons.wikimedia.org/wiki/Special:FilePath/Aerial%20view%20of%20Glacier%20du%20G%C3%A9ant.jpg,France,https://en.wikipedia.org/wiki/G%C3%A9ant_Glacier,45.8583,6.91667,large glacier on the French side of the Mont Blanc massif in the Alps
Q3108373,Glacier du Monêtier,glaciers,http://commons.wikimedia.org/wiki/Special:FilePath/Vue%20Glacier%20et%20D%C3%B4mes%20du%20Mon%C3%AAtier.jpg,France,,44.9389,6.4417,
Q3108378,Tacul Glacier,glaciers,http://commons.wikimedia.org/wiki/Special:FilePath/Glacier%20du%20Tacul%20-%208420761802.jpg,France,,45.8969,6.93778,
Q200793,Argentière Glacier,glaciers,http://commons.wikimedia.org/wiki/Special:FilePath/GalcierArgentiere7479.JPG,France,https://en.wikipedia.org/wiki/Argenti%C3%A8re_Glacier,45.960278,6.979444,glacier in France
Q174250,Vanoise National Park,national_parks,http://commons.wikimedia.org/wiki/Special:FilePath/Parc%20Vanoise%20Vue%20vall%C3%A9e%20Termignon.jpg,France,https://en.wikipedia.org/wiki/Vanoise_National_Park,45.3333,6.83333,national park of France
Q550389,Réunion National Park,national_parks,http://commons.wikimedia.org/wiki/Special:FilePath/Voile%20de%20la%20Mari%C3%A9e%20Salazie%201.JPG,France,https://en.wikipedia.org/wiki/R%C3%A9union_National_Park,-21.15,55.5,national park of France
Q665459,Guiana Amazonian Park,national_parks,http://commons.wikimedia.org/wiki/Special:FilePath/Parc%20naturel%20regional%20de%20guyane%20vue%20du%20dessus.JPG,France,https://en.wikipedia.org/wiki/Guiana_Amazonian_Park,2.83833333,-53.77222222,national park of France
Q13648,Le Tampon,cities,http://commons.wikimedia.org/wiki/Special:FilePath/Eglise%20tampon.jpg,France,https://en.wikipedia.org/wiki/Le_Tampon,-21.278055555,55.515277777,"commune in La Réunion, France"
Q281494,Entremont,cities,http://commons.wikimedia.org/wiki/Special:FilePath/Entremont%20-%20Habitat%201%20%28ville%20haute%29%2005%20%282007%29.jpg,France,https://en.wikipedia.org/wiki/Entremont_(oppidum),43.55222222,5.43916667,human settlement in France
Q515932,Agedincum,cities,http://commons.wikimedia.org/wiki/Special:FilePath/Sens%20mosa%C3%AFque.jpg,France,,48.2,3.283333333,oppidum
Q603603,Jastres-nord,cities,http://commons.wikimedia.org/wiki/Special:FilePath/Ruine%20de%20l%27Oppidum%20de%20Jastres.JPG,France,,44.61,4.41,oppidum
Q650053,Bibracte,cities,http://commons.wikimedia.org/wiki/Special:FilePath/Bibracte%20%28Mont%20Beuvray%29%2017.jpg,France,https://en.wikipedia.org/wiki/Bibracte,46.923055555,4.0375,oppidum
Q775166,Gondole,cities,http://commons.wikimedia.org/wiki/Special:FilePath/Gondole%20Fouilles.JPG,France,,45.7225,3.187222,human settlement in France
Q835966,Alesia,cities,http://commons.wikimedia.org/wiki/Special:FilePath/Vue%20a%C3%A9rienne%20vestiges%20Al%C3%A9sia.jpg,France,https://en.wikipedia.org/wiki/Alesia_(city),47.539166666,4.500555555,antique Gallo-Roman town
Q856700,Bibrax,cities,http://commons.wikimedia.org/wiki/Special:FilePath/Camp%20de%20st%20Thomas%2035143.jpg,France,https://en.wikipedia.org/wiki/Bibrax,49.0,3.0,Gallic oppidum
Q1290232,Uxellodunum,cities,http://commons.wikimedia.org/wiki/Special:FilePath/Plan%20d%27Uxellodunum%20%28Puy%20d%27Issolu%29%20-1.jpg,France,https://en.wikipedia.org/wiki/Uxellodunum,44.95,1.69722222,human settlement in France
Q1458146,Ambrussum,cities,http://commons.wikimedia.org/wiki/Special:FilePath/Ambrussum%20voies%20marqu%C3%A9es%2010-04-2006.jpg,France,https://en.wikipedia.org/wiki/Ambrussum,43.719166666,4.148055555,"Oppidum and Gallo-Roman agglomeration in Villetelle, Occitania, France"
Q2710144,Cenabum,cities,http://commons.wikimedia.org/wiki/Special:FilePath/Inscription%20Cenab%20Orl%C3%A9ans.jpg,France,https://en.wikipedia.org/wiki/Cenabum,47.9025,1.909,human settlement in France
Q2860982,Argentomagus,cities,http://commons.wikimedia.org/wiki/Special:FilePath/Le%20th%C3%A9%C3%A2tre%20romain%20Saint-Marcel%20%28Indre%29.JPG,France,https://en.wikipedia.org/wiki/Argentomagus,46.600388888,1.515027777,human settlement in France
Q2935234,Camp d'Affrique,cities,http://commons.wikimedia.org/wiki/Special:FilePath/Cite%20Affrique2.jpg,France,,48.6189,6.145,human settlement in France
Q2935237,Camp de Bierre,cities,http://commons.wikimedia.org/wiki/Special:FilePath/Camp%20de%20Bierre.jpg,France,,48.834167,-0.052222,human settlement in France
Q2935296,Q2935296,cities,http://commons.wikimedia.org/wiki/Special:FilePath/Camp%20Pr%C3%A9historique%20Portes%20-%20Contrevoz%20%28FR01%29%20-%202022-06-12%20-%206.jpg,France,,45.7823,5.64446,human settlement in France
Q2935313,Camp de César,cities,http://commons.wikimedia.org/wiki/Special:FilePath/Camp%20Cesar%20St%20Ave.JPG,France,,47.7103,-2.7222,human settlement in France
Q3322302,Q3322302,cities,http://commons.wikimedia.org/wiki/Special:FilePath/Servoz%20%40%20Montvauthier%20%40%20Les%20Houches%20%2851251187078%29%20%28cropped%29.jpg,France,,45.930906,6.744589,mountain in France
Q3322814,Montlaurès,cities,http://commons.wikimedia.org/wiki/Special:FilePath/Oppidum%20de%20Montlaur%C3%A8s015.JPG,France,,43.21885,2.98367,Gallic oppidum
Q3354352,Musée Archéologique du Pègue,cities,http://commons.wikimedia.org/wiki/Special:FilePath/Coupe%20%C3%A0%20vin%20de%20style%20r%C3%A9cent%20%28-%20500%20-%20450%29.JPG,France,,44.4316,5.0537,human settlement in France
Q3354357,Oppidum d'Altimurium,cities,http://commons.wikimedia.org/wiki/Special:FilePath/Fouilles%20altimurium.JPG,France,https://en.wikipedia.org/wiki/Oppidum_d%27Altimurium,43.60898611,3.73460833,human settlement in France
Q3354363,Oppidum du Cayla,cities,http://commons.wikimedia.org/wiki/Special:FilePath/Oppidum%20du%20Cayla%20porte%20sud%20%28zone140%29%20vue%20du%20Nord%20Est.jpg,France,,43.3098,2.82248,human settlement in France
Q3354365,Oppidum of Corent,cities,http://commons.wikimedia.org/wiki/Special:FilePath/Base%20colonne%20Corent%202013%2010.JPG,France,,45.6647,3.18833,human settlement in France
Q3354370,Oppidum of Moulay,cities,http://commons.wikimedia.org/wiki/Special:FilePath/Fouiles%20du%20grand%20oppidum%20de%20Moulay%2C%20habitation..jpg,France,https://en.wikipedia.org/wiki/Oppidum_of_Moulay,48.2719,-0.626944,human settlement in France
Q3354369,Oppidum de Jastres-Sud,cities,http://commons.wikimedia.org/wiki/Special:FilePath/Mur%20d%27enceinte%20sud.JPG,France,,44.602,4.427,human settlement in France
Q3354374,Oppidum de Murcens,cities,http://commons.wikimedia.org/wiki/Special:FilePath/A%20l%27entr%C3%A9e%20du%20site%20de%20l%27oppidum%20de%20Murcens%20-%20Lot%20-%20France.jpg,France,,44.3241,1.3331,human settlement in France
Q3034145,Dolmen du Champ-du-Ruisseau,landmarks,http://commons.wikimedia.org/wiki/Special:FilePath/Champtoce%20pontpiau%2001.jpg,France,,47.4593,-0.902936,"dolmen in Champtocé-sur-Loire, France"
Q3034150,Dolmen du Genevrier,landmarks,http://commons.wikimedia.org/wiki/Special:FilePath/L%27une%20des%20entr%C3%A9es%20du%20dolmen%20du%20Genevrier.JPG,France,,44.4582,2.49723,"dolmen in Salles-la-Source, France"
Q3034151,Dolmen du Griffier,landmarks,http://commons.wikimedia.org/wiki/Special:FilePath/Dolmen%20du%20Griffier%201%20-%20Antoign%C3%A9%20-%2020111120.jpg,France,,47.0954,-0.141267,"dolmen in Antoigné, France"
Q3034155,Q3034155,landmarks,http://commons.wikimedia.org/wiki/Special:FilePath/Stnicolachapelledolmenpavois.JPG,France,,48.5259,3.4865,"dolmen in Saint-Nicolas-la-Chapelle, France"
Q3034156,Dolmen du Pouyol,landmarks,http://commons.wikimedia.org/wiki/Special:FilePath/Pouyol.JPG,France,,45.8028,1.49028,"dolmen in Eybouleuf, France"
Q3034163,Dolmen de la Jagantière,landmarks,http://commons.wikimedia.org/wiki/Special:FilePath/Dolmen%20de%20la%20jaganti%C3%A8re.JPG,France,,43.3394,2.4825,"dolmen in Villeneuve-Minervois, France"
Q3034166,Dolmen de Magné,landmarks,http://commons.wikimedia.org/wiki/Special:FilePath/Courcome%20magne%20dolmen.JPG,France,,45.9789,0.10528,"dolmen in Courcôme, France"
Q3034167,Dolmens de la Betoulle,landmarks,http://commons.wikimedia.org/wiki/Special:FilePath/Dolmen%20Breuilaufa.jpg,France,,46.05,1.1111,"dolmen in Berneuil, France"
Q3034171,Dolmens des Pérottes,landmarks,http://commons.wikimedia.org/wiki/Special:FilePath/Perottep2.JPG,France,,45.9125,0.14333,"dolmen in Fontenille, France"
Q3034168,Dolmens de Trainel,landmarks,http://commons.wikimedia.org/wiki/Special:FilePath/Saint-Maurice-aux-Riches-Hommes%20-%20petit%20dolmen%20de%20Treinel.jpg,France,,48.333,3.47807,"dolmen in Saint-Maurice-aux-Riches-Hommes, France"
Q3034169,Dolmens du Chanet,landmarks,http://commons.wikimedia.org/wiki/Special:FilePath/Dolmen%20du%20Chanet%2C%20un%20des%20dolmens%20de%20la%20for%C3%AAt%20de%20Malbosc.%20St%20Rem%C3%A8ze%2C%20Ard%C3%A8che%2001.jpg,France,,44.348,4.481,"dolmen in Saint-Remèze, France"
Q3034172,Kerroc'h dolmen,landmarks,http://commons.wikimedia.org/wiki/Special:FilePath/Dolmens%20du%20Kerroc%E2%80%99h.jpg,France,,47.7992,-3.41639,"dolmen in Quéven, France"
Q3383589,pierre aux Fées,landmarks,http://commons.wikimedia.org/wiki/Special:FilePath/Dolmen%20de%20la%20Pierre%20aux%20F%C3%A9es%208.JPG,France,,49.3672,2.20132,"dolmen in Villers-Saint-Sépulcre, France"
Q3383762,Pierre Ardoue,landmarks,http://commons.wikimedia.org/wiki/Special:FilePath/Dolmen%20de%20la%20Pierre%20Ardoue%201.JPG,France,,48.7295,1.7452,"dolmen in Saint-Léger-en-Yvelines, France"
Q3384755,Pierre Dialan,landmarks,http://commons.wikimedia.org/wiki/Special:FilePath/Pierre%20Dialan1.JPG,France,,48.9994,-0.7375,"dolmen in Jurques, France"
Q3387384,pierre au Loup,landmarks,http://commons.wikimedia.org/wiki/Special:FilePath/Seiches%20sur%20Loir%20-%20Dolmen%202.jpg,France,,47.5705,-0.316629,"dolmen in Seiches-sur-le-Loir, France"
Q3387385,pierre au Rey,landmarks,http://commons.wikimedia.org/wiki/Special:FilePath/Pierre%20au%20Rey%2003.JPG,France,,49.5223,-1.88252,"dolmen in Flamanville, France"
Q3387398,Pierre Courcoulée,landmarks,http://commons.wikimedia.org/wiki/Special:FilePath/2021.04.19%20Balade%20en%20for%C3%AAt%20d%27%C3%89vreux%2C%20Les%20Ventes%20036.jpg,France,,48.9419,1.07417,"dolmen in Les Ventes, France"
Q3387406,Pierre couverte de la planche,landmarks,http://commons.wikimedia.org/wiki/Special:FilePath/Broc%20-%20Dolmen%201.jpg,France,,47.580055555,0.153138888,"dolmen in Broc, France"
Q3387404,Pierre couverte de la Pagerie,landmarks,http://commons.wikimedia.org/wiki/Special:FilePath/Gennes%20%28Maine-et-Loire%29%20%2814479894452%29.jpg,France,,47.3394,-0.256307,"dolmen in Gennes, France"
Q3387405,Pierre couverte du Mousseau,landmarks,http://commons.wikimedia.org/wiki/Special:FilePath/Les-ulmes%20pierre-couverte-mousseau%2017.jpg,France,,47.2216,-0.171527,"dolmen in Les Ulmes, France"
Q3387776,pierre des Platennes,landmarks,http://commons.wikimedia.org/wiki/Special:FilePath/Les%20platennes%20partie%20Ouest%20vue%20Sud.JPG,France,,47.1818,-2.02179,"standing stone in Chauvé, France"
Q3387822,"Dolmen de la Côte, Saint-Laurent-sur-Gorre",landmarks,http://commons.wikimedia.org/wiki/Special:FilePath/Dolmend-dela-Cote%2003.jpg,France,,45.738436,0.941926,"dolmen in Saint-Laurent-sur-Gorre, France"
Q19721166,Saint-Gonvel dolmen,landmarks,http://commons.wikimedia.org/wiki/Special:FilePath/Landunvez%20%2829%29%20Dolmen%20de%20Saint-Gonvel%2005.JPG,France,,48.5291,-4.7598,"dolmen in Landunvez, France"
Q20009627,Pen-ar-Run dolmen,landmarks,http://commons.wikimedia.org/wiki/Special:FilePath/Dolmen%20de%20Pen-ar-Run%20%282%29.jpg,France,,48.243,-4.3665,"dolmen in Telgruc-sur-Mer, France"
Q20018901,dolmen du Parc,landmarks,http://commons.wikimedia.org/wiki/Special:FilePath/Saint%20Nectaire.-Le%20dolmen%20du%20Parc.jpg,France,,45.581388888,2.994444444,"dolmen in Saint-Nectaire, France"
Q20083807,Pierre procureuse,landmarks,http://commons.wikimedia.org/wiki/Special:FilePath/Pierre%20procureuse%202.JPG,France,,48.3,0.636111,"dolmen in Saint-Cyr-la-Rosière, France"
Q20127519,Dolmen de Bramonas,landmarks,http://commons.wikimedia.org/wiki/Special:FilePath/Dolmen%20DE%20BRAMONAS.jpg,France,,44.4674,3.4127,"dolmen in Balsièges, France"
Q20171023,Kermarquer dolmen,landmarks,http://commons.wikimedia.org/wiki/Special:FilePath/W1120-TriniteSurMer%20Kermarquer%20N8%202693.jpg,France,,47.59752,-3.04057,"dolmen in La Trinité-sur-Mer, France"
Q20182455,pierre de la Fade,landmarks,http://commons.wikimedia.org/wiki/Special:FilePath/Blessac%20Dolmen.jpg,France,,45.9635,2.1113,"dolmen in Blessac, France"
Q20183901,pierre Fade,landmarks,http://commons.wikimedia.org/wiki/Special:FilePath/Menhir%20et%20dolmen%20de%20M%C3%A9nardeix.jpg,France,,46.1579,2.0581,"dolmen in Pionnat, France"
Q20191172,La Pineyre dolmen,landmarks,http://commons.wikimedia.org/wiki/Special:FilePath/Saint-Nectaire%20tumulus-dolmen%20Pineyre%20%286%29.JPG,France,,45.5976,2.9827,"dolmen in Saint-Nectaire, France"
Q20751545,Pierre Levée,landmarks,http://commons.wikimedia.org/wiki/Special:FilePath/Pierre-Lev%C3%A9e.JPG,France,,48.855,-0.0011,"dolmen in Fontaine-les-Bassets, France"
Q20754330,Calhau de Teberno,landmarks,http://commons.wikimedia.org/wiki/Special:FilePath/Buzy%20dolmen.JPG,France,,43.127777777,-0.443611111,"dolmen in Buzy, France"
Q20754331,Runesto dolmen,landmarks,http://commons.wikimedia.org/wiki/Special:FilePath/WalRune19.jpg,France,,47.6088,-3.098,"dolmen in Plouharnel, France"
Q20754329,dolmen des Sept Chemins,landmarks,http://commons.wikimedia.org/wiki/Special:FilePath/Bougon%2C%20Dolmen%20des%20Sept%20Chemins.JPG,France,,46.36,-0.0742,"dolmen in Bougon, France"
Q20754407,Roc-en-Aud dolmen,landmarks,http://commons.wikimedia.org/wiki/Special:FilePath/St-pierre-quiberon%20roc-en-aud.jpg,France,,47.5243,-3.136,"dolmen in Saint-Pierre-Quiberon, France"
Q20758266,tombe du Géant,landmarks,http://commons.wikimedia.org/wiki/Special:FilePath/Hures-la-Parade%20tombe%20du%20G%C3%A9ant%20%282%29.jpg,France,,44.222816666,3.360761111,"dolmen in Hures-la-Parade, France"
Q20817388,Dolmen du Camp Gran II,landmarks,http://commons.wikimedia.org/wiki/Special:FilePath/Dolmen%20du%20Camp%20Gran%20II%20-%201.jpg,France,,42.644777777,2.607638888,"dolmen in Saint-Michel-de-Llotes, France"
Q20818108,Dolmen de Les Saleres,landmarks,http://commons.wikimedia.org/wiki/Special:FilePath/Dolmen%20de%20Les%20Saleres.jpg,France,,42.496138888,2.841194444,
Q20819612,Dolmen de la Bressa,landmarks,http://commons.wikimedia.org/wiki/Special:FilePath/Dolmen%20de%20la%20Bressa.png,France,,42.674408333,2.384263888,
Q1258182,Les Mousseaux tumulus,landmarks,http://commons.wikimedia.org/wiki/Special:FilePath/Tumulus%20des%20Mousseaux.jpg,France,,47.11555556,-2.11486111,"tumulus in Pornic, France"
Q1310277,Tumulus of Bougon,landmarks,http://commons.wikimedia.org/wiki/Special:FilePath/Tumulus%20Bougon7.jpg,France,https://en.wikipedia.org/wiki/Tumulus_of_Bougon,46.374,-0.0675,"tumulus in Bougon, France"
Q1323726,tumulus du Mané-Lud,landmarks,http://commons.wikimedia.org/wiki/Special:FilePath/Dolmen%20du%20Man%C3%A9%20Lud%20Jean-Charles%20GUILLO.JPG,France,,47.57388889,-2.95111111,"tumulus in Locmariaquer, France"
Q1324444,Thagaste,landmarks,http://commons.wikimedia.org/wiki/Special:FilePath/Mileve%20Hippo%20Thagaste%20in%20Numidia%20%2883193756%29.jpg,France,https://en.wikipedia.org/wiki/Thagaste,36.266667,7.933333,ancient city
Q1347902,tumulus d'Er Grah,landmarks,http://commons.wikimedia.org/wiki/Special:FilePath/Locmariaquer%20cairn%20d%27Er%20Grah%20.%20%283%29.jpg,France,,47.572306,-2.950694,"tumulus in Locmariaquer, France"
Q1419562,Saint-Michel tumulus,landmarks,http://commons.wikimedia.org/wiki/Special:FilePath/Tumulus%20Saint-Michel%20%282%29.jpg,France,https://en.wikipedia.org/wiki/Saint-Michel_tumulus,47.588055555,-3.073611111,"tumulus in Carnac, France"
Q1483632,Vix grave,landmarks,http://commons.wikimedia.org/wiki/Special:FilePath/Vix01.JPG,France,https://en.wikipedia.org/wiki/Vix_Grave,47.902518,4.543375,archaeological tomb at Vix in Côte-d'Or (France)
Q1494595,Jardin aux Moines,landmarks,http://commons.wikimedia.org/wiki/Special:FilePath/Broc%C3%A9liande163.JPG,France,,48.01972222,-2.29,"tumulus in Néant-sur-Yvel, France"
Q1590832,Hotié de Viviane,landmarks,http://commons.wikimedia.org/wiki/Special:FilePath/La%20Maison%20de%20Viviane.JPG,France,https://en.wikipedia.org/wiki/Hoti%C3%A9_de_Viviane,48.00022222,-2.26869444,"tumulus in Paimpont, France"
Q1798858,Tumulus de la Hogue,landmarks,http://commons.wikimedia.org/wiki/Special:FilePath/Tumulus%20Hogue.JPG,France,,49.09569444,-0.36236111,"tumulus in Fontenay-le-Marmion, France"
Q1891971,Mané-er-Hroëk tumulus,landmarks,http://commons.wikimedia.org/wiki/Special:FilePath/H%201%20Tumulus%20Mane%20er%20Hroech%20C.jpg,France,,47.56283333,-2.93875,"tumulus in Locmariaquer, France"
Q2383991,dolmen de Kerangré,landmarks,http://commons.wikimedia.org/wiki/Special:FilePath/Dolmen%20de%20Kerangr%C3%A9%20-%204.jpg,France,,47.64268,-3.17378,"dolmen in Erdeven, France"
Q2398164,Dolmen le Grès de Linas,landmarks,http://commons.wikimedia.org/wiki/Special:FilePath/Congerville%20Thionville%20Dolmen.jpg,France,,48.3775,1.99318,"dolmen in Congerville-Thionville, France"
Q2414334,dolmen of Pérignagol,landmarks,http://commons.wikimedia.org/wiki/Special:FilePath/Table%20et%20orthostates%20de%20dolmen%20d%20P%C3%A9rignagol%201.JPG,France,,44.42483,2.46515,"dolmen in Salles-la-Source, France"
Q2430991,Ti ar Boutiged,landmarks,http://commons.wikimedia.org/wiki/Special:FilePath/Dolmen%20Ti%20ar%20Boudiged.jpg,France,,48.36194444,-3.84819444,"dolmen in Brennilis, France"
Q2459710,Tumulus de Colombiers-sur-Seulles,landmarks,http://commons.wikimedia.org/wiki/Special:FilePath/Colombiers-sur-Seulles%20tumulus%204.jpg,France,,49.2967,-0.4947,"tumulus in Colombiers-sur-Seulles, France"
Q2459723,Dissignac tumulus,landmarks,http://commons.wikimedia.org/wiki/Special:FilePath/Tumulus%20Dissignac2.jpg,France,,47.270972222,-2.279305555,"tumulus in Saint-Nazaire, France"
Q2383749,Théâtre gallo-romain des Bardiaux,landmarks,http://commons.wikimedia.org/wiki/Special:FilePath/Th%C3%A9%C3%A2tre%20des%20Bardiaux%20%28Panoramique%29%201.jpg,France,,47.0572,4.0085,
Q2388770,Gennes amphitheatre,landmarks,http://commons.wikimedia.org/wiki/Special:FilePath/Ar%C3%A8ne%20du%20th%C3%A9%C3%A2tre-Amphith%C3%A9%C3%A2tre%20de%20Gennes.JPG,France,,47.3351,-0.238599,
Q2769798,Roman Theatre of Augustodunum,landmarks,http://commons.wikimedia.org/wiki/Special:FilePath/Theatre%20autun%20panorama.jpg,France,,46.9528,4.30995,"ancient Roman theatre in Autun, France"
Q3034070,Dolmen de la Folatière,landmarks,http://commons.wikimedia.org/wiki/Special:FilePath/Lux%C3%A9DolmenFo2.JPG,France,,45.9011,0.15083,"dolmen in Luxé, France"
Q3034068,Dolmen de la Couture,landmarks,http://commons.wikimedia.org/wiki/Special:FilePath/Dolmen%20de%20la%20Couture%204.jpeg,France,,47.935,1.20823,"dolmen in Saint-Hilaire-la-Gravelle, France"
Q3034069,Dolmen de la Fabière,landmarks,http://commons.wikimedia.org/wiki/Special:FilePath/Dolmen%202%20la%20Cavalerie.jpg,France,,44.0178,3.15694,"dolmen in La Cavalerie, France"
Q3034075,Dolmen de la Graou,landmarks,http://commons.wikimedia.org/wiki/Special:FilePath/Dolmen%20de%20la%20Graou.png,France,,43.6515,6.81613,"dolmen in Saint-Cézaire-sur-Siagne, France"
Q3034072,Dolmen de la Forêt,landmarks,http://commons.wikimedia.org/wiki/Special:FilePath/Gennes%20%28Maine-et-Loire%29%20%2814456095096%29.jpg,France,,47.3425,-0.273896,"dolmen in Gennes, France"
Q3034078,Q3034078,landmarks,http://commons.wikimedia.org/wiki/Special:FilePath/PA00116643%20Dolmen%20de%20la%20Lauze%2001.jpg,France,,44.3747,4.17609,"dolmen in Banne, France"
Q3034082,Dolmen de la Maison de la Vieille,landmarks,http://commons.wikimedia.org/wiki/Special:FilePath/Lux%C3%A9MaisonVieille0.JPG,France,,45.9097,0.14028,"dolmen in Luxé, France"
Q3034081,Dolmen de Sainte-Madeleine,landmarks,http://commons.wikimedia.org/wiki/Special:FilePath/Lessac%20dolmen1.JPG,France,,46.045,0.68111,"dolmen in Lessac, France"
Q3034086,Dolmen de la Petifaie,landmarks,http://commons.wikimedia.org/wiki/Special:FilePath/Dolmen%20de%20La%20Ferri%C3%A8re-de-Fl%C3%A9e%20-%20panneau%20explicatif.JPG,France,,47.7536,-0.844477,"dolmen in La Ferrière-de-Flée, France"
Q3034084,Dolmen de la Maison des Fées,landmarks,http://commons.wikimedia.org/wiki/Special:FilePath/Dolmen%20de%20la%20maison%20des%20f%C3%A9e%201%20de%20Mir%C3%A9.jpg,France,,47.7609,-0.486966,"dolmen in Miré, France"
Q3034090,Dolmen de la Pierre-qui-vire,landmarks,http://commons.wikimedia.org/wiki/Special:FilePath/Colombe-les-Vesoul%20dolmen1.JPG,France,,47.615165,6.240646,"dolmen in Colombe-lès-Vesoul, France"
Q3034091,Dolmen de la Pierre Blanche,landmarks,http://commons.wikimedia.org/wiki/Special:FilePath/Besse%20dolmen1.JPG,France,,45.9469,0.09306,"dolmen in Bessé, France"
Q3034088,Dolmen de la Pitchoune,landmarks,http://commons.wikimedia.org/wiki/Special:FilePath/Dolmen%20de%20la%20Pitchoune.JPG,France,,43.8268,5.22903,"dolmen in Ménerbes, France"
Q3034089,Pierre-Alot dolmen,landmarks,http://commons.wikimedia.org/wiki/Special:FilePath/Dolmen%20de%20la%20Pierre%20Alot%20-%20Bois%20de%20Lardigny%20-%20Vitry-les-Nogent.jpg,France,,47.9952,5.33202,"dolmen in Vitry-lès-Nogent, France"
Q3034094,La Pierre Couvretière dolmen,landmarks,http://commons.wikimedia.org/wiki/Special:FilePath/Ancenis%20-%20Dolmen%20%282%29.jpg,France,,47.3687,-1.17277,"dolmen in Ancenis, France"
Q3034095,Pierre Laye dolmen,landmarks,http://commons.wikimedia.org/wiki/Special:FilePath/Dolmen%20de%20la%20Pierre-Laye%20%28Aisne%2C%20Picardie%2C%20France%29.jpg,France,,49.430833333,3.289722222,"dolmen in Vauxrezis, France"
Q3034092,Dolmens de la Pierre Couverte,landmarks,http://commons.wikimedia.org/wiki/Special:FilePath/Marcilly%20le%20Hayer%20Dolmen%20du%20Vamprin%20juin%202007%2001.JPG,France,,48.3475,3.62139,"dolmen in Marcilly-le-Hayer, France"
Q3034093,Dolmen de la Pierre Cesée,landmarks,http://commons.wikimedia.org/wiki/Special:FilePath/Soucelles%20-%20Dolmen%20de%20la%20Pierre%20Ces%C3%A9e%201.jpg,France,,47.569,-0.394081,"dolmen in Soucelles, France"
Q3034098,Dolmen de Pierre Couverte,landmarks,http://commons.wikimedia.org/wiki/Special:FilePath/Pierre%20couverte.jpg,France,,47.6961,0.32639,"dolmen in Vaas, France"
Q3034099,Dolmen de la Pierre du Trésor,landmarks,http://commons.wikimedia.org/wiki/Special:FilePath/La%20Pierre%20du%20Tr%C3%A9sor.JPG,France,,48.3966,-1.15968,"dolmen in Landéan, France"
Q3034096,Dolmen de la Pierre Levée,landmarks,http://commons.wikimedia.org/wiki/Special:FilePath/Dolmen%20de%20la%20Pierre%20Lev%C3%A9e%201.jpeg,France,,47.66101,1.25802,"dolmen in La Chapelle-Vendômoise, France"
Q3034102,La Salle aux Fées dolmen,landmarks,http://commons.wikimedia.org/wiki/Special:FilePath/Sainte-Pazanne%20-%20Dolmen.jpg,France,,47.0791,-1.7915,"dolmen in Sainte-Pazanne, France"
Q3034101,Dolmen de la Romme,landmarks,http://commons.wikimedia.org/wiki/Special:FilePath/Champtoc%C3%A9%20-%20Dolmen%20de%20la%20Romme%204.jpg,France,,47.4198,-0.856698,"dolmen in Champtocé-sur-Loire, France"
Q3034105,Q3034105,landmarks,http://commons.wikimedia.org/wiki/Special:FilePath/Dolmen%20de%20la%20serre%20aveyron%20%284%29.jpg,France,,44.4436,2.3963,"dolmen in Goutrens, France"
Q3034111,Dolmen de la Siureda,landmarks,http://commons.wikimedia.org/wiki/Special:FilePath/Dolmen%20de%20la%20Siureda%20de%20face%20dans%20son%20environnement.JPG,France,https://en.wikipedia.org/wiki/Siureda_dolmen,42.463083333,2.791416666,"dolmen in Maureillas-las-Illas, France"
Q3034108,Q3034108,landmarks,http://commons.wikimedia.org/wiki/Special:FilePath/Dolment%20de%20La%20Tamanie%20sur%20la%20commune%20d%27Oradour%20sur%20Vayres.jpg,France,,45.7233,0.88167,"dolmen in Oradour-sur-Vayres, France"
Q3034112,Q3034112,landmarks,http://commons.wikimedia.org/wiki/Special:FilePath/Tumulus%20de%20Beg%20an%20Dorchenn.JPG,France,,47.83717,-4.35336,"dolmen in Plomeur, France"
Q3034119,Dolmen des Courades,landmarks,http://commons.wikimedia.org/wiki/Special:FilePath/StMC3.42.JPG,France,,45.6328,-0.15806,"dolmen in Saint-Même-les-Carrières, France"
Q3034116,Q3034116,landmarks,http://commons.wikimedia.org/wiki/Special:FilePath/Dolmen%20des%20Bras.jpg,France,,46.3125,1.34889,"dolmen in Saint-Sulpice-les-Feuilles, France"
Q3034122,Les Erves dolmen,landmarks,http://commons.wikimedia.org/wiki/Special:FilePath/Dolmen%20des%20erves.JPG,France,,48.117,-0.3315,"dolmen in Sainte-Suzanne, France"
Q3034123,dolmen des Follets,landmarks,http://commons.wikimedia.org/wiki/Special:FilePath/Dolmens%20in%20Morbihan%20%28Saint-Grav%C3%A9%29-dd02.jpg,France,,47.721389,-2.314444,"dolmen in Saint-Gravé, France"
Q3034124,Dolmen des Grosses-Pierres,landmarks,http://commons.wikimedia.org/wiki/Special:FilePath/Dolmen%20des%20Grosses-Pierres%20-%20M%C3%A9d%C3%A9ric%20Mieusement.jpg,France,,47.946,1.217,"dolmen in Brévainville, France"
Q3034125,Allée couverte des Grèves de Frécul,landmarks,http://commons.wikimedia.org/wiki/Special:FilePath/Dolmen%20de%20Fr%C3%A9cul.JPG,France,,48.3008,4.08015,"dolmen in Barbuise, France"
Q216357,Grande Arche,skyscrapers,http://commons.wikimedia.org/wiki/Special:FilePath/Grande%20Arche%2C%20France%20-%20April%202011.jpg,France,https://en.wikipedia.org/wiki/Grande_Arche,48.8928,2.235830555,monument and building in Paris's La Défense
Q323767,Montparnasse Tower,skyscrapers,http://commons.wikimedia.org/wiki/Special:FilePath/Remote%20view%20of%20the%20Tour%20Montparnasse%20%26%20Eiffel%20Tower%20in%202005.jpg,France,https://en.wikipedia.org/wiki/Tour_Montparnasse,48.84211,2.32198,skyscraper in Paris
Q99319,"George V Bridge, Orléans",bridges,http://commons.wikimedia.org/wiki/Special:FilePath/France%20Orleans%20Pont%20George%20V%20Cathedrale%2002.JPG,France,"https://en.wikipedia.org/wiki/George_V_Bridge,_Orl%C3%A9ans",47.89666667,1.90416667,road and tram bridge
Q189764,Pont du Gard,bridges,http://commons.wikimedia.org/wiki/Special:FilePath/Pont%20du%20Gard%20BLS.jpg,France,https://en.wikipedia.org/wiki/Pont_du_Gard,43.9473,4.5355,"ancient Roman aqueduct bridge that crosses the Gardon River in Vers-Pont-du-Gard, France"
Q205682,Three Countries Bridge,bridges,http://commons.wikimedia.org/wiki/Special:FilePath/Weil%20am%20Rhein%20-%20Dreil%C3%A4nderbr%C3%BCcke10.jpg,France,https://en.wikipedia.org/wiki/Three_Countries_Bridge,47.591666666,7.590277777,"bridge in France, Switzerland, and Germany"
Q280131,Viaduc de Lavaur,bridges,http://commons.wikimedia.org/wiki/Special:FilePath/Lavaur%20-%20Viaduc%20S%C3%A9journ%C3%A9%20sur%20l%27Agout%20-1.jpg,France,,43.70333333,1.82388889,
Q284444,pont Saint-Bénézet,bridges,http://commons.wikimedia.org/wiki/Special:FilePath/Le%20pont%20d%27Avignon%20depuis%20l%27%C3%AEle%20de%20la%20Barthelasse.jpg,France,https://en.wikipedia.org/wiki/Pont_Saint-B%C3%A9n%C3%A9zet,43.953266,4.805419,"bridge in Avignon, France"
Q291093,Pont Mirabeau,bridges,http://commons.wikimedia.org/wiki/Special:FilePath/Pont%20Mirabeau%20from%20Ballon%20Generali%2C%20Paris%207%20August%202016.jpg,France,https://en.wikipedia.org/wiki/Pont_Mirabeau,48.84639,2.27639,"bridge that crosses the Seine in Paris, France"
Q335277,Pont Neuf,bridges,http://commons.wikimedia.org/wiki/Special:FilePath/The%20western%20sides%20of%20the%20%C3%8Ele%20de%20la%20Cit%C3%A9%20and%20the%20Pont%20Neuf%2C%2014%20July%202008.jpg,France,https://en.wikipedia.org/wiki/Pont_Neuf,48.8575,2.341666666,bridge across the Seine in Paris
Q513655,Pont de la Tournelle,bridges,http://commons.wikimedia.org/wiki/Special:FilePath/Pont%20de%20la%20Tournelle%2C%20Paris%203%20April%202016.jpg,France,https://en.wikipedia.org/wiki/Pont_de_la_Tournelle,48.850664,2.355522,parisian bridge over the Seine
Q540781,Pont d'Iéna,bridges,http://commons.wikimedia.org/wiki/Special:FilePath/Paris%2075007%20Port%20de%20Suffren%2020161101%20Pont%20d%27I%C3%A9na.jpg,France,https://en.wikipedia.org/wiki/Pont_d%27I%C3%A9na,48.859722,2.292222,bridge in Paris
Q547156,Pont Régemortes,bridges,http://commons.wikimedia.org/wiki/Special:FilePath/Pont%20R%C3%A9gemortes%20%28MOULINS%2CFR03%29-2.jpg,France,,46.5618222,3.3231639,
Q605912,passerelle Léopold-Sédar-Senghor,bridges,http://commons.wikimedia.org/wiki/Special:FilePath/Passerelle%20Solferino%20Paris%20FRA%20002.jpg,France,https://en.wikipedia.org/wiki/Passerelle_L%C3%A9opold-S%C3%A9dar-Senghor,48.861944,2.324722,"footbridge in Paris, France"
Q644398,Pont de la Concorde,bridges,http://commons.wikimedia.org/wiki/Special:FilePath/Pont%20de%20la%20Concorde%202009-06-02%20Paris%2001.jpg,France,https://en.wikipedia.org/wiki/Pont_de_la_Concorde_(Paris),48.86333,2.31944,"bridge in Paris, France"
Q646236,Pont Ambroix,bridges,http://commons.wikimedia.org/wiki/Special:FilePath/Ambrussum%20pont%20Ambroix.JPG,France,https://en.wikipedia.org/wiki/Pont_Ambroix,43.717222222,4.151944444,"bridge guaranteeing the crossing of the Vidourle by the Via Domitia, Roman road that ran from Italy to Spain"
Q504710,Pont de Normandie,bridges,http://commons.wikimedia.org/wiki/Special:FilePath/J79164%20Yul%20cdg%2020140624-051332.55%20France.jpg,France,https://en.wikipedia.org/wiki/Pont_de_Normandie,49.432222222,0.273888888,cable-stayed bridge
Q924757,Rochefort-Martrou Transporter Bridge,bridges,http://commons.wikimedia.org/wiki/Special:FilePath/Pont%20transbordeur%20de%20Rochefort%20du%20E.jpg,France,https://en.wikipedia.org/wiki/Rochefort-Martrou_Transporter_Bridge,45.916277777,-0.960694444,transporter bridge
Q926853,Répudre Aqueduct,bridges,http://commons.wikimedia.org/wiki/Special:FilePath/Ventenac-en-Minervois%20Aqueduc%20du%20R%C3%A9pudre%20AL24.jpg,France,https://en.wikipedia.org/wiki/R%C3%A9pudre_Aqueduct,43.25441667,2.84012222,navigable aqueduct
Q154750,Château de Montpensier,castles,http://commons.wikimedia.org/wiki/Special:FilePath/Chateaumontpensier.jpg,France,https://en.wikipedia.org/wiki/Ch%C3%A2teau_de_Montpensier,46.035,3.218,castle
Q159147,Château d'Aubeterre-sur-Dronne,castles,http://commons.wikimedia.org/wiki/Special:FilePath/Aubeterre%20vue3.JPG,France,,45.2719,0.17056,castle
Q164901,Château de Montgilbert,castles,http://commons.wikimedia.org/wiki/Special:FilePath/Ch%C3%A2teau%20Montgilbert%201.jpg,France,https://en.wikipedia.org/wiki/Ch%C3%A2teau_de_Montgilbert,46.038527777,3.623527777,castle
Q169369,Château Pastré,castles,http://commons.wikimedia.org/wiki/Special:FilePath/Ch%C3%A2teau%20Pastr%C3%A9%20%C3%A0%20Marseille.JPG,France,https://en.wikipedia.org/wiki/Ch%C3%A2teau_Pastr%C3%A9,43.233333333,5.373333333,museum in France
Q179549,Château de Rothenbourg,castles,http://commons.wikimedia.org/wiki/Special:FilePath/Rothenburg.JPG,France,https://en.wikipedia.org/wiki/Ch%C3%A2teau_de_Rothenbourg,49.024615,7.57555556,castle
Q202249,Château Rocher,castles,http://commons.wikimedia.org/wiki/Special:FilePath/Ch%C3%A2teau-Rocher%20%2830%29.jpg,France,https://en.wikipedia.org/wiki/Ch%C3%A2teau_Rocher,46.0891564,2.9281998,French castle
Q205659,Château de Lunéville,castles,http://commons.wikimedia.org/wiki/Special:FilePath/Lun%C3%A9ville%20-%20ch%C3%A2teau%2020131007-07.JPG,France,https://en.wikipedia.org/wiki/Ch%C3%A2teau_de_Lun%C3%A9ville,48.594722,6.4925,castle
Q206199,Metz Citadel,castles,http://commons.wikimedia.org/wiki/Special:FilePath/Portrait%20de%20la%20ville%20et%20cit%C3%A9%20de%20Metz.JPG,France,https://en.wikipedia.org/wiki/Metz_Citadel,49.11364167,6.17136389,"16th-century fort at Metz, France"
Q282646,Château de Saint-Ulrich,castles,http://commons.wikimedia.org/wiki/Special:FilePath/00%200225%20Ch%C3%A2teau%20de%20Saint-Ulrich.jpg,France,https://en.wikipedia.org/wiki/Ch%C3%A2teau_de_Saint-Ulrich,48.202857986,7.305187731,castle
Q284234,Château de la Chétardie,castles,http://commons.wikimedia.org/wiki/Special:FilePath/Ch%C3%A2teau%20de%20la%20Ch%C3%A9tardie%2C%20Exideuil%20en%20Charente.jpg,France,,45.8836,0.6694,castle
Q289894,Château de Branzac,castles,http://commons.wikimedia.org/wiki/Special:FilePath/Chateau%20branzac%20tour%20octogo.jpg,France,https://en.wikipedia.org/wiki/Ch%C3%A2teau_de_Branzac,45.11277778,2.32388889,castle
Q312445,Château de Dinan,castles,http://commons.wikimedia.org/wiki/Special:FilePath/Chateau%20Dinan1.jpg,France,https://en.wikipedia.org/wiki/Ch%C3%A2teau_de_Dinan,48.450277777,-2.044888888,castle in France
Q125814,Château de Germolles,castles,http://commons.wikimedia.org/wiki/Special:FilePath/Vue%20a%C3%A9rienne%20de%20Germolles.jpg,France,https://en.wikipedia.org/wiki/Ch%C3%A2teau_de_Germolles,46.805833333,4.751388888,"castle in Saône-et-Loire, France"
Q338711,Château de Luc,castles,http://commons.wikimedia.org/wiki/Special:FilePath/FR-48-Luc08.JPG,France,https://en.wikipedia.org/wiki/Ch%C3%A2teau_de_Luc,44.652222222,3.889166666,castle
Q541391,Stade Charléty,stadiums,http://commons.wikimedia.org/wiki/Special:FilePath/Paris%20Stade%20S%C3%A9bastien%20Charl%C3%A9ty.jpg,France,https://en.wikipedia.org/wiki/Stade_S%C3%A9bastien_Charl%C3%A9ty,48.81716,2.34511,sports complex and stadium in Paris
Q118955,Stade Francis Turcan,stadiums,http://commons.wikimedia.org/wiki/Special:FilePath/Fcm-stade01.JPG,France,https://en.wikipedia.org/wiki/Stade_Francis-Turcan,43.407277,5.04935,"Stadium in Martigues, France"
Q182992,Stade Numa-Daly Magenta,stadiums,http://commons.wikimedia.org/wiki/Special:FilePath/Athletics%20track%20event%20at%20the%202011%20Pacific%20Games.jpg,France,https://en.wikipedia.org/wiki/Stade_Numa-Daly_Magenta,-22.26417143,166.4679427,stadium in Nouméa
Q202150,Stade Vélodrome,stadiums,http://commons.wikimedia.org/wiki/Special:FilePath/Stade%20V%C3%A9lodrome%20closeup.jpg,France,https://en.wikipedia.org/wiki/Stade_V%C3%A9lodrome,43.269241,5.394907,"football stadium in Marseille, France"
Q457941,Chemin de fer du Vivarais,museums,http://commons.wikimedia.org/wiki/Special:FilePath/Gorges%20du%20Doux%2C%20Ard%C3%A8che.jpg,France,https://en.wikipedia.org/wiki/Chemin_de_fer_du_Vivarais,45.06,4.7762,heritage metre-gauge railway in France
Q1069302,Chemin de fer touristique du Rhin,museums,http://commons.wikimedia.org/wiki/Special:FilePath/Gare%20de%20volgelsheim.JPG,France,,48.018868,7.545799,heritage railway in Frankreich
Q1069340,Chemin de fer du Montenvers,museums,http://commons.wikimedia.org/wiki/Special:FilePath/Montevers%20-%20train.jpg,France,https://en.wikipedia.org/wiki/Chemin_de_fer_du_Montenvers,45.922713,6.875381,railway line in France
Q1126082,Coni'Fer,museums,http://commons.wikimedia.org/wiki/Special:FilePath/Conifer.JPG,France,,46.78333333,6.35,railway museum in France
Q1577318,Mont Blanc Tramway,museums,http://commons.wikimedia.org/wiki/Special:FilePath/La%20rame%20Marie%20du%20TMB%20au%20Nid%20d%27Aigle%20%28juin%202019%29%201.JPG,France,https://en.wikipedia.org/wiki/Mont_Blanc_tramway,45.898,6.711138888,rack railway in France
Q75566,Musée des Beaux-Arts d'Arras,museums,http://commons.wikimedia.org/wiki/Special:FilePath/0%20Arras%20-%20Abbaye%20Saint-Vaast%20d%27Arras%20%281%29.JPG,France,https://en.wikipedia.org/wiki/Mus%C3%A9e_des_beaux-arts_d%27Arras,50.291944444,2.773333333,musée de France
Q388279,Port-Cros National Park,natural,http://commons.wikimedia.org/wiki/Special:FilePath/Port-cros-nature%201.jpg,France,https://en.wikipedia.org/wiki/Port-Cros_National_Park,43.004166666,6.395277777,national park of France
Q476446,Écrins National Park,natural,http://commons.wikimedia.org/wiki/Special:FilePath/Villar-d%27Ar%C3%AAne%20%28Rif%20de%20la%20Planche%201975%20m.%29.JPG,France,https://en.wikipedia.org/wiki/%C3%89crins_National_Park,44.855833333,6.263611111,national park of France
Q738435,Pyrénées National Park,natural,http://commons.wikimedia.org/wiki/Special:FilePath/.00%202122%20Cirque%20de%20Gavarnie%20-%20Pyren%C3%A4en.jpg,France,https://en.wikipedia.org/wiki/Pyr%C3%A9n%C3%A9es_National_Park,42.8275,-0.175833333,national park of France
Q1093094,Cirque de Cilaos,natural,http://commons.wikimedia.org/wiki/Special:FilePath/Cilaos%20Circus.jpg,France,,-21.14573,55.45983,Caldera in Reunion
Q2385849,Euronext Paris,markets,http://commons.wikimedia.org/wiki/Special:FilePath/Palais%20Brongniart.JPG,France,https://en.wikipedia.org/wiki/Euronext_Paris,48.890555555,2.246388888,"Securities market located in Paris, France"
Q1090350,Tumulus de Château Bû,history_and_mysteries,http://commons.wikimedia.org/wiki/Special:FilePath/Saint-Just%20%2835%29%20Ch%C3%A2teau%20B%C3%BB%204.jpg,France,,47.765057,-1.985017,"tumulus located in Ille-et-Vilaine, in France"
Q1235878,Kernourz dolmen,history_and_mysteries,http://commons.wikimedia.org/wiki/Special:FilePath/K%201%20Tumulus%20von%20Kernours%20C.jpg,France,,47.63455556,-2.95705556,"dolmen in Bono, France"
Q420847,Libreville International Airport,airports,http://commons.wikimedia.org/wiki/Special:FilePath/B777%20d%27Air%20France%20%C3%A0%20LBV.jpg,Gabon,https://en.wikipedia.org/wiki/L%C3%A9on-Mba_International_Airport,0.458611,9.412222,airport
Q3825,Libreville,cities,http://commons.wikimedia.org/wiki/Special:FilePath/Libreville1.jpg,Gabon,https://en.wikipedia.org/wiki/Libreville,0.407777777,9.440277777,capital city of Gabon
Q3651879,Gega Waterfall,waterfalls,http://commons.wikimedia.org/wiki/Special:FilePath/Waterfall%20near%20lake%20Ritsa.jpg,Georgia,,43.435555555,40.442222222,waterfall in Georgia
Q3651772,Gergeti,glaciers,http://commons.wikimedia.org/wiki/Special:FilePath/The%20massive%20Gergeti%20glacier%20next%20to%20Mt.%20Kazbek%20%284%29.jpg,Georgia,https://en.wikipedia.org/wiki/Gergeti,42.683888888,44.502777777,glacier in Georgia
Q374266,Besleti Bridge,bridges,http://commons.wikimedia.org/wiki/Special:FilePath/Beslet%20bridge.JPG,Georgia,https://en.wikipedia.org/wiki/Besleti_Bridge,43.03064,41.0761,arch bridge
Q189920,Tsentral Stadium,stadiums,http://commons.wikimedia.org/wiki/Special:FilePath/Stadioni%20Batumi.jpg,Georgia,https://en.wikipedia.org/wiki/Central_Stadium_(Batumi),41.655202,41.637246,"football stadium in Batumi, Georgia"
Q189921,David Abashidze Stadium,stadiums,http://commons.wikimedia.org/wiki/Special:FilePath/Davit%20Abashidze%20Stadium.jpg,Georgia,https://en.wikipedia.org/wiki/David_Abashidze_Stadium,42.111213,43.02568,stadium
Q46033,Frankfurt Airport,airports,http://commons.wikimedia.org/wiki/Special:FilePath/FRA%20June2013.JPG,Germany,https://en.wikipedia.org/wiki/Frankfurt_Airport,50.033305555,8.570455555,"biggest airport of Germany, located in Frankfurt, Hesse"
Q58226,Düsseldorf Airport,airports,http://commons.wikimedia.org/wiki/Special:FilePath/Aerial%20image%20of%20the%20D%C3%BCsseldorf%20Airport.jpg,Germany,https://en.wikipedia.org/wiki/D%C3%BCsseldorf_Airport,51.280925,6.757311111,international airport of Düsseldorf
Q9686,Berlin-Tempelhof Airport,airports,http://commons.wikimedia.org/wiki/Special:FilePath/TempelhofExterior.jpg,Germany,https://en.wikipedia.org/wiki/Berlin_Tempelhof_Airport,52.473611111,13.401666666,"former airport in Berlin, Germany"
Q9689,Berlin Schönefeld Airport,airports,http://commons.wikimedia.org/wiki/Special:FilePath/FLUGHAFEN%20SCHONEFELD%20BERLIN%20GERMANY%20JUNE%202013%20%289025967808%29.jpg,Germany,https://en.wikipedia.org/wiki/Berlin_Sch%C3%B6nefeld_Airport,52.378611,13.520556,"former international airport serving Berlin and Brandenburg, Germany"
Q27706,Hamburg Airport,airports,http://commons.wikimedia.org/wiki/Special:FilePath/Hamburg%20airport%20terminals.jpg,Germany,https://en.wikipedia.org/wiki/Hamburg_Airport,53.630388888,9.988227777,"airport in Fuhlsbüttel, Hamburg, Germany"
Q315110,Hohe Acht,peaks,http://commons.wikimedia.org/wiki/Special:FilePath/Hohe%20Acht.JPG,Germany,https://en.wikipedia.org/wiki/Hohe_Acht,50.385833333,7.011111111,mountain
Q1289764,Gleiberg,volcanoes,http://commons.wikimedia.org/wiki/Special:FilePath/Gleiberg%20NNW.png,Germany,https://en.wikipedia.org/wiki/Gleiberg_(volcano),50.6151,8.63465,mountain
Q1290651,Hoherodskopf,volcanoes,http://commons.wikimedia.org/wiki/Special:FilePath/Hoherodskopf%20Vogelsberg.jpg,Germany,https://en.wikipedia.org/wiki/Hoherodskopf,50.511,9.227,mountain
Q1308814,Nerother Kopf,volcanoes,http://commons.wikimedia.org/wiki/Special:FilePath/Nerother%20Kopf.JPG,Germany,https://en.wikipedia.org/wiki/Nerother_Kopf,50.1944,6.76083,mountain
Q1360982,Ernstberg,volcanoes,http://commons.wikimedia.org/wiki/Special:FilePath/Erresberg.jpg,Germany,https://en.wikipedia.org/wiki/Ernstberg,50.2304,6.7691,mountain
Q1362432,Scharteberg,volcanoes,http://commons.wikimedia.org/wiki/Special:FilePath/Scharteberg.jpg,Germany,https://en.wikipedia.org/wiki/Scharteberg,50.2179,6.7528,mountain
Q1424776,Gänsehals,volcanoes,http://commons.wikimedia.org/wiki/Special:FilePath/Gaensehals.JPG,Germany,,50.3968,7.20464,mountain
Q1429816,Knüllköpfchen,volcanoes,http://commons.wikimedia.org/wiki/Special:FilePath/Knuell%20knuellkoepfchen.jpg,Germany,https://en.wikipedia.org/wiki/Kn%C3%BCllk%C3%B6pfchen,50.916741666,9.422247222,"mountain in Hesse, Germany"
Q1472613,Fuchskaute,volcanoes,http://commons.wikimedia.org/wiki/Special:FilePath/Fuchskaute.JPG,Germany,https://en.wikipedia.org/wiki/Fuchskaute,50.6595,8.10262,mountain
Q65244014,Q65244014,seas,http://commons.wikimedia.org/wiki/Special:FilePath/Neubessin%20seen%20from%20watch%20tower%20Altbessin%20Hiddensee%20NLP%20Vorpommersche%20Boddenlandschaft%202023-06-12%2005.jpg,Germany,,54.561667,13.156667,
Q20282,Weißeritz,rivers,http://commons.wikimedia.org/wiki/Special:FilePath/Dresden%20Wei%C3%9Feritzm%C3%BCndung.jpg,Germany,https://en.wikipedia.org/wiki/Wei%C3%9Feritz,50.981675,13.62949,river in Germany
Q20286,Wild Weißeritz,rivers,http://commons.wikimedia.org/wiki/Special:FilePath/Tharandt%20%283%29%202006-05-11.jpg,Germany,https://en.wikipedia.org/wiki/Wild_Wei%C3%9Feritz,50.683962,13.691408,"river in the Czech Republic and in Saxony, Germany"
Q20288,Red Weißeritz,rivers,http://commons.wikimedia.org/wiki/Special:FilePath/Rote%20Wei%C3%9Feritz%20Schmiedeberg%20%2802%29.JPG,Germany,https://en.wikipedia.org/wiki/Red_Wei%C3%9Feritz,50.981675,13.62949,river in Germany
Q20293,Wiederitz,rivers,http://commons.wikimedia.org/wiki/Special:FilePath/Wiederitz%20in%20Zauckerode.JPG,Germany,https://en.wikipedia.org/wiki/Wiederitz,51.0097,13.6622,river in Germany
Q20296,Borlasbach,rivers,http://commons.wikimedia.org/wiki/Special:FilePath/Borlasbach-20-05-2004.jpg,Germany,https://en.wikipedia.org/wiki/Borlasbach,50.9269,13.6557,river in Germany
Q20300,Hammerbach,rivers,http://commons.wikimedia.org/wiki/Special:FilePath/Hammerbach.jpg,Germany,https://en.wikipedia.org/wiki/Hammerbach_(Freital),51.0184,13.6406,river of Germany
Q20306,Oelsabach,rivers,http://commons.wikimedia.org/wiki/Special:FilePath/Dippoldiswalder%20heide%2C%20oelsabach.jpg,Germany,https://en.wikipedia.org/wiki/Oelsabach,50.96055556,13.64083333,river of Germany
Q20309,Pöbelbach,rivers,http://commons.wikimedia.org/wiki/Special:FilePath/P%C3%B6belbachtal.jpg,Germany,https://en.wikipedia.org/wiki/P%C3%B6belbach,50.8367,13.6758,river of Germany
Q20313,Quänebach,rivers,http://commons.wikimedia.org/wiki/Special:FilePath/Qu%C3%A4nebach%20Richtung%20Zauckerode.jpg,Germany,https://en.wikipedia.org/wiki/Qu%C3%A4nebach,51.0174,13.6294,river of Germany
Q1673,Neckar,rivers,http://commons.wikimedia.org/wiki/Special:FilePath/Zuckerle.jpg,Germany,https://en.wikipedia.org/wiki/Neckar,49.511944,8.437222,right tributary of Rhine river in Germany
Q1678,Saale,rivers,http://commons.wikimedia.org/wiki/Special:FilePath/Petersgrat%20bei%20Hof%20Bayern.jpg,Germany,https://en.wikipedia.org/wiki/Saale,50.1206,11.8306,river in Germany
Q1682,Havel,rivers,http://commons.wikimedia.org/wiki/Special:FilePath/HVL%2005-14%20img%2013%20Speicher%20Aussicht.jpg,Germany,https://en.wikipedia.org/wiki/Havel,52.8753,12.0044,river in northeastern Germany
Q1680,Mulde,rivers,http://commons.wikimedia.org/wiki/Special:FilePath/Mulde%20dueben.jpg,Germany,https://en.wikipedia.org/wiki/Mulde,51.160555555,12.798055555,"river in Saxony and Saxony-Anhalt, Germany"
Q1684,Spree,rivers,http://commons.wikimedia.org/wiki/Special:FilePath/Oberbaumbruecke%20beim%20Berliner%20Osthafen.jpg,Germany,https://en.wikipedia.org/wiki/Spree_(river),51.009611111,14.649305555,river in Germany
Q1688,Elde,rivers,http://commons.wikimedia.org/wiki/Special:FilePath/Plau%20lift%20bridge.jpg,Germany,https://en.wikipedia.org/wiki/Elde,53.110556,11.419722,river in northern Germany
Q2452,Werse,rivers,http://commons.wikimedia.org/wiki/Special:FilePath/Wersemuendung.jpg,Germany,https://en.wikipedia.org/wiki/Werse,51.758041666,8.048108333,river in Germany
Q2465,Olfe,rivers,http://commons.wikimedia.org/wiki/Special:FilePath/Olfe-M%C3%BCndung.jpg,Germany,https://en.wikipedia.org/wiki/Olfe_(Werse),51.771,7.87828,"river of North Rhine-Westphalia, Germany"
Q3280,Warnow,rivers,http://commons.wikimedia.org/wiki/Special:FilePath/Trauerweide%20an%20der%20Warnow.jpg,Germany,https://en.wikipedia.org/wiki/Warnow,53.5163,11.8626,"river in Mecklenburg-Vorpommern, Germany"
Q145271,Quitzdorf reservoir,lakes,http://commons.wikimedia.org/wiki/Special:FilePath/Quitzdorf-Staudamm5a.jpg,Germany,,51.2783,14.7617,"reservoir in Saxony, Germany"
Q149660,Senftenberger See,lakes,http://commons.wikimedia.org/wiki/Special:FilePath/Senftenberg%20See%20lub%202023-08-24%20img07.jpg,Germany,https://en.wikipedia.org/wiki/Lake_Senftenberg,51.5,14.016666666,"lake in Oberspreewald-Lausitz District, Brandenburg, Germany"
Q162967,Bautzen Reservoir,lakes,http://commons.wikimedia.org/wiki/Special:FilePath/Talsperre%20Bautzen%2001.jpg,Germany,https://en.wikipedia.org/wiki/Bautzen_Reservoir,51.22,14.4622,reservoir
Q243843,Zwenkauer See,lakes,http://commons.wikimedia.org/wiki/Special:FilePath/Zwenkauer%20See%20001.jpg,Germany,https://en.wikipedia.org/wiki/Zwenkauer_See,51.2394,12.3052,"lake in Zwenkau, Saxony, Germany"
Q247784,Katzsohlteich,lakes,http://commons.wikimedia.org/wiki/Special:FilePath/Katzsohlteich.jpg,Germany,https://en.wikipedia.org/wiki/Katzsohlteich,51.636527777,10.96825,artificially impounded reservoir southwest of Güntersberge in the Harz Mountains (Germany)
Q254473,Bremer Teich,lakes,http://commons.wikimedia.org/wiki/Special:FilePath/Bremer%20Teich.jpg,Germany,https://en.wikipedia.org/wiki/Bremer_Teich,51.6857,11.1118,reservoir
Q258458,Saalachsee,lakes,http://commons.wikimedia.org/wiki/Special:FilePath/Saalachsee%20Orthofoto.jpg,Germany,,47.711,12.8622,artificial lake
Q265260,Torfkuhlen Bad Sülze,lakes,http://commons.wikimedia.org/wiki/Special:FilePath/Grenztalmoor-Recknitz-Trebel-Torfloch-18-07-2008-003b.jpg,Germany,https://en.wikipedia.org/wiki/Torfkuhlen_Bad_S%C3%BClze,54.108327777,12.689036111,"lake in Vorpommern-Rügen District, Mecklenburg-Vorpommern, Germany"
Q297027,Q297027,lakes,http://commons.wikimedia.org/wiki/Special:FilePath/Oelgrundteich.JPG,Germany,,51.6672,11.5022,reservoir
Q300673,Aabachtalsperre,lakes,http://commons.wikimedia.org/wiki/Special:FilePath/Bad%20W%C3%BCnnenberg%20Aabachsee%20Sauerland%20Ost%20573%20pk.jpg,Germany,,51.491388888,8.734166666,reservoir in Germany
Q303174,Aar Reservoir,lakes,http://commons.wikimedia.org/wiki/Special:FilePath/Bischoffen%2C%20Aartalsperre.JPG,Germany,,50.6972,8.475,reservoir
Q303434,Aasee,lakes,http://commons.wikimedia.org/wiki/Special:FilePath/2004-09-07-Aasee%20M%C3%BCnster.jpg,Germany,https://en.wikipedia.org/wiki/Aasee_(M%C3%BCnster),51.949444444,7.603611111,"lake in Münster, Germany"
Q315045,Maschsee,lakes,http://commons.wikimedia.org/wiki/Special:FilePath/Hannover%2C%20de%20Maschsee%20vanaf%20de%20Karl%20Thiele%20Weg%20IMG%204534%202018-07-01%2014.20.jpg,Germany,https://en.wikipedia.org/wiki/Maschsee,52.353144038,9.744673849,Artificial lake situated south of the city centre of Hanover in Germany
Q315195,Biggesee,lakes,http://commons.wikimedia.org/wiki/Special:FilePath/OlpeKreis-Biggesee1-Asio.JPG,Germany,https://en.wikipedia.org/wiki/Biggesee,51.110277777,7.895833333,reservoir
Q71885,Tornowsee,lakes,http://commons.wikimedia.org/wiki/Special:FilePath/Landschaftsschutzgebiet%20Ruppiner%20Wald-%20und%20Seengebiet%20Tornowsee%20lub%202025-06-29.jpg,Germany,https://en.wikipedia.org/wiki/Lake_Tornow,53.026683,12.796094,"lake in Brandenburg, Germany"
Q80473,Lieps,lakes,http://commons.wikimedia.org/wiki/Special:FilePath/Hanfwerder.jpg,Germany,https://en.wikipedia.org/wiki/Lieps,53.451111111,13.157222222,"lake in Mecklenburg-Vorpommern, Germany"
Q80629,Ziegelsee,lakes,http://commons.wikimedia.org/wiki/Special:FilePath/Schwerin%20Ziegelsee%20Nordufer%202008-06-17%20021.jpg,Germany,https://en.wikipedia.org/wiki/Ziegelsee,53.654722222,11.423333333,lake in Schwerin (Germany)
Q324872,Oberpfuhl,lakes,http://commons.wikimedia.org/wiki/Special:FilePath/Oberpfuhl.JPG,Germany,https://en.wikipedia.org/wiki/Oberpfuhl,53.215277777,13.320833333,lake
Q334574,Abtsdorfer See,lakes,http://commons.wikimedia.org/wiki/Special:FilePath/Abtssee3.jpg,Germany,https://en.wikipedia.org/wiki/Abtsdorfer_See,47.910555555,12.907777777,"lake in Bavaria, Germany"
Q334872,Ümminger See,lakes,http://commons.wikimedia.org/wiki/Special:FilePath/Uemminger%20see%20herbst.jpg,Germany,,51.469141666,7.289522222,"lake in Werne, North Rhine-Westphalia, Germany"
Q340930,Achterdieksee,lakes,http://commons.wikimedia.org/wiki/Special:FilePath/Achterdieksee-Panorama-1.jpg,Germany,,53.0803,8.92,"lake in Oberneuland, Bremen, Germany"
Q340970,Achtersee,lakes,http://commons.wikimedia.org/wiki/Special:FilePath/Ostholstein%20-%20Suesel%20-%20Achtersee.JPG,Germany,,54.082,10.6778,lake in Germany
Q365220,Adolfosee,lakes,http://commons.wikimedia.org/wiki/Special:FilePath/Ratheim%20Adolfosee.jpg,Germany,https://en.wikipedia.org/wiki/Adolfosee,51.059257,6.168368,"lake in Heinsberg, North Rhine-Westphalia, Germany"
Q369353,Scharsee,lakes,http://commons.wikimedia.org/wiki/Special:FilePath/Scharsee.jpg,Germany,https://en.wikipedia.org/wiki/Scharsee,54.224444444,10.311111111,lake in Germany
Q370128,Neffelsee,lakes,http://commons.wikimedia.org/wiki/Special:FilePath/Neffelsee%20Z%C3%BClpich.jpg,Germany,https://en.wikipedia.org/wiki/Naturschutzsee_F%C3%BCssenich,50.697222222,6.625277777,"lake in Zülpich, Germany"
Q382891,Affolderner See,lakes,http://commons.wikimedia.org/wiki/Special:FilePath/Affolder%20See%20Steg.jpg,Germany,,51.1611,9.06667,reservoir
Q174645,Walchensee,lakes,http://commons.wikimedia.org/wiki/Special:FilePath/Aerial%20image%20of%20the%20Walchensee%20%28view%20from%20the%20southwest%29.jpg,Germany,https://en.wikipedia.org/wiki/Walchensee,47.593888888,11.346111111,"lake in Kochel, Bavaria, Germany"
Q175404,Alpsee,lakes,http://commons.wikimedia.org/wiki/Special:FilePath/Aerial%20image%20of%20the%20Alpsee%20%28view%20from%20the%20southwest%29.jpg,Germany,https://en.wikipedia.org/wiki/Alpsee,47.551111111,10.723611111,"lake in Ostallgäu, Bavaria, Germany"
Q110627,Königshütte Waterfall,waterfalls,http://commons.wikimedia.org/wiki/Special:FilePath/KoenigshuetteWasserfall.jpg,Germany,https://en.wikipedia.org/wiki/K%C3%B6nigsh%C3%BCtte_Waterfall,51.751133333,10.753422222,waterfall
Q174109,Amsel Falls,waterfalls,http://commons.wikimedia.org/wiki/Special:FilePath/Hohenstein%20-%20Amsel-Wasserfall03.jpg,Germany,https://en.wikipedia.org/wiki/Amsel_Falls,50.972207,14.073867,waterfall in Lohmen in Germany
Q177701,Uracher Wasserfall,waterfalls,http://commons.wikimedia.org/wiki/Special:FilePath/Uracher%20Wasserfall%20000.jpg,Germany,,48.482222222,9.367777777,waterfall in Germany
Q244450,Zweribachwasserfälle,waterfalls,http://commons.wikimedia.org/wiki/Special:FilePath/Zweribachwasserf%C3%A4lle%20Obere%20Stufe%2001.jpg,Germany,,48.0431,8.09294,
Q319104,Röthbach Waterfall,waterfalls,http://commons.wikimedia.org/wiki/Special:FilePath/R%C3%B6thbachwasserfall%203%20Fassung%202.jpg,Germany,https://en.wikipedia.org/wiki/R%C3%B6thbachfall,47.503,13.012,waterfall in Germany
Q538162,Angerlloch,waterfalls,http://commons.wikimedia.org/wiki/Special:FilePath/Angerlloch%2C%20Zugang%2C%202008.jpg,Germany,,47.56,11.2869,cave in Germany
Q1460917,Q1460917,islands,http://commons.wikimedia.org/wiki/Special:FilePath/Jade-weser-muendung%20map%20de.png,Germany,,53.82944444,8.35916667,island
Q71579368,Vineta,islands,http://commons.wikimedia.org/wiki/Special:FilePath/Vineta%202014.jpg,Germany,,51.240583333,12.453083333,"artificial island, installation artwork, in Großpösna, Germany"
Q20624,Knipsand,islands,http://commons.wikimedia.org/wiki/Special:FilePath/Amrum-Jungnamensand-8.30322E%2054.66327N.png,Germany,,54.646,8.31995,sandbar at Amrum
Q20631,Norderoogsand,islands,http://commons.wikimedia.org/wiki/Special:FilePath/Luftaufnahmen%20Nordseekueste%202012-05-by-RaBoe-094.jpg,Germany,,54.52055556,8.48277778,island
Q20633,Japsand,islands,http://commons.wikimedia.org/wiki/Special:FilePath/Luftaufnahmen%20Nordseekueste%202012-05-by-RaBoe-105.jpg,Germany,,54.566944444,8.468333333,sand bar in North Sea
Q20643,Süderoogsand,islands,http://commons.wikimedia.org/wiki/Special:FilePath/13-09-29-nordfriesisches-wattenmeer-RalfR-19.jpg,Germany,,54.44,8.478056,sand bar in North Sea
Q20663,Blauort,islands,http://commons.wikimedia.org/wiki/Special:FilePath/Luftaufnahmen%20Nordseekueste%202012-05-by-RaBoe-060.jpg,Germany,https://en.wikipedia.org/wiki/Blauort,54.16702,8.73077,uninhabited North Sea sandy islet
Q25112,Kachelotplate,islands,http://commons.wikimedia.org/wiki/Special:FilePath/Aerial%20image%20of%20Kachelotplate%20%28view%20from%20the%20southwest%29.jpg,Germany,https://en.wikipedia.org/wiki/Kachelotplate,53.642671,6.829317,sandbar in the North Sea
Q1632075,Hoy,islands,http://commons.wikimedia.org/wiki/Special:FilePath/Hoy%20%28Bodensee%29.jpg,Germany,https://en.wikipedia.org/wiki/Hoy_(Lake_Constance),47.54924,9.6967,"island in Lake Constance, Germany"
Q315019,Riems,islands,http://commons.wikimedia.org/wiki/Special:FilePath/Riems-1%20WT2005.jpg,Germany,https://en.wikipedia.org/wiki/Riems,54.183055555,13.363888888,island
Q315038,Heuwiese,islands,http://commons.wikimedia.org/wiki/Special:FilePath/Ostseeinsel%20Heuwiese.jpg,Germany,https://en.wikipedia.org/wiki/Heuwiese,54.428055555,13.119444444,"island near Rügen island, Germany"
Q315057,Koos,islands,http://commons.wikimedia.org/wiki/Special:FilePath/Insel%20Koos.JPG,Germany,https://en.wikipedia.org/wiki/Koos_(island),54.166666666,13.416666666,"island in the Greifswalder bay, Germany"
Q315275,Riether Werder,islands,http://commons.wikimedia.org/wiki/Special:FilePath/Rieth%20aus%20der%20Luft.jpg,Germany,https://en.wikipedia.org/wiki/Riether_Werder,53.706388888,14.258611111,island
Q315709,Prater Island,islands,http://commons.wikimedia.org/wiki/Special:FilePath/Munich%20Auer-Muehlbach%20Isar%20orifice%20total.jpg,Germany,https://en.wikipedia.org/wiki/Prater_Island,48.1362,11.5905,island in Germany
Q315712,Kirr,islands,http://commons.wikimedia.org/wiki/Special:FilePath/Gro%C3%9Fe%20Kirr.jpg,Germany,https://en.wikipedia.org/wiki/Kirr,54.424166666,12.701944444,island
Q328277,Gänsewerder,islands,http://commons.wikimedia.org/wiki/Special:FilePath/Gellen.jpg,Germany,https://en.wikipedia.org/wiki/G%C3%A4nsewerder,54.475555555,13.081666666,island
Q702566,Saxon Switzerland National Park,national_parks,http://commons.wikimedia.org/wiki/Special:FilePath/Basteibr%C3%BCcke%20morgens%20%28Zuschnitt%29.jpg,Germany,https://en.wikipedia.org/wiki/Saxon_Switzerland_National_Park,50.9142,14.2784,"national park in Saxony, Germany"
Q10743,Böhlen,cities,http://commons.wikimedia.org/wiki/Special:FilePath/Rathaus%20Boehlen.JPG,Germany,https://en.wikipedia.org/wiki/B%C3%B6hlen,51.2027284,12.3859676,"town in the Free State of Saxony, Germany"
Q10779,Zwenkau,cities,http://commons.wikimedia.org/wiki/Special:FilePath/ZwenkauMarkt.JPG,Germany,https://en.wikipedia.org/wiki/Zwenkau,51.2175,12.324166666,"city in the district of Leipzig, in the Free State of Saxony, Germany"
Q11043,Wiehl,cities,http://commons.wikimedia.org/wiki/Special:FilePath/Rathaus%20Wiehl%20von%201939.JPG,Germany,https://en.wikipedia.org/wiki/Wiehl,50.95,7.533333333,"town in the Oberbergischer Kreis, in Northrhine-Westfalia, Germany"
Q14903,Voerde,cities,http://commons.wikimedia.org/wiki/Special:FilePath/Rathaus%20Voerde.jpg,Germany,https://en.wikipedia.org/wiki/Voerde,51.6,6.683333333,"town in the district of Wesel, in North Rhine-Westphalia, Germany"
Q14956,Wesseling,cities,http://commons.wikimedia.org/wiki/Special:FilePath/Wesseling%20neues%20Rathaus.JPG,Germany,https://en.wikipedia.org/wiki/Wesseling,50.82075,6.9786,"city in North Rhine-Westphalia, Germany"
Q14957,Papenburg,cities,http://commons.wikimedia.org/wiki/Special:FilePath/Papenburg%20Rathaus%202.jpg,Germany,https://en.wikipedia.org/wiki/Papenburg,53.066666666,7.4,"German city in Emsland District, Lower Saxony"
Q2079,Leipzig,cities,http://commons.wikimedia.org/wiki/Special:FilePath/Innenstadt%20Leipzig%20mit%20Thomaskirche%20von%20Panorama%20Tower%202013.jpg,Germany,https://en.wikipedia.org/wiki/Leipzig,51.3406321,12.3747329,"largest city in Saxony, Germany"
Q2999,Würzburg,cities,http://commons.wikimedia.org/wiki/Special:FilePath/Dom%20R1.jpg,Germany,https://en.wikipedia.org/wiki/W%C3%BCrzburg,49.794444444,9.929444444,"city in the region of Franconia, Northern Bavaria, Germany"
Q3012,Ulm,cities,http://commons.wikimedia.org/wiki/Special:FilePath/Ulm%20Donauschwabenufer1.jpg,Germany,https://en.wikipedia.org/wiki/Ulm,48.39841,9.99155,"large city in Baden-Württemberg, Germany"
Q3138,Trier,cities,http://commons.wikimedia.org/wiki/Special:FilePath/Trier%20126x.jpg,Germany,https://en.wikipedia.org/wiki/Trier,49.75565,6.63935,"city in Rhineland-Palatinate, Germany"
Q3214,Cottbus,cities,http://commons.wikimedia.org/wiki/Special:FilePath/Cottbus%2007-2017%20img23%20Altmarkt.jpg,Germany,https://en.wikipedia.org/wiki/Cottbus,51.760805555,14.331861111,"city in Brandenburg, Germany"
Q3771,Gütersloh,cities,http://commons.wikimedia.org/wiki/Special:FilePath/Veerhoffhaus%20G%C3%BCtersloh.jpg,Germany,https://en.wikipedia.org/wiki/G%C3%BCtersloh,51.9,8.383333333,"city in North Rhine-Westphalia, Germany"
Q3786,Esslingen am Neckar,cities,http://commons.wikimedia.org/wiki/Special:FilePath/050514-Esslingen.jpg,Germany,https://en.wikipedia.org/wiki/Esslingen_am_Neckar,48.740555555,9.310833333,"city in the Stuttgart Region of Baden-Württemberg, Germany"
Q428756,Heuneburg,cities,http://commons.wikimedia.org/wiki/Special:FilePath/Heuneburg.jpg,Germany,https://en.wikipedia.org/wiki/Heuneburg,48.094722222,9.411944444,iron age hillfort in Germany
Q564771,Glauberg,cities,http://commons.wikimedia.org/wiki/Special:FilePath/Grabhugel%20Glauberg.JPG,Germany,https://en.wikipedia.org/wiki/Glauberg,50.305556,9.008611,"Celtic oppidum in Hesse, Germany"
Q564775,Oppidum of Manching,cities,http://commons.wikimedia.org/wiki/Special:FilePath/Oppidium%20Manching%20Osttor%20Modell.jpg,Germany,https://en.wikipedia.org/wiki/Oppidum_of_Manching,48.7167,11.5167,oppidum
Q1016103,Burgus Ahegg,cities,http://commons.wikimedia.org/wiki/Special:FilePath/Burgus3.JPG,Germany,,47.71,10.2503,burgus
Q1016105,Q1016105,cities,http://commons.wikimedia.org/wiki/Special:FilePath/Goch%20Asperden%20Glasofen%20am%20Burgus.JPG,Germany,,51.7131,6.09306,burgus
Q1016115,Q1016115,cities,http://commons.wikimedia.org/wiki/Special:FilePath/Burgus%20Finningen%20Neu-Ulm%20Bayern.png,Germany,,48.3824,10.0769,burgus
Q1639663,Oppidum Finsterlohr,cities,http://commons.wikimedia.org/wiki/Special:FilePath/Keltenwall131011%2026wall.jpg,Germany,,49.4354,10.1161,
Q1920699,Menosgada,cities,http://commons.wikimedia.org/wiki/Special:FilePath/Staffelberg%20Hochplateau%20006.JPG,Germany,https://en.wikipedia.org/wiki/Menosgada,50.0922,11.0247,Iron Age Celtic settlement
Q2027146,Oppidum Steinsburg,cities,http://commons.wikimedia.org/wiki/Special:FilePath/Steinsburg-022.jpg,Germany,https://en.wikipedia.org/wiki/Oppidum_Steinsburg,50.412091,10.592884,archaeological site in Germany
Q2664521,Kastell Burgsalach,cities,http://commons.wikimedia.org/wiki/Special:FilePath/Burgus%20Burgsalach.jpg,Germany,,49.01638,11.07939,human settlement in Germany
Q1709,Schwerin,cities,http://commons.wikimedia.org/wiki/Special:FilePath/2019%20-%20Schweriner%20Schloss%20-%201.jpg,Germany,https://en.wikipedia.org/wiki/Schwerin,53.628888888,11.415,"capital city of Mecklenburg-Vorpommern, Germany"
Q1733,Magdeburg,cities,http://commons.wikimedia.org/wiki/Special:FilePath/Aerial%20view%20of%20Magdeburg.jpg,Germany,https://en.wikipedia.org/wiki/Magdeburg,52.1315889,11.6399609,capital city of the German state of Saxony-Anhalt
Q97783820,Keltenschanze Möckenlohe,landmarks,http://commons.wikimedia.org/wiki/Special:FilePath/M%C3%B6ckenlohe%20Keltenschanze%20von%20NW.jpg,Germany,,48.82094812,11.198404867,"cultural heritage monument in Bavaria, Germany"
Q98551740,Keltische Viereckschanze Rauenberg,landmarks,http://commons.wikimedia.org/wiki/Special:FilePath/Wallreste%20Rauenberg%2001.jpg,Germany,,49.734916666,9.37055,
Q98593018,Keltische Viereckanlage Wermutshausen,landmarks,http://commons.wikimedia.org/wiki/Special:FilePath/Keltische%20Viereckanlage%20Wermutshausen%20-%20Schild.jpg,Germany,,49.402833333,9.966633333,
Q98603270,Große Keltenschanze,landmarks,http://commons.wikimedia.org/wiki/Special:FilePath/Keltenanlage%20Brehmen%20Nordflanke.jpg,Germany,,49.570583333,9.573416666,
Q98603336,Kleine Keltenschanze,landmarks,http://commons.wikimedia.org/wiki/Special:FilePath/Keltenanlage%20Brehmen%20Kleine%20Schanze.jpg,Germany,,49.566472222,9.575055555,
Q98603396,Keltenschanzen,landmarks,http://commons.wikimedia.org/wiki/Special:FilePath/Keltenanlage%20Brehmen%20Wall%20und%20Graben.jpg,Germany,,49.57033,9.57433,
Q98711429,Keltenschanze Schönfeld,landmarks,http://commons.wikimedia.org/wiki/Special:FilePath/Keltenschanze%20Sch%C3%B6nfeld%20%28Gro%C3%9Frinderfeld%29%20-%205.jpg,Germany,,49.7118,9.81315,
Q98799959,Q98799959,landmarks,http://commons.wikimedia.org/wiki/Special:FilePath/Keltenschanze%20B%C3%BCtthard%20West.jpg,Germany,,49.591333333,9.842194444,
Q106620175,Keltische Viereckschanze (Obermarchtal),landmarks,http://commons.wikimedia.org/wiki/Special:FilePath/Keltische%20Viereckschanze%20-%20Obermarchtal%20I.jpg,Germany,,48.224352777,9.560752777,
Q1233136,Dobberworth,landmarks,http://commons.wikimedia.org/wiki/Special:FilePath/Dobberworth.JPG,Germany,https://en.wikipedia.org/wiki/Dobberworth,54.519722222,13.547222222,Prehistoric tumuli in Germany
Q1373488,Tumuli in Hemdingen,landmarks,http://commons.wikimedia.org/wiki/Special:FilePath/Grabh%C3%BCgel%20Hemdingen%2001.JPG,Germany,,53.7752,9.856,tumulus
Q1442726,Q1442726,landmarks,http://commons.wikimedia.org/wiki/Special:FilePath/Hoegersdorf%20-%20Grabhuegel%20Hoegersdorf-Rotenhahn.JPG,Germany,,53.9266,10.2434,tumulus
Q1446501,Königsgrab von Seddin,landmarks,http://commons.wikimedia.org/wiki/Special:FilePath/K%C3%B6nigsgrab%20von%20Seddin.jpg,Germany,,53.1352,11.9747,"Archaeological monument in Prignitz District, Brandenburg, Germany"
Q1483247,Leubingen tumulus,landmarks,http://commons.wikimedia.org/wiki/Special:FilePath/Grabhuegel%20Leubingen.jpg,Germany,https://en.wikipedia.org/wiki/Leubingen_tumulus,51.1903,11.1697,early bronze age royal grave of the Auntjetitz culture
Q1513020,Gerichtsberg,landmarks,http://commons.wikimedia.org/wiki/Special:FilePath/Gerichtsberg%20Kagenow%204.jpg,Germany,,53.908,13.433,"tumulus, Germany"
Q1540799,Uelzen harbour tumulus,landmarks,http://commons.wikimedia.org/wiki/Special:FilePath/Uelzen%20Grabhuegel%20%28Hafengebiet%29%20d.jpg,Germany,,53.006,10.5596,"tumulus in Uelzen, Lower Saxony"
Q1540800,Grabhügel auf dem Vierth,landmarks,http://commons.wikimedia.org/wiki/Special:FilePath/Scharbeutz%20-%20Grabhuegel%20auf%20dem%20Vierth%20-%20Ehrenmal.JPG,Germany,,54.0195,10.6985,tumulus
Q1540806,Q1540806,landmarks,http://commons.wikimedia.org/wiki/Special:FilePath/Kreis-Ploen%20Grabhuegel%20Trenthorst%202.JPG,Germany,,54.198,10.3552,tumulus
Q1540808,Q1540808,landmarks,http://commons.wikimedia.org/wiki/Special:FilePath/Luftaufnahmen%20Nordseekueste%202012-05-by-RaBoe-674.jpg,Germany,,53.6997,9.12139,tumulus
Q1624118,Hohmichele,landmarks,http://commons.wikimedia.org/wiki/Special:FilePath/Hohmichele%20Grabh%C3%BCgel%20Pic1.JPG,Germany,,48.093889,9.383611,tumulus
Q1652127,Kummerhy tomb,landmarks,http://commons.wikimedia.org/wiki/Special:FilePath/Kummerhy.jpg,Germany,,54.6421,9.76814,tumulus in Germany
Q1735374,Castra of Heilbronn-Böckingen,landmarks,http://commons.wikimedia.org/wiki/Special:FilePath/Boeckingen-roemerkastell-2015-1.JPG,Germany,,49.133888,9.188611,Roman fort
Q1735382,Castra of Kapersburg,landmarks,http://commons.wikimedia.org/wiki/Special:FilePath/Kapersburg%20Taunus%202021-04-02%2005.jpg,Germany,,50.312706749,8.636502423,Roman fort
Q1735383,Castra of Glashütten,landmarks,http://commons.wikimedia.org/wiki/Special:FilePath/Feldberg-Kastell-Blickachsen-9-2013-921.jpg,Germany,,50.2271,8.44467,Roman fort
Q1735387,Castrum Grinario,landmarks,http://commons.wikimedia.org/wiki/Special:FilePath/Kastellturm%20S%C3%BCdseite%20K%C3%B6ngen.JPG,Germany,,48.6773,9.36007,Roman fort
Q1735393,Castra of Mainhardt,landmarks,http://commons.wikimedia.org/wiki/Special:FilePath/Mainhardt1.JPG,Germany,,49.0804,9.55631,Roman fort
Q1735399,Castra of Niedernberg,landmarks,http://commons.wikimedia.org/wiki/Special:FilePath/Kastell%20Niedernberg%20Nordtor-JD.jpg,Germany,,49.9141,9.14105,Roman fort
Q1735397,Castra of Murrhardt,landmarks,http://commons.wikimedia.org/wiki/Special:FilePath/Apsis%20des%20Kastellbades%20in%20Murrhardt.jpg,Germany,,48.97696,9.5823,Roman fort
Q2341345,Steinloger Kellersteine,landmarks,http://commons.wikimedia.org/wiki/Special:FilePath/Steinloger-Kellersteine-1-a.jpg,Germany,,52.8833,8.30572,
Q2407248,Dolmen Düwelsteene,landmarks,http://commons.wikimedia.org/wiki/Special:FilePath/D%C3%BCwelsteene%20%28Heiden%29%201.jpg,Germany,,51.8336,6.97842,
Q2437551,Q2437551,landmarks,http://commons.wikimedia.org/wiki/Special:FilePath/L%C3%BCneburger%20Heide%20-%20F%C3%BCrstengrab%20001.jpg,Germany,,53.166666666,9.933333333,
Q2294404,Q2294404,landmarks,http://commons.wikimedia.org/wiki/Special:FilePath/Haltern%20sloopsteine%2005.jpg,Germany,,52.3125,8.20111,
Q2335856,Steenhus in Börger,landmarks,http://commons.wikimedia.org/wiki/Special:FilePath/Boerger-Steingrab-%27Steenhus%27-b.jpg,Germany,,52.9147,7.52822,
Q2340728,Q2340728,landmarks,http://commons.wikimedia.org/wiki/Special:FilePath/Gro%C3%9Fsteingrab%20Egypten%202009.JPG,Germany,,52.958,8.36117,
Q2341024,Q2341024,landmarks,http://commons.wikimedia.org/wiki/Special:FilePath/Gro%C3%9Fsteingrab%20Deinste%201%2006.jpg,Germany,,53.5122,9.454,
Q2341031,Steinkammer von Großsteinum,landmarks,http://commons.wikimedia.org/wiki/Special:FilePath/GrSteinum%20Steinkammer%201.JPG,Germany,,52.27441667,10.86916667,
Q2341033,Großsteingrab Krelingen,landmarks,http://commons.wikimedia.org/wiki/Special:FilePath/Krelingen%20Steinkammer.jpg,Germany,,52.8056,9.67094,
Q2341139,Ratekau cist,landmarks,http://commons.wikimedia.org/wiki/Special:FilePath/Ratekau%20-%20Steinkiste.JPG,Germany,,53.9491,10.7362,"dolmen in Ratekau, Germany"
Q2586910,Wittwieverbarg,landmarks,http://commons.wikimedia.org/wiki/Special:FilePath/Wittwieverbarg.JPG,Germany,,54.1146,10.5865,
Q247531,Silberturm,skyscrapers,http://commons.wikimedia.org/wiki/Special:FilePath/Frankfurt%20Silver%20Tower.20130616.jpg,Germany,https://en.wikipedia.org/wiki/Silberturm,50.109719444,8.669438888,"""Silver Tower"", skyscraper in Frankfurt, Germany"
Q266965,Japan Center,skyscrapers,http://commons.wikimedia.org/wiki/Special:FilePath/Frankfurt%20Main%20Japan%20Tower%206240a.jpg,Germany,https://en.wikipedia.org/wiki/Japan_Center_(Frankfurt),50.111111111,8.6725,"highrise in Frankfurt, Germany"
Q296392,Arag-Tower,skyscrapers,http://commons.wikimedia.org/wiki/Special:FilePath/ARAG-Tower.jpg,Germany,https://en.wikipedia.org/wiki/Arag-Tower,51.25,6.800556,architectural structure
Q321291,Main Tower,skyscrapers,http://commons.wikimedia.org/wiki/Special:FilePath/Maintower%20Frankfurt.jpg,Germany,https://en.wikipedia.org/wiki/Main_Tower,50.1125,8.672222222,"skyscraper in Frankfurt, Germany"
Q328491,Bayer-Hochhaus,skyscrapers,http://commons.wikimedia.org/wiki/Special:FilePath/Bayer-Hochhaus%20Japangarten.jpg,Germany,https://en.wikipedia.org/wiki/Bayer-Hochhaus,51.0136,6.9816,architectural structure
Q328507,Hochhaus Uptown München,skyscrapers,http://commons.wikimedia.org/wiki/Special:FilePath/Uptown%20Munich%201.jpg,Germany,https://en.wikipedia.org/wiki/Hochhaus_Uptown_M%C3%BCnchen,48.176944444,11.531666666,architectural structure
Q328512,Colonia-Haus,skyscrapers,http://commons.wikimedia.org/wiki/Special:FilePath/Coloniahochhaus.jpg,Germany,https://en.wikipedia.org/wiki/Colonia-Haus,50.960555555,6.9825,building in Cologne
Q381996,AfE-Turm,skyscrapers,http://commons.wikimedia.org/wiki/Special:FilePath/Frankfurt%20Am%20Main-AfE-Turm-Ansicht%20vom%20Messeturm-20130525.jpg,Germany,https://en.wikipedia.org/wiki/AfE-Turm,50.116111111,8.650833333,"former tower in Frankfurt, Germany"
Q449607,Gallileo,skyscrapers,http://commons.wikimedia.org/wiki/Special:FilePath/Gallileo-ffm001.jpg,Germany,https://en.wikipedia.org/wiki/Gallileo_(skyscraper),50.109444444,8.671111111,"highrise in Frankfurt, Germany"
Q454985,Treptowers,skyscrapers,http://commons.wikimedia.org/wiki/Special:FilePath/Berlin-alt-treptow%20treptowers%2020050922%20441%20corr.jpg,Germany,https://en.wikipedia.org/wiki/Treptowers,52.4953,13.4611,"complex of buildings in the Alt-Treptow district of Berlin, Germany"
Q471329,City-Hochhaus Leipzig,skyscrapers,http://commons.wikimedia.org/wiki/Special:FilePath/Rainbowflash%202013%20Leipzig%20%284%29.jpg,Germany,https://en.wikipedia.org/wiki/City-Hochhaus_Leipzig,51.3375,12.379444444,skyscraper
Q135672,Essen City Hall,skyscrapers,http://commons.wikimedia.org/wiki/Special:FilePath/Townhall-Essen-2012.jpg,Germany,https://en.wikipedia.org/wiki/Essen_City_Hall,51.458055555,7.016111111,townhall of the City of Essen
Q151765,Commerzbank Tower,skyscrapers,http://commons.wikimedia.org/wiki/Special:FilePath/Commerzbank-Hochhaus%202010-09-06%2001.jpg,Germany,https://en.wikipedia.org/wiki/Commerzbank_Tower,50.11116,8.67437,"skyscraper in Frankfurt, Germany"
Q156198,Messeturm,skyscrapers,http://commons.wikimedia.org/wiki/Special:FilePath/Frankfurt%20am%20Main%2C%20MesseTurm.jpg,Germany,https://en.wikipedia.org/wiki/Messeturm,50.112222222,8.652777777,"skyscraper in Frankfurt, Germany"
Q167195,Post Tower,skyscrapers,http://commons.wikimedia.org/wiki/Special:FilePath/Posttower%20Bonn%20001.jpg,Germany,https://en.wikipedia.org/wiki/Post_Tower,50.715512,7.130037,"High-rise building in Bonn, Germany"
Q176723,Büro Center Nibelungenplatz,skyscrapers,http://commons.wikimedia.org/wiki/Special:FilePath/Frankfurt%20Nibelungenplatz%203.Shell-Hochhaus.20130811.jpg,Germany,https://en.wikipedia.org/wiki/City_Gate_(Frankfurt),50.128725,8.691775,"office tower in Frankfurt, Germany"
Q194871,IBC Tower,skyscrapers,http://commons.wikimedia.org/wiki/Special:FilePath/Frankfurt%20IBC.20130423.jpg,Germany,https://en.wikipedia.org/wiki/IBC_Tower,50.1144,8.6425,
Q195138,City-Haus,skyscrapers,http://commons.wikimedia.org/wiki/Special:FilePath/City-Haus-2008.jpg,Germany,https://en.wikipedia.org/wiki/City-Haus,50.110277777,8.66,"high-rise in Frankfurt, Germany"
Q195155,Millennium Tower,skyscrapers,http://commons.wikimedia.org/wiki/Special:FilePath/Europaviertel%20modell.jpg,Germany,https://en.wikipedia.org/wiki/Millennium_Tower_(Frankfurt),50.10944444,8.65555556,"proposed skyscraper in Frankfurt, Germany"
Q195166,Trianon,skyscrapers,http://commons.wikimedia.org/wiki/Special:FilePath/Frankfurt%20Trianon.S%C3%BCd.20130618.jpg,Germany,https://en.wikipedia.org/wiki/Trianon_(Frankfurt_am_Main),50.1125,8.666666666,"skyscraper in Frankfurt, Germany"
Q195212,Park Tower,skyscrapers,http://commons.wikimedia.org/wiki/Special:FilePath/Frankfurt%20Park%20Tower.20131019.jpg,Germany,https://en.wikipedia.org/wiki/Park_Tower_(Frankfurt),50.1169,8.67056,"High-rise office building in Frankfurt, Hesse, Germany"
Q198046,Eurotower,skyscrapers,http://commons.wikimedia.org/wiki/Special:FilePath/Eurotower%20mit%20Euro-Skulptur.jpg,Germany,https://en.wikipedia.org/wiki/Eurotower_(Frankfurt_am_Main),50.109722222,8.674166666,"skyscraper in Frankfurt, Germany"
Q471336,Garden Tower,skyscrapers,http://commons.wikimedia.org/wiki/Special:FilePath/Garden%20Towers%20Frankfurt.jpg,Germany,https://en.wikipedia.org/wiki/Garden_Tower,50.1117,8.6725,architectural structure
Q471340,Messe Torhaus,skyscrapers,http://commons.wikimedia.org/wiki/Special:FilePath/Messe-Torhaus%2C%20Frankfurt.jpg,Germany,https://en.wikipedia.org/wiki/Messe_Torhaus,50.111388888,8.642777777,"highrise in Frankfurt, Germany"
Q526963,BMW Headquarters,skyscrapers,http://commons.wikimedia.org/wiki/Special:FilePath/4%20cilindros%20y%20museo%20BMW%2C%20M%C3%BAnich%2C%20Alemania%202012-04-28%2C%20DD%2002.JPG,Germany,https://en.wikipedia.org/wiki/BMW_Headquarters,48.176944444,11.56,"Munich, Germany landmark serving as world headquarters for the Bavarian automaker BMW"
Q555113,Frankfurter Büro Center,skyscrapers,http://commons.wikimedia.org/wiki/Special:FilePath/Fbc-ffm001.jpg,Germany,https://en.wikipedia.org/wiki/Frankfurter_B%C3%BCro_Center,50.1114,8.66444,architectural structure
Q555142,Cologne Tower,skyscrapers,http://commons.wikimedia.org/wiki/Special:FilePath/Mediapark%20K%C3%B6lnTurm%20%280508-10%29.jpg,Germany,https://en.wikipedia.org/wiki/Cologne_Tower,50.9481,6.9431,"office building in Germany, designed by Jean Nouvel (1998-2001)"
Q142164,Cornelius bridge,bridges,http://commons.wikimedia.org/wiki/Special:FilePath/Corneliusbruecke%20Europaeisches%20Patentamt-1.jpg,Germany,,48.1285,11.5801,
Q160996,Friedensbrücke,bridges,http://commons.wikimedia.org/wiki/Special:FilePath/Peace%20bridge%20Bautzen%20100.JPG,Germany,,51.1795,14.4208,bridge in Bautzen
Q161907,Weidendammer Bridge,bridges,http://commons.wikimedia.org/wiki/Special:FilePath/Berlin-Mitte%20Weidendammer%20Bruecke%201.JPG,Germany,https://en.wikipedia.org/wiki/Weidendammer_Bridge,52.5222,13.3881,"bridge in Berlin, Germany"
Q175610,Talbrücke Wilde Gera,bridges,http://commons.wikimedia.org/wiki/Special:FilePath/TalbrueckeWildeGera.jpg,Germany,,50.715,10.7875,
Q211304,Alte Mainbrücke,bridges,http://commons.wikimedia.org/wiki/Special:FilePath/Alte%20mainbruecke.JPG,Germany,,49.793027777,9.926194444,"cultural heritage monument D-6-63-000-10 (0), arch bridge in Würzburg, Bavaria"
Q218588,Zollbrücke Magdeburg,bridges,http://commons.wikimedia.org/wiki/Special:FilePath/Zollbr%C3%BCcke%20Magdeburg.jpg,Germany,,52.1278,11.6482,"arch bridge in Magdeburg, Germany"
Q226913,Zottbachbrücke,bridges,http://commons.wikimedia.org/wiki/Special:FilePath/LohmaZottbachbruecke%2006.jpg,Germany,,49.624777967,12.415462195,
Q314940,Bietigheim Enz Valley Viaduct,bridges,http://commons.wikimedia.org/wiki/Special:FilePath/Aerial%20image%20of%20the%20Bietigheim%20Viaduct%20%28view%20from%20the%20southeast%29.jpg,Germany,https://en.wikipedia.org/wiki/Bietigheim_Viaduct,48.9549,9.13067,Railway bridge in Germany
Q322253,Alte Lahnbrücke,bridges,http://commons.wikimedia.org/wiki/Special:FilePath/Lahnbr%C3%BCcke%20Wetzlar%2001.jpg,Germany,,50.555833,8.498889,
Q347997,Adalbertbrücke,bridges,http://commons.wikimedia.org/wiki/Special:FilePath/Hermann%20R%C3%BCckwardt%20-%20Neue%20Adalbertbr%C3%BCcke%2C%201905.jpg,Germany,,52.5053,13.4221,
Q359162,Admiralbrücke,bridges,http://commons.wikimedia.org/wiki/Special:FilePath/Berlin%2C%20Admiralbr%C3%BCcke.jpg,Germany,,52.4953,13.4151,
Q435406,Alte Brücke,bridges,http://commons.wikimedia.org/wiki/Special:FilePath/Frankfurt%20am%20Main%20-%20Alte%20Br%C3%BCcke.JPG,Germany,https://en.wikipedia.org/wiki/Alte_Br%C3%BCcke_(Frankfurt),50.107555555,8.687805555,"""Old Bridge"" in Frankfurt, Germany"
Q435416,Old Bridge,bridges,http://commons.wikimedia.org/wiki/Special:FilePath/Alte%20Br%C3%BCcke%20Heidelberg.JPG,Germany,https://en.wikipedia.org/wiki/Old_Bridge_(Heidelberg),49.4143,8.70955,"bridge over the Neckar in Heidelberg, Germany"
Q435550,Alte Elsterbrücke,bridges,http://commons.wikimedia.org/wiki/Special:FilePath/Plauen%20Alte%20Elsterbr%C3%BCcke.jpg,Germany,,50.4928797,12.1416669,bridge in Germany
Q435887,Brücke,bridges,http://commons.wikimedia.org/wiki/Special:FilePath/Alte%20Mainbr%C3%BCcke%20Ochsenfurt%2020210306%20001.jpg,Germany,,49.667254481,10.063456455,"cultural heritage monument D-6-79-170-3 (0) in Ochsenfurt, Bavaria"
Q435885,Q435885,bridges,http://commons.wikimedia.org/wiki/Special:FilePath/Lohr-Alte-Mainbruecke.jpg,Germany,,49.992845042,9.581249179,"cultural heritage monument D-6-77-155-315 (0) in Lohr am Main, Bavaria."
Q436029,Old Nahe Bridge,bridges,http://commons.wikimedia.org/wiki/Special:FilePath/Alte%20Nahebr%C3%BCcke%20in%20Bad%20Kreuznach.jpg,Germany,https://en.wikipedia.org/wiki/Alte_Nahebr%C3%BCcke_(Bad_Kreuznach),49.8447,7.85778,medieval bridge with buildings in Bad Kreuznach
Q436154,Old Rheinbrücke,bridges,http://commons.wikimedia.org/wiki/Special:FilePath/RheinbrueckeBonn.jpg,Germany,,50.7381,7.10917,former bridge in Bonn
Q436165,Alte Saalebrücke Jena-Burgau,bridges,http://commons.wikimedia.org/wiki/Special:FilePath/Burgauer%20Br%C3%BCcke.jpg,Germany,,50.8956,11.5989,
Q436661,Altenbeken Viaduct,bridges,http://commons.wikimedia.org/wiki/Special:FilePath/Altenbeken%20Viadukt03%202011-03-19.jpg,Germany,https://en.wikipedia.org/wiki/Altenbeken_Viaduct,51.7625,8.92556,"railway viaduct near Altenbeken, Germany"
Q442912,Altmühl Bridge Pfünz,bridges,http://commons.wikimedia.org/wiki/Special:FilePath/Altm%C3%BChlbr%C3%BCcke%20Pf%C3%BCnz.jpg,Germany,,48.8897,11.2592,Historical bridge over the Altmühl
Q446345,Altväterbrücke,bridges,http://commons.wikimedia.org/wiki/Special:FilePath/Altvaeterbruecke%202011.jpg,Germany,,50.958494318,13.331254795,bridge in Germany
Q450445,Augustus Bridge,bridges,http://commons.wikimedia.org/wiki/Special:FilePath/Aerial%20photo%20Dresden%20Augustus%20bridge%20Augustusbr%C3%BCcke%20from%20Neustadt%20left%20to%20city%20right%20across%20river%20Elbe%20Foto%202008%20Wolfgang%20Pehlemann%20Wiesbaden%20IMG%200390.jpg,Germany,https://en.wikipedia.org/wiki/Augustus_Bridge,51.055263,13.739568,bridge over the river Elbe
Q459161,Schlossbrücke,bridges,http://commons.wikimedia.org/wiki/Special:FilePath/Berlin%20Schlossbruecke.jpg,Germany,https://en.wikipedia.org/wiki/Schlossbr%C3%BCcke,52.5175,13.398611,bridge located in Berlin Germany
Q558920,Anna Ebert Bridge,bridges,http://commons.wikimedia.org/wiki/Special:FilePath/Anna-Ebert-Br%C3%BCcke2.JPG,Germany,,52.127,11.652,"bridge in Magdeburg, Germany"
Q643881,Waldschlösschen Bridge,bridges,http://commons.wikimedia.org/wiki/Special:FilePath/Waldschl%C3%B6%C3%9Fchenbr%C3%BCcke%20Labe%202012%202.jpg,Germany,https://en.wikipedia.org/wiki/Waldschl%C3%B6sschen_Bridge,51.064,13.777,"road bridge across the Elbe river in Dresden, Germany"
Q646333,Argentobelbrücke,bridges,http://commons.wikimedia.org/wiki/Special:FilePath/D-BY%20-%20Argentobelbr%C3%BCcke%20204.JPG,Germany,,47.6417,10.0278,"Bridge spanning over Obere Argen between Grünenbach and Maierhöfen, Bavaria, Germany"
Q677754,Ludendorff Bridge,bridges,http://commons.wikimedia.org/wiki/Special:FilePath/Ludendorff%20Bridge%20from%20Erpeler%20Ley.jpg,Germany,https://en.wikipedia.org/wiki/Ludendorff_Bridge,50.579166666,7.244166666,former railway bridge in Germany
Q429344,Osten Transporter Bridge,bridges,http://commons.wikimedia.org/wiki/Special:FilePath/Gruppe%201%20Flug%202%20DSC0755.jpg,Germany,https://en.wikipedia.org/wiki/Osten_Transporter_Bridge,53.694229,9.183181,architectural structure
Q550189,Minden Aqueduct,bridges,http://commons.wikimedia.org/wiki/Special:FilePath/Wasserstrassenkreuz%20Minden.jpg,Germany,https://en.wikipedia.org/wiki/Minden_Aqueduct,52.303055555,8.931666666,navigable aqueduct
Q623426,Roman aqueduct Vussem,bridges,http://commons.wikimedia.org/wiki/Special:FilePath/Mechernich-Vussem%20Aqu%C3%A4duktbr%C3%BCcke.jpg,Germany,,50.5648,6.6685,bridge
Q640980,Magdeburg Water Bridge,bridges,http://commons.wikimedia.org/wiki/Special:FilePath/Magdeburg%20Kanalbr%C3%BCcke%20aerial%20view%2013.jpg,Germany,https://en.wikipedia.org/wiki/Magdeburg_Water_Bridge,52.230533333,11.702336111,large navigable aqueduct in central Germany
Q694708,Glienicke Bridge,bridges,http://commons.wikimedia.org/wiki/Special:FilePath/Glienicker%20Br%C3%BCcke.JPG,Germany,https://en.wikipedia.org/wiki/Glienicke_Bridge,52.413333,13.090278,bridge over the Havel river near Potsdam
Q811592,Baumkronenpfad Hainich,bridges,http://commons.wikimedia.org/wiki/Special:FilePath/Baumkronenpfad%20Hainich%20Aussichtsturm.jpg,Germany,,51.0832,10.5067,
Q958287,Deutschherrn bridge,bridges,http://commons.wikimedia.org/wiki/Special:FilePath/Frankfurt%20Am%20Main-Deutschherrnbruecke-Ansicht%20von%20der%20Floesserbruecke-20100424.jpg,Germany,,50.106666666,8.705277777,"railway bridge in Frankfurt, Germany"
Q1311510,Mainbrücke Ginsheim-Gustavsburg,bridges,http://commons.wikimedia.org/wiki/Special:FilePath/Hochheimer-bruecke-2010-kostheim-gustavsburg-033.jpg,Germany,,49.9998,8.33916,railway bridge in Germany
Q1313525,Eiserner Steg,bridges,http://commons.wikimedia.org/wiki/Special:FilePath/Eiserner-Steg-2012-Ffm-977-8.jpg,Germany,https://en.wikipedia.org/wiki/Eiserner_Steg,50.108102863,8.682122202,footbridge over the Main in Frankfurt
Q1325169,Elbe bridge Torgau (railway),bridges,http://commons.wikimedia.org/wiki/Special:FilePath/Torgau%20Eisenbahnbr%C3%BCcke.jpg,Germany,,51.5671,13.0089,railway bridge over the Elbe in Torgau (Saxony)
Q151736,Burg Alsdorf,castles,http://commons.wikimedia.org/wiki/Special:FilePath/Burg%20Alsdorf%20Ostansicht.jpg,Germany,,50.8789,6.16167,castle
Q152130,Trutzeltz Castle,castles,http://commons.wikimedia.org/wiki/Special:FilePath/Burg%20Eltz%20fg02.JPG,Germany,https://en.wikipedia.org/wiki/Trutzeltz_Castle,50.2071,7.33633,castle
Q152863,Burg Coraidelstein,castles,http://commons.wikimedia.org/wiki/Special:FilePath/Castle%20ruin%20Coraidelstein.jpg,Germany,,50.1672,7.20064,castle
Q153066,Ehreshoven Castle,castles,http://commons.wikimedia.org/wiki/Special:FilePath/Aerial%20image%20of%20the%20Ehreshoven%20Castle%20%28view%20from%20the%20south%29.jpg,Germany,https://en.wikipedia.org/wiki/Ehreshoven_Castle,50.9741,7.34421,German Castle
Q153426,Eltz Castle,castles,http://commons.wikimedia.org/wiki/Special:FilePath/Burg%20Eltz%20am%20fr%C3%BChen%20Morgen.jpg,Germany,https://en.wikipedia.org/wiki/Eltz_Castle,50.205,7.336666666,Castle in Germany
Q156457,Hohenzollern Castle,castles,http://commons.wikimedia.org/wiki/Special:FilePath/Burg%20Hohenzollern%20ak.jpg,Germany,https://en.wikipedia.org/wiki/Hohenzollern_Castle,48.323561111,8.9674,"ancestral seat of the imperial House of Hohenzollern in the Swabian Alps of central Baden-Württemberg, Germany"
Q156803,Moritzburg Castle,castles,http://commons.wikimedia.org/wiki/Special:FilePath/Schloss%20Moritzburg-003.jpg,Germany,https://en.wikipedia.org/wiki/Moritzburg_Castle,51.167572222,13.679611111,"castle in Moritzburg, Saxony, Germany"
Q164816,Gutenfels Castle,castles,http://commons.wikimedia.org/wiki/Special:FilePath/Burg%20Gutenfels%20%28Kaub%29.jpg,Germany,https://en.wikipedia.org/wiki/Gutenfels_Castle,50.0878,7.76561,castle in Germany
Q168523,Burg Münchhausen,castles,http://commons.wikimedia.org/wiki/Special:FilePath/Burg%20Muenchhausen%2020070819.png,Germany,,50.6112,7.04454,castle
Q175213,Altenburg,castles,http://commons.wikimedia.org/wiki/Special:FilePath/Altenburg%20bei%20Niedenstein.JPG,Germany,https://en.wikipedia.org/wiki/Altenburg_(Niedenstein),51.2477,9.29062,"castle in Hesse, Germany"
Q176836,Bergfeste Dilsberg,castles,http://commons.wikimedia.org/wiki/Special:FilePath/Burgturm%20Dilsberg.jpg,Germany,https://en.wikipedia.org/wiki/Dilsberg_Castle,49.398611111,8.836944444,castle
Q182102,Bunkenburg,castles,http://commons.wikimedia.org/wiki/Special:FilePath/Brunkenburg%20Panorama.jpg,Germany,https://en.wikipedia.org/wiki/Bunkenburg,52.7615,9.55867,castle in Lower Saxony
Q182146,Schloss Hugenpoet,castles,http://commons.wikimedia.org/wiki/Special:FilePath/Hugenpoet03.jpg,Germany,,51.361805555,6.917222222,castle
Q182382,Nürburg Castle,castles,http://commons.wikimedia.org/wiki/Special:FilePath/N%C3%BCrburg%20%28Burg%29%2001.jpg,Germany,https://en.wikipedia.org/wiki/N%C3%BCrburg_Castle,50.3465,6.95407,castle ruin
Q206061,"Wilde Schneeburg, Oberried",castles,http://commons.wikimedia.org/wiki/Special:FilePath/Wilde%20Schneeburg%2001.JPG,Germany,,47.91055556,7.93916667,castle
Q206251,Citadel of Münster,castles,http://commons.wikimedia.org/wiki/Special:FilePath/M%C3%BCnsterGalenscheZitadelle.JPG,Germany,,51.96566123,7.60846138,castle
Q218621,Zollernschloss,castles,http://commons.wikimedia.org/wiki/Special:FilePath/Balingen%20Zollernschloss.jpg,Germany,,48.2712,8.85139,castle
Q223216,Hunnesrück Castle,castles,http://commons.wikimedia.org/wiki/Special:FilePath/Hunnesr%C3%BCck%20Berge.jpg,Germany,https://en.wikipedia.org/wiki/Hunnesr%C3%BCck_Castle,51.8211,9.6825,castle
Q225611,Staufenberg Castle,castles,http://commons.wikimedia.org/wiki/Special:FilePath/Staufenberg%20De%20Merian%20Hassiae.jpg,Germany,,50.665,8.72833,"Castle in Hesse, Germany"
Q253321,Horneck Castle,castles,http://commons.wikimedia.org/wiki/Special:FilePath/Gundelsheim-horneck2008.jpg,Germany,"https://en.wikipedia.org/wiki/Horneck_Castle,_Germany",49.2867,9.156,human settlement
Q257210,Marksburg,castles,http://commons.wikimedia.org/wiki/Special:FilePath/Marksburg.jpg,Germany,https://en.wikipedia.org/wiki/Marksburg,50.271917,7.649444,"Castle in Braubach, Rhineland-Palatinate, Germany"
Q258217,Burghausen Castle,castles,http://commons.wikimedia.org/wiki/Special:FilePath/Burghausen%20-%20Hauptburg%20%281%29.JPG,Germany,https://en.wikipedia.org/wiki/Burghausen_Castle,48.156111111,12.828888888,"castle in Burghausen, Germany"
Q293934,Ödenburg,castles,http://commons.wikimedia.org/wiki/Special:FilePath/%C3%96denburg%20near%20T%C3%BCbingen.jpg,Germany,,48.5071,9.02726,castle
Q82878,New Castle,castles,http://commons.wikimedia.org/wiki/Special:FilePath/Neues%20Schloss%20Ingolstadt%20Front.JPG,Germany,https://en.wikipedia.org/wiki/New_Castle_(Ingolstadt),48.764722222,11.430555555,was built in 1490 as the citadel of Ingolstadt Fortress
Q116652,Liebenstein Castle,castles,http://commons.wikimedia.org/wiki/Special:FilePath/Burg%20Liebenstein.JPG,Germany,https://en.wikipedia.org/wiki/Liebenstein_Castle_(Thuringia),50.7697,10.8527,castle in Germany
Q127496,Burg Neuenfels,castles,http://commons.wikimedia.org/wiki/Special:FilePath/Burg%20Neuenfels%2003.JPG,Germany,,47.8183,7.6881,castle
Q127627,Wüstegarten,castles,http://commons.wikimedia.org/wiki/Special:FilePath/W%C3%BCstegarten%20von%20Osten.jpg,Germany,https://en.wikipedia.org/wiki/W%C3%BCstegarten,51.016388888,9.084166666,"mountain in Hesse, Germany"
Q127812,Schloss Lembeck,castles,http://commons.wikimedia.org/wiki/Special:FilePath/20140720%20110101%20Schloss%20Lembeck%2C%20Dorsten%20%28DSC04052%29.jpg,Germany,https://en.wikipedia.org/wiki/Lembeck_Castle,51.7433,7.0,castle in Germany
Q127913,Burg Eversberg,castles,http://commons.wikimedia.org/wiki/Special:FilePath/Eversberg%20%28Meschede%20-%20Germany%29%20%287%29.jpg,Germany,,51.3617,8.33417,castle
Q129314,Pyrmont Castle,castles,http://commons.wikimedia.org/wiki/Special:FilePath/Castle%20Pyrmont%20-%20Roes%20-%20Rheinland-Pfalz%20-%20Germany%2003.JPG,Germany,https://en.wikipedia.org/wiki/Pyrmont_Castle,50.2374,7.28765,castle in Rhineland-Palatinate
Q139420,Freiburg Castle,castles,http://commons.wikimedia.org/wiki/Special:FilePath/Burg%20Freiburg%20Merian%20%28cropped%29.jpg,Germany,https://en.wikipedia.org/wiki/Freiburg_Castle,47.993726,7.858187,"building in Freiburg im Breisgau, Freiburg Government Region, Baden-Württemberg, Germany"
Q144672,Nassau Castle,castles,http://commons.wikimedia.org/wiki/Special:FilePath/Burg-Nassau-JR-G6-4572-2010-05-23.jpg,Germany,https://en.wikipedia.org/wiki/Nassau_Castle,50.310833,7.792222,"castle in Nassau, Rhineland-Palatinate, Germany"
Q151238,Tomburg Castle,castles,http://commons.wikimedia.org/wiki/Special:FilePath/Tomburg%20bei%20Rheinbach-Wormersdorf-0593.jpg,Germany,https://en.wikipedia.org/wiki/Tomburg_Castle,50.59545,6.97373,"Castle near Rheinbach, Germany"
Q151507,Falkenburg,castles,http://commons.wikimedia.org/wiki/Special:FilePath/Falkenburg%20Rottleben.jpg,Germany,,51.3753,11.0378,castle
Q151537,Burg Kinzweiler,castles,http://commons.wikimedia.org/wiki/Special:FilePath/BurgKinzweiler02.jpg,Germany,,50.8458,6.23083,castle
Q151545,Wartburg,castles,http://commons.wikimedia.org/wiki/Special:FilePath/Thuringia%20Eisenach%20asv2020-07%20img23%20Wartburg%20Castle.jpg,Germany,https://en.wikipedia.org/wiki/Wartburg,50.966111111,10.306388888,"castle in Eisenach, Germany"
Q151548,Burg Hengebach,castles,http://commons.wikimedia.org/wiki/Special:FilePath/Heimbach-Burg.jpg,Germany,,50.6333,6.47944,castle
Q151689,Burg Schwartzenburg,castles,http://commons.wikimedia.org/wiki/Special:FilePath/Tor%20Burg%20Schwartzenburg%20Dorff.JPG,Germany,,50.7368,6.19876,castle
Q151721,Burg Eschweiler,castles,http://commons.wikimedia.org/wiki/Special:FilePath/Burg%20Eschweiler%2C%20oturm.jpg,Germany,,50.818,6.2646,castle
Q316178,Schwanenburg,castles,http://commons.wikimedia.org/wiki/Special:FilePath/Kleve%2087.JPG,Germany,https://en.wikipedia.org/wiki/Schwanenburg_Castle,51.786583,6.139089,"castle in Kleve, Germany"
Q316382,Heidecksburg,castles,http://commons.wikimedia.org/wiki/Special:FilePath/Residenzschloss%20Heidecksburg%20Rudolstadt.jpg,Germany,https://en.wikipedia.org/wiki/Heidecksburg,50.723,11.339,castle
Q317023,Falkenstein Castle,castles,http://commons.wikimedia.org/wiki/Special:FilePath/Burg%20Falkenstein%20im%20Harz%20%28April%202009%29.jpg,Germany,https://en.wikipedia.org/wiki/Falkenstein_Castle_(Harz),51.681666666,11.265,"castle in Saxony-Anhalt, Germany"
Q317064,Mylau Castle,castles,http://commons.wikimedia.org/wiki/Special:FilePath/Castle%20Mylau%20%28aka%29.jpg,Germany,https://en.wikipedia.org/wiki/Mylau_Castle,50.618264,12.265469,castle
Q317926,Palace Staufeneck,castles,http://commons.wikimedia.org/wiki/Special:FilePath/Palace%20Staufeneck.jpg,Germany,https://en.wikipedia.org/wiki/Palace_Staufeneck,47.76038,12.89443,castle
Q317959,Dankwarderode Castle,castles,http://commons.wikimedia.org/wiki/Special:FilePath/Braunschweig-burgplatz%202.jpg,Germany,https://en.wikipedia.org/wiki/Dankwarderode_Castle,52.2647,10.5242,museum in Germany
Q317987,Schloss Neuburg (Bayern),castles,http://commons.wikimedia.org/wiki/Special:FilePath/Schloss%20Neuburg.jpg,Germany,https://en.wikipedia.org/wiki/Neuburg_Castle_(Bavaria),48.737038888,11.180861111,"castle in Neuburg an der Donau, Germany"
Q318146,Mecklenburg Castle,castles,http://commons.wikimedia.org/wiki/Special:FilePath/Burg%20Mecklenburg%20Findling.jpg,Germany,https://en.wikipedia.org/wiki/Mecklenburg_Castle,53.837791,11.471463,"Castle in Dorf Mecklenburg, Mecklenburg-Vorpommern, Germany"
Q320134,Slawenburg Raddusch,castles,http://commons.wikimedia.org/wiki/Special:FilePath/Slawenburg%20Raddusch%20%28Radu%C5%A1%29%2001.JPG,Germany,,51.8049,14.0304,castle
Q320285,Burgruine,castles,http://commons.wikimedia.org/wiki/Special:FilePath/Burg%20Botenlauben-Juni2007.JPG,Germany,https://en.wikipedia.org/wiki/Botenlauben_Castle,50.188314521,10.087355736,"cultural heritage monument D-6-72-114-393 (0) in Bad Kissingen, Bavaria"
Q320615,Duborg Castle,castles,http://commons.wikimedia.org/wiki/Special:FilePath/Flensburg%20Braun-Hogenberg.jpg,Germany,https://en.wikipedia.org/wiki/Duborg_Castle,54.7931,9.42528,"castle in Flensburg, Schleswig"
Q321605,Münzenberg Castle,castles,http://commons.wikimedia.org/wiki/Special:FilePath/M%C3%BCnzenberg%20Ansicht.JPG,Germany,https://en.wikipedia.org/wiki/M%C3%BCnzenberg_Castle,50.4517,8.77583,castle
Q321913,Burg Wittelsbach,castles,http://commons.wikimedia.org/wiki/Special:FilePath/Kirche%20Beatae%20Mariae%20Virginis%20Oberwittelsbach.jpg,Germany,https://en.wikipedia.org/wiki/Wittelsbach_Castle,48.468777303,11.175881017,castle
Q323457,Charenza,castles,http://commons.wikimedia.org/wiki/Special:FilePath/Burgwall%20bei%20Venz.jpg,Germany,https://en.wikipedia.org/wiki/Charenza,54.5017,13.31665,castle
Q327265,Heidelberg Castle,castles,http://commons.wikimedia.org/wiki/Special:FilePath/Heidelberg-Schlo%C3%9F.JPG,Germany,https://en.wikipedia.org/wiki/Heidelberg_Castle,49.410555555,8.715833333,castle in Germany
Q328291,Sparrenberg Castle,castles,http://commons.wikimedia.org/wiki/Special:FilePath/Aerial%20image%20of%20Sparrenberg%20Castle%20%28view%20from%20the%20southwest%29.jpg,Germany,https://en.wikipedia.org/wiki/Sparrenberg_Castle,52.0149,8.52677,"fortification in Bielefeld, Germany"
Q332106,Abschnittsbefestigung Puch,castles,http://commons.wikimedia.org/wiki/Special:FilePath/%C3%9Cberreste%20der%20Abschnittsbefestigung%20Puch%2001.jpg,Germany,,48.1808,11.2172,castle
Q332109,Abschnittsbefestigung Schorn,castles,http://commons.wikimedia.org/wiki/Special:FilePath/Abschnittsbefestigung%20Schorn.jpg,Germany,,48.6047,11.0769,castle
Q341505,Ackeburg,castles,http://commons.wikimedia.org/wiki/Special:FilePath/The%20Selke%20Valley%20from%20the%20Selkesicht.JPG,Germany,https://en.wikipedia.org/wiki/Ackeburg,51.6861,11.2535,castle
Q355543,Adelssitz Kirchberg,castles,http://commons.wikimedia.org/wiki/Special:FilePath/St.%20Martin%20%28Kirchberg%20an%20der%20Iller%29.JPG,Germany,,48.1322,10.0806,castle
Q315602,Hohnstein Castle,castles,http://commons.wikimedia.org/wiki/Special:FilePath/Burg%20Hohnstein%20in%20der%20S%C3%A4chsischen%20Schweiz.jpg,Germany,https://en.wikipedia.org/wiki/Hohnstein_Castle_(Saxon_Switzerland),50.9797,14.1094,"castle in Saxony, Germany"
Q315682,Ahrensburg Castle,castles,http://commons.wikimedia.org/wiki/Special:FilePath/Schloss%20Ahrensburg%20von%20S%C3%BCdosten.JPG,Germany,https://en.wikipedia.org/wiki/Schloss_Ahrensburg,53.680131,10.240341,château in Germany
Q536202,Porsche-Arena,stadiums,http://commons.wikimedia.org/wiki/Special:FilePath/Porsche-Arena-Suedfront.jpg,Germany,https://en.wikipedia.org/wiki/Porsche-Arena,48.793056,9.228333,architectural structure
Q127429,Allianz Arena,stadiums,http://commons.wikimedia.org/wiki/Special:FilePath/Allianz%20arena%20daylight%20Richard%20Bartz.jpg,Germany,https://en.wikipedia.org/wiki/Allianz_Arena,48.218775,11.624752777,"stadium in Munich, Germany"
Q131610,Munich Olympic Stadium,stadiums,http://commons.wikimedia.org/wiki/Special:FilePath/Blick%20vom%20Olympiaberg%20auf%20das%20Olympiastadion.jpg,Germany,https://en.wikipedia.org/wiki/Olympiastadion_(Munich),48.173055555,11.546666666,"stadium located in Munich, Germany"
Q150933,Volksparkstadion,stadiums,http://commons.wikimedia.org/wiki/Special:FilePath/RK%201009%209831%20Volksparkstadion.jpg,Germany,https://en.wikipedia.org/wiki/Volksparkstadion,53.586944,9.898611,"football stadium in Hamburg, Germany"
Q150961,Arena AufSchalke,stadiums,http://commons.wikimedia.org/wiki/Special:FilePath/Gelsenkirchen%20-%20Schalker%20Feld%20-%20AufSchalke%2026%20ies.jpg,Germany,https://en.wikipedia.org/wiki/Arena_AufSchalke,51.554502777,7.067588888,"football stadium in Gelsenkirchen, North Rhine-Westphalia, Germany"
Q152349,MHPArena,stadiums,http://commons.wikimedia.org/wiki/Special:FilePath/Blick%20vom%20Rotenberg%20Stadion.jpg,Germany,https://en.wikipedia.org/wiki/MHPArena,48.792222,9.231944,"football stadium in Stuttgart, Germany"
Q152633,Niedersachsenstadion,stadiums,http://commons.wikimedia.org/wiki/Special:FilePath/Hanover%20stadium.jpg,Germany,https://en.wikipedia.org/wiki/Niedersachsenstadion,52.36,9.731111,football stadium in Hannover
Q158158,TU Dresden,universities,http://commons.wikimedia.org/wiki/Special:FilePath/TU-Dresden-Georg-Schumann-Bau.jpg,Germany,https://en.wikipedia.org/wiki/TU_Dresden,51.028055555,13.726666666,"institute of higher education in the city of Dresden, Saxony, Germany, founded in 1828"
Q159630,Chemnitz University of Technology,universities,http://commons.wikimedia.org/wiki/Special:FilePath/Chemnitz-TU-StraNa.jpg,Germany,https://en.wikipedia.org/wiki/Chemnitz_University_of_Technology,50.83917,12.9275,"public university in Chemnitz, Germany"
Q224514,Hochschule Hannover,universities,http://commons.wikimedia.org/wiki/Special:FilePath/FH%20Hannover%20Eingang.jpg,Germany,https://en.wikipedia.org/wiki/Hanover_University_of_Applied_Sciences_and_Arts,52.35317,9.72249,German university of applied sciences and arts
Q248702,Hochschule für Gestaltung Schwäbisch Gmünd,universities,http://commons.wikimedia.org/wiki/Special:FilePath/HfG%20Gm%C3%BCnd.jpeg,Germany,https://en.wikipedia.org/wiki/Hochschule_f%C3%BCr_Gestaltung_Schw%C3%A4bisch_Gm%C3%BCnd,48.793244,9.793727,"education organization in Schwäbisch Gmünd, Germany"
Q284992,Darmstadt University of Applied Sciences,universities,http://commons.wikimedia.org/wiki/Special:FilePath/Einfahrt%20zum%20Campus%20Dieburg%20der%20h%20da.jpg,Germany,https://en.wikipedia.org/wiki/Darmstadt_University_of_Applied_Sciences,49.867416666,8.638111111,"Public university in Darmstadt, Germany"
Q314089,Munich University of Applied Sciences,universities,http://commons.wikimedia.org/wiki/Special:FilePath/Roter%20W%C3%BCrfel.jpg,Germany,https://en.wikipedia.org/wiki/Munich_University_of_Applied_Sciences,48.153432,11.552752,"public university in Munich, Germany"
Q314305,Witten/Herdecke University,universities,http://commons.wikimedia.org/wiki/Special:FilePath/UniWitten%20aussen%20Front1.jpg,Germany,https://en.wikipedia.org/wiki/Witten/Herdecke_University,51.45227,7.35729,"private university in Witten, North Rhine-Westphalia, Germany"
Q314684,Mittelhessen University of Applied Sciences,universities,http://commons.wikimedia.org/wiki/Special:FilePath/Neue%20mensa%20thm.jpg,Germany,https://en.wikipedia.org/wiki/University_of_Applied_Sciences_Mittelhessen,50.586944444,8.683055555,"University of Applied Sciences in Hesse, Germany"
Q315161,Catholic University of Eichstätt-Ingolstadt,universities,http://commons.wikimedia.org/wiki/Special:FilePath/Sommerresidenz%20-%20Universidad%20Cat%C3%B3lica%20de%20Eichst%C3%A4tt-Ingolstadt.jpg,Germany,https://en.wikipedia.org/wiki/Catholic_University_of_Eichst%C3%A4tt-Ingolstadt,48.88944444,11.18972222,the only Catholic university in the German-speaking countries
Q317125,Reutlingen University,universities,http://commons.wikimedia.org/wiki/Special:FilePath/Reutlingen%20Hochschule%20Fahnen.jpg,Germany,https://en.wikipedia.org/wiki/Reutlingen_University,48.482611111,9.187194444,"business and technical university in Reutlingen, Germany"
Q321369,Mannheim Technical University of Applied Sciences,universities,http://commons.wikimedia.org/wiki/Special:FilePath/Hochschule%20Mannheim-04.JPG,Germany,https://en.wikipedia.org/wiki/Mannheim_University_of_Applied_Sciences,49.469555555,8.482208333,organization
Q322886,Hochschule Düsseldorf,universities,http://commons.wikimedia.org/wiki/Special:FilePath/Fachhochschule%20in%20Duesseldorf-Golzheim%2C%20von%20Suedwesten.jpg,Germany,https://en.wikipedia.org/wiki/D%C3%BCsseldorf_University_of_Applied_Sciences,51.247388888,6.791361111,German educational institution
Q327693,Heilbronn University of Applied Sciences,universities,http://commons.wikimedia.org/wiki/Special:FilePath/Hochschule%20Heilbronn%20mit%20Know%20Cube.jpg,Germany,https://en.wikipedia.org/wiki/Heilbronn_University_of_Applied_Sciences,49.12194444,9.21111111,"public university in Heilbronn, Germany"
Q328274,Flensburg University of Applied Sciences,universities,http://commons.wikimedia.org/wiki/Special:FilePath/Flensburg%20Sandberg-3.jpg,Germany,https://en.wikipedia.org/wiki/Flensburg_University_of_Applied_Sciences,54.774861111,9.450555555,"university in Flensburg, Germany"
Q338514,Accadis Business School Bad Homburg,universities,http://commons.wikimedia.org/wiki/Special:FilePath/Campus%20accadis%20Bad%20Homburg.jpg,Germany,,50.2127,8.6504,university of applied sciences
Q453821,Fulda University of Applied Sciences,universities,http://commons.wikimedia.org/wiki/Special:FilePath/Hochschule%20Fulda%202021-07-25%2001.jpg,Germany,https://en.wikipedia.org/wiki/Fulda_University_of_Applied_Sciences,50.5647,9.6875,German university
Q459724,Mainz University of Applied Sciences,universities,http://commons.wikimedia.org/wiki/Special:FilePath/University%20of%20Applied%20Sciences%20Mainz%20Campus.jpg,Germany,https://en.wikipedia.org/wiki/Mainz_University_of_Applied_Sciences,49.9882478,8.2270517,German university
Q468553,Deggendorf Institute of Technology,universities,http://commons.wikimedia.org/wiki/Special:FilePath/FH-Deggendorf-Campus.JPG,Germany,https://en.wikipedia.org/wiki/Deggendorf_Institute_of_Technology,48.829722,12.954722,"Technische Hochschule for engineering, economy and media in Lower Bavaria, Germany"
Q529572,Furtwangen University,universities,http://commons.wikimedia.org/wiki/Special:FilePath/University%20of%20Applied%20Sciences%20Furtwangen%20Germany.jpg,Germany,https://en.wikipedia.org/wiki/Hochschule_Furtwangen_University,48.0512,8.20756,public university
Q538520,Friedensau Adventist University,universities,http://commons.wikimedia.org/wiki/Special:FilePath/Institutgeb%C3%A4ude%20Friedensau%206.jpg,Germany,https://en.wikipedia.org/wiki/Friedensau_Adventist_University,52.2117,11.9842,University in Germany
Q542415,RheinMain University of Applied Sciences,universities,http://commons.wikimedia.org/wiki/Special:FilePath/Hochschule%20RheinMain%20Wiesbaden%20Bleichstrasse.jpg,Germany,https://en.wikipedia.org/wiki/RheinMain_University_of_Applied_Sciences,50.0808,8.21722,German university (1971-)
Q554425,FH Münster,universities,http://commons.wikimedia.org/wiki/Special:FilePath/Fachhochschulzentrum%20der%20FH%20M%C3%BCnster.jpg,Germany,https://en.wikipedia.org/wiki/FH_M%C3%BCnster,51.961,7.60809,"University of Applied Sciences Münster, Germany"
Q569899,Natural Science and Technical Academy Isny,universities,http://commons.wikimedia.org/wiki/Special:FilePath/Isny%20nta.jpg,Germany,https://en.wikipedia.org/wiki/Natural_Science_and_Technical_Academy_Isny,47.694,10.0367,private German university
Q591905,Ulm School of Design,universities,http://commons.wikimedia.org/wiki/Special:FilePath/HfGUlmbuilding.jpg,Germany,https://en.wikipedia.org/wiki/Ulm_School_of_Design,48.3806,9.95278,Ulm School of Design
Q1109239,Collegium Liborianum,universities,http://commons.wikimedia.org/wiki/Special:FilePath/1925-Liborianum.jpg,Germany,,51.721,8.75848,"school in Paderborn, Germany"
Q1109249,Collegium Ludgerianum,universities,http://commons.wikimedia.org/wiki/Special:FilePath/Collegium%20Ludgerianum%20Domplatz%20M%C3%BCnster%20Westfalen-2.jpg,Germany,,51.9625,7.62363,school
Q218736,Habkirchen Customs Museum,museums,http://commons.wikimedia.org/wiki/Special:FilePath/Habkirchen%20Zollmuseum.jpg,Germany,,49.1362,7.13371,museum
Q798769,Bad Schwalbacher Kurbahn,museums,http://commons.wikimedia.org/wiki/Special:FilePath/Bad%20Schwalbacher%20Kurbahn%2019.jpg,Germany,,50.1327,8.06071,Narrow-gauge railway in Germany
Q802016,Bremerhaven–Bederkesa railway line,museums,http://commons.wikimedia.org/wiki/Special:FilePath/Bad%20Bederkesa%20-%20Bahnhof%20-%202018%20by-RaBoe%2045.jpg,Germany,,53.630265,8.830251,railway line in Germany
Q803521,Dampfkleinbahn Bad Orb,museums,http://commons.wikimedia.org/wiki/Special:FilePath/Dampfkleinbahn%20in%20W%C3%A4chtersbach%20%282009%29.jpg,Germany,,50.2392,9.295,railway line
Q884702,Pressnitz Valley Railway,museums,http://commons.wikimedia.org/wiki/Special:FilePath/Streckenfernsprechleitung.jpg,Germany,https://en.wikipedia.org/wiki/Pressnitz_Valley_Railway,50.53018,13.12994,"narrow gauge railway line in Saxony, Germany"
Q999875,Buckower Kleinbahn,museums,http://commons.wikimedia.org/wiki/Special:FilePath/BfMuencheberg%20Zug%20der%20Buckower%20Kleinbahn%2008-2015.jpg,Germany,,52.5611,14.07561,railway line in Germany
Q1463072,Bahnstrecke Merzig Süd–Büschfeld,museums,http://commons.wikimedia.org/wiki/Special:FilePath/MerzigB%C3%BCschfelderEisenbahn.jpg,Germany,,49.4887,6.7049,railway line in Germany
Q1615784,Hessencourrier,museums,http://commons.wikimedia.org/wiki/Special:FilePath/Hessencourrier%20HC%20206.jpg,Germany,,51.305421,9.450425,"heritage railway association in Kassel, Germany"
Q1660266,Traditionsbahn Radebeul,museums,http://commons.wikimedia.org/wiki/Special:FilePath/Traditionszug%20bei%20Friedewald.jpg,Germany,,51.1157893,13.6555405,"German railway club in Radebeul, Saxony"
Q1891103,Mansfeld Mining Railway,museums,http://commons.wikimedia.org/wiki/Special:FilePath/Bocksthal.jpg,Germany,https://en.wikipedia.org/wiki/Mansfeld_Mining_Railway,51.59946,11.53415,railway line in Germany
Q95517,Gedenkstätte Berliner Mauer,museums,http://commons.wikimedia.org/wiki/Special:FilePath/M%C3%A9morial%20du%20mur%20de%20Berlin%20%286330924243%29.jpg,Germany,https://en.wikipedia.org/wiki/Gedenkst%C3%A4tte_Berliner_Mauer,52.535,13.3897,Berlin Wall Memorial (Gedenkstätte Berliner Mauer)
Q99406,Henrichenburg boat lift,museums,http://commons.wikimedia.org/wiki/Special:FilePath/Henrichenburg%2C%20Nordrhein-Westfalen%20-%20Schiffshebewerk%20%282%29%20%28Zeno%20Ansichtskarten%29.jpg,Germany,https://en.wikipedia.org/wiki/Henrichenburg_boat_lift,51.616583333,7.325861111,boat lift
Q126971,Altonaer Museum,museums,http://commons.wikimedia.org/wiki/Special:FilePath/Altonaer%20Museum.jpg,Germany,https://en.wikipedia.org/wiki/Altonaer_Museum,53.54902,9.9347,museum in Hamburg
Q131631,Nymphenburg Palace,museums,http://commons.wikimedia.org/wiki/Special:FilePath/Schloss%20Nymphenburg%2C%20Weitwinkelansicht.jpg,Germany,https://en.wikipedia.org/wiki/Nymphenburg_Palace,48.158056,11.503611,"Baroque palace in Munich, Bavaria, southern Germany"
Q151195,Ordensburg Vogelsang,museums,http://commons.wikimedia.org/wiki/Special:FilePath/Burg%20Vogelsang.PNG,Germany,https://en.wikipedia.org/wiki/Ordensburg_Vogelsang,50.5844,6.44806,former Nazi elite school in Germany
Q152802,Buchenwald concentration camp,museums,http://commons.wikimedia.org/wiki/Special:FilePath/Buchenwald%20Memorial.JPG,Germany,https://en.wikipedia.org/wiki/Buchenwald_concentration_camp,51.021198,11.248999,Nazi concentration camp in Thuringia (1937–1945)
Q162018,1st German Antique Police Car Museum,museums,http://commons.wikimedia.org/wiki/Special:FilePath/Polizeioldtimer%20VW%20und%20Audi.jpg,Germany,https://en.wikipedia.org/wiki/1st_German_Antique_Police_Car_Museum,50.7963,8.7265,"museum of historic German police vehicles in the Wehrshausen district of the German city of Marburg, Hesse"
Q178619,Dresden Transport Museum,museums,http://commons.wikimedia.org/wiki/Special:FilePath/Lichthof%20des%20Verkehrsmuseums%20Dresden%20am%20Abend.jpg,Germany,https://en.wikipedia.org/wiki/Dresden_Transport_Museum,51.0518,13.73959,"museum in Dresden, Germany"
Q265338,museum mobile,museums,http://commons.wikimedia.org/wiki/Special:FilePath/Museum%20mobile%20Ingolstadt.jpg,Germany,https://en.wikipedia.org/wiki/Audi_museum_mobile,48.782788888,11.413983333,automobile museum
Q316705,Mölders,museums,http://commons.wikimedia.org/wiki/Special:FilePath/D186%20M%C3%B6lders%20Marinemuseum.JPG,Germany,https://en.wikipedia.org/wiki/German_destroyer_M%C3%B6lders,53.513772,8.138976,"1967 Lütjens-class destroyer, now museum ship in WIlhelmshaven, Germany"
Q328623,Nunos porsche Museum,museums,http://commons.wikimedia.org/wiki/Special:FilePath/Porsche%20Museum%20Nacht.jpg,Germany,https://en.wikipedia.org/wiki/Porsche_Museum,48.83446,9.15195,automobile museum in Germany
Q334575,Üblacker-Häusl,museums,http://commons.wikimedia.org/wiki/Special:FilePath/%C3%9Cblacker-H%C3%A4usl%20eingegr%C3%BCnt%2001.jpg,Germany,,48.1322,11.5998,architectural heritage monument
Q336153,Abwasser- und Sielmuseum,museums,http://commons.wikimedia.org/wiki/Special:FilePath/Fundst%C3%BCcke%20Hamburger%20Stadtenw%C3%A4sserung.JPG,Germany,,53.54611111,9.96388889,"former museum in Hamburg, Germany"
Q371836,Museum Würth,museums,http://commons.wikimedia.org/wiki/Special:FilePath/IMGP1532%20W%C3%BCrth%20K%C3%BCnzelsau%20Skulptur.JPG,Germany,,49.2586,9.67918,museum
Q372030,Ore Mountain Museum,museums,http://commons.wikimedia.org/wiki/Special:FilePath/Annaberg%20Erzgebirgsmuseum.jpg,Germany,https://en.wikipedia.org/wiki/Ore_Mountain_Museum,50.5784,13.0043,ore mountain museum
Q374459,Technik Museum Sinsheim,museums,http://commons.wikimedia.org/wiki/Special:FilePath/Technik%20Museum%20Sinsheim%2C%20Tu-144%2C%20Concorde.jpg,Germany,https://en.wikipedia.org/wiki/Technik_Museum_Sinsheim,49.2386,8.89722,"technology museum in Sinsheim, Germany"
Q700216,Staatliche Museen zu Berlin,museums,http://commons.wikimedia.org/wiki/Special:FilePath/Berlin%20Museumsinsel%20Fernsehturm.jpg,Germany,https://en.wikipedia.org/wiki/Staatliche_Museen_zu_Berlin,52.5092869,13.3644977,"group of institutions in Berlin, Germany"
Q702551,Schwetzingen Palace,museums,http://commons.wikimedia.org/wiki/Special:FilePath/Schwetzingen%20BW%202014-07-22%2016-43-37.jpg,Germany,https://en.wikipedia.org/wiki/Schwetzingen_Palace,49.384063,8.570593,"palace in Schwetzingen, Germany, formerly the summer residence of the Electors Palatine"
Q702661,Autostadt,museums,http://commons.wikimedia.org/wiki/Special:FilePath/14-01-18-autostadt-wob-037.jpg,Germany,https://en.wikipedia.org/wiki/Autostadt,52.4311,10.7919,"museum and park in Wolfsburg, Germany"
Q703947,ArsTecnica,museums,http://commons.wikimedia.org/wiki/Special:FilePath/ArsTECNICA%20Eingang.jpg,Germany,,50.3529,6.3845,museum in Germany
Q704933,Haus der Kulturen der Welt,museums,http://commons.wikimedia.org/wiki/Special:FilePath/Berlin%20Kongresshalle%20BW%203.jpg,Germany,https://en.wikipedia.org/wiki/Haus_der_Kulturen_der_Welt,52.5188,13.3648,exhibition space and events venue in Berlin
Q705611,Q705611,museums,http://commons.wikimedia.org/wiki/Special:FilePath/Detmold%20-%20537%2821%29%20-%20Im%20Hoffeld.jpg,Germany,,51.9439,8.89833,"former museum in Detmold, Germany"
Q705848,Schloss Johannisburg,museums,http://commons.wikimedia.org/wiki/Special:FilePath/Schloss%20Johannisberg%20%28Aschaffenburg%29%20II.jpg,Germany,https://en.wikipedia.org/wiki/Schloss_Johannisburg,49.9761,9.14167,"palace in Aschaffenburg, Germany"
Q707407,Green Vault,museums,http://commons.wikimedia.org/wiki/Special:FilePath/20080711030DR%20Dresden%20Residenzschlo%C3%9F%20Gr%C3%BCnes%20Gew%C3%B6lbe.jpg,Germany,https://en.wikipedia.org/wiki/Green_Vault,51.0528,13.7364,"museum in Dresden, Germany"
Q707955,Romano-Germanic Museum,museums,http://commons.wikimedia.org/wiki/Special:FilePath/R%C3%B6misch-Germanisches%20Museum%20K%C3%B6ln%20%282514-16%29.jpg,Germany,https://en.wikipedia.org/wiki/Romano-Germanic_Museum,50.940542,6.958931,"archaeological museum of ancient roman and germanic cultures in Cologne, Germany"
Q798175,Bach House,museums,http://commons.wikimedia.org/wiki/Special:FilePath/Thuringia%20Eisenach%20asv2020-07%20img20%20Bach%20Museum.jpg,Germany,https://en.wikipedia.org/wiki/Bach_House_(Eisenach),50.971491666,10.322611111,"museum in Eisenach, Thuringia, Germany"
Q798883,Bad Elster Spa Museum,museums,http://commons.wikimedia.org/wiki/Special:FilePath/BadElster5204.JPG,Germany,https://en.wikipedia.org/wiki/Bad_Elster_Spa_Museum,50.2833,12.2394,museum in Germany
Q799168,The Badisches Landesmuseum,museums,http://commons.wikimedia.org/wiki/Special:FilePath/20130605Schloss%20Karlsruhe05.jpg,Germany,https://en.wikipedia.org/wiki/Badisches_Landesmuseum,49.0136,8.40444,museum in Germany
Q799878,Bagger 1452,museums,http://commons.wikimedia.org/wiki/Special:FilePath/Bagger%201452.jpg,Germany,,51.06758889,14.9579,museum in Germany
Q800295,Bahnbetriebswerk Gelsenkirchen-Bismarck,museums,http://commons.wikimedia.org/wiki/Special:FilePath/BWGelsenkirchenBismarckSchuppen.jpg,Germany,,51.5402,7.11927,
Q1257548,Ulmener Maar,natural,http://commons.wikimedia.org/wiki/Special:FilePath/Ulmenermaar01.jpg,Germany,https://en.wikipedia.org/wiki/Ulmener_Maar,50.21,6.98306,"lake in Ulmen, Germany"
Q1258117,Dreiser Weiher,natural,http://commons.wikimedia.org/wiki/Special:FilePath/Dreiserweiher.jpg,Germany,https://en.wikipedia.org/wiki/Dreiser_Weiher,50.2643,6.77733,"maar in Rhineland-Palatinate, Germany"
Q1272209,Dürres Maar,natural,http://commons.wikimedia.org/wiki/Special:FilePath/Duerresmaar.jpg,Germany,https://en.wikipedia.org/wiki/D%C3%BCrres_Maar,50.1223,6.87183,
Q1300707,Hitsche Maar,natural,http://commons.wikimedia.org/wiki/Special:FilePath/Maar%2C%20Hitsche%20Maar%2C%20D%C3%BCrres%20Maar%2C%20Holzmaar%20002.jpg,Germany,https://en.wikipedia.org/wiki/Hitsche_Maar,50.1244,6.87033,
Q1301999,Eichholzmaar,natural,http://commons.wikimedia.org/wiki/Special:FilePath/Eichholzmaar%20im%20Sommer.jpg,Germany,https://en.wikipedia.org/wiki/Eichholzmaar,50.2719,6.56472,
Q1317765,Pulvermaar,natural,http://commons.wikimedia.org/wiki/Special:FilePath/Aerial%20image%20of%20Pulvermaar%20%28view%20from%20the%20southwest%29.jpg,Germany,https://en.wikipedia.org/wiki/Pulvermaar,50.1311,6.92611,lake in Germany
Q1416956,Fingalshöhle bei Obernzenn,natural,http://commons.wikimedia.org/wiki/Special:FilePath/Illesheim%20Fingalsh%C3%B6hle%20bei%20Obernzenn%20002.JPG,Germany,,49.45405,10.443430555,quarry in Germany
Q1458718,Immerather Maar,natural,http://commons.wikimedia.org/wiki/Special:FilePath/Immerather%20Maar.JPG,Germany,https://en.wikipedia.org/wiki/Immerather_Maar,50.1218,6.95867,lake in Germany
Q1501226,Gemündener Maar,natural,http://commons.wikimedia.org/wiki/Special:FilePath/Dauner%20Maare%2C%20Gem%C3%BCndener%20Maar.jpg,Germany,https://en.wikipedia.org/wiki/Gem%C3%BCndener_Maar,50.1775,6.83639,"lake (maar) in the Eifel, Germany"
Q427974,Operation Gold,space,http://commons.wikimedia.org/wiki/Special:FilePath/Bundesarchiv%20Bild%20183-37695-0003%2C%20Altglienicke%2C%20Sowjetischer%20Offizier%20in%20Spionagetunnel.jpg,Germany,https://en.wikipedia.org/wiki/Operation_Gold,52.412222222,13.528333333,joint US/UK intelligence-gathering operation in Berlin in the 1950s
Q152106,BayernLB,markets,http://commons.wikimedia.org/wiki/Special:FilePath/BayernLB.jpg,Germany,https://en.wikipedia.org/wiki/Bayerische_Landesbank,48.144851,11.573622,company
Q558524,Boerse Stuttgart,markets,http://commons.wikimedia.org/wiki/Special:FilePath/B%C3%B6rse%20Stuttgart.jpg,Germany,https://en.wikipedia.org/wiki/B%C3%B6rse_Stuttgart,48.779885269,9.175440073,"Stock exchange located in Stuttgart, Germany"
Q558551,Boerse Hamburg - Regulierter Markt,markets,http://commons.wikimedia.org/wiki/Special:FilePath/Hh-boerse.jpg,Germany,https://en.wikipedia.org/wiki/Hamburg_Stock_Exchange,53.549666666,9.991077777,"Stock exchange located in Hamburg, Germany"
Q681683,Börse München,markets,http://commons.wikimedia.org/wiki/Special:FilePath/Alte%20Hopfenpost.jpg,Germany,https://en.wikipedia.org/wiki/B%C3%B6rse_M%C3%BCnchen,48.140833333,11.5675,"Stock exchange located in Munich, Germany"
Q195220,Großmarkthalle,markets,http://commons.wikimedia.org/wiki/Special:FilePath/Grossmarkthalle%20Frankfurt%20Panorama%201.jpg,Germany,https://en.wikipedia.org/wiki/Gro%C3%9Fmarkthalle,50.109444444,8.7025,"building in Frankfurt, Germany"
Q204712,Fish Auction Hall,markets,http://commons.wikimedia.org/wiki/Special:FilePath/Hamburg%20Hafen%2014%20%28RaBoe%29.jpg,Germany,https://en.wikipedia.org/wiki/Fish_Auction_Hall,53.54481667,9.95177778,"fish market building in Hamburg, Germany"
Q300764,Aachener Weihnachtsmarkt,markets,http://commons.wikimedia.org/wiki/Special:FilePath/Aachener%20Weihnachtsmarkt%202025.jpg,Germany,,50.7756,6.08382,
Q319310,Elisabethmarkt,markets,http://commons.wikimedia.org/wiki/Special:FilePath/Elisabethmarkt%20Muenchen.jpg,Germany,https://en.wikipedia.org/wiki/Elisabethmarkt,48.1568,11.5744,market in Munich
Q379809,Advent in den Höfen,markets,http://commons.wikimedia.org/wiki/Special:FilePath/QuedlinbgAdventH%C3%B6fe%2003%202004.JPG,Germany,,51.788947222,11.141419444,"Christmas market in Quedlinburg, Saxony-Anhalt, Germany"
Q505688,Striezelmarkt,markets,http://commons.wikimedia.org/wiki/Special:FilePath/Striezelmarkt%202009%2000950.jpg,Germany,https://en.wikipedia.org/wiki/Striezelmarkt,51.049631,13.737964,"annual Christmas market in Dresden, Saxony, Germany"
Q686629,Viktualienmarkt,markets,http://commons.wikimedia.org/wiki/Special:FilePath/Viki-Markt.Maibaum.JPG,Germany,https://en.wikipedia.org/wiki/Viktualienmarkt,48.1353,11.5761,"daily food market and a square in the center of Munich, Germany"
Q760527,Augsburger Christkindlesmarkt,markets,http://commons.wikimedia.org/wiki/Special:FilePath/Christkindlesmarktaugsburg.jpg,Germany,,48.3688,10.8982,
Q811925,Bautzener Wenzelsmarkt,markets,http://commons.wikimedia.org/wiki/Special:FilePath/Bautzen-Wenzelsmarkt-01.jpg,Germany,,51.180597222,14.427538888,
Q832700,Christkindlesmarkt,markets,http://commons.wikimedia.org/wiki/Special:FilePath/Christkindlesmarkt%20nuernberg.jpg,Germany,"https://en.wikipedia.org/wiki/Christkindlesmarkt,_Nuremberg",49.45393727,11.0772661,"annual Christmas market in Nuremberg, Bavaria, Germany"
Q877896,Wiener Markt,markets,http://commons.wikimedia.org/wiki/Special:FilePath/Wiener%20Markt%20in%20M%C3%BCnchen.jpg,Germany,https://en.wikipedia.org/wiki/Wiener_Markt,48.1343,11.5959,haidhausen food market
Q877901,Pasing Viktualienmarkt,markets,http://commons.wikimedia.org/wiki/Special:FilePath/M%C3%BCnchen%20-%20Pasinger%20Viktualienmarkt.JPG,Germany,https://en.wikipedia.org/wiki/Pasing_Viktualienmarkt,48.1474,11.4618,street market
Q902007,Braunschweiger Weihnachtsmarkt,markets,http://commons.wikimedia.org/wiki/Special:FilePath/Braunschweig%20Weihnachtsmarkt.jpg,Germany,,52.2644,10.5244,
Q907938,Bremer Weihnachtsmarkt,markets,http://commons.wikimedia.org/wiki/Special:FilePath/Bremen%20Weihnachtsmarkt%203.JPG,Germany,,53.075833,8.807222,"Christmas market in Bremen, Germany"
Q564800,Magdalenenberg,history_and_mysteries,http://commons.wikimedia.org/wiki/Special:FilePath/Magdalenenberg.jpg,Germany,https://en.wikipedia.org/wiki/Magdalenenberg,48.0443,8.4437,Iron Age tumulus in Germany
Q641907,Hochdorf Chieftain's Grave,history_and_mysteries,http://commons.wikimedia.org/wiki/Special:FilePath/Keltengrabhuegel%20Hochdorf.jpg,Germany,https://en.wikipedia.org/wiki/Hochdorf_Chieftain%27s_Grave,48.888611,9.009722,burial chamber and museum
Q784118,Kleinaspergle,history_and_mysteries,http://commons.wikimedia.org/wiki/Special:FilePath/Kleinaspergle.jpg,Germany,https://en.wikipedia.org/wiki/Kleinaspergle,48.8975,9.143056,La Tène tumulus in Baden-Württemberg
Q902380,Brautberg,history_and_mysteries,http://commons.wikimedia.org/wiki/Special:FilePath/Brautberg-Bordesholm.jpg,Germany,,54.1874,10.0175,tumulus
Q1015950,Burgstall Wagesenberg,history_and_mysteries,http://commons.wikimedia.org/wiki/Special:FilePath/Burgstall%20Wagesenberg%202.jpg,Germany,,48.5708,11.0584,castle
Q1112042,Hügelgrab von Wiera,history_and_mysteries,http://commons.wikimedia.org/wiki/Special:FilePath/H%C3%BCgelgrab%20von%20Wiera%20HDR.jpg,Germany,,50.8726,9.14633,
Q165414,Hedeby,history_and_mysteries,http://commons.wikimedia.org/wiki/Special:FilePath/Arch%C3%A4ologisches%20Bodendenkmal%20Haithabu%20in%20der%20Gemeinde%20Busdorf%20im%20Kreis%20Schleswig-Flensburg%20in%20Schleswig-Holstein%20B1.JPG,Germany,https://en.wikipedia.org/wiki/Hedeby,54.491111111,9.565277777,historic fortified Viking town south of present-day Schleswig town in North Germany
Q177689,Accra International Airport,airports,http://commons.wikimedia.org/wiki/Special:FilePath/Kotoka%20International%20Airport%2C%20Accra%2C%20Ghana.JPG,Ghana,https://en.wikipedia.org/wiki/Accra_International_Airport,5.604666666,-0.167388888,Serves as the primary international airport for Ghana and is located in the capital city of Accra.
Q201679,Lake Volta,lakes,http://commons.wikimedia.org/wiki/Special:FilePath/Volta%20lake.jpg,Ghana,https://en.wikipedia.org/wiki/Lake_Volta,7.40057,0.19472,"world's largest man-made reservoir by surface area, located in Ghana"
Q855195,Bia National Park,national_parks,http://commons.wikimedia.org/wiki/Special:FilePath/Bia%20National%20Park.jpg,Ghana,https://en.wikipedia.org/wiki/Bia_National_Park,6.083333333,-3.1,"national park in the Bia District, Western Region of Ghana"
Q568693,Kakum National Park,national_parks,http://commons.wikimedia.org/wiki/Special:FilePath/Kakum.jpg,Ghana,https://en.wikipedia.org/wiki/Kakum_National_Park,5.353611111,-1.383333333,national park in Ghana
Q3761,Accra,cities,http://commons.wikimedia.org/wiki/Special:FilePath/Accra%20town.jpg,Ghana,https://en.wikipedia.org/wiki/Accra,5.55602,-0.1969,capital city of Ghana
Q288618,Baba Yara Stadium,stadiums,http://commons.wikimedia.org/wiki/Special:FilePath/Baba%20Yara%20Sports%20Stadium%20in%20Kumasi.jpg,Ghana,https://en.wikipedia.org/wiki/Baba_Yara_Stadium,6.682681,-1.605111,"football stadium in Kumasi, Ghana"
Q1521374,Ghana Stock Exchange,markets,http://commons.wikimedia.org/wiki/Special:FilePath/The%20Cedi%20House.JPG,Ghana,https://en.wikipedia.org/wiki/Ghana_Stock_Exchange,5.555605,-0.202153,"Stock exchange located in Accra, Ghana"
Q910356,Fort Ruychaver,markets,http://commons.wikimedia.org/wiki/Special:FilePath/Fort%20Ruijghaver%20010.svg,Ghana,https://en.wikipedia.org/wiki/Fort_Ruychaver,5.03333,-2.2,Dutch trading post in the Gold Coast
Q36171,Al Abraq International Airport,airports,http://commons.wikimedia.org/wiki/Special:FilePath/Labraq%20International%20Airport%20%28Bayda%20-%20Libya%29%202012.jpg,Great Socialist People's Libyan Arab Jamahiriya,https://en.wikipedia.org/wiki/Al_Abraq_International_Airport,32.788611111,21.964166666,international airport
Q924954,"Kalamata International Airport ""Captain Vasilis Konstantakopoulos""",airports,http://commons.wikimedia.org/wiki/Special:FilePath/Kalamata%20Airport.jpg,Greece,https://en.wikipedia.org/wiki/Kalamata_International_Airport,37.068383333,22.025636111,"airport in the city of Kalamata, Greece"
Q2168190,Nisyros,peaks,http://commons.wikimedia.org/wiki/Special:FilePath/6220%20Kraterlandschaft%20Nisiros.jpg,Greece,,36.586,27.16,volcano on Greek island of Nisyros
Q181109,Acanthus,history_and_mysteries,http://commons.wikimedia.org/wiki/Special:FilePath/Ierissos%20village%2C%20Stagira-Akanthos%20municipality%2C%20Chalkidiki%20prefecture%2C%20Greece%20-%20Ancient%20Akanthos%20house%20-%2001.jpg,Greece,https://en.wikipedia.org/wiki/Akanthos_(Greece),40.393962,23.885983,ancient Greek city
Q1419053,Palea Kameni,volcanoes,http://commons.wikimedia.org/wiki/Special:FilePath/Palea%20Kameni%20Swimming.JPG,Greece,https://en.wikipedia.org/wiki/Palea_Kameni,36.398,25.37863,island in the Santorini caldera
Q1547142,Nea Kameni,volcanoes,http://commons.wikimedia.org/wiki/Special:FilePath/Nea%20Kameni.jpg,Greece,https://en.wikipedia.org/wiki/Nea_Kameni,36.4,25.4,island in the Santorini caldera
Q370992,Small Prespa lake,lakes,http://commons.wikimedia.org/wiki/Special:FilePath/St.Ahil%20from%20Langi.JPG,Greece,https://en.wikipedia.org/wiki/Small_Prespa_Lake,40.766111111,21.1,lake in Greece and Albania
Q492087,Antimilos,islands,http://commons.wikimedia.org/wiki/Special:FilePath/Andimilos.jpg,Greece,https://en.wikipedia.org/wiki/Antimilos,36.79,24.24,"island off Milos, Greece"
Q492130,Antipsara,islands,http://commons.wikimedia.org/wiki/Special:FilePath/ChiosPrefecture.jpg,Greece,https://en.wikipedia.org/wiki/Antipsara,38.541666666,25.508333333,"island off Psara, Greece"
Q492133,Antipaxos,islands,http://commons.wikimedia.org/wiki/Special:FilePath/Andipaxos.jpg,Greece,https://en.wikipedia.org/wiki/Antipaxos,39.148611111,20.231388888,island of the Ionian Islands
Q515085,Skiathos,islands,http://commons.wikimedia.org/wiki/Special:FilePath/Skiathos%20wisnia6522.jpg,Greece,https://en.wikipedia.org/wiki/Skiathos,39.169,23.4568,"island in Aegean sea, Greece"
Q213679,Pella,history_and_mysteries,http://commons.wikimedia.org/wiki/Special:FilePath/Pella%20House%20atrium.jpg,Greece,https://en.wikipedia.org/wiki/Pella,40.76,22.519167,capital of the ancient kingdom of Macedon
Q304986,Arkoudi,islands,http://commons.wikimedia.org/wiki/Special:FilePath/Arkoudi%20island.jpg,Greece,https://en.wikipedia.org/wiki/Arkoudi,38.55,20.707,"islet between Lefkada and Ithaca, Greece"
Q217667,Elis,history_and_mysteries,http://commons.wikimedia.org/wiki/Special:FilePath/Elis%20acropolis.JPG,Greece,https://en.wikipedia.org/wiki/Elis_(city),37.891781,21.375091,"ancient city-state, capital city of the district of Elis"
Q358321,Glaros,islands,http://commons.wikimedia.org/wiki/Special:FilePath/Glaronisi%20Cyclades.jpg,Greece,https://en.wikipedia.org/wiki/Glaros,36.915,25.605,"island of Naxos and Lesser Cyclades, Greece"
Q368275,Spetses,islands,http://commons.wikimedia.org/wiki/Special:FilePath/Spetses2%20evlahos.jpg,Greece,https://en.wikipedia.org/wiki/Spetses,37.2575,23.14,Greek island of the Argolic Gulf
Q370485,Atalanti Island,islands,http://commons.wikimedia.org/wiki/Special:FilePath/%22%CE%A0%CE%B1%CE%BB%CE%B9%CE%BF%CE%BC%CE%AC%CE%B3%CE%B1%CE%B6%CE%B1%22.JPG,Greece,https://en.wikipedia.org/wiki/Atalanti_Island,38.67222222,23.09583333,island of Greece
Q233576,Epidaurus,history_and_mysteries,http://commons.wikimedia.org/wiki/Special:FilePath/The%20great%20theater%20of%20Epidaurus%2C%20designed%20by%20Polykleitos%20the%20Younger%20in%20the%204th%20century%20BC%2C%20Sanctuary%20of%20Asklepeios%20at%20Epidaurus%2C%20Greece%20%2814015010416%29.jpg,Greece,https://en.wikipedia.org/wiki/Epidaurus,37.597777777,23.074444444,"ancient city in Argolis, Greece"
Q80344,Mount Olympus,national_parks,http://commons.wikimedia.org/wiki/Special:FilePath/Mt%20Olympus%20aerial%202.jpg,Greece,https://en.wikipedia.org/wiki/Mount_Olympus,40.083333333,22.35,"mountain in Elassona municipality, Greece"
Q3063303,Onchestus,cities,http://commons.wikimedia.org/wiki/Special:FilePath/Onchestus%20-%20Proxeny%20decret.JPG,Greece,https://en.wikipedia.org/wiki/Onchestos,38.364863,23.146959,ancient city in Boeotia
Q3180048,Pandosia,cities,http://commons.wikimedia.org/wiki/Special:FilePath/Pandosia.jpg,Greece,https://en.wikipedia.org/wiki/Pandosia_(Epirus),39.252366,20.57434,ancient city of Epirus
Q3305786,Mende,cities,http://commons.wikimedia.org/wiki/Special:FilePath/Archaeological%20site%20of%20Mende%2007.jpg,Greece,https://en.wikipedia.org/wiki/Mende_(Chalcidice),39.971454,23.39806,ancient Greek city
Q5690,Sparta,landmarks,http://commons.wikimedia.org/wiki/Special:FilePath/Sparta.jpg,Greece,https://en.wikipedia.org/wiki/Sparta,37.073678,22.430937,city and city-state in ancient Greece
Q1141669,Olynthus,landmarks,http://commons.wikimedia.org/wiki/Special:FilePath/Ancient%20Olynthos%20Chalkidiki%20-%20Greece%20-%20048.jpg,Greece,https://en.wikipedia.org/wiki/Olynthus,40.292595,23.342665,"ancient city in Chalkidiki, Greece"
Q1150349,Demetrias,landmarks,http://commons.wikimedia.org/wiki/Special:FilePath/Dimitriados%20palace%20Pefkakia.jpg,Greece,https://en.wikipedia.org/wiki/Demetrias,39.34347,22.92415,ancient Greek city of Magnesia
Q1154474,Asine,landmarks,http://commons.wikimedia.org/wiki/Special:FilePath/Asine1jpg.jpg,Greece,https://en.wikipedia.org/wiki/Asine,37.5275,22.8743,ancient Greek city of Argolis
Q1169725,Doriskos,landmarks,http://commons.wikimedia.org/wiki/Special:FilePath/Photo%20Doriskos%201.jpg,Greece,https://en.wikipedia.org/wiki/Doriscus,40.86694444,26.11805556,ancient Thracian city
Q1172948,Daulis,landmarks,http://commons.wikimedia.org/wiki/Special:FilePath/Ruinen%20von%20Daulis%20-%20Schweiger%20Lerchenfeld%20Amand%20%28freiherr%20Von%29%20-%201887.jpg,Greece,https://en.wikipedia.org/wiki/Daulis,38.50996,22.730799,"ancient city of Phokis, in Greece"
Q1231539,Kameiros,landmarks,http://commons.wikimedia.org/wiki/Special:FilePath/Ph.Kamiros%2004.jpg,Greece,https://en.wikipedia.org/wiki/Camirus,36.33622,27.921281,ancient Greek city
Q1249683,Orraon,landmarks,http://commons.wikimedia.org/wiki/Special:FilePath/Orraon.jpg,Greece,https://en.wikipedia.org/wiki/Horreum_(Epirus),39.271293,20.925136,"ruined ancient city in Epirus, Greece"
Q1268859,Eion,landmarks,http://commons.wikimedia.org/wiki/Special:FilePath/Persian%20fort%20at%20Eion%20seen%20from%20Amphipolis.jpg,Greece,https://en.wikipedia.org/wiki/Eion,40.788411,23.855317,"ancient city on the Strymon river, Greece"
Q1317636,Pleuron,landmarks,http://commons.wikimedia.org/wiki/Special:FilePath/Ancient%20theater%20of%20Pleuron%2C%20Aetolia.jpg,Greece,https://en.wikipedia.org/wiki/Pleuron_(Aetolia),38.415309,21.414301,"ancient city in Aitolia, Greece"
Q1328347,Eleutherna (ancient city),landmarks,http://commons.wikimedia.org/wiki/Special:FilePath/Eleutherna%2048.jpg,Greece,https://en.wikipedia.org/wiki/Eleutherna,35.33109,24.6738,archaeological site of Crete
Q1330631,Pherae,landmarks,http://commons.wikimedia.org/wiki/Special:FilePath/Tessalia.png,Greece,https://en.wikipedia.org/wiki/Pherae,39.378696,22.749038,ancient city of Thessaly
Q254087,Kazarma Mycenaean Bridge,bridges,http://commons.wikimedia.org/wiki/Special:FilePath/Arkadiko2.jpg,Greece,https://en.wikipedia.org/wiki/Arkadiko_Bridge,37.59363,22.937556,"stone bridge, one of three, near the modern road from Tiryns to Epidauros in Argolida, Greece"
Q523727,Alamana bridge,bridges,http://commons.wikimedia.org/wiki/Special:FilePath/Bridge%20of%20Alamana%20near%20the%20Spercheius%20near%20Thermopylae%2C%20site%20of%20ancient%20battle%20%E2%80%93%20Skene%20James%20-%201838-1845.jpg,Greece,,38.812395,22.49495401,bridge in Greece
Q593556,University of the Aegean,universities,http://commons.wikimedia.org/wiki/Special:FilePath/Chios%20-%20University%20of%20the%20Aegean.jpg,Greece,https://en.wikipedia.org/wiki/University_of_the_Aegean,39.0851185,26.566794694,university in Greece
Q471828,Pelion railway,museums,http://commons.wikimedia.org/wiki/Special:FilePath/20081101-Pelion-Railway.jpg,Greece,https://en.wikipedia.org/wiki/Pelion_railway,39.325308,23.054399,"scenic heritage railway in Thessaly, Greece"
Q802175,Diakofto–Kalavryta Railway,museums,http://commons.wikimedia.org/wiki/Special:FilePath/Vouraikos-train%20Peloponnese.jpg,Greece,https://en.wikipedia.org/wiki/Diakopto%E2%80%93Kalavryta_railway,38.09431,22.16459,"scenic railway line in Peloponnese, Greece"
Q755341,Athens Stock Exchange,markets,http://commons.wikimedia.org/wiki/Special:FilePath/Old%20Athens%20Stock%20Exchange%20Sofokleous.JPG,Greece,https://en.wikipedia.org/wiki/Athens_Stock_Exchange,37.99028,23.72861,"stock exchange located in Athens, Greece"
Q1435551,Roman Agora of Athens,markets,http://commons.wikimedia.org/wiki/Special:FilePath/Athens%20Roman%20Agora.jpg,Greece,https://en.wikipedia.org/wiki/Roman_Agora,37.974167,23.726111,ancient square in Athens
Q14751215,Ancient agora of Kos,markets,http://commons.wikimedia.org/wiki/Special:FilePath/AgoraKosstadt.jpg,Greece,,36.89333344,27.29055595,
Q16932289,Roman Agora of Thessaloniki,markets,http://commons.wikimedia.org/wiki/Special:FilePath/The%20Roman%20forum.jpg,Greece,https://en.wikipedia.org/wiki/Roman_Forum_(Thessaloniki),40.637771,22.945767,"historic Roman plaza in Thessaloniki, Greece"
Q27568148,Agora of the Delians,markets,http://commons.wikimedia.org/wiki/Special:FilePath/Agora%20of%20Delians%2C%20143364.jpg,Greece,,37.399444444,25.267222222,
Q27568253,"Agora of Theophrastos, Delos",markets,http://commons.wikimedia.org/wiki/Special:FilePath/%C3%80gora%20de%20Teofrast%20inundada%2C%20Delos.JPG,Greece,,37.401111111,25.265833333,ancient marketplace on Delos
Q27663929,Agora of the Competaliasts,markets,http://commons.wikimedia.org/wiki/Special:FilePath/Agora%20of%20the%20Competaliasts%2001%20%28cropped%29.jpg,Greece,https://en.wikipedia.org/wiki/Agora_of_the_Competaliasts,37.399,25.2663,"ancient Greek marketplace on the island of Delos, Greece"
Q27663965,Agora of the Italians (Delos),markets,http://commons.wikimedia.org/wiki/Special:FilePath/Agora%20of%20the%20Italians%2C%20Delos%2001.jpg,Greece,,37.40174,25.26751,
Q38281281,Ancient Agora of Argos,markets,http://commons.wikimedia.org/wiki/Special:FilePath/Ancient%20Argos%20-%20Agora%201.jpg,Greece,,37.630634,22.721035,archaeological site in Greece
Q125490961,Ancient Agora of Messene,markets,http://commons.wikimedia.org/wiki/Special:FilePath/The%20Stoa%20of%20the%20Meatmarket%20%28Messene%29%20on%20October%2029%2C%202020.jpg,Greece,,37.1768231,21.9207214,archaeological site in Greece
Q339295,Uunartoq Qeqertaq,islands,http://commons.wikimedia.org/wiki/Special:FilePath/Uunartoq%20qeqertoq%202006.JPG,Greenland,https://en.wikipedia.org/wiki/Uunartoq_Qeqertaq,71.483333333,-21.85,island
Q224374,Kangerdlugssuaq Glacier,glaciers,http://commons.wikimedia.org/wiki/Special:FilePath/Southeast%20Greenland%20M%C3%A9lange%20%285669763467%29.jpg,Greenland,https://en.wikipedia.org/wiki/Kangerlussuaq_Glacier,68.65444444,-33.03861111,glacier in Greenland
Q525281,Mount Saint Catherine,natural,http://commons.wikimedia.org/wiki/Special:FilePath/Mount%20Saint%20Catherine%20Summit.jpg,Grenada,https://en.wikipedia.org/wiki/Mount_Saint_Catherine_(Grenada),12.162222222,-61.675277777,mountain
Q589550,Mundo Maya International Airport,airports,http://commons.wikimedia.org/wiki/Special:FilePath/Aeropuerto%20Internacional%20Mundo%20Maya%20-%20Guatemala%203.jpg,Guatemala,https://en.wikipedia.org/wiki/Mundo_Maya_International_Airport,16.9138,-89.866383,Guatemalan airport Flores located in the Petén department
Q204657,Santa María,peaks,http://commons.wikimedia.org/wiki/Special:FilePath/Santiaguito%20from%20Santamaria.jpg,Guatemala,https://en.wikipedia.org/wiki/Santa_Mar%C3%ADa_(volcano),14.755833333,-91.551944444,active volcano in Guatemala
Q1327687,Volcán de Agua,volcanoes,http://commons.wikimedia.org/wiki/Special:FilePath/VolcanAguaPascuas.jpg,Guatemala,https://en.wikipedia.org/wiki/Volc%C3%A1n_de_Agua,14.465,-90.742777777,volcano in Guatemala
Q338192,Acatenango,volcanoes,http://commons.wikimedia.org/wiki/Special:FilePath/Volcan%20de%20Fuego%20y%20Acatenango.jpg,Guatemala,https://en.wikipedia.org/wiki/Acatenango,14.500833333,-90.875833333,mountain
Q1555,Guatemala City,cities,http://commons.wikimedia.org/wiki/Special:FilePath/Buildings%20in%20Guatemala%20City.jpg,Guatemala,https://en.wikipedia.org/wiki/Guatemala_City,14.641666666,-90.513333333,capital and largest city of the Republic of Guatemala
Q1509537,Takalik Abaj,natural,http://commons.wikimedia.org/wiki/Special:FilePath/ESTRUCTURA%2012%20MUSEO%20AL%20AIRE%20LIBRE%20FACHADA%20OESTE%20-%20TAKALIK%20ABAJ.png,Guatemala,https://en.wikipedia.org/wiki/Takalik_Abaj,14.645833333,-91.736111111,pre-Columbian archaeological site in Guatemala
Q155252,Castle Cornet,castles,http://commons.wikimedia.org/wiki/Special:FilePath/Castle%20Cornet%2C%20Guernsey.jpg,Guernsey,https://en.wikipedia.org/wiki/Castle_Cornet,49.452997222,-2.526333333,island castle in Guernsey
Q1476395,Alderney Railway,museums,http://commons.wikimedia.org/wiki/Special:FilePath/Alderney%20Train.JPG,Guernsey,https://en.wikipedia.org/wiki/Alderney_Railway,49.718,-2.2,"railway in Guernsey, Channel Islands, UK"
Q3733,Conakry,cities,http://commons.wikimedia.org/wiki/Special:FilePath/Un%20aper%C3%A7u%20de%20la%20ville%20de%20conakry.jpg,Guinea,https://en.wikipedia.org/wiki/Conakry,9.509166666,-13.712222222,capital of Guinea
Q3739,Bissau,cities,http://commons.wikimedia.org/wiki/Special:FilePath/20130610%20-%20Monumento%20aos%20Her%C3%B3is%20da%20Independ%C3%AAncia.jpg,Guinea-Bissau,https://en.wikipedia.org/wiki/Bissau,11.86,-15.583333333,capital city of Guinea-Bissau
Q10717,Georgetown,cities,http://commons.wikimedia.org/wiki/Special:FilePath/St%20George%27s%20Cathedral.jpg,Guyana,"https://en.wikipedia.org/wiki/Georgetown,_Guyana",6.805833333,-58.150833333,capital city of Guyana
Q292606,Île à Vache,islands,http://commons.wikimedia.org/wiki/Special:FilePath/Ile-a-Vache%20-%20Haiti.jpg,Haiti,https://en.wikipedia.org/wiki/%C3%8Ele-%C3%A0-Vache,18.071388888,-73.63,island
Q930733,Toncontín International Airport,airports,http://commons.wikimedia.org/wiki/Special:FilePath/ToncontinTerminal.jpg,Honduras,https://en.wikipedia.org/wiki/Toncont%C3%ADn_International_Airport,14.061094444,-87.217588888,airport
Q555952,Juan Manuel Gálvez International Airport,airports,http://commons.wikimedia.org/wiki/Special:FilePath/Roatan%20International%20Airport.jpg,Honduras,https://en.wikipedia.org/wiki/Juan_Manuel_G%C3%A1lvez_International_Airport,16.317316666,-86.526380555,"airport in Roatán, Honduras"
Q1324660,Tiger Island,volcanoes,http://commons.wikimedia.org/wiki/Special:FilePath/Isla%20del%20Tigre%20vista%20desde%20Coyolito.jpg,Honduras,https://en.wikipedia.org/wiki/Tiger_Island,13.265555555,-87.637777777,mountain
Q614124,Central American Technological University,universities,http://commons.wikimedia.org/wiki/Special:FilePath/Logo-unitec-color.webp,Honduras,https://en.wikipedia.org/wiki/Central_American_Technological_University,14.04933333,-87.17378889,"university in Tegucigalpa, Honduras"
Q500945,Budapest Ferenc Liszt International Airport,airports,http://commons.wikimedia.org/wiki/Special:FilePath/Aeropark%20l%C3%A9gi%20felv%C3%A9telen.jpg,Hungary,https://en.wikipedia.org/wiki/Budapest_Ferenc_Liszt_International_Airport,47.439444444,19.261944444,"airport in Budapest, Hungary"
Q543703,Danube-Ipoly National Park,national_parks,http://commons.wikimedia.org/wiki/Special:FilePath/Dobogoko%20kilatas.jpg,Hungary,https://en.wikipedia.org/wiki/Danube-Ipoly_National_Park,47.76666667,18.95,national park of Hungary
Q755681,Várpalota,cities,http://commons.wikimedia.org/wiki/Special:FilePath/V%C3%A1rpalota1.jpg,Hungary,https://en.wikipedia.org/wiki/V%C3%A1rpalota,47.197222222,18.139444444,town in Hungary
Q1016109,Burgus Budakalász-Luppa csárda,cities,http://commons.wikimedia.org/wiki/Special:FilePath/Budakal%C3%A1sz%20burgus.png,Hungary,,47.62231111,19.08516944,burgus
Q1016117,Burgus Dunakömlőd,cities,http://commons.wikimedia.org/wiki/Special:FilePath/Dunak%C3%B6ml%C5%91d%20l%C3%A9gifot%C3%B34.jpg,Hungary,,46.63911,18.887684,burgus
Q1016120,Burgus Leányfalu,cities,http://commons.wikimedia.org/wiki/Special:FilePath/Burgus%20Le%C3%A1nyfalu%20-%20Burgus%20Cirpi%202%20-%20Blick%20von%20S%C3%BCden.jpg,Hungary,,47.71714444,19.0885,burgus
Q1016124,Burgus Szigetmonostor-Horány,cities,http://commons.wikimedia.org/wiki/Special:FilePath/Burgus%20Szigetmonostor-Hor%C3%A1ny%20-%203.jpg,Hungary,,47.65848,19.11246,burgus
Q1781,Budapest,cities,http://commons.wikimedia.org/wiki/Special:FilePath/Budapest%2C%20Hungary%20%28explored%29%20%2814995308504%29.jpg,Hungary,https://en.wikipedia.org/wiki/Budapest,47.498333333,19.040833333,capital and largest city of Hungary
Q3599,Bicske,cities,http://commons.wikimedia.org/wiki/Special:FilePath/Bicske%20-%20Palace.jpg,Hungary,https://en.wikipedia.org/wiki/Bicske,47.490738888,18.63625,"town in Fejér county, Hungary"
Q14424,Nagykanizsa,cities,http://commons.wikimedia.org/wiki/Special:FilePath/Nagykanizsa2.jpg,Hungary,https://en.wikipedia.org/wiki/Nagykanizsa,46.455833333,16.9975,"city in Zala county, Hungary"
Q264599,Sümeg Castle,castles,http://commons.wikimedia.org/wiki/Special:FilePath/Hungary%2C%20S%C3%BCmeg%20Castle.jpg,Hungary,https://en.wikipedia.org/wiki/Castle_of_S%C3%BCmeg,46.98222222,17.28222222,"castle in Sümeg, Hungary"
Q127028,Castle of Somló,castles,http://commons.wikimedia.org/wiki/Special:FilePath/Burg%20Soml%C3%B3.jpg,Hungary,,47.150516,17.370222,Hungarian castle
Q509841,Alfréd Hajós National Swimming Stadium,stadiums,http://commons.wikimedia.org/wiki/Special:FilePath/Budapest%20Hajos%20Alfred%20Sportuszoda%20IMG%200458-1000.jpg,Hungary,https://en.wikipedia.org/wiki/Alfr%C3%A9d_Haj%C3%B3s_National_Swimming_Stadium,47.52138889,19.04277778,Pool complex in Budapest (Hungary)
Q599516,Révész Street Stadium,stadiums,http://commons.wikimedia.org/wiki/Special:FilePath/R%C3%A9v%C3%A9sz%20G%C3%A9za%20utcai%20Stadion.jpg,Hungary,https://en.wikipedia.org/wiki/R%C3%A9v%C3%A9sz_G%C3%A9za_utcai_Stadion,46.909166666,18.061388888,"stadium in Siófok, Hungary"
Q259307,Hidegkuti Nándor Stadion,stadiums,http://commons.wikimedia.org/wiki/Special:FilePath/MTK%20stadion%20-%20l%C3%A9gi%20fot%C3%B3.jpg,Hungary,https://en.wikipedia.org/wiki/Hidegkuti_N%C3%A1ndor_Stadion,47.490919444,19.106725,"multi-purpose stadium in Józsefváros, Budapest, Hungary"
Q263035,Káposztás Street Stadium,stadiums,http://commons.wikimedia.org/wiki/Special:FilePath/K%C3%A1poszt%C3%A1s%20utcai%20Stadion%202025%20No5.jpg,Hungary,https://en.wikipedia.org/wiki/K%C3%A1poszt%C3%A1s_utcai_Stadion,47.69171,16.583691,"sports venue in Sopron, Hungary"
Q255285,Pázmány Péter Catholic University,universities,http://commons.wikimedia.org/wiki/Special:FilePath/Budapest%20P%C3%A1zm%C3%A1ny%20P%C3%A9ter%20Egyetem%20Szentkir%C3%A1lyi%20utca.jpg,Hungary,https://en.wikipedia.org/wiki/P%C3%A1zm%C3%A1ny_P%C3%A9ter_Catholic_University,47.491651055,19.065862527,university
Q606815,University of Pannonia,universities,http://commons.wikimedia.org/wiki/Special:FilePath/Veszpremi%20Egyetem%20B.JPG,Hungary,https://en.wikipedia.org/wiki/University_of_Pannonia,47.08861111,17.90805556,university
Q1031477,Gödöllő University of Agricultural Sciences,universities,http://commons.wikimedia.org/wiki/Special:FilePath/Magyar%20Agr%C3%A1r-%20%C3%A9s%20%C3%89lettudom%C3%A1nyi%20Egyetem%20-%20l%C3%A9gi%20fot%C3%B3.jpg,Hungary,,47.593056,19.361389,former Hungarian university (1948-1999)
Q339765,Yakovalı Hasan Paşa Mosque,museums,http://commons.wikimedia.org/wiki/Special:FilePath/Jakov%C3%A1li%20Hassz%C3%A1n%20dzs%C3%A1mija.JPG,Hungary,https://en.wikipedia.org/wiki/Yakoval%C4%B1_Hasan_Pa%C5%9Fa_Mosque,46.074125,18.22106111,mosque in Hungary
Q372376,House of Terror Museum,museums,http://commons.wikimedia.org/wiki/Special:FilePath/Peace%20March%20for%20Hungary%20-%202013.10.23%20%2870%29.JPG,Hungary,https://en.wikipedia.org/wiki/House_of_Terror,47.506833333,19.065138888,"museum about about terror regimes in Budapest, Hungary"
Q850862,Buda Castle Tunnel,space,http://commons.wikimedia.org/wiki/Special:FilePath/Budapest%20-%20Budai%20V%C3%A1ralag%C3%BAt%20%2838481946321%29.jpg,Hungary,,47.4975,19.0375,
Q139921,Keflavík Airport,airports,http://commons.wikimedia.org/wiki/Special:FilePath/SSJ100%20Keflavik%20runways%20%285160518757%29.jpg,Iceland,https://en.wikipedia.org/wiki/Keflav%C3%ADk_International_Airport,63.985,-22.605555555,"international airport serving Reykjavík, Iceland"
Q1483537,Snæfell,peaks,http://commons.wikimedia.org/wiki/Special:FilePath/Sn%C3%A6fell%20%40%20Tittlingafell%2002.jpg,Iceland,https://en.wikipedia.org/wiki/Sn%C3%A6fell_(M%C3%BAla%C3%BEing),64.79716667,-15.5755,"mountain in Iceland, Austurland"
Q163890,Prestahnúkur,peaks,http://commons.wikimedia.org/wiki/Special:FilePath/Geitlandsj%C3%B6kull%201.JPG,Iceland,https://en.wikipedia.org/wiki/Prestahn%C3%BAkur,64.6,-20.58,mountain in Iceland
Q182913,Grímsvötn,peaks,http://commons.wikimedia.org/wiki/Special:FilePath/Iceland%20Grimsvoetn%201972-B.jpg,Iceland,https://en.wikipedia.org/wiki/Gr%C3%ADmsv%C3%B6tn,64.42,-17.33,volcano in Iceland
Q184975,Hekla,peaks,http://commons.wikimedia.org/wiki/Special:FilePath/2006-05-21-153901%20Iceland%20St%C3%B3rin%C3%BApur.jpg,Iceland,https://en.wikipedia.org/wiki/Hekla,63.992222222,-19.665833333,stratovolcano in southern Iceland
Q201914,Katla,peaks,http://commons.wikimedia.org/wiki/Special:FilePath/Katla%201918.jpg,Iceland,https://en.wikipedia.org/wiki/Katla_(volcano),63.633333333,-19.05,volcano in Iceland
Q211665,Askja,peaks,http://commons.wikimedia.org/wiki/Special:FilePath/Island%20Askja.jpg,Iceland,https://en.wikipedia.org/wiki/Askja,65.03,-16.75,stratovolcano situated in a remote part of the central highlands of Iceland
Q280822,Brennisteinsalda,peaks,http://commons.wikimedia.org/wiki/Special:FilePath/Landmannalaugar%20Iceland%202005%202.JPG,Iceland,https://en.wikipedia.org/wiki/Brennisteinsalda,63.980833,-19.145833,mountain in Iceland
Q298119,Öræfajökull,peaks,http://commons.wikimedia.org/wiki/Special:FilePath/%C3%96r%C3%A6faj%C3%B6kull%20-%20Mapillary%20%28520905752282052%29.jpg,Iceland,https://en.wikipedia.org/wiki/%C3%96r%C3%A6faj%C3%B6kull,64.025436111,-16.642063888,volcano in south-eastern Iceland
Q335498,Þorbjörn,peaks,http://commons.wikimedia.org/wiki/Special:FilePath/Grindav%C3%ADk05.jpg,Iceland,https://en.wikipedia.org/wiki/%C3%9Eorbj%C3%B6rn_(mountain),63.86581082,-22.43661668,mountain in Iceland
Q335699,Þríhnúkagígur,peaks,http://commons.wikimedia.org/wiki/Special:FilePath/Iceland%20thrihnukagigur-volcano%20crater.jpg,Iceland,https://en.wikipedia.org/wiki/Thrihnukagigur,63.99833333,-21.69888889,Volcano in Iceland
Q1141849,Helgafell,volcanoes,http://commons.wikimedia.org/wiki/Special:FilePath/Helgafell%2C%20Heimaey%2C%20Islas%20Vestman%2C%20Su%C3%B0urland%2C%20Islandia%2C%202014-08-17%2C%20DD%20013.JPG,Iceland,https://en.wikipedia.org/wiki/Helgafell_(Vestmannaeyjab%C3%A6r),63.4293,-20.2601,volcanic cone on Heimaey Island
Q1288839,Svartsengi,volcanoes,http://commons.wikimedia.org/wiki/Special:FilePath/View%20from%20%C3%9Eorbj%C3%B6rn%2C%20Iceland%2C%2020230430%201524%203653.jpg,Iceland,https://en.wikipedia.org/wiki/Eldv%C3%B6rp%E2%80%93Svartsengi,63.87766,-22.44816,volcanic system in Iceland
Q1315012,Snæfellsjökull,volcanoes,http://commons.wikimedia.org/wiki/Special:FilePath/Sn%C3%A6fellsj%C3%B6kull%20in%20the%20Morning%20%287622876302%29%20%28cropped%29.jpg,Iceland,https://en.wikipedia.org/wiki/Sn%C3%A6fellsj%C3%B6kull,64.807120486,-23.77622792,mountain in Iceland
Q1367704,Esjufjöll,volcanoes,http://commons.wikimedia.org/wiki/Special:FilePath/Zodiac%20Boat%20on%20J%C3%B6kuls%C3%A1rl%C3%B3n%20-%202013.08%20-%20panoramio%20%28cropped%29.jpg,Iceland,https://en.wikipedia.org/wiki/Esjufj%C3%B6ll,64.254444444,-16.538055555,mountain
Q1413846,Hengill,volcanoes,http://commons.wikimedia.org/wiki/Special:FilePath/Hengill%20behind%20Hveragerdi.jpg,Iceland,https://en.wikipedia.org/wiki/Hengill,64.085555555,-21.313611111,mountain
Q1432927,Tindfjallajökull,volcanoes,http://commons.wikimedia.org/wiki/Special:FilePath/Tindfjallaj%C3%B6kull%20from%20aeroplane.jpg,Iceland,https://en.wikipedia.org/wiki/Tindfjallaj%C3%B6kull,63.792777777,-19.580555555,glacier in Iceland
Q1435038,Kverkfjöll,volcanoes,http://commons.wikimedia.org/wiki/Special:FilePath/Kverkfj%C3%B6ll%20%40%20Langihnj%C3%BAkur%2002.jpg,Iceland,https://en.wikipedia.org/wiki/Kverkfj%C3%B6ll,64.661112247,-16.665428258,mountain
Q1474799,Torfajökull,volcanoes,http://commons.wikimedia.org/wiki/Special:FilePath/Landmannalaugar%201%20Iceland%20zoom.jpg,Iceland,https://en.wikipedia.org/wiki/Torfaj%C3%B6kull,63.894166666,-19.010277777,volcano in Iceland
Q1545699,Grensdalur,volcanoes,http://commons.wikimedia.org/wiki/Special:FilePath/Hveragerdi6.jpg,Iceland,https://en.wikipedia.org/wiki/Grensdalur,64.04649,-21.190626,volcano in Iceland
Q291004,Highlands of Iceland,deserts,http://commons.wikimedia.org/wiki/Special:FilePath/Iceland%20Landscape%204568.JPG,Iceland,https://en.wikipedia.org/wiki/Highlands_of_Iceland,64.84,-18.11,area in Iceland
Q174970,Hálslón reservoir,lakes,http://commons.wikimedia.org/wiki/Special:FilePath/KH2007-07-17-3468Wide.JPG,Iceland,https://en.wikipedia.org/wiki/H%C3%A1lsl%C3%B3n_Reservoir,64.828983336,-15.867303428,reservoir in Iceland
Q335940,Þórisvatn,lakes,http://commons.wikimedia.org/wiki/Special:FilePath/Hofsj%C3%B6kull%201%20Iceland.JPG,Iceland,https://en.wikipedia.org/wiki/%C3%9E%C3%B3risvatn,64.282023427,-18.872927609,lake in Iceland
Q330216,Úlfljótsvatn,lakes,http://commons.wikimedia.org/wiki/Special:FilePath/Ulflotsvatn%20Lake%20Church%20and%20Power%20Plant.jpg,Iceland,https://en.wikipedia.org/wiki/%C3%9Alflj%C3%B3tsvatn_(lake),64.111101251,-21.035502273,"lake in Southern Region, Iceland"
Q335432,Þingvallavatn,lakes,http://commons.wikimedia.org/wiki/Special:FilePath/2008-05-25%2013%2034%2017%20Iceland-%C3%9Eingvellir.jpg,Iceland,https://en.wikipedia.org/wiki/%C3%9Eingvallavatn,64.188518665,-21.157322409,lake in southwestern Iceland
Q335859,Q335859,lakes,http://commons.wikimedia.org/wiki/Special:FilePath/%C3%9E%C3%B3rissta%C3%B0avatn%20s.jpg,Iceland,,64.440222456,-21.555645851,lake in Iceland
Q388709,Apavatn,lakes,http://commons.wikimedia.org/wiki/Special:FilePath/Laugarvatn01.jpg,Iceland,https://en.wikipedia.org/wiki/Apavatn,64.174906369,-20.656053823,lake in southern Iceland
Q210280,Dettifoss,waterfalls,http://commons.wikimedia.org/wiki/Special:FilePath/Dettifoss%20Panorama%2003.jpg,Iceland,https://en.wikipedia.org/wiki/Dettifoss,65.81430007,-16.38461058,waterfall
Q279439,Systrafoss,waterfalls,http://commons.wikimedia.org/wiki/Special:FilePath/Systrafoss.JPG,Iceland,https://en.wikipedia.org/wiki/Systrafoss,63.787650388,-18.060537772,waterfall
Q281535,Dynjandi,waterfalls,http://commons.wikimedia.org/wiki/Special:FilePath/Cascada%20Dynjandi%2C%20Vestfir%C3%B0ir%2C%20Islandia%2C%202014-08-14%2C%20DD%20148-150%20HDR.JPG,Iceland,https://en.wikipedia.org/wiki/Dynjandi,65.732806301,-23.199338999,"series of waterfalls located in the Westfjords, Iceland"
Q292937,Ófærufoss,waterfalls,http://commons.wikimedia.org/wiki/Special:FilePath/Ofaerufoss%202013.JPG,Iceland,https://en.wikipedia.org/wiki/%C3%93f%C3%A6rufoss,63.9655,-18.61875,waterfall in Iceland
Q307675,Öxarárfoss,waterfalls,http://commons.wikimedia.org/wiki/Special:FilePath/%C3%96xar%C3%A1rfoss%2C%20Parque%20Nacional%20de%20%C3%9Eingvellir%2C%20Su%C3%B0urland%2C%20Islandia%2C%202014-08-16%2C%20DD%20029.JPG,Iceland,https://en.wikipedia.org/wiki/%C3%96xar%C3%A1rfoss,64.26582,-21.11804,waterfall in Iceland
Q427971,Hraunfossar,waterfalls,http://commons.wikimedia.org/wiki/Special:FilePath/Pano%20Hraunfossar.jpg,Iceland,https://en.wikipedia.org/wiki/Hraunfossar,64.702786455,-20.979846977,waterfall in Iceland
Q324541,Eldey,islands,http://commons.wikimedia.org/wiki/Special:FilePath/Eldey%20close.jpg,Iceland,https://en.wikipedia.org/wiki/Eldey,63.740888888,-22.957555555,island in Iceland
Q335883,Þórisjökull,glaciers,http://commons.wikimedia.org/wiki/Special:FilePath/Thorisj%C3%B6kull%20glacier%20iceland.JPG,Iceland,https://en.wikipedia.org/wiki/%C3%9E%C3%B3risj%C3%B6kull,64.541944444,-20.715555555,glacier in Iceland
Q14453,Egilsstaðir,cities,http://commons.wikimedia.org/wiki/Special:FilePath/Egilssta%C3%B0ir%202023.jpg,Iceland,https://en.wikipedia.org/wiki/Egilssta%C3%B0ir,65.26666667,-14.4,town in Iceland
Q1764,Reykjavík,cities,http://commons.wikimedia.org/wiki/Special:FilePath/Reykjav%C3%ADk%205545%20%28cropped%29.JPG,Iceland,https://en.wikipedia.org/wiki/Reykjav%C3%ADk,64.1475,-21.935,capital and largest city in Iceland
Q29042,Akureyri,cities,http://commons.wikimedia.org/wiki/Special:FilePath/Akureyri-08-Panorama-2018-gje.jpg,Iceland,https://en.wikipedia.org/wiki/Akureyri,65.68353,-18.0878,town in Iceland
Q216846,Great Geysir,natural,http://commons.wikimedia.org/wiki/Special:FilePath/Geysir%2C%20Geysir%20geothermal%20field%2C%202019.jpg,Iceland,https://en.wikipedia.org/wiki/Geysir,64.313834,-20.299494,geyser in southwestern Iceland
Q626642,Víðgelmir,natural,http://commons.wikimedia.org/wiki/Special:FilePath/Vidgelmir-01.jpg,Iceland,https://en.wikipedia.org/wiki/V%C3%AD%C3%B0gelmir,64.750420791,-20.801356123,Lava tube in Iceland
Q653324,Ljótipollur,natural,http://commons.wikimedia.org/wiki/Special:FilePath/Lj%C3%B3tipollur%20%28Landmannalaugar%2C%20Islandia%29%20-%20panoramio.jpg,Iceland,,64.035320362,-18.998222161,crater lake in Iceland
Q1128186,Strokkur,natural,http://commons.wikimedia.org/wiki/Special:FilePath/Strokkur%20Geysir%20%2814135319580%29%20%28cropped%29.jpg,Iceland,https://en.wikipedia.org/wiki/Strokkur,64.312679,-20.30075,geyser in Iceland
Q1435393,Kerið,natural,http://commons.wikimedia.org/wiki/Special:FilePath/Kerid-08-Krater-1980-gje.jpg,Iceland,https://en.wikipedia.org/wiki/Keri%C3%B0,64.0408,-20.8847,volcanic crater lake in the Grímsnes area in south Iceland
Q292944,Múlagöng,space,http://commons.wikimedia.org/wiki/Special:FilePath/M%C3%BAlag%C3%B6ng-west2010.jpg,Iceland,https://en.wikipedia.org/wiki/M%C3%BAlag%C3%B6ng,66.0802198,-18.5687694,Road tunnel on Route 82 in Iceland
Q56935,Tiruchirappalli Airport,airports,http://commons.wikimedia.org/wiki/Special:FilePath/TRZ%20NITB.jpg,India,https://en.wikipedia.org/wiki/Tiruchirappalli_International_Airport,10.765833,78.714722,"Airport in Tiruchirappalli, India"
Q592172,Cochin International Airport,airports,http://commons.wikimedia.org/wiki/Special:FilePath/AIX%20at%20COK.jpg,India,https://en.wikipedia.org/wiki/Cochin_International_Airport,10.15194444,76.40194444,"international airport serving Cochin, India"
Q385356,Sri Guru Ram Dass Jee International Airport,airports,http://commons.wikimedia.org/wiki/Special:FilePath/Amritsar%20Airport%20Entrance.jpg,India,https://en.wikipedia.org/wiki/Sri_Guru_Ram_Das_Ji_International_Airport,31.707777777,74.799166666,"international airport serving Amritsar, Punjab, India and located at Raja Sansi, 11 km (6.8 mi) northwest from the city centre"
Q388535,Netaji Subhas Chandra Bose International Airport,airports,http://commons.wikimedia.org/wiki/Special:FilePath/External%20view%20of%20Netaji%20Subhas%20Chandra%20Bose%20International%20Airport.jpg,India,https://en.wikipedia.org/wiki/Netaji_Subhas_Chandra_Bose_International_Airport,22.653888888,88.446666666,"International airport in Kolkata, India"
Q401700,Sardar Vallabhbhai Patel International Airport,airports,http://commons.wikimedia.org/wiki/Special:FilePath/Sardar%20Vallabhbhai%20Patel%20International%20Airport%2C%20Ahmedabad%2C%20India%203.jpg,India,https://en.wikipedia.org/wiki/Ahmedabad_Airport,23.077222222,72.634722222,"airport in Ahmedabad, India"
Q502670,Chennai International Airport,airports,http://commons.wikimedia.org/wiki/Special:FilePath/Chennai%20airport%20view%204.jpeg,India,https://en.wikipedia.org/wiki/Chennai_International_Airport,12.982222222,80.163611111,"airport in Chennai, India"
Q503364,Kempegowda International Airport,airports,http://commons.wikimedia.org/wiki/Special:FilePath/Bengaluru-airport.jpg,India,https://en.wikipedia.org/wiki/Kempegowda_International_Airport,13.198888888,77.705555555,"International airport serving Bengaluru, Karnataka, India."
Q504368,Chhatrapati Shivaji Maharaj International Airport,airports,http://commons.wikimedia.org/wiki/Special:FilePath/Terminal%201C%20Overview.jpg,India,https://en.wikipedia.org/wiki/Chhatrapati_Shivaji_Maharaj_International_Airport,19.088611111,72.868055555,"airport in Mumbai, India"
Q505572,Coimbatore Airport,airports,http://commons.wikimedia.org/wiki/Special:FilePath/Arrival%20terminal%20at%20CJB.JPG,India,https://en.wikipedia.org/wiki/Coimbatore_International_Airport,11.030528,77.041888,"International Airport in Coimbatore, India"
Q531481,Gaya Airport,airports,http://commons.wikimedia.org/wiki/Special:FilePath/Gaya%20Airport%20GAY.jpg,India,https://en.wikipedia.org/wiki/Gaya_Airport,24.744444444,84.951111111,airport in India
Q573547,Calicut International Airport,airports,http://commons.wikimedia.org/wiki/Special:FilePath/%E0%B4%95%E0%B4%B0%E0%B4%BF%E0%B4%AA%E0%B5%8D%E0%B4%AA%E0%B5%81%E0%B4%B0%E0%B5%8D%E2%80%8D%20%E0%B4%B5%E0%B4%BF%E0%B4%AE%E0%B4%BE%E0%B4%A8%E0%B4%A4%E0%B5%8D%E0%B4%A4%E0%B4%BE%E0%B4%B5%E0%B4%B3%E0%B4%82.jpg,India,https://en.wikipedia.org/wiki/Kozhikode_International_Airport,11.136111111,75.955,"airport in Malappuram, Kerala, India"
Q172691,Thar Desert,deserts,http://commons.wikimedia.org/wiki/Special:FilePath/Thar%20desert%20Rajasthan%20India.jpg,India,https://en.wikipedia.org/wiki/Thar_Desert,26.984444444,71.001666666,"large, arid region in India and Pakistan"
Q200119,Ujjain,history_and_mysteries,http://commons.wikimedia.org/wiki/Special:FilePath/Mahakal%20Temple%20Ujjain.JPG,India,https://en.wikipedia.org/wiki/Ujjain,23.182777777,75.777222222,ancient city beside the Kshipra River in the central Indian state of Madhya Pradesh
Q75254,Sasthamcotta Lake,lakes,http://commons.wikimedia.org/wiki/Special:FilePath/Keralaback%20%2873%29.JPG,India,https://en.wikipedia.org/wiki/Sasthamcotta_Lake,9.03,76.63,"lake in Kerala, India"
Q325391,Dal Lake,lakes,http://commons.wikimedia.org/wiki/Special:FilePath/Dal%20LakeVR.jpg,India,https://en.wikipedia.org/wiki/Dal_Lake,34.12,74.87,"lake in Srinagar, Jammu and Kashmir, India"
Q37694,Telhar,waterfalls,http://commons.wikimedia.org/wiki/Special:FilePath/TelharFallKaimurBihar.jpg,India,https://en.wikipedia.org/wiki/Telhar,24.832635,83.530961,waterfall
Q37729,Hogenakkal Falls,waterfalls,http://commons.wikimedia.org/wiki/Special:FilePath/Hogenakkal%20Falls%20Close.jpg,India,https://en.wikipedia.org/wiki/Hogenakkal_Falls,12.1192,77.774,waterfall
Q37742,Bahuti Falls,waterfalls,http://commons.wikimedia.org/wiki/Special:FilePath/Bahuti%20waterfall%20Rewa.JPG,India,https://en.wikipedia.org/wiki/Bahuti_Falls,24.7609,81.8289,waterfall
Q37749,Monkey Falls,waterfalls,http://commons.wikimedia.org/wiki/Special:FilePath/Monkey%20Falls%2C%20Coimbatore.JPG,India,https://en.wikipedia.org/wiki/Monkey_Falls,10.457805555,76.968888888,waterfall in India
Q37763,Siruvani Waterfalls,waterfalls,http://commons.wikimedia.org/wiki/Special:FilePath/Siruvani%20Falls%20above%20bathing%20area.jpg,India,https://en.wikipedia.org/wiki/Siruvani_Waterfalls,10.938011111,76.687177777,waterfall
Q382737,Talakona,waterfalls,http://commons.wikimedia.org/wiki/Special:FilePath/Talakona%20Waterfalls%20near%20Tirupati%20India.jpg,India,https://en.wikipedia.org/wiki/Talakona,13.811666666,79.215555555,waterfall in India
Q3461655,Perunthenaruvi Falls,waterfalls,http://commons.wikimedia.org/wiki/Special:FilePath/Perunthenaruvi01.jpg,India,https://en.wikipedia.org/wiki/Perunthenaruvi_Falls,9.41314167,76.87630556,"waterfall in Kerala, India"
Q3595210,Adyanpara Falls,waterfalls,http://commons.wikimedia.org/wiki/Special:FilePath/Adhyan%20para%20water%20fall.jpg,India,https://en.wikipedia.org/wiki/Adyanpara_Falls,11.35480833,76.20338333,"catching waterfall in Kerala, India"
Q3595681,Meenmutty Falls,waterfalls,http://commons.wikimedia.org/wiki/Special:FilePath/Meenmutty%20Falls%20Wayanad.JPG,India,https://en.wikipedia.org/wiki/Meenmutty_Falls_(Wayanad),11.728,75.886,"waterfall in Banasura Hills, Padinjarathara, Wayanad district, Kerala, India"
Q3631209,Nohkalikai Falls,waterfalls,http://commons.wikimedia.org/wiki/Special:FilePath/Nohkalikai%20fall.JPG,India,https://en.wikipedia.org/wiki/Nohkalikai_Falls,25.275519444,91.686680555,"waterfall in Meghalaya, India"
Q3694612,Hundru Falls,waterfalls,http://commons.wikimedia.org/wiki/Special:FilePath/Hundru.jpg,India,https://en.wikipedia.org/wiki/Hundru_Falls,23.45,85.65,"waterfall on the Subarnarekha River in Jharkhand, India"
Q3307729,Drang-Drung Glacier,glaciers,http://commons.wikimedia.org/wiki/Special:FilePath/Drang-Drung-Glacier.jpg,India,https://en.wikipedia.org/wiki/Drang-Drung_Glacier,33.755213888,76.300963888,glacier in India
Q333946,Siachen Glacier,glaciers,http://commons.wikimedia.org/wiki/Special:FilePath/Siachen%20glacier%203.jpg,India,https://en.wikipedia.org/wiki/Siachen_Glacier,35.19861,77.20139,glacier located in the eastern Karakoram range in the Himalayas
Q806310,Bandhavgarh National Park,national_parks,http://commons.wikimedia.org/wiki/Special:FilePath/Tigress%20in%20Bandhavgarh%20NP.jpg,India,https://en.wikipedia.org/wiki/Bandhavgarh_National_Park,23.69944444,80.96194444,national park
Q880724,Blackbuck National Park,national_parks,http://commons.wikimedia.org/wiki/Special:FilePath/Antilope%20cervicapra%20from%20velavadar.JPG,India,"https://en.wikipedia.org/wiki/Blackbuck_National_Park,_Velavadar",22.03333333,72.0,national park in India
Q176792,Silent Valley National Park,national_parks,http://commons.wikimedia.org/wiki/Special:FilePath/Silent%20Valley%20National%20Park%20greenary.jpg,India,https://en.wikipedia.org/wiki/Silent_Valley_National_Park,11.133333333,76.466666666,"national park in Kerala, India"
Q181933,Rajaji National Park,national_parks,http://commons.wikimedia.org/wiki/Special:FilePath/Safari%20at%20Rajaji%20National%20Park%20%28Haridwar%29.jpg,India,https://en.wikipedia.org/wiki/Rajaji_National_Park,30.08333333,78.03333333,national park
Q192764,Kaziranga National Park,national_parks,http://commons.wikimedia.org/wiki/Special:FilePath/Indian%20Rhinoceros%20Rhinoceros%20unicornis%20by%20Dr.%20Raju%20Kasambe%20%285%29.JPG,India,https://en.wikipedia.org/wiki/Kaziranga_National_Park,26.666666666,93.35,"national park in the state of Assam, India"
Q235878,Kevladev National Park,national_parks,http://commons.wikimedia.org/wiki/Special:FilePath/Keoladeo%20Ghana%20National%20Park%2C%20Bharatpur%2C%20Rajasthan%2C%20India.jpg,India,https://en.wikipedia.org/wiki/Keoladeo_National_Park,27.166667,77.516667,"National park and bird sanctuary in Rajasthan, India"
Q253455,Dudhwa National Park,national_parks,http://commons.wikimedia.org/wiki/Special:FilePath/DeerDudhwa%20Blue.jpg,India,https://en.wikipedia.org/wiki/Dudhwa_National_Park,28.470872,80.699263,"national park in Uttar Pradesh, India"
Q506511,Manas National Park,national_parks,http://commons.wikimedia.org/wiki/Special:FilePath/Capped%20langur%20in%20manas.jpg,India,https://en.wikipedia.org/wiki/Manas_National_Park,26.716666666,90.933333333,"national park in Assam, India"
Q532440,Sundarbans National Park,national_parks,http://commons.wikimedia.org/wiki/Special:FilePath/Sundarban%20Tiger.jpg,India,https://en.wikipedia.org/wiki/Sundarbans_National_Park,21.75,88.75,"National Park, Tiger Reserve, and Biosphere Reserve in West Bengal, India"
Q548153,Periyar National Park,national_parks,http://commons.wikimedia.org/wiki/Special:FilePath/Periyar%20National%20Park%2001.jpg,India,https://en.wikipedia.org/wiki/Periyar_National_Park,9.5775,77.18,"National park and wildlife sanctuary in Kerala, India"
Q605897,Valley of Flowers National Park,national_parks,http://commons.wikimedia.org/wiki/Special:FilePath/%22Flowers%20Blossom%20at%20Valley%20of%20Flowers%20Chamoli%2C%20India%22%2058.jpg,India,https://en.wikipedia.org/wiki/Valley_of_Flowers_National_Park,30.73,79.6175,"national park in Uttarakhand, India"
Q648548,Guindy National Park,national_parks,http://commons.wikimedia.org/wiki/Special:FilePath/Guindy%20national%20park.jpg,India,https://en.wikipedia.org/wiki/Guindy_National_Park,13.00259,80.23079,"national park in Chennai, India"
Q648907,Sanjay Gandhi National Park,national_parks,http://commons.wikimedia.org/wiki/Special:FilePath/Sanjay%20Gandhi%20National%20Park.JPG,India,https://en.wikipedia.org/wiki/Sanjay_Gandhi_National_Park,19.25,72.9167,"national park in Mumbai, India"
Q665110,Bandipur National Park,national_parks,http://commons.wikimedia.org/wiki/Special:FilePath/Large%20Chital%20herd%20at%20Bandipur%20National%20Park.jpg,India,https://en.wikipedia.org/wiki/Bandipur_National_Park,11.664444,76.627222,"national park in Karnataka, India"
Q10086,Mysore,cities,http://commons.wikimedia.org/wiki/Special:FilePath/Mysore%20Palace%2C%20India%20%28photo%20-%20Jim%20Ankan%20Deka%29.jpg,India,https://en.wikipedia.org/wiki/Mysore,12.308611111,76.653055555,"city in the state of Karnataka, India"
Q11854,Rajkot,cities,http://commons.wikimedia.org/wiki/Special:FilePath/Rajkot%20-%20Aji%20River%20Overview.jpg,India,https://en.wikipedia.org/wiki/Rajkot,22.291666666,70.793333333,"city in Gujarat, India"
Q11864,Junagadh,cities,http://commons.wikimedia.org/wiki/Special:FilePath/Gate%20of%20Junagadh.jpg,India,https://en.wikipedia.org/wiki/Junagadh,21.52,70.47,"city in Gujarat, India"
Q11910,Gandhinagar,cities,http://commons.wikimedia.org/wiki/Special:FilePath/Akshardham%20Gandhinagar%20Gujarat.jpg,India,https://en.wikipedia.org/wiki/Gandhinagar,23.223,72.65,"Capital of Gujarat State, India"
Q11909,Vadodara,cities,http://commons.wikimedia.org/wiki/Special:FilePath/NyayM.jpg,India,https://en.wikipedia.org/wiki/Vadodara,22.3,73.2,"metropolis in Gujarat, India"
Q1513,Nagpur,cities,http://commons.wikimedia.org/wiki/Special:FilePath/Sitabuldi%20Market.JPG,India,https://en.wikipedia.org/wiki/Nagpur,21.149722222,79.080555555,"city in Maharashtra, India"
Q1538,Pune,cities,http://commons.wikimedia.org/wiki/Special:FilePath/Shaniwar%20Wada%20Main%20Gate%2001.jpg,India,https://en.wikipedia.org/wiki/Pune,18.521111111,73.855277777,"metropolis in Maharashtra, India"
Q1800,Kochi,cities,http://commons.wikimedia.org/wiki/Special:FilePath/Kochi%20India.jpg,India,https://en.wikipedia.org/wiki/Kochi,9.966666666,76.283333333,"city in Kerala, India"
Q28729,Kozhikode,cities,http://commons.wikimedia.org/wiki/Special:FilePath/Calicut-bus-stand.JPG,India,https://en.wikipedia.org/wiki/Kozhikode,11.247777777,75.780277777,"city in Kerala, India"
Q9443,Lothal,landmarks,http://commons.wikimedia.org/wiki/Special:FilePath/Archeological%20Remains%20at%20the%20Lower%20Town%20of%20Lothal.jpg,India,https://en.wikipedia.org/wiki/Lothal,22.521388888,72.249444444,"prominent city of the ancient Indus valley civilization (present-day Gujarat, India)"
Q507939,Lodha World One,skyscrapers,http://commons.wikimedia.org/wiki/Special:FilePath/World%20One.png,India,https://en.wikipedia.org/wiki/World_One,19.0025407,72.8265301,"skyscraper in Mumbai, India"
Q287770,Lal Bahadur Shastri Stadium,stadiums,http://commons.wikimedia.org/wiki/Special:FilePath/Lal%20Bahadur%20Shastri%20Stadium.jpg,India,"https://en.wikipedia.org/wiki/Lal_Bahadur_Shastri_Stadium,_Hyderabad",17.399333,78.473333,"Stadium in Hyderabad, India"
Q4673542,Acharya Prafulla Chandra Ray Polytechnic,universities,http://commons.wikimedia.org/wiki/Special:FilePath/Acharya%20Prafulla%20Chandra%20Ray%20Polytechnic.jpg,India,https://en.wikipedia.org/wiki/Acharya_Prafulla_Chandra_Ray_Polytechnic,22.501268,88.369372,"college in Kolkata, India"
Q5589041,"Government Polytechnic, Pune",universities,http://commons.wikimedia.org/wiki/Special:FilePath/Old%20building%20of%20Govt.%20Polytechnic%2C%20Pune.jpg,India,,18.53883635,73.831950809,"government polytechnic in Pune, Maharashtra"
Q16134102,"Thiagarajar Polytechnic College, Alagappanagar",universities,http://commons.wikimedia.org/wiki/Special:FilePath/Thiagarajaar%20polytechnic%20alagappanagr.jpg,India,"https://en.wikipedia.org/wiki/Thiagarajar_Polytechnic_College,_Alagappanagar",10.43312,76.27048,polytechnic college in Thrissur district
Q21015700,Falakata Polytechnic,universities,http://commons.wikimedia.org/wiki/Special:FilePath/Falakata%20Polytechnic.JPG,India,,26.5416447,89.1774477,"College in West Bengal, India"
Q61801015,Carmel Polytechnic College Alappuzha,universities,http://commons.wikimedia.org/wiki/Special:FilePath/Carmel%20Polytechnic%20College%2C%20Alappuzha.jpg,India,,9.437259498,76.343979166,Educational institute in Kerala approved by AICTE
Q406402,University of Mumbai,universities,http://commons.wikimedia.org/wiki/Special:FilePath/Mumbai%20University%20Buildings%2015.jpg,India,https://en.wikipedia.org/wiki/University_of_Mumbai,19.070080555,72.855977777,"state public university in Mumbai, Maharashtra, India"
Q463662,Matheran Hill Railway,museums,http://commons.wikimedia.org/wiki/Special:FilePath/JummaPatti.JPG,India,https://en.wikipedia.org/wiki/Matheran_Hill_Railway,18.9900656,73.2683067,heritage rail line in India
Q463735,Nilgiri Mountain Railway,museums,http://commons.wikimedia.org/wiki/Special:FilePath/NMR%20up%20train%20at%20Kateri%20Road%2005-02-28%2004.jpeg,India,https://en.wikipedia.org/wiki/Nilgiri_Mountain_Railway,11.344316666,76.791944444,Heritage rail line in India
Q463874,Darjeeling Himalayan Railway,museums,http://commons.wikimedia.org/wiki/Special:FilePath/Darjeeling%20Himalayan%20Railway%20Diesel%20Locomotive.jpg,India,https://en.wikipedia.org/wiki/Darjeeling_Himalayan_Railway,27.045,88.267222222,"Heritage railway between New Jalpaiguri and Darjeeling, India, also known as the Toy Train"
Q372869,"Government Museum, Bengaluru",museums,http://commons.wikimedia.org/wiki/Special:FilePath/Government%20Museum%20Banglore%20305.jpg,India,"https://en.wikipedia.org/wiki/Government_Museum,_Bengaluru",12.9747,77.5958,"museum in Bengaluru, India"
Q147886,Mandu,history_and_mysteries,http://commons.wikimedia.org/wiki/Special:FilePath/Jahaz%20Mahal%2003.jpg,India,"https://en.wikipedia.org/wiki/Mandu,_Madhya_Pradesh",22.335277777,75.415833333,"uninhabited ancient city in the present-day Mandav area of the Dhar district, Madhya Pradesh, India"
Q49249,Husein Sastranegara International Airport,airports,http://commons.wikimedia.org/wiki/Special:FilePath/COLLECTIE%20TROPENMUSEUM%20Een%20Glenn%20Martin%20bommenwerper%20van%20het%20KNIL%20op%20het%20militaire%20vliegveld%20Andir%20bij%20Bandoeng%20TMnr%2060029585.jpg,Indonesia,https://en.wikipedia.org/wiki/Husein_Sastranegara_Airport,-6.900555555,107.576388888,"airport in Bandung, West Java, Indonesia"
Q177844,Minangkabau International Airport,airports,http://commons.wikimedia.org/wiki/Special:FilePath/Minangkabau%20Airport.JPG,Indonesia,https://en.wikipedia.org/wiki/Minangkabau_International_Airport,-0.786666666,100.280555555,"airport in Padang, West Sumatra, Indonesia"
Q587915,Makian,peaks,http://commons.wikimedia.org/wiki/Special:FilePath/Makian%20volcano.jpg,Indonesia,https://en.wikipedia.org/wiki/Makian,0.333333333,127.366666666,"volcano in North Maluku, Indonesia"
Q1053413,Karangetang,peaks,http://commons.wikimedia.org/wiki/Special:FilePath/Gunung%20Karangetang.jpg,Indonesia,https://en.wikipedia.org/wiki/Karangetang,2.777777777,125.4075,"mountain in North Sulawesi, Indonesia"
Q1073134,Mountain Papandayan,peaks,http://commons.wikimedia.org/wiki/Special:FilePath/Indonesia%20-%20papandayan%205.jpg,Indonesia,https://en.wikipedia.org/wiki/Mount_Papandayan,-7.328969444,107.715702777,"mountain in West Java, Indonesia"
Q1087196,Mount Sumbing,peaks,http://commons.wikimedia.org/wiki/Special:FilePath/Mount%20Sumbing%202013-09-18%20%2815854172378%29.jpg,Indonesia,https://en.wikipedia.org/wiki/Mount_Sumbing_(Sumatra),-2.414,101.728,"stratovolcano in the central region of Sumatra, Indonesia"
Q1110232,Colo,peaks,http://commons.wikimedia.org/wiki/Special:FilePath/A%20broad%20ash%20plume%20rises%20above%20Colo%20volcano%20on%20the%20island%20of%20Una-Una%20during%20the%20powerful%201983%20eruption.jpg,Indonesia,https://en.wikipedia.org/wiki/Mount_Colo,-0.17,121.608,volcano in Indonesia
Q1145123,Mount Gede,peaks,http://commons.wikimedia.org/wiki/Special:FilePath/Gede%20seen%20from%20Cilaku.jpg,Indonesia,https://en.wikipedia.org/wiki/Mount_Gede,-6.788333333,106.981666666,"volcano in West Java, Indonesia"
Q1186618,Dempo,peaks,http://commons.wikimedia.org/wiki/Special:FilePath/Gunung%20dempo%20%28cropped%29.jpg,Indonesia,https://en.wikipedia.org/wiki/Mount_Dempo,-4.03,103.13,"mountain in South Sumatra, Indonesia"
Q1190569,Tangkuban Perahu,peaks,http://commons.wikimedia.org/wiki/Special:FilePath/Vulkaan%20Tangkuban%20Perahu.jpg,Indonesia,https://en.wikipedia.org/wiki/Tangkuban_Perahu,-6.77,107.6,mountain in Indonesia
Q1193306,Mount Klabat,peaks,http://commons.wikimedia.org/wiki/Special:FilePath/Gunung%20Klabat.jpg,Indonesia,https://en.wikipedia.org/wiki/Mount_Klabat,1.453333333,125.030833333,mountain
Q1245622,Krakatau Island,peaks,http://commons.wikimedia.org/wiki/Special:FilePath/Rakata-1.JPG,Indonesia,https://en.wikipedia.org/wiki/Rakata,-6.1525,105.444269,"island in South Lampung Regency, Lampung Province, Indonesia"
Q1328417,Rokatenda,peaks,http://commons.wikimedia.org/wiki/Special:FilePath/Paluweh.jpg,Indonesia,https://en.wikipedia.org/wiki/Paluweh,-8.316666666,121.708333333,"mountain in East Nusa Tenggara, Indonesia"
Q1467910,Gamalama,peaks,http://commons.wikimedia.org/wiki/Special:FilePath/Ternate%2C%20Maluku%20Islands%2C%20Indonesia%202.jpg,Indonesia,https://en.wikipedia.org/wiki/Gamalama,0.807222222,127.333888888,stratovolcano
Q1493157,Mount Gamkonora,peaks,http://commons.wikimedia.org/wiki/Special:FilePath/Gamkonora.jpg,Indonesia,https://en.wikipedia.org/wiki/Mount_Gamkonora,1.38,127.53,mountain
Q1677690,Mountain Sumbing,peaks,http://commons.wikimedia.org/wiki/Special:FilePath/Mount%20sumbing.jpg,Indonesia,https://en.wikipedia.org/wiki/Mount_Sumbing,-7.385,110.0725,"Volcano in Central Java, Indonesia"
Q1847015,Manuk,peaks,http://commons.wikimedia.org/wiki/Special:FilePath/Manuk20041221014348.jpg,Indonesia,https://en.wikipedia.org/wiki/Manuk,-5.5436111,130.3058306,"volcanic island Central Maluku Regency, Maluku Province, Indonesia"
Q1899342,Gunungapi Wetar,peaks,http://commons.wikimedia.org/wiki/Special:FilePath/Wetarvolc.jpg,Indonesia,https://en.wikipedia.org/wiki/Gunungapi_Wetar,-6.641666666,126.65,volcanic island in Indonesia
Q1911044,Lewotolo,peaks,http://commons.wikimedia.org/wiki/Special:FilePath/Sentinel-2%20L1C%20image%20on%202020-11-29.jpg,Indonesia,https://en.wikipedia.org/wiki/Mount_Ile_Lewotolok,-8.272,123.505,"mountain in East Nusa Tenggara, Indonesia"
Q1972311,Dieng Volcanic Complex,peaks,http://commons.wikimedia.org/wiki/Special:FilePath/Dieng%20volcanic%20complex.jpg,Indonesia,https://en.wikipedia.org/wiki/Dieng_Volcanic_Complex,-7.2,109.92,volcanmic complex in Central Java
Q2020545,Mountain Tampomas,peaks,http://commons.wikimedia.org/wiki/Special:FilePath/Gunungtampomas.jpg,Indonesia,https://en.wikipedia.org/wiki/Mount_Tampomas,-6.77,107.95,"mountain in West Java, Indonesia"
Q2025875,Wurlali,peaks,http://commons.wikimedia.org/wiki/Special:FilePath/Wurlali.jpg,Indonesia,https://en.wikipedia.org/wiki/Mount_Wurlali,-7.125,128.675,"mountain in Maluku, Indonesia"
Q2033748,Gunung Raung,peaks,http://commons.wikimedia.org/wiki/Special:FilePath/Mount%20Raung.jpg,Indonesia,https://en.wikipedia.org/wiki/Raung,-8.125,114.041666666,"mountain in East Java, Indonesia"
Q2038462,Mount Sindoro,peaks,http://commons.wikimedia.org/wiki/Special:FilePath/Sundoro.jpg,Indonesia,https://en.wikipedia.org/wiki/Mount_Sindoro,-7.301111111,109.996666666,"Stratovolcano in Central Java, Indonesia"
Q2094734,Mount Ruang,peaks,http://commons.wikimedia.org/wiki/Special:FilePath/Ruang%20volcano.jpg,Indonesia,https://en.wikipedia.org/wiki/Mount_Ruang,2.305,125.365,stratovolcano in Indonesia
Q2155367,Mount Talang,peaks,http://commons.wikimedia.org/wiki/Special:FilePath/Mount%20Talang.JPG,Indonesia,https://en.wikipedia.org/wiki/Mount_Talang,-0.986,100.6925,"mountain in West Sumatra, Indonesia"
Q2171115,Mount Penanggungan,peaks,http://commons.wikimedia.org/wiki/Special:FilePath/Penanggungan%20from%20Arjuno-Welirang%202018-12-30.jpg,Indonesia,https://en.wikipedia.org/wiki/Mount_Penanggungan,-7.62,112.63,"mountain in East Java, Indonesia"
Q2188825,Singgalang,peaks,http://commons.wikimedia.org/wiki/Special:FilePath/Singgalang.jpg,Indonesia,https://en.wikipedia.org/wiki/Mount_Singgalang,-0.391388888,100.331111111,"mountain in West Sumatra, Indonesia"
Q2302908,Mount Sibayak,peaks,http://commons.wikimedia.org/wiki/Special:FilePath/Gunung%20Sibayak%202009%20%285502394580%29.jpeg,Indonesia,https://en.wikipedia.org/wiki/Mount_Sibayak,3.239166666,98.505555555,mountain in Indonesia
Q2344869,Mountain Karang,peaks,http://commons.wikimedia.org/wiki/Special:FilePath/COLLECTIE%20TROPENMUSEUM%20De%20Gunung%20Karang%20TMnr%2060016534.jpg,Indonesia,https://en.wikipedia.org/wiki/Gunung_Karang,-6.269166666,106.05,"mountain in West Java, Indonesia"
Q2364075,Iliboleng,peaks,http://commons.wikimedia.org/wiki/Special:FilePath/Iliboleng.jpg,Indonesia,https://en.wikipedia.org/wiki/Iliboleng,-8.344,123.252,"mountain in East Nusa Tenggara, Indonesia"
Q123157,Mountain Telomoyo,peaks,http://commons.wikimedia.org/wiki/Special:FilePath/Road%20to%20the%20summit%20of%20Mount%20Telomoyo.jpg,Indonesia,https://en.wikipedia.org/wiki/Mount_Telomoyo,-7.37,110.4,"mountain in Central Java, Indonesia"
Q126589,Mount Butak,peaks,http://commons.wikimedia.org/wiki/Special:FilePath/Kawi-Butak.jpg,Indonesia,https://en.wikipedia.org/wiki/Mount_Butak,-7.92,112.45,"mountain in East Java, Indonesia"
Q126717,Mountain Telagabodas,peaks,http://commons.wikimedia.org/wiki/Special:FilePath/Talagabodas.jpg,Indonesia,https://en.wikipedia.org/wiki/Talagabodas,-7.208,108.07,"stratovolcano in West Java, Indonesia"
Q134108,Merapi,peaks,http://commons.wikimedia.org/wiki/Special:FilePath/Mount%20Merapi%20Not%20Just%20a%20Legend%20and%20Mythology.jpg,Indonesia,https://en.wikipedia.org/wiki/Mount_Merapi,-7.541388888,110.446111111,"active volcano in Central Java and Yogyakarta, Indonesia"
Q150081,Mount Kaba,peaks,http://commons.wikimedia.org/wiki/Special:FilePath/Gunung%20Kaba.jpg,Indonesia,https://en.wikipedia.org/wiki/Mount_Kaba,-3.52,102.62,volcano in Indonesia
Q158470,Mount Agung,peaks,http://commons.wikimedia.org/wiki/Special:FilePath/Mount%20Agung%2C%20November%202017%20eruption%20-%2027%20Nov%202017%2003.jpg,Indonesia,https://en.wikipedia.org/wiki/Mount_Agung,-8.341944444,115.507777777,"Active volcano in Bali, Indonesia"
Q168714,Tambora,peaks,http://commons.wikimedia.org/wiki/Special:FilePath/Caldera%20Mt%20Tambora%20Sumbawa%20Indonesia.jpg,Indonesia,https://en.wikipedia.org/wiki/Mount_Tambora,-8.245277777,117.992777777,stratovolcano on the island of Sumbawa in Indonesia
Q207678,Mount Sinabung,peaks,http://commons.wikimedia.org/wiki/Special:FilePath/Sinabung.jpg,Indonesia,https://en.wikipedia.org/wiki/Mount_Sinabung,3.17,98.391944444,"Active volcano in North Sumatra, Indonesia"
Q265585,Kentur Lokon,peaks,http://commons.wikimedia.org/wiki/Special:FilePath/Gunung%20Lokon.jpg,Indonesia,https://en.wikipedia.org/wiki/Mount_Lokon,1.358055555,124.791944444,"mountain in North Sulawesi, Indonesia"
Q270158,Semeru,peaks,http://commons.wikimedia.org/wiki/Special:FilePath/Mount%20Semeru.jpg,Indonesia,https://en.wikipedia.org/wiki/Semeru,-8.1,112.916666666,"volcano in East Java, Indonesia"
Q548489,Ijen,peaks,http://commons.wikimedia.org/wiki/Special:FilePath/Ijen%20volcano.jpg,Indonesia,https://en.wikipedia.org/wiki/Ijen,-8.058,114.242,mountain in Indonesia
Q571805,Baluran,peaks,http://commons.wikimedia.org/wiki/Special:FilePath/COLLECTIE%20TROPENMUSEUM%20De%20vulkaan%20Beloeran%20aan%20de%20Oostkust%20van%20Java%20vanuit%20zee%20TMnr%2010004116.jpg,Indonesia,https://en.wikipedia.org/wiki/Baluran,-7.846388888,114.362222222,stratovolcano located on the island of Java
Q580131,Mountain Slamet,peaks,http://commons.wikimedia.org/wiki/Special:FilePath/Gunung%20Slamet%20dari%20Kr%20Salam.jpg,Indonesia,https://en.wikipedia.org/wiki/Mount_Slamet,-7.239,109.22,"mountain in Central Java, Indonesia"
Q598893,Mountain Merbabu,peaks,http://commons.wikimedia.org/wiki/Special:FilePath/Pemandangan%20Merbabu%20dari%20Kota%20Salatiga%20%281%29.jpg,Indonesia,https://en.wikipedia.org/wiki/Mount_Merbabu,-7.455,110.44,"mountain in Central Java, Indonesia"
Q665399,Arjuno-Welirang,peaks,http://commons.wikimedia.org/wiki/Special:FilePath/Mount%20Arjuna.jpg,Indonesia,https://en.wikipedia.org/wiki/Arjuno-Welirang,-7.765,112.589722222,"strato volcano in East Java, Indonesia"
Q669559,Mount Salak,peaks,http://commons.wikimedia.org/wiki/Special:FilePath/Mount%20Salak.JPG,Indonesia,https://en.wikipedia.org/wiki/Mount_Salak,-6.715833333,106.733611111,"mountain in West Java, Indonesia"
Q670643,Gunung Malabar,peaks,http://commons.wikimedia.org/wiki/Special:FilePath/COLLECTIE%20TROPENMUSEUM%20Landschap%20met%20gezicht%20op%20de%20Goenoeng%20Malabar%20TMnr%2060011494.jpg,Indonesia,https://en.wikipedia.org/wiki/Mount_Malabar,-7.13,107.65,"mountain in West Java, Indonesia"
Q675072,Mountain Kendang,peaks,http://commons.wikimedia.org/wiki/Special:FilePath/COLLECTIE%20TROPENMUSEUM%20De%20Gunung%20Karang%20TMnr%2060016534.jpg,Indonesia,https://en.wikipedia.org/wiki/Mount_Kendang,-7.23,107.72,mountain in Indonesia; geonames ID = 1640345
Q679590,Mount Bromo,peaks,http://commons.wikimedia.org/wiki/Special:FilePath/Mount%20Bromo%20closeup%20on%20sunrise%202.jpg,Indonesia,https://en.wikipedia.org/wiki/Mount_Bromo,-7.943055555,112.953888888,"Active volcano in East Java, Indonesia"
Q1322666,Mount Sirung,volcanoes,http://commons.wikimedia.org/wiki/Special:FilePath/Gunung%20Sirung%20caldera.jpg,Indonesia,https://en.wikipedia.org/wiki/Mount_Sirung,-8.516666666,124.133333333,"volcano in East Nusa Tenggara, Indonesia"
Q128880,Arafura Sea,seas,http://commons.wikimedia.org/wiki/Special:FilePath/Locatie%20Arafurazee.PNG,Indonesia,https://en.wikipedia.org/wiki/Arafura_Sea,-9.5,135.0,sea between Australia and New Guinea
Q131418,Timor Sea,seas,http://commons.wikimedia.org/wiki/Special:FilePath/Timor%20island2.jpg,Indonesia,https://en.wikipedia.org/wiki/Timor_Sea,-11.0,126.0,sea
Q150370,Flores Sea,seas,http://commons.wikimedia.org/wiki/Special:FilePath/LesserSundaIslands%20A2003077%200210%20250m.jpg,Indonesia,https://en.wikipedia.org/wiki/Flores_Sea,-7.0,119.666666666,sea in Indonesia
Q267739,Australasian Mediterranean Sea,seas,http://commons.wikimedia.org/wiki/Special:FilePath/Raja%20Ampat%20Islands%20-%20journal.pbio.1001457.g001.png,Indonesia,https://en.wikipedia.org/wiki/Australasian_Mediterranean_Sea,1.0,114.0,the sea enclosed by the Sunda Islands and the Philippines
Q104018603,North Natuna Sea,seas,http://commons.wikimedia.org/wiki/Special:FilePath/Map%20North%20Natuna%20Sea.jpg,Indonesia,https://en.wikipedia.org/wiki/North_Natuna_Sea,6.8228983,108.9759753,sea in the northern Natuna Regency
Q40445,Malahayu Reservoir,lakes,http://commons.wikimedia.org/wiki/Special:FilePath/Waduk%20Malahayu.jpg,Indonesia,,-7.036388888,108.807777777,"reservoir in Java, Indonesia"
Q177526,Lake Maninjau,lakes,http://commons.wikimedia.org/wiki/Special:FilePath/LakeManinjau1.jpg,Indonesia,https://en.wikipedia.org/wiki/Lake_Maninjau,-0.316666666,100.2,crater lake
Q37648,Gitgit Waterfall,waterfalls,http://commons.wikimedia.org/wiki/Special:FilePath/Gitgit%20Waterfall%2C%20Campuhan%20area%2C%20Bali%2C%20Indonesia.jpg,Indonesia,https://en.wikipedia.org/wiki/Gitgit_Waterfall,-8.1913,115.1347,"Waterfall on Bali, Indonesia"
Q505707,Nias Island,islands,http://commons.wikimedia.org/wiki/Special:FilePath/Nias%20Indonesien.png,Indonesia,https://en.wikipedia.org/wiki/Nias,1.067930555,97.600930555,"island in North Sumatra Province, Indonesia"
Q517126,Wokam Island,islands,http://commons.wikimedia.org/wiki/Special:FilePath/Maluku%20Islands%20en.png,Indonesia,https://en.wikipedia.org/wiki/Tanahbesar,-5.819677777,134.494569444,"island in Aru Islands Regency, Maluku Province, Indonesia"
Q329452,Kolepom Island,islands,http://commons.wikimedia.org/wiki/Special:FilePath/Yos%20Sudarso%20NASA%20138.38068E%207.82292S.png,Indonesia,https://en.wikipedia.org/wiki/Yos_Sudarso_Island,-7.895831,138.364167,"island in Merauke Regency, South Papua Province, Indonesia"
Q333483,Ternate Island,islands,http://commons.wikimedia.org/wiki/Special:FilePath/Ternate.JPG,Indonesia,https://en.wikipedia.org/wiki/Ternate_island,0.809441666,127.341388888,"island in Ternate City, North Maluku Province, Indonesia"
Q334771,Belitung Island,islands,http://commons.wikimedia.org/wiki/Special:FilePath/Tanjung%20Tinggi%20Beach.jpg,Indonesia,https://en.wikipedia.org/wiki/Belitung,-2.856111111,107.916388888,"island in Bangka Belitung Islands Province, Indonesia"
Q366088,Adonara Island,islands,http://commons.wikimedia.org/wiki/Special:FilePath/Nusa%20Tenggara%20Timur2.png,Indonesia,https://en.wikipedia.org/wiki/Adonara,-8.333331,123.166667,"island in East Flores Regency, East Nusa Tenggara Province, Indonesia"
Q3630,Jakarta,cities,http://commons.wikimedia.org/wiki/Special:FilePath/Jakarta.jpg,Indonesia,https://en.wikipedia.org/wiki/Jakarta,-6.175277777,106.826944444,capital and largest city of Indonesia
Q65344292,Gunung Susuru Site,landmarks,http://commons.wikimedia.org/wiki/Special:FilePath/Puncak%20Pund%C3%A9n%20Situs%20Gunung%20Susuru.jpg,Indonesia,,-7.342103148,108.463668957,archaeological site in Indonesia
Q12506009,Aceh Polytechnic,universities,http://commons.wikimedia.org/wiki/Special:FilePath/Program%20Pendidikan%20Tinggi%20USAID%3B%20USAID%20Higher%20Education%20Program%20%284324296173%29.jpg,Indonesia,,5.5355071,95.3439112,"higher education institution in Banda Aceh, Indonesia"
Q12506027,Politeknik Negeri Jember,universities,http://commons.wikimedia.org/wiki/Special:FilePath/Jurusan%20Teknologi%20Informasi%20Politeknik%20Jember.jpg,Indonesia,,-8.1598,113.723057,"higher education institution in Jember, Indonesia"
Q12506025,Politeknik Negeri Batam,universities,http://commons.wikimedia.org/wiki/Special:FilePath/Batam%20State%20Polytechnic.jpg,Indonesia,,1.11869,104.048442,academic publisher
Q12506031,State Polytechnic of Medan,universities,http://commons.wikimedia.org/wiki/Special:FilePath/Politeknik%20Negeri%20Medan.jpg,Indonesia,,3.56296,98.655806,"higher education institution in Medan, Indonesia"
Q12506028,Polytechnic of Lampung State,universities,http://commons.wikimedia.org/wiki/Special:FilePath/POLINELA.jpg,Indonesia,,-5.358368,105.232949,Higher education vocational in Lampung Indonesia
Q12506035,Politeknik Negeri Semarang,universities,http://commons.wikimedia.org/wiki/Special:FilePath/Politeknik%20Negeri%20Semarang.jpg,Indonesia,,-7.051887,110.435324,academic publisher
Q12506032,State Polytechnic of Creative Media,universities,http://commons.wikimedia.org/wiki/Special:FilePath/Gerbang%20Politeknik%20Negeri%20Media%20Kreatif%20Kampus%20Jakarta.jpg,Indonesia,,3.620461,98.660532,Indonesian university
Q12506033,Samarinda State Polytechnic,universities,http://commons.wikimedia.org/wiki/Special:FilePath/Gedung%20di%20Politeknik%20Negeri%20Samarinda.jpg,Indonesia,,-0.53404,117.12476,"higher education institution in Samarinda, Indonesia"
Q12506038,Politeknik Pertanian Negeri Payakumbuh,universities,http://commons.wikimedia.org/wiki/Special:FilePath/Direkturat%20Politeknik%20Pertanian%20Negeri%20Payakumbuh%2001.jpg,Indonesia,,-0.169276,100.664682,"higher education institution in Lima Puluh Koto, Indonesia"
Q12506037,Politeknik Pertanian Negeri Kupang,universities,http://commons.wikimedia.org/wiki/Special:FilePath/PPNK-004.jpg,Indonesia,,-0.169142,100.664465,"higher education institution in Kupang, Indonesia"
Q12513092,Politeknik Statistika STIS,universities,http://commons.wikimedia.org/wiki/Special:FilePath/Politeknik%20Statistika%20STIS%20di%20Otto%20Iskandar%20Dinata%2064C%2C%20Jakarta%20Timur.jpg,Indonesia,,-6.231406,106.867645,"higher education institution in Jakarta Timur, Indonesia"
Q13405291,Jakarta State Polytechnic,universities,http://commons.wikimedia.org/wiki/Special:FilePath/GSG%20PNJ.jpg,Indonesia,https://en.wikipedia.org/wiki/Jakarta_State_Polytechnic,-6.371551,106.824218,Polytechnic in Indonesia
Q19730996,Poltekkes Kemenkes Padang,universities,http://commons.wikimedia.org/wiki/Special:FilePath/Gedung%20Direktorat%20Poltekkes%20Kemenkes%20Padang.jpg,Indonesia,,-0.898833333,100.374694444,"higher education institution in Padang, Indonesia"
Q19747206,Politeknik Piksi Ganesha Indonesia,universities,http://commons.wikimedia.org/wiki/Special:FilePath/Kampus%20ungu%20kebumen.jpg,Indonesia,,-7.665888888,109.657944444,"private university in Kebumen, Indonesia"
Q1311742,Ambarawa Railway Museum,museums,http://commons.wikimedia.org/wiki/Special:FilePath/Stasiun%20Ambarawa%202.jpg,Indonesia,https://en.wikipedia.org/wiki/Ambarawa_Railway_Museum,-7.26542,110.40126,"Railway museum in Semarang Regency, Indonesia"
Q145151,National Monument of Indonesia,museums,http://commons.wikimedia.org/wiki/Special:FilePath/Monumen%20Nasional%2C%20Jakarta%2C%20Indonesia.jpg,Indonesia,https://en.wikipedia.org/wiki/National_Monument_(Indonesia),-6.175388888,106.827138888,"national monument and architectural icon of Jakarta, Indonesia"
Q181737,Baluran National Park,natural,http://commons.wikimedia.org/wiki/Special:FilePath/Wild%20Deers%20near%20Bama%20Point%2C%20Baluran.jpg,Indonesia,https://en.wikipedia.org/wiki/Baluran_National_Park,-7.83333333,114.36666667,national park on the island of Java in Indonesia
Q239494,Danau Sentarum National Park,natural,http://commons.wikimedia.org/wiki/Special:FilePath/Lahan%20basah%20Taman%20Nasional%20Danau%20Sentarum%2C%20Kalimantan%20Barat.jpg,Indonesia,https://en.wikipedia.org/wiki/Lake_Sentarum_National_Park,0.85,112.1,national park in Indonesia
Q385596,Mount Egon,natural,http://commons.wikimedia.org/wiki/Special:FilePath/Gunung%20Egon%20volcano.jpg,Indonesia,https://en.wikipedia.org/wiki/Mount_Egon,-8.666666666,122.45,"mountain in East Nusa Tenggara, Indonesia"
Q455404,Amasing Hill,natural,http://commons.wikimedia.org/wiki/Special:FilePath/%D0%92%D1%83%D0%BB%D0%BA%D0%B0%D0%BD%20%D0%90%D0%BC%D0%B0%D1%81%D0%B8%D0%BD%D0%B3%20%28%D0%A5%D0%B0%D0%BB%D1%8C%D0%BC%D0%B0%D1%85%D0%B5%D1%80%D0%B0%2C%20%D0%98%D0%BD%D0%B4%D0%BE%D0%BD%D0%B5%D0%B7%D0%B8%D1%8F%29.jpg,Indonesia,https://en.wikipedia.org/wiki/Amasing_Hill,-0.532222222,127.498055555,"three small andesitic volcanoes on Bacan island at the west of Halmahera island, Indonesia"
Q507179,Mount Cereme,natural,http://commons.wikimedia.org/wiki/Special:FilePath/Gunung%20Ciremai%20sfw2503.jpg,Indonesia,https://en.wikipedia.org/wiki/Mount_Ciremai,-6.891944444,108.4,stratovolcano in West Java in Indonesia
Q538300,Mount Lamongan,natural,http://commons.wikimedia.org/wiki/Special:FilePath/Lamongan.jpg,Indonesia,https://en.wikipedia.org/wiki/Mount_Lamongan,-7.979,113.342,"stratovolcano in East Java, Indonesia"
Q678744,Alas Purwo National Park,natural,http://commons.wikimedia.org/wiki/Special:FilePath/Merak%20Jawa.jpg,Indonesia,https://en.wikipedia.org/wiki/Alas_Purwo_National_Park,-8.68333333,114.46666667,national park
Q751181,Kelimutu National Park,natural,http://commons.wikimedia.org/wiki/Special:FilePath/Kelimutu%202008-08-08.jpg,Indonesia,https://en.wikipedia.org/wiki/Kelimutu_National_Park,-8.758333333,121.844722222,national park
Q781529,Gunung Soputanpatepangan,natural,http://commons.wikimedia.org/wiki/Special:FilePath/Soputan.jpg,Indonesia,https://en.wikipedia.org/wiki/Soputan,1.112,124.736,Ultima erupción ahora mismo
Q791817,Mount Awu,natural,http://commons.wikimedia.org/wiki/Special:FilePath/Mount%20Awu%20Crater.jpg,Indonesia,https://en.wikipedia.org/wiki/Mount_Awu,3.68128,125.45387,mountain in Indonesia
Q180773,Susa,history_and_mysteries,http://commons.wikimedia.org/wiki/Special:FilePath/The%20Apadana%2C%20a%20large%20hypostyle%20room%20of%2036%20columns%20in%20the%20Palace%20of%20Darius%2C%20Susa%2C%20capital%20of%20Elam%20and%20of%20the%20Achaemenid%20Empire%2C%20Iran%20%2846950284624%29.jpg,Iran,https://en.wikipedia.org/wiki/Susa,32.189444444,48.256111111,"ancient city in Iran, World Heritage site in Iran"
Q721618,Tabriz International Airport,airports,http://commons.wikimedia.org/wiki/Special:FilePath/Tabriz%20Airport.JPG,Iran,https://en.wikipedia.org/wiki/Tabriz_Shahid_Madani_International_Airport,38.133888888,46.235,"International Airport in Tabriz, Iran"
Q622296,Ahvaz General Ghasem Soleimani International Airport,airports,http://commons.wikimedia.org/wiki/Special:FilePath/Ahwaz%20International%20Airport%20Terminal.jpg,Iran,https://en.wikipedia.org/wiki/Qasem_Soleimani_International_Airport,31.337430555,48.76195,"airport In Ahvaz, Iran"
Q230025,Pasargadae,history_and_mysteries,http://commons.wikimedia.org/wiki/Special:FilePath/Pasargadae%2C%20Marv%20Dasht%2C%20near%20Shiraz%20-%204-8-2013.jpg,Iran,https://en.wikipedia.org/wiki/Pasargadae,30.2,53.179444444,"ancient city and archaeological site in Fars Province, Iranian national heritage site"
Q559054,Khar Turan National Park,national_parks,http://commons.wikimedia.org/wiki/Special:FilePath/%D9%BE%D8%A7%D8%B1%DA%A9%20%D9%85%D9%84%DB%8C%20%D8%AA%D9%88%D8%B1%D8%A7%D9%86.jpg,Iran,https://en.wikipedia.org/wiki/Khar_Turan_National_Park,35.61,56.01,national park of Iran
Q3616,Tehran,cities,http://commons.wikimedia.org/wiki/Special:FilePath/North%20of%20tehran.jpg,Iran,https://en.wikipedia.org/wiki/Tehran,35.688888888,51.389722222,capital city of Iran
Q1302971,Gundeshapur,landmarks,http://commons.wikimedia.org/wiki/Special:FilePath/Ancient%20City%20of%20Gandhi%20Shapour%2002.jpg,Iran,https://en.wikipedia.org/wiki/Gundeshapur,32.283333333,48.516666666,"Sassanid city in Dezful County, Iranian national heritage site"
Q667674,Si-o-se Pol,bridges,http://commons.wikimedia.org/wiki/Special:FilePath/Si-o-se-pol%20Bridge%2C%20Isfahan%2C%20Iran.png,Iran,https://en.wikipedia.org/wiki/Si-o-se-pol,32.644869,51.667594,"bridge in Isfahan, Iranian national heritage site"
Q115139,Sarvestan Palace,castles,http://commons.wikimedia.org/wiki/Special:FilePath/Sarvestan%20Palace%20front.JPG,Iran,https://en.wikipedia.org/wiki/Sarvestan_Palace,29.195556,53.230833,palace
Q115253,Takht-e Soleyman,castles,http://commons.wikimedia.org/wiki/Special:FilePath/Takhte%20Soleyman%20%285%29.jpg,Iran,https://en.wikipedia.org/wiki/Takht-e_Soleym%C4%81n,36.604722222,47.234166666,"archaeological site in West Azarbaijan, Iranian national heritage site"
Q367781,Rudkhan Castle,castles,http://commons.wikimedia.org/wiki/Special:FilePath/Ghaleh-Rudkhan%20%287%29.jpg,Iran,https://en.wikipedia.org/wiki/Rudkhan_Castle,37.064444444,49.239722222,"castle in Fuman County, Iranian national heritage site"
Q127947,Hafezieh Stadium,stadiums,http://commons.wikimedia.org/wiki/Special:FilePath/Hafez%20Stadium.jpg,Iran,https://en.wikipedia.org/wiki/Hafezieh_Stadium,29.623865,52.556062,stadium
Q210151,Pars Stadium,stadiums,http://commons.wikimedia.org/wiki/Special:FilePath/Pars%20Stadium.jpg,Iran,https://en.wikipedia.org/wiki/Pars_Shiraz_Stadium,29.565,52.491389,"multi-use stadium located in Shiraz, Iran"
Q846326,Vakil Bazaar,markets,http://commons.wikimedia.org/wiki/Special:FilePath/Bazaar%20de%20Vakil%2C%20Shiraz%2C%20Ir%C3%A1n%2C%202016-09-24%2C%20DD%2048.jpg,Iran,https://en.wikipedia.org/wiki/Vakil_Bazaar,29.614980555,52.546797222,"bazaar in Shiraz, Iranian national heritage site"
Q188395,Nippur,history_and_mysteries,http://commons.wikimedia.org/wiki/Special:FilePath/Ruins%20from%20a%20temple%20in%20Naffur.jpg,Iraq,https://en.wikipedia.org/wiki/Nippur,32.126111111,45.230833333,ancient city in modern day Iraq
Q208299,Arabian Desert,deserts,http://commons.wikimedia.org/wiki/Special:FilePath/Arabian%20Desert%20-%20panoramio.jpg,Iraq,https://en.wikipedia.org/wiki/Arabian_Desert,18.267222222,42.368055555,desert located in Western Asia
Q339162,Syrian Desert,deserts,http://commons.wikimedia.org/wiki/Special:FilePath/Valley%20of%20the%20Tombs%2C%20Panoramic%20view%2C%20Palmyra%2C%20Syria.jpg,Iraq,https://en.wikipedia.org/wiki/Syrian_desert,33.4,38.75,"region of desert, semi-desert and steppe of the Middle East; in parts of Syria, Jordan, Iraq, and Saudi Arabia"
Q192541,Ctesiphon,history_and_mysteries,http://commons.wikimedia.org/wiki/Special:FilePath/Ctesiphon.jpg,Iraq,https://en.wikipedia.org/wiki/Ctesiphon,33.093611,44.580556,capital of the Iranian empire in the Parthian and Sasanian eras in present Iraq
Q200200,Assur,history_and_mysteries,http://commons.wikimedia.org/wiki/Special:FilePath/Ashur%20%28Qal%27at%20Sherqat%29-115188.jpg,Iraq,https://en.wikipedia.org/wiki/Assur,35.456666666,43.2625,archaeological site in Iraq
Q237614,Nimrud,history_and_mysteries,http://commons.wikimedia.org/wiki/Special:FilePath/Nimrud%20081119-F-5855M-033.jpg,Iraq,https://en.wikipedia.org/wiki/Nimrud,36.098055555,43.328888888,ancient Assyrian city
Q5699,Ur,landmarks,http://commons.wikimedia.org/wiki/Special:FilePath/Ur-Nassiriyah.jpg,Iraq,https://en.wikipedia.org/wiki/Ur,30.962222,46.104444,ancient Mesopotamian city-state
Q1287526,Opis,landmarks,http://commons.wikimedia.org/wiki/Special:FilePath/Ancient%20near%20east%20540%20bc.svg,Iraq,https://en.wikipedia.org/wiki/Opis,33.1815,44.6991,ancient city of Mesopotamia
Q310579,Al-Sarafiya bridge,bridges,http://commons.wikimedia.org/wiki/Special:FilePath/%D8%AC%D8%B3%D8%B1%20%D8%A7%D9%84%D8%B5%D8%B1%D8%A7%D9%81%D9%8A%D8%A9.jpg,Iraq,https://en.wikipedia.org/wiki/Al-Sarafiya_Bridge,33.35361111,44.37277778,al-Sarafiya bridge is a bridge crosses the River Tigris in Baghdad
Q285983,Al-Shaab Stadium,stadiums,http://commons.wikimedia.org/wiki/Special:FilePath/Al-Shaab%20Stadium%20%2825%29.JPG,Iraq,https://en.wikipedia.org/wiki/Al-Shaab_Stadium,33.324906,44.435438,multi-purpose stadium
Q168518,Uruk,history_and_mysteries,http://commons.wikimedia.org/wiki/Special:FilePath/Uruk%20Archaeological%20site%20at%20Warka.jpg,Iraq,https://en.wikipedia.org/wiki/Uruk,31.3259,45.6374,ancient city of Sumer and Babylonia
Q584102,Shannon Airport,airports,http://commons.wikimedia.org/wiki/Special:FilePath/Ryanair%20EI-DAD%20Boeing%20737-800%20Shannon%20NEIN%20zum%20Lufthansa%20Kerosinzuschlag.jpg,Ireland,https://en.wikipedia.org/wiki/Shannon_Airport,52.701944444,-8.924722222,"international airport serving Shannon, Ireland"
Q178021,Dublin Airport,airports,http://commons.wikimedia.org/wiki/Special:FilePath/Departure%20from%20Dublin%20Airport%20onboard%20Aer%20Lingus%20A320.jpg,Ireland,https://en.wikipedia.org/wiki/Dublin_Airport,53.421388888,-6.27,"international airport in Dublin, Ireland"
Q81499,Celtic Sea,seas,http://commons.wikimedia.org/wiki/Special:FilePath/Land%27s%20End%20%28looking%20west%29.jpg,Ireland,https://en.wikipedia.org/wiki/Celtic_Sea,50.502222222,-7.914444444,sea west of the English Channel
Q303661,Aasleagh,waterfalls,http://commons.wikimedia.org/wiki/Special:FilePath/Aasleagh%20Falls%20-%20geograph.org.uk%20-%20240630.jpg,Ireland,,53.61944444,-9.67111111,waterfall in Ireland
Q552906,Powerscourt Waterfall,waterfalls,http://commons.wikimedia.org/wiki/Special:FilePath/Powerscourt%20Waterfall%2C%202011.jpg,Ireland,https://en.wikipedia.org/wiki/Powerscourt_Waterfall,53.146,-6.211,"waterfall in Wicklow, Ireland"
Q1138911,Ballinderry Crannog No. 1,islands,http://commons.wikimedia.org/wiki/Special:FilePath/Crannog%20in%20Loch%20Ard%20-%20geograph.org.uk%20-%20196842.jpg,Ireland,,53.4116478,-7.69964695,archaeological site in Ireland
Q497812,Innisfallen Island,islands,http://commons.wikimedia.org/wiki/Special:FilePath/Balanced%20innisfallen%20abbey%20front.jpg,Ireland,https://en.wikipedia.org/wiki/Innisfallen,52.045833333,-9.553611111,"island in County Kerry, Ireland"
Q349007,Ilnacullin,islands,http://commons.wikimedia.org/wiki/Special:FilePath/Ilnacullin%20garden.jpg,Ireland,https://en.wikipedia.org/wiki/Garnish_Island,51.73638889,-9.54111111,"island in County Cork, Ireland"
Q369318,Inis Mór,islands,http://commons.wikimedia.org/wiki/Special:FilePath/Inishmore%20cliffs%20at%20Dun%20Aengus.jpg,Ireland,https://en.wikipedia.org/wiki/Inishmore,53.123611111,-9.7275,island on the west coast of Ireland
Q373978,Fastnet Rock,islands,http://commons.wikimedia.org/wiki/Special:FilePath/Fastnet%20Carraig%20Aonair.jpg,Ireland,https://en.wikipedia.org/wiki/Fastnet_Rock,51.38833333,-9.60166667,small islet in the Atlantic Ocean
Q379254,Ross Island,islands,http://commons.wikimedia.org/wiki/Special:FilePath/Ross%20Castle%20At%20Dawn.JPG,Ireland,"https://en.wikipedia.org/wiki/Ross_Island,_Killarney",52.038,-9.537,Irish peninsula
Q805409,Wild Nephin National Park,national_parks,http://commons.wikimedia.org/wiki/Special:FilePath/Ballycroy%20National%20Park%20from%20Nephin%20Beg%20Range%2C%20July2012.jpg,Ireland,https://en.wikipedia.org/wiki/Wild_Nephin_National_Park,54.01666667,-9.7,national park in Ireland
Q140033,Glenveagh National Park,national_parks,http://commons.wikimedia.org/wiki/Special:FilePath/Glenveagh%20National%20Park%20-%20Lough%20Gleann.JPG,Ireland,https://en.wikipedia.org/wiki/Glenveagh,55.016666666,-8.05,national park
Q20758237,Ballybrack Dolmen,landmarks,http://commons.wikimedia.org/wiki/Special:FilePath/County%20Dublin%20-%20Ballybrack%20Dolmen%20-%2020180915164520.jpg,Ireland,,53.245128,-6.122301,
Q20758247,Cunard Dolmen,landmarks,http://commons.wikimedia.org/wiki/Special:FilePath/Cunard%20Portal%20Tomb.jpg,Ireland,,53.14599991,-6.33019447,
Q20758250,Q20758250,landmarks,http://commons.wikimedia.org/wiki/Special:FilePath/Killough%20Wedge%20Tomb%20-%20geograph.org.uk%20-%2017445.jpg,Ireland,,51.613054,-10.066557,
Q20758249,Killakee Wedge Tomb,landmarks,http://commons.wikimedia.org/wiki/Special:FilePath/Killakee%20Wedge%20Tomb.jpg,Ireland,,53.24718094,-6.31761122,"Wedge tomb in Killakee, Co. Dublin"
Q20758256,Onagh Dolmen,landmarks,http://commons.wikimedia.org/wiki/Special:FilePath/Glaskenny-Onagh.jpg,Ireland,,53.174776,-6.211,
Q20758263,Scregg Tomb,landmarks,http://commons.wikimedia.org/wiki/Special:FilePath/County%20Roscommon%20-%20Scregg%20Tomb%20-%2020170923182802.jpg,Ireland,,53.547433,-8.110605,
Q140038,Glenveagh Castle,castles,http://commons.wikimedia.org/wiki/Special:FilePath/Gleann%20Bheatha%20-%20geograph.org.uk%20-%2069006.jpg,Ireland,https://en.wikipedia.org/wiki/Glenveagh_Castle,55.03333333,-7.96666667,"castle in County Donegal, Ireland"
Q601162,Lansdowne Road,stadiums,http://commons.wikimedia.org/wiki/Special:FilePath/Leinster2006.jpg,Ireland,https://en.wikipedia.org/wiki/Lansdowne_Road,53.335005555,-6.229202777,former stadium in Dublin
Q149867,Sulby Reservoir,lakes,http://commons.wikimedia.org/wiki/Special:FilePath/Sulby%20Reservoir.%20Isle%20of%20Man.%20-%20geograph.org.uk%20-%2040826.jpg,Isle of Man,https://en.wikipedia.org/wiki/Sulby_Reservoir,54.271388888,-4.5,reservoir on the Isle of Man
Q1456614,Snaefell Mountain Railway,museums,http://commons.wikimedia.org/wiki/Special:FilePath/View%20from%20Snaefell%20Summit%20-%20geograph.org.uk%20-%201528817.jpg,Isle of Man,https://en.wikipedia.org/wiki/Snaefell_Mountain_Railway,54.2502,-4.4317,mountain railway on the isle of Man
Q181479,Ben Gurion Airport,airports,http://commons.wikimedia.org/wiki/Special:FilePath/Ben-gurion-airport-terminal--september-2012.jpg,Israel,https://en.wikipedia.org/wiki/Ben_Gurion_Airport,32.009444444,34.882777777,main international airport of Israel
Q1411801,Horns of Hattin,volcanoes,http://commons.wikimedia.org/wiki/Special:FilePath/Horns%20of%20Hattin.JPG,Israel,https://en.wikipedia.org/wiki/Horns_of_Hattin,32.799722222,35.459722222,mountain
Q162843,Negev,deserts,http://commons.wikimedia.org/wiki/Special:FilePath/Negev-2005-1.JPG,Israel,https://en.wikipedia.org/wiki/Negev,30.5,34.916666666,desert and semidesert region of southern Israel
Q819281,Mount Arbel,national_parks,http://commons.wikimedia.org/wiki/Special:FilePath/Arrbel%20panorama.jpg,Israel,https://en.wikipedia.org/wiki/Mount_Arbel,32.824166666,35.498611111,Israeli mountain in The Lower Galilee near Tiberias
Q534596,Tel Be'er Sheva,national_parks,http://commons.wikimedia.org/wiki/Special:FilePath/Tel%20Be%27er%20Sheva%20Overview%202007041.JPG,Israel,https://en.wikipedia.org/wiki/Tel_Be%27er_Sheva,31.24482,34.84013,archaeological site in Israel
Q568521,Migdal Afek,national_parks,http://commons.wikimedia.org/wiki/Special:FilePath/Migdal-Afek-11-ne.jpg,Israel,https://en.wikipedia.org/wiki/Migdal_Afek,32.08083333,34.95694444,"National park, Jewish settlement in the land of Israel from the second temple period"
Q603425,Well of Harod,national_parks,http://commons.wikimedia.org/wiki/Special:FilePath/Maayan%20harod.jpg,Israel,https://en.wikipedia.org/wiki/Ma%27ayan_Harod,32.548611111,35.355833333,spring on the southern border of the Jezreel Valley
Q654866,"Saint Peter Church, Capernaum",national_parks,http://commons.wikimedia.org/wiki/Special:FilePath/Kafarnaum%20BW%2023.jpg,Israel,"https://en.wikipedia.org/wiki/St._Peter%27s_Church,_Capernaum",32.88056,35.57537,church
Q1177750,City of David,landmarks,http://commons.wikimedia.org/wiki/Special:FilePath/City%20of%20David%2C%20Southern%20Wall%20Temple%20Mount%20Kidron%20Valley%20Ophel%20and%20Siloam.jpg,Israel,https://en.wikipedia.org/wiki/City_of_David_(archaeological_site),31.773037025,35.23481082,archaeological site in Palestine
Q1250874,Aelia Capitolina,landmarks,http://commons.wikimedia.org/wiki/Special:FilePath/Aelia%20Capitolina%20%2815683753326%29.jpg,Israel,https://en.wikipedia.org/wiki/Aelia_Capitolina,31.775689,35.23104,former Roman colony
Q333705,Technion – Israel Institute of Technology,universities,http://commons.wikimedia.org/wiki/Special:FilePath/Technion%20%E2%80%93%20Israel%20Institute%20of%20Technology19.jpg,Israel,https://en.wikipedia.org/wiki/Technion_%E2%80%93_Israel_Institute_of_Technology,32.7775,35.021666666,Israeli research university in Haifa
Q2916137,Israeli Film Archive Jerusalem Cinematheque,museums,http://commons.wikimedia.org/wiki/Special:FilePath/Filmfestival2009.jpg,Israel,https://en.wikipedia.org/wiki/Jerusalem_Cinematheque,31.76990556,35.22606111,"cinema in Jerusalem, Israel"
Q796764,Museum of the Jewish People at Beit Hatfutsot,museums,http://commons.wikimedia.org/wiki/Special:FilePath/Beth%20Hatefutsoth3.JPG,Israel,https://en.wikipedia.org/wiki/Anu_%E2%80%93_Museum_of_the_Jewish_People,32.113811111,34.805261111,museum in Israel
Q6853093,Rosh Hanikra train tunnels,space,http://commons.wikimedia.org/wiki/Special:FilePath/Rosh%20Hanikra%20Tunnel21.jpg,Israel,,33.09288889,35.10459167,system of two rail tunnels
Q1507974,Tel Aviv Stock Exchange,markets,http://commons.wikimedia.org/wiki/Special:FilePath/BursaTelAviv-1.jpg,Israel,https://en.wikipedia.org/wiki/Tel_Aviv_Stock_Exchange,32.06455,34.770308333,"stock exchange located in Tel Aviv, Israel"
Q134762,Eilat,markets,http://commons.wikimedia.org/wiki/Special:FilePath/Eilat2.jpg,Israel,https://en.wikipedia.org/wiki/Eilat,29.55,34.95,city in Israel
Q60910,"Milan–Malpensa ""Silvio Berlusconi"" Airport",airports,http://commons.wikimedia.org/wiki/Special:FilePath/Aerial%20photograph%20of%20Milan%20Malpensa%20airport.jpg,Italy,https://en.wikipedia.org/wiki/Milan_Malpensa_Airport,45.63,8.723055555,"international airport serving Milan, Italy"
Q19101,Roma Fiumicino Airport,airports,http://commons.wikimedia.org/wiki/Special:FilePath/Rom%20Fiumicino%202011-by-RaBoe-02.jpg,Italy,https://en.wikipedia.org/wiki/Rome_Fiumicino_Airport,41.7956,12.2499,"international airport of Rome, in Fiumicino, Italy"
Q130270,Cuneo International Airport,airports,http://commons.wikimedia.org/wiki/Special:FilePath/Aeroporto%20cuneo%20levaldigi%20terminal.jpg,Italy,https://en.wikipedia.org/wiki/Cuneo_International_Airport,44.54595,7.62182,airport
Q389241,Bologna Guglielmo Marconi Airport,airports,http://commons.wikimedia.org/wiki/Special:FilePath/Bologna%20Guglielmo%20Marconi%20Airport%20aerial.jpg,Italy,https://en.wikipedia.org/wiki/Bologna_Guglielmo_Marconi_Airport,44.535444444,11.288666666,"international airport serving Bologna, Italy"
Q517873,Bergamo-Il Caravaggio,airports,http://commons.wikimedia.org/wiki/Special:FilePath/Orio%20al%20Serio%20International%20Airport%202025.jpg,Italy,https://en.wikipedia.org/wiki/Milan_Bergamo_Airport,45.66547,9.69948,"international airport serving Bergamo, Italy"
Q540273,Catania-Fontanarossa Airport,airports,http://commons.wikimedia.org/wiki/Special:FilePath/Aeroporto%20di%20catania%2C%20veduta%20etna.jpg,Italy,https://en.wikipedia.org/wiki/Catania%E2%80%93Fontanarossa_Airport,37.466666666,15.063888888,"international airport serving Catania, Sicily, Italy"
Q1321161,Vulcanello,peaks,http://commons.wikimedia.org/wiki/Special:FilePath/Vulcano%20With%20Vulcanello.jpg,Italy,,38.425,14.95833333,mountain
Q207323,Vulcano,peaks,http://commons.wikimedia.org/wiki/Special:FilePath/Aerial%20image%20of%20Vulcano%20%28view%20from%20the%20east%29.jpg,Italy,https://en.wikipedia.org/wiki/Vulcano,38.4042,14.9658,small volcanic island north of Sicily
Q729873,Mount Somma,peaks,http://commons.wikimedia.org/wiki/Special:FilePath/Monte%20Vesubio%20%28desde%20sat%C3%A9lite%29.jpg,Italy,https://en.wikipedia.org/wiki/Mount_Somma,40.821666666,14.426111111,summit caldera surrounding Mount Vesuvius
Q1249309,Pantelleria Island,volcanoes,http://commons.wikimedia.org/wiki/Special:FilePath/Ortofoto-piccola.jpg,Italy,https://en.wikipedia.org/wiki/Pantelleria_Island,36.783333333,12.0,Italian island
Q71530,Aterno-Pescara,rivers,http://commons.wikimedia.org/wiki/Special:FilePath/Pescara%20quelle%2002.jpg,Italy,https://en.wikipedia.org/wiki/Aterno-Pescara,42.5196,13.2529,river in Italy
Q71539,Giovenco,rivers,http://commons.wikimedia.org/wiki/Special:FilePath/Giovenco.jpg,Italy,,41.972318074,13.728626112,river in Italy
Q71562,Liri,rivers,http://commons.wikimedia.org/wiki/Special:FilePath/Sora%20Aout%202003%20119.jpg,Italy,https://en.wikipedia.org/wiki/Liri,41.4098,13.8629,Italian river
Q71596,Sagittario,rivers,http://commons.wikimedia.org/wiki/Special:FilePath/Gole%20del%20Sagittario.jpg,Italy,https://en.wikipedia.org/wiki/Sagittario_(river),42.15,13.83333333,"river in Abruzzo, Italy"
Q71609,Salto (river),rivers,http://commons.wikimedia.org/wiki/Special:FilePath/Lago%20Salto%20e%20Petrella.jpg,Italy,,42.38944444,12.89361111,river in Italy
Q71621,Sangro,rivers,http://commons.wikimedia.org/wiki/Special:FilePath/FoceSangro.png,Italy,https://en.wikipedia.org/wiki/Sangro,42.2361457,14.542808,river in Italy
Q71654,Alento (Abruzzo),rivers,http://commons.wikimedia.org/wiki/Special:FilePath/Serramonacesca%202011-by-RaBoe%2063.jpg,Italy,https://en.wikipedia.org/wiki/Alento_(Abruzzo),40.15,15.1333,river in Italy
Q137907,Mühlbacher Stausee,lakes,http://commons.wikimedia.org/wiki/Special:FilePath/Blick%20von%20Meransen%20ins%20Pustertal.jpg,Italy,,46.801866,11.675785,reservoir
Q76925,Venetian Lagoon,lakes,http://commons.wikimedia.org/wiki/Special:FilePath/Porto%20di%20Lido-San%20Nicol%C3%B2.jpg,Italy,https://en.wikipedia.org/wiki/Venetian_Lagoon,45.413055555,12.297222222,enclosed bay of the Adriatic Sea
Q387230,Lago Nicoletti,lakes,http://commons.wikimedia.org/wiki/Special:FilePath/Panorama%20from%20Calascibetta.jpg,Italy,https://en.wikipedia.org/wiki/Nicoletti_Lake,37.61,14.34,lake in Sicily
Q3661534,Cascata of the Marmarico,waterfalls,http://commons.wikimedia.org/wiki/Special:FilePath/Cascata%20Marmarico.JPG,Italy,,38.5019,16.3975,"waterfall in the Ecomuseo delle ferriere e fonderie di Calabria, Bivongi, Italy"
Q3661533,Cascata del Catafurco,waterfalls,http://commons.wikimedia.org/wiki/Special:FilePath/Cascata%20del%20catafurco%20galati%20mamertino.jpg,Italy,,37.9968,14.8061,
Q3661538,Cascata delle Ninfe,waterfalls,http://commons.wikimedia.org/wiki/Special:FilePath/Cascata%20delle%20Ninfe02.jpg,Italy,,41.7598,13.9083,
Q3661539,Partschins Waterfall,waterfalls,http://commons.wikimedia.org/wiki/Special:FilePath/Partschins%20wasserfall.jpg,Italy,,46.69583333,11.04888889,
Q3661536,Q3661536,waterfalls,http://commons.wikimedia.org/wiki/Special:FilePath/La%20cascata%20dell%27Infernaccio%2C%20tra%20Celleno%20e%20Grotte%20Santo%20Stefano.jpg,Italy,,42.5274,12.1311,
Q3661543,Q3661543,waterfalls,http://commons.wikimedia.org/wiki/Special:FilePath/Mammola%20-%20Cascata%20Salino.JPG,Italy,,38.3684,16.2027,
Q3661554,Cascate del Varone,waterfalls,http://commons.wikimedia.org/wiki/Special:FilePath/2021%20%E2%80%94%20Erste%20Julireise%20Mateus2019%20%E2%80%94%20Batch%20%28302%29.jpg,Italy,https://en.wikipedia.org/wiki/Cascate_del_Varone,45.911417,10.834331,"waterfall park in Riva del Garda, Italy"
Q3661552,Cascate Nardis,waterfalls,http://commons.wikimedia.org/wiki/Special:FilePath/Cascades%20Nardi%20Italia.jpg,Italy,https://en.wikipedia.org/wiki/Cascate_Nardis,46.168747,10.714803,waterfall in Trentino
Q3661559,Barbian waterfalls,waterfalls,http://commons.wikimedia.org/wiki/Special:FilePath/Cascbarbinf.JPG,Italy,,46.601558,11.501527,
Q3661556,cascate del Serio,waterfalls,http://commons.wikimedia.org/wiki/Special:FilePath/Cascatedelserio.JPG,Italy,https://en.wikipedia.org/wiki/Cascate_del_Serio,46.062111111,10.036611111,"waterfall in Lombardy, Italy"
Q3661557,Oxena falls,waterfalls,http://commons.wikimedia.org/wiki/Special:FilePath/Cascate%20dell%27Ossena%2006.jpg,Italy,,37.2481,14.801,
Q3661562,Cascata Lequarci,waterfalls,http://commons.wikimedia.org/wiki/Special:FilePath/Cascate%20di%20Lequarci%20Ulassai%20Sardegna%20Santa%20Barbara.jpg,Italy,,39.7925,9.45205,
Q3661561,Q3661561,waterfalls,http://commons.wikimedia.org/wiki/Special:FilePath/Cascate%20di%20Lecorci%20ulassai.JPG,Italy,,39.7925,9.45205,
Q3661566,Q3661566,waterfalls,http://commons.wikimedia.org/wiki/Special:FilePath/Cascata%20vandoies.jpg,Italy,,46.8163,11.7239,
Q3661565,Waterfall of Valganna,waterfalls,http://commons.wikimedia.org/wiki/Special:FilePath/Cascate%20di%20Valganna.JPG,Italy,,45.85488,8.82285,
Q489406,Formica,islands,http://commons.wikimedia.org/wiki/Special:FilePath/Isola%20Formica.jpg,Italy,,37.9889,12.4253,island
Q497321,Linosa,islands,http://commons.wikimedia.org/wiki/Special:FilePath/Linosa.jpg,Italy,https://en.wikipedia.org/wiki/Linosa,35.85918,12.86272,island near Italy
Q497339,Marettimo,islands,http://commons.wikimedia.org/wiki/Special:FilePath/Marettimo-panorama.jpg,Italy,https://en.wikipedia.org/wiki/Marettimo,37.966666666,12.066666666,island in Italia
Q497357,Levanzo,islands,http://commons.wikimedia.org/wiki/Special:FilePath/Levanzo2.jpg,Italy,https://en.wikipedia.org/wiki/Levanzo,38.0,12.333333333,island
Q499519,Lipari,islands,http://commons.wikimedia.org/wiki/Special:FilePath/Aerial%20image%20of%20Lipari%20%28view%20from%20the%20southwest%29.jpg,Italy,https://en.wikipedia.org/wiki/Lipari_Island,38.46666667,14.95,"island part of Aeolian archipelago, Italy"
Q505847,Salina,islands,http://commons.wikimedia.org/wiki/Special:FilePath/Aerial%20image%20of%20Salina%20%28view%20from%20the%20southwest%29.jpg,Italy,"https://en.wikipedia.org/wiki/Salina,_Sicily",38.564722222,14.838888888,island north of Sicily
Q1044668,Republic of Rose Island,islands,http://commons.wikimedia.org/wiki/Special:FilePath/Isola%20delle%20Rose%201968.jpg,Italy,https://en.wikipedia.org/wiki/Republic_of_Rose_Island,44.180277777,12.622222222,"former country located in the Adriatic Sea, off the coast of Italy"
Q304108,Isola dei Pescatori,islands,http://commons.wikimedia.org/wiki/Special:FilePath/Isola%20Superiore.jpg,Italy,https://en.wikipedia.org/wiki/Isola_dei_Pescatori,45.900555555,8.520555555,human settlement
Q384468,Correnti,islands,http://commons.wikimedia.org/wiki/Special:FilePath/Isola%20delle%20correnti.jpg,Italy,,36.6456,15.0775,island in Italy
Q3108341,Frébouze Glacier,glaciers,http://commons.wikimedia.org/wiki/Special:FilePath/Glacier%20de%20Fr%C3%A9bouze%20%40%20Val%20de%20Malatra%2002.jpg,Italy,,45.8703,7.0083,
Q3108369,Grandes Murailles Glacier,glaciers,http://commons.wikimedia.org/wiki/Special:FilePath/Ghiacciaio%20des%20Grandes%20Murailles.JPG,Italy,,45.967,7.583,
Q3761666,Presena Glacier,glaciers,http://commons.wikimedia.org/wiki/Special:FilePath/Ghiacciaio-Presena-agosto-2014.jpg,Italy,,46.222742,10.581227,
Q3761678,Ghiacciaio dei Forni,glaciers,http://commons.wikimedia.org/wiki/Special:FilePath/GhiacciaioForni.jpg,Italy,,46.3982,10.5881,Italian glacier
Q3761679,Belvedere Glacier,glaciers,http://commons.wikimedia.org/wiki/Special:FilePath/Monte%20Rosa%20east%20face.jpg,Italy,https://en.wikipedia.org/wiki/Belvedere_Glacier,45.95055556,7.90972222,"glacier in Piedmont, Italy"
Q3761682,Coupé de Money Glacier,glaciers,http://commons.wikimedia.org/wiki/Special:FilePath/Coup%C3%A9%20de%20Money%20020.jpg,Italy,,45.5338,7.354,glacier in Italy
Q3761680,Glacier du Brouillard,glaciers,http://commons.wikimedia.org/wiki/Special:FilePath/Glacier%20du%20Brouillard%2C%20July%202009.jpg,Italy,,45.813166,6.870353,
Q3761681,Careser Glacier,glaciers,http://commons.wikimedia.org/wiki/Special:FilePath/Ghiacciaio%20del%20Careser.jpg,Italy,,46.452347,10.711842,glacier in Italy
Q3761687,Laveciau Glacier,glaciers,http://commons.wikimedia.org/wiki/Special:FilePath/Laveciau%20007.jpg,Italy,,45.5225,7.2563,glacier in Italy
Q3761691,Ghiacciaio del Money,glaciers,http://commons.wikimedia.org/wiki/Special:FilePath/Money%2022.jpg,Italy,,45.5293,7.3419,
Q3761688,Lys glacier,glaciers,http://commons.wikimedia.org/wiki/Special:FilePath/Ghiacciaio%20del%20Lys.JPG,Italy,,45.905336,7.841463,Italian glacier
Q3761694,Glacier of Rutor,glaciers,http://commons.wikimedia.org/wiki/Special:FilePath/Glacier%20du%20Ruitor%20%40%20Lancrebranlette.jpg,Italy,,45.6473,7.0113,glacier in Italy
Q3761693,Nomenon Glacier,glaciers,http://commons.wikimedia.org/wiki/Special:FilePath/Nomenon%20023.jpg,Italy,,45.6034,7.2637,glacier in Italy
Q3761698,Ghiacciaio del Gleno,glaciers,http://commons.wikimedia.org/wiki/Special:FilePath/Ghiacciaio%20gleno.jpg,Italy,,46.06,9.96,
Q3761699,Ghiacciaio del Tzasset,glaciers,http://commons.wikimedia.org/wiki/Special:FilePath/Tzasset%2030.jpg,Italy,,45.5388,7.2814,
Q3761696,Ghiacciaio del Tessonet,glaciers,http://commons.wikimedia.org/wiki/Special:FilePath/Tessonet%20024.jpg,Italy,,45.62212,7.46845,glacier in Italy
Q3761697,Ghiacciaio del Trajo,glaciers,http://commons.wikimedia.org/wiki/Special:FilePath/011%20ghiacciaio%20del%20trajo.jpg,Italy,,45.5971,7.2719,glacier in Italy
Q3761702,Lex Blanche Glacier,glaciers,http://commons.wikimedia.org/wiki/Special:FilePath/Ghiacciaio%20Lex%20Blanche%202015.jpg,Italy,,45.7797,6.82028,glacier in Italy
Q3761703,Punta Tersiva Glacier,glaciers,http://commons.wikimedia.org/wiki/Special:FilePath/Glacier%20de%20la%20Pointe%20Tersiva%20025.jpg,Italy,,45.62252,7.46787,glacier in Italy
Q3761700,Ghiacciaio dell'Adamello,glaciers,http://commons.wikimedia.org/wiki/Special:FilePath/Veduta%20del%20Ghiacciaio%20Presena.jpg,Italy,,46.152554,10.535498,glacier in Italy
Q3761706,Ghiacciaio della Tribolazione,glaciers,http://commons.wikimedia.org/wiki/Special:FilePath/Ghiacciaio%20della%20Tribolazione.jpg,Italy,,45.52153,7.28213,
Q3761707,Sengie Glacier,glaciers,http://commons.wikimedia.org/wiki/Special:FilePath/010%20ghiacciaio%20delle%20sengie.jpg,Italy,,45.526,7.3808,glacier in Italy
Q212613,Miage Glacier,glaciers,http://commons.wikimedia.org/wiki/Special:FilePath/Miage%20Glacier%20in%20Italy%20-%202009-07-27.jpg,Italy,https://en.wikipedia.org/wiki/Miage_Glacier,45.804166666,6.840555555,Italian glacier
Q261265,Gepatschferner,glaciers,http://commons.wikimedia.org/wiki/Special:FilePath/BrandenbugerHausUndWeisskugel.jpg,Italy,,46.8333,10.75,glacier in the Ötzal Alps at the border Tyrol / South Tyrol
Q330861,Übeltalferner,glaciers,http://commons.wikimedia.org/wiki/Special:FilePath/%C3%9Cbeltalferner2012.jpg,Italy,,46.95611111,11.18055556,glacier in South Tyrol
Q847690,Gran Paradiso National Park,national_parks,http://commons.wikimedia.org/wiki/Special:FilePath/Nivoletto.jpg,Italy,https://en.wikipedia.org/wiki/Gran_Paradiso_National_Park,45.502777777,7.31,Italian national park
Q867361,"Cilento, Vallo di Diano and Alburni National Park",national_parks,http://commons.wikimedia.org/wiki/Special:FilePath/Parco%20del%20Cilento%20a%20Cannalonga.jpg,Italy,"https://en.wikipedia.org/wiki/Parco_Nazionale_del_Cilento,_Vallo_di_Diano_e_Alburni",40.2,15.2,Italian national park
Q536703,Arcipelago di La Maddalena National Park,national_parks,http://commons.wikimedia.org/wiki/Special:FilePath/La%20Maddalena%20-%20Isola%20di%20Spargi%20%2801%29.JPG,Italy,https://en.wikipedia.org/wiki/Arcipelago_di_La_Maddalena_National_Park,41.24580483,9.41185,national park
Q635414,Vesuvius National Park,national_parks,http://commons.wikimedia.org/wiki/Special:FilePath/Vesuvio%20-%20Atrio%20del%20cavallo.jpg,Italy,https://en.wikipedia.org/wiki/Vesuvius_National_Park,40.817,14.427,national park in Italy
Q680313,Alta Murgia National Park,national_parks,http://commons.wikimedia.org/wiki/Special:FilePath/La%20vallata%20di%20Poggiorsini%20vista%20nel%20dettaglio.jpg,Italy,https://en.wikipedia.org/wiki/Alta_Murgia_National_Park,40.99,16.37,"national park in Apulia, southern Italy"
Q13318,Imperia,cities,http://commons.wikimedia.org/wiki/Special:FilePath/Imperia%20Porto%20Maurizio%20BMK.jpg,Italy,https://en.wikipedia.org/wiki/Imperia,43.886466666,8.029652777,"coastal city and comune in the region of Liguria, Italy"
Q13320,Savona,cities,http://commons.wikimedia.org/wiki/Special:FilePath/Savona%20%28260099167%29.jpeg,Italy,https://en.wikipedia.org/wiki/Savona,44.308055555,8.481111111,Italian comune
Q13329,Piacenza,cities,http://commons.wikimedia.org/wiki/Special:FilePath/Piazza%20dei%20Cavalli%20Piacenza.JPG,Italy,https://en.wikipedia.org/wiki/Piacenza,45.05,9.7,Italian comune
Q13362,Ferrara,cities,http://commons.wikimedia.org/wiki/Special:FilePath/Castello%20esterno.jpg,Italy,https://en.wikipedia.org/wiki/Ferrara,44.839166666,11.6175,"comune in Emilia-Romagna, Italy"
Q13360,Reggio Emilia,cities,http://commons.wikimedia.org/wiki/Special:FilePath/Reggio%20emilia%20piazza%20san%20prospero%20abside%20duomo.jpg,Italy,https://en.wikipedia.org/wiki/Reggio_Emilia,44.7,10.633333333,Italian commune (comune) in Emilia-Romagna
Q13367,Forlì,cities,http://commons.wikimedia.org/wiki/Special:FilePath/IT-FC-Forl%C3%AC025.jpg,Italy,https://en.wikipedia.org/wiki/Forl%C3%AC,44.222777777,12.041388888,italian comune
Q13364,Ravenna,cities,http://commons.wikimedia.org/wiki/Special:FilePath/Basilica%20of%20San%20Vitale.jpg,Italy,https://en.wikipedia.org/wiki/Ravenna,44.416111111,12.201666666,city in northern Italy
Q13369,Rimini,cities,http://commons.wikimedia.org/wiki/Special:FilePath/08%20b%20piazza%20cavour%20pan%20301.jpg,Italy,https://en.wikipedia.org/wiki/Rimini,44.059444444,12.568333333,Italian comune
Q13375,Pisa,cities,http://commons.wikimedia.org/wiki/Special:FilePath/Pisa%20-%20veduta%20dall%27aereo%204.JPG,Italy,https://en.wikipedia.org/wiki/Pisa,43.716666666,10.4,"city in Tuscany, Central Italy"
Q13372,Carrara,cities,http://commons.wikimedia.org/wiki/Special:FilePath/Carrara.marble.quarries.in.italy.arp.jpg,Italy,https://en.wikipedia.org/wiki/Carrara,44.083333333,10.1,Italian comune
Q13373,Lucca,cities,http://commons.wikimedia.org/wiki/Special:FilePath/02%20Lucca%20seen%20from%20Torre%20Guinigi.jpg,Italy,https://en.wikipedia.org/wiki/Lucca,43.85,10.516666666,"city and comune in Tuscany, Central Italy"
Q13377,Prato,cities,http://commons.wikimedia.org/wiki/Special:FilePath/Piazza%20del%20Duomo%20e%20Cattedrale%20Santo%20Stefano%20Prato.jpg,Italy,https://en.wikipedia.org/wiki/Prato,43.880813888,11.096561111,Italian comune
Q13386,Lecce,cities,http://commons.wikimedia.org/wiki/Special:FilePath/Collage%20Lecce.jpg,Italy,https://en.wikipedia.org/wiki/Lecce,40.352011111,18.169138888,Italian comune
Q13410,Latina,cities,http://commons.wikimedia.org/wiki/Special:FilePath/Vista%20panoramica%20latina.jpg,Italy,"https://en.wikipedia.org/wiki/Latina,_Lazio",41.467222222,12.903611111,Italian comune
Q13464,Foggia,cities,http://commons.wikimedia.org/wiki/Special:FilePath/Piazza%20Camillo%20Benso%20conte%20di%20Cavour.jpg,Italy,https://en.wikipedia.org/wiki/Foggia,41.45845,15.55188,Italian comune
Q13470,Barletta,cities,http://commons.wikimedia.org/wiki/Special:FilePath/Cath%C3%A9drale%20Santa%20Maria%20Maggiore%20de%20Barletta.JPG,Italy,https://en.wikipedia.org/wiki/Barletta,41.316666666,16.283333333,"city and comune in the north of Apulia, Italy"
Q13486,Andria,cities,http://commons.wikimedia.org/wiki/Special:FilePath/Andria%2C%20monumenti.png,Italy,https://en.wikipedia.org/wiki/Andria,41.231666666,16.308333333,"city and comune in Apulia, Italy"
Q13498,Taranto,cities,http://commons.wikimedia.org/wiki/Special:FilePath/Castello%20Aragonese%28Taranto%29.JPG,Italy,https://en.wikipedia.org/wiki/Taranto,40.471111111,17.243055555,Italian comune
Q13625,Vibo Valentia,cities,http://commons.wikimedia.org/wiki/Special:FilePath/Vibo%20panorama.JPG,Italy,https://en.wikipedia.org/wiki/Vibo_Valentia,38.675277777,16.0959,Italian comune
Q13629,Sassari,cities,http://commons.wikimedia.org/wiki/Special:FilePath/Piazza%20d%27Italia%20di%20Sassari.JPG,Italy,https://en.wikipedia.org/wiki/Sassari,40.726666666,8.559166666,"city and commune in Sardinia, Italy"
Q13666,Messina,cities,http://commons.wikimedia.org/wiki/Special:FilePath/Messina%20harbour%20-%20aerial%20view.jpg,Italy,https://en.wikipedia.org/wiki/Messina,38.193611111,15.554166666,Italian comune in Sicily
Q13670,Syracuse,cities,http://commons.wikimedia.org/wiki/Special:FilePath/Ortigia%20dall%27alto.jpg,Italy,"https://en.wikipedia.org/wiki/Syracuse,_Sicily",37.069166666,15.2875,Italian municipality
Q13678,Agrigento,cities,http://commons.wikimedia.org/wiki/Special:FilePath/Agrigento%204m1.jpg,Italy,https://en.wikipedia.org/wiki/Agrigento,37.31065,13.57661,Italian comune in Sicily
Q1906,Caserta,cities,http://commons.wikimedia.org/wiki/Special:FilePath/Caserta%20desde%20Casertavecchia%2001.JPG,Italy,https://en.wikipedia.org/wiki/Caserta,41.066667,14.333333,Italian comune
Q2028,Verona,cities,http://commons.wikimedia.org/wiki/Special:FilePath/Aerial%20picture%20of%20Verona.jpg,Italy,https://en.wikipedia.org/wiki/Verona,45.438611111,10.992777777,"city in Veneto, northern Italy"
Q2634,Naples,cities,http://commons.wikimedia.org/wiki/Special:FilePath/Naples%20from%20the%20Castello%20Sant%20Elmo%20with%20Abbazia%20San%20Martino%20the%20port%20and%20the%20Vesuv.jpg,Italy,https://en.wikipedia.org/wiki/Naples,40.835833333,14.248611111,"capital city of Campania, Italy"
Q2656,Palermo,cities,http://commons.wikimedia.org/wiki/Special:FilePath/Palermo02%20flickr.jpg,Italy,https://en.wikipedia.org/wiki/Palermo,38.115658055,13.361261944,"Italian city, capital of Sicily"
Q2683,Parma,cities,http://commons.wikimedia.org/wiki/Special:FilePath/Parma%20dal%20Duomo%2C%20settembre%202014-1%20%2815481932581%29.jpg,Italy,https://en.wikipedia.org/wiki/Parma,44.801472222,10.328,city in the northern Italian region of Emilia-Romagna
Q2704,Pescara,cities,http://commons.wikimedia.org/wiki/Special:FilePath/Pescara%20-%20foce%20del%20fiume%20vista%20dal%20ponte%20del%20mare.JPG,Italy,https://en.wikipedia.org/wiki/Pescara,42.464277777,14.214188888,"city in Abruzzo, Central Italy"
Q2751,Siena,cities,http://commons.wikimedia.org/wiki/Special:FilePath/PiazzadelCampoSiena.jpg,Italy,https://en.wikipedia.org/wiki/Siena,43.318333333,11.331388888,"city in Tuscany, Italy and capital of the province of Siena"
Q2759,Urbino,cities,http://commons.wikimedia.org/wiki/Special:FilePath/Urbino-palazzo%20e%20borgo.jpg,Italy,https://en.wikipedia.org/wiki/Urbino,43.725238888,12.6372,town in the Marche region of Italy
Q2790,Udine,cities,http://commons.wikimedia.org/wiki/Special:FilePath/Piazza%20san%20giacomo.jpg,Italy,https://en.wikipedia.org/wiki/Udine,46.066666666,13.233333333,Italian comune
Q3415,Ancona,cities,http://commons.wikimedia.org/wiki/Special:FilePath/AnkonPanorama.jpg,Italy,https://en.wikipedia.org/wiki/Ancona,43.616666666,13.516666666,Italian city in the Marches region
Q3437,Perugia,cities,http://commons.wikimedia.org/wiki/Special:FilePath/Perugia%20panoramic.jpg,Italy,https://en.wikipedia.org/wiki/Perugia,43.11191816,12.38854847,Italian comune
Q3476,L'Aquila,cities,http://commons.wikimedia.org/wiki/Special:FilePath/L%27Aquila%20Piazza%20del%20Duomo%202007%20by-RaBoe.jpg,Italy,https://en.wikipedia.org/wiki/L%27Aquila,42.354008333,13.391991666,"Italian city, capital of the Abruzzo region and of the Province of L'Aquila"
Q3519,Bari,cities,http://commons.wikimedia.org/wiki/Special:FilePath/Puglia%20bari%20old-town.jpg,Italy,https://en.wikipedia.org/wiki/Bari,41.125277777,16.866666666,"Italian city, capital of the Apulia region"
Q3543,Potenza,cities,http://commons.wikimedia.org/wiki/Special:FilePath/Palazzo%20della%20Prefettura%20e%20teatro%20Stabile%20-%20la%20piazza.jpg,Italy,https://en.wikipedia.org/wiki/Potenza,40.633333333,15.8,Italian comune
Q3639,Verbania,cities,http://commons.wikimedia.org/wiki/Special:FilePath/Aerial%20image%20of%20Verbania%20%28view%20from%20the%20south%29.jpg,Italy,https://en.wikipedia.org/wiki/Verbania,45.922777777,8.551944444,Italian city
Q3136685,ancient Capua,cities,http://commons.wikimedia.org/wiki/Special:FilePath/Capua%20Antica%20Amphitheatre.jpg,Italy,https://en.wikipedia.org/wiki/Ancient_Capua,41.083333333,14.25,ancient city of Italy
Q1891,Bologna,cities,http://commons.wikimedia.org/wiki/Special:FilePath/Bologna%20Panorama.jpg,Italy,https://en.wikipedia.org/wiki/Bologna,44.493888888,11.342777777,"city and commune in Emilia-Romagna, Italy"
Q20009166,dolmen of Sarbogadas,landmarks,http://commons.wikimedia.org/wiki/Special:FilePath/Birori%20-%20Dolmen%20di%20Sarbogadas%20%2814%29.JPG,Italy,,40.24805556,8.81477778,"archaeological site in Birori, Italy"
Q1231948,Populonia,landmarks,http://commons.wikimedia.org/wiki/Special:FilePath/Populonia1.jpg,Italy,https://en.wikipedia.org/wiki/Populonia,42.989444,10.491389,frazione of Italy
Q1239561,Tauriana,landmarks,http://commons.wikimedia.org/wiki/Special:FilePath/Tabula%20Peutingeriana%20Tauriana.png,Italy,https://en.wikipedia.org/wiki/Tauriana,38.39444444,15.87138889,"ancient city and archaeological site in Palmi, Metropolitan City of Reggio Calabria, Italy"
Q1877295,Regolini-Galassi tomb,landmarks,http://commons.wikimedia.org/wiki/Special:FilePath/Rude%20Stone%20Monuments%200060.png,Italy,https://en.wikipedia.org/wiki/Regolini-Galassi_tomb,41.991944444,12.099444444,archaic Etruscan tomb
Q2575871,"Roman Theatre, Fiesole",landmarks,http://commons.wikimedia.org/wiki/Special:FilePath/FiesoleDec092023%2011.jpg,Italy,,43.808006,11.293928,"ancient Roman theatre in Fiesole, Italy"
Q2734384,Theatre of Balbus,landmarks,http://commons.wikimedia.org/wiki/Special:FilePath/Theatre%20of%20Balbus.jpg,Italy,https://en.wikipedia.org/wiki/Theatre_of_Balbus,41.8944,12.4786,theatre in Ancient Rome
Q3305266,Tumulo di Camucia,landmarks,http://commons.wikimedia.org/wiki/Special:FilePath/Melone%20di%20Camucia%201.JPG,Italy,,43.259869,11.974117,
Q586329,Ponte Sisto,bridges,http://commons.wikimedia.org/wiki/Special:FilePath/Ponte%20Sisto%20Roma.jpg,Italy,https://en.wikipedia.org/wiki/Ponte_Sisto,41.892336,12.470794,"bridge in Rome, Italy"
Q608492,"Ponte Vecchio, Bassano",bridges,http://commons.wikimedia.org/wiki/Special:FilePath/Ponte%20degli%20Alpini%20Bassano%20del%20Grappa%202007.jpg,Italy,"https://en.wikipedia.org/wiki/Ponte_Vecchio,_Bassano",45.767515,11.73129,Bassano del Grappa bridge
Q636691,Ponte San Michele,bridges,http://commons.wikimedia.org/wiki/Special:FilePath/Ponte%20sul%20Adda%20Paderno.jpg,Italy,https://en.wikipedia.org/wiki/San_Michele_Bridge,45.682683197,9.452655566,bridge over Paderno d'Adda
Q844241,Ponte Gobbo,bridges,http://commons.wikimedia.org/wiki/Special:FilePath/Bobbio%20bridge.jpg,Italy,,44.767248,9.390767,"bridge over the Trebbia river at Bobbio, province of Piacenza, Italy"
Q1053846,Ponte Coperto,bridges,http://commons.wikimedia.org/wiki/Special:FilePath/Pavia%20ponte%20coperto%20sul%20Ticino.jpg,Italy,https://en.wikipedia.org/wiki/Ponte_Coperto,45.180656,9.15319,"deck arch bridge in Pavia, Italy"
Q165069,Miramare Castle,castles,http://commons.wikimedia.org/wiki/Special:FilePath/Castello%20di%20Miramare%20%28Trieste%29%20%287%29.jpg,Italy,https://en.wikipedia.org/wiki/Miramare_Castle,45.702454,13.712318,"castle in Trieste, Italy"
Q189702,Zenoburg,castles,http://commons.wikimedia.org/wiki/Special:FilePath/Tirol%20Zenoburg%20von%20Obermais%20gesehen.jpg,Italy,,46.6741989,11.1716879,"castle in South Tyrol, Italy"
Q247451,Buonconsiglio Castle,castles,http://commons.wikimedia.org/wiki/Special:FilePath/20110727%20Trento%20Buonconsiglio%20Castle%206609.jpg,Italy,https://en.wikipedia.org/wiki/Buonconsiglio_Castle,46.071571,11.127037,"castle in Trento, Italy"
Q112485,Savoy Castle,castles,http://commons.wikimedia.org/wiki/Special:FilePath/CastelloSavoiaAugust192023%2001.jpg,Italy,"https://en.wikipedia.org/wiki/Savoy_Castle,_Gressoney-Saint-Jean",45.764066,7.826702,"castle in Gressoney-Saint-Jean, Italy"
Q576783,South Tyrol Arena,stadiums,http://commons.wikimedia.org/wiki/Special:FilePath/Antholz%20-%20Biathlon-Anlage%201.jpg,Italy,https://en.wikipedia.org/wiki/South_Tyrol_Arena,46.886,12.1525,"biathlon stadium in Rasen-Antholz, South Tyrol, Italy"
Q581672,Luigi Zaffanella Stadium,stadiums,http://commons.wikimedia.org/wiki/Special:FilePath/Stadio%20Zaffanella%20%22Aironi%22%20-%20panoramio.jpg,Italy,https://en.wikipedia.org/wiki/Stadio_Luigi_Zaffanella,44.934015,10.517757,"sport venue in Viadana, Italy"
Q610546,Stadio Ennio Tardini,stadiums,http://commons.wikimedia.org/wiki/Special:FilePath/Stadio%20Ennio%20Tardini%202026.jpg,Italy,https://en.wikipedia.org/wiki/Stadio_Ennio_Tardini,44.794916666,10.338444444,"football stadium in Parma, Italy"
Q94946,Stadio Mario Rigamonti,stadiums,http://commons.wikimedia.org/wiki/Special:FilePath/The%20Mario%20Rigamonti%20stadium%20in%202020.jpg,Italy,https://en.wikipedia.org/wiki/Stadio_Mario_Rigamonti,45.570556,10.236944,"football stadium located in Brescia, Italy"
Q115372,Stadio Giuseppe Sinigaglia,stadiums,http://commons.wikimedia.org/wiki/Special:FilePath/Stadio%20Sinigaglia%20Como%2016-07-2025.jpg,Italy,https://en.wikipedia.org/wiki/Stadio_Giuseppe_Sinigaglia,45.81388889,9.07222222,football stadium
Q115585,Stadio Euganeo,stadiums,http://commons.wikimedia.org/wiki/Special:FilePath/PadovaStadioEuganeo.jpg,Italy,https://en.wikipedia.org/wiki/Stadio_Euganeo,45.432222,11.858333,football stadium
Q115970,Arena Garibaldi – Stadio Romeo Anconetani,stadiums,http://commons.wikimedia.org/wiki/Special:FilePath/Italy%20-%20Pisa%20-%20Stadium.jpg,Italy,https://en.wikipedia.org/wiki/Arena_Garibaldi_%E2%80%93_Stadio_Romeo_Anconetani,43.725278,10.4,football stadium
Q125290,Stadio dei Marmi,stadiums,http://commons.wikimedia.org/wiki/Special:FilePath/Stadio%20dei%20Marmi%20%28cropped%29.jpg,Italy,https://en.wikipedia.org/wiki/Stadio_dei_Marmi,41.933699,12.457874,sports venue
Q245720,Stadio Danilo Martelli,stadiums,http://commons.wikimedia.org/wiki/Special:FilePath/Stadio%20Danilo%20Martelli%20Mantova%202025%2001.jpg,Italy,https://en.wikipedia.org/wiki/Stadio_Danilo_Martelli,45.146111,10.794167,"football stadium in Mantua, Italy"
Q271568,Stadio Luigi Ferraris,stadiums,http://commons.wikimedia.org/wiki/Special:FilePath/Autumn%20Nations%20Series%20%2722-%20Italia%20vs%20Sudafrica-954%20%2852519137176%29.jpg,Italy,https://en.wikipedia.org/wiki/Stadio_Luigi_Ferraris,44.416431,8.952428,football stadium
Q229022,Catholic University of the Sacred Heart,universities,http://commons.wikimedia.org/wiki/Special:FilePath/HDR%20-%20Chiostro%20Universit%C3%A0%20Cattolica.jpg,Italy,https://en.wikipedia.org/wiki/Universit%C3%A0_Cattolica_del_Sacro_Cuore,45.4631,9.176911111,Italian university
Q593321,University of Genoa,universities,http://commons.wikimedia.org/wiki/Special:FilePath/GE%20Facolta%20Lettere.jpg,Italy,https://en.wikipedia.org/wiki/University_of_Genoa,44.4148535,8.9266209,"university in Genoa, Italy"
Q600924,Foreigners University of Siena,universities,http://commons.wikimedia.org/wiki/Special:FilePath/Universit%C3%A0%20per%20stranieri%20di%20Siena.jpg,Italy,https://en.wikipedia.org/wiki/Universit%C3%A0_per_Stranieri_di_Siena,43.3192,11.3325,Italian university
Q1031803,Tor Vergata University of Rome,universities,http://commons.wikimedia.org/wiki/Special:FilePath/Nuovorettorato.jpg,Italy,https://en.wikipedia.org/wiki/University_of_Rome_Tor_Vergata,41.849444444,12.627222222,Italian university
Q1440288,Campus Bio Medico University of Rome,universities,http://commons.wikimedia.org/wiki/Special:FilePath/Policlinico%20Universitario%20Campus%20Bio-Medico%20visto%20dal%20Parco%20di%20Decima.JPG,Italy,https://en.wikipedia.org/wiki/Universit%C3%A0_Campus_Bio-Medico_di_Roma,41.7683,12.47,Catholic university in Italy
Q338505,Accademia di Belle Arti di Venezia,universities,http://commons.wikimedia.org/wiki/Special:FilePath/Venezia%20-%20Casa%20degli%20Incurabili.jpg,Italy,https://en.wikipedia.org/wiki/Accademia_di_Belle_Arti_di_Venezia,45.4286,12.3305,"public tertiary academy of art in Venice, Italy, founded in 1750"
Q368820,San Pietro a Majella Conservatory of Music,universities,http://commons.wikimedia.org/wiki/Special:FilePath/NapoliConservatorioSanPietroAMaiellaTarga.jpg,Italy,https://en.wikipedia.org/wiki/Conservatorio_di_San_Pietro_a_Majella,40.84944444,14.2525,music high school
Q427141,Ghislieri College,universities,http://commons.wikimedia.org/wiki/Special:FilePath/Collegio%20Ghislieri%20%28Pavia%29.JPG,Italy,https://en.wikipedia.org/wiki/Ghislieri_College,45.186183,9.161651,"university in Pavia, Italy"
Q802964,Palazzolo–Paratico railway,museums,http://commons.wikimedia.org/wiki/Special:FilePath/Stazione%20di%20Paratico%20ALn668.1452%2BALn668.1401%2020080622%202.jpg,Italy,,45.6646756,9.9560022,railway line in Italy
Q1089115,Studiolo of Francesco I,museums,http://commons.wikimedia.org/wiki/Special:FilePath/Vista%20del%20Studiolo%20de%20Francisco%20I.jpg,Italy,https://en.wikipedia.org/wiki/Studiolo_of_Francesco_I,43.7691,11.2566,"room in the Palazzo Vecchio, Florence"
Q72786,Belvedere,museums,http://commons.wikimedia.org/wiki/Special:FilePath/Forte%20belvedere%2C%20edificio%20principale%2002.JPG,Italy,https://en.wikipedia.org/wiki/Belvedere_(fort),43.763054,11.253738,"fortification in Florence, Italy"
Q132009,MuseumPasseier,museums,http://commons.wikimedia.org/wiki/Special:FilePath/Andreas%20Hofer%2001.jpg,Italy,,46.801462,11.238735,museum in Italy
Q133982,Natural History Museum of Florence - Botany section,museums,http://commons.wikimedia.org/wiki/Special:FilePath/Museo%20storia%20scienza%20via%20la%20pira.JPG,Italy,,43.77805,11.26008,"museum in Florence, Italy focused on plants"
Q333923,Fruttuaria,museums,http://commons.wikimedia.org/wiki/Special:FilePath/San%20Benigno%20Canavese%20Torino%20-%20Fruttuaria.jpg,Italy,https://en.wikipedia.org/wiki/Abbey_of_Fruttuaria,45.222466,7.782073,abbey
Q368346,Villa Medici at Careggi,museums,http://commons.wikimedia.org/wiki/Special:FilePath/Villa%20di%20careggi%2001.JPG,Italy,https://en.wikipedia.org/wiki/Villa_Medici_at_Careggi,43.807917,11.250282,"building in Careggi, Italy"
Q1084616,Monte Nuovo,natural,http://commons.wikimedia.org/wiki/Special:FilePath/MonteNuovoTW3028.JPG,Italy,https://en.wikipedia.org/wiki/Monte_Nuovo,40.835065833,14.087799833,mountain
Q776703,Macellum Liviae,markets,http://commons.wikimedia.org/wiki/Special:FilePath/Forma%20Urbis%20Romae%20-%20Macellum%20Liviae.png,Italy,https://en.wikipedia.org/wiki/Macellum_Liviae,41.89716,12.50248,commercial complex of the ancient city of Rome
Q954158,Macellum of Pozzuoli,markets,http://commons.wikimedia.org/wiki/Special:FilePath/Serapium%20pozzuoli%202005.jpg,Italy,https://en.wikipedia.org/wiki/Macellum_of_Pozzuoli,40.82611111,14.12055556,"market building of the Roman colony of Puteoli, now the city of Pozzuoli in southern Italy"
Q178813,Herculaneum,history_and_mysteries,http://commons.wikimedia.org/wiki/Special:FilePath/Antigua%20ciudad%20de%20Herculano%2C%20Italia%2C%202023-03-27%2C%20DD%20141.jpg,Italy,https://en.wikipedia.org/wiki/Herculaneum,40.806111,14.3475,Roman town destroyed by eruption of Mount Vesuvius
Q267679,Lake Kossou,lakes,http://commons.wikimedia.org/wiki/Special:FilePath/Fishers%20boats%20on%20Lake%20Kossou%20near%20Kousso%20in%20C%C3%B4te%20d%27Ivoire%20%283%29.JPG,Ivory Coast,https://en.wikipedia.org/wiki/Lake_Kossou,7.15,-5.59,reservoir in Ivory Coast
Q273288,Ébrié Lagoon,lakes,http://commons.wikimedia.org/wiki/Special:FilePath/Abidjan%20des%20Lagune.jpg,Ivory Coast,https://en.wikipedia.org/wiki/%C3%89bri%C3%A9_Lagoon,5.27186111,-4.33924722,lagoon in Côte d'Ivoire
Q501344,Comoé National Park,national_parks,http://commons.wikimedia.org/wiki/Special:FilePath/NationalparkComoe4.jpg,Ivory Coast,https://en.wikipedia.org/wiki/Como%C3%A9_National_Park,8.8225,-3.590555555,protected areas of Côte d'Ivoire
Q1515,Abidjan,cities,http://commons.wikimedia.org/wiki/Special:FilePath/Plateau%202010%2C%20Abidjan.jpg,Ivory Coast,https://en.wikipedia.org/wiki/Abidjan,5.336388888,-4.026666666,major city and economic capital of Côte d'Ivoire
Q174140,Sangster International Airport,airports,http://commons.wikimedia.org/wiki/Special:FilePath/Sangster%20Airport.jpg,Jamaica,https://en.wikipedia.org/wiki/Sangster_International_Airport,18.503611,-77.913333,airport
Q36454,Narita International Airport,airports,http://commons.wikimedia.org/wiki/Special:FilePath/Narita%20International%20Air%20Port%20%28cropped%29.jpg,Japan,https://en.wikipedia.org/wiki/Narita_International_Airport,35.7649,140.38845,"airport serving Tokyo, Japan"
Q193682,Kansai International Airport,airports,http://commons.wikimedia.org/wiki/Special:FilePath/%E9%96%A2%E8%A5%BF%E5%9B%BD%E9%9A%9B%E7%A9%BA%E6%B8%AF%E5%85%A8%E4%BD%93%E5%86%99%E7%9C%9F20220811.jpg,Japan,https://en.wikipedia.org/wiki/Kansai_International_Airport,34.430555555,135.230277777,"airport serving Kobe, Osaka, and Kyoto, Japan"
Q1191690,Mount Haruna,peaks,http://commons.wikimedia.org/wiki/Special:FilePath/Mount%20Haruna%20view%20from%20Hokkitsu%20Onsen%20Tachibana%20no%20sato%20Shiroyama.jpg,Japan,https://en.wikipedia.org/wiki/Mount_Haruna,36.476944444,138.878055555,"mountain in Gunma Prefecture, Japan"
Q2345178,Mount Naeba,peaks,http://commons.wikimedia.org/wiki/Special:FilePath/%E5%B1%B1%E9%A0%82%E4%BB%98%E8%BF%91%E3%81%AB%E3%81%A6.jpg,Japan,https://en.wikipedia.org/wiki/Mount_Naeba,36.845833333,138.690277777,"mountain in Nagano Prefecture, Japan"
Q2360542,Mount Nikkō-Shirane,peaks,http://commons.wikimedia.org/wiki/Special:FilePath/2017%200603%201031%20dsc03401.jpg,Japan,https://en.wikipedia.org/wiki/Mount_Nikk%C5%8D-Shirane,36.798333333,139.374166666,"mountain in Tochigi Prefecture, Japan"
Q128841,Sakurajima,peaks,http://commons.wikimedia.org/wiki/Special:FilePath/Kagoshima%20and%20Sakurajima.jpg,Japan,https://en.wikipedia.org/wiki/Sakurajima,31.580555555,130.658055555,"volcano and island located in Kagoshima prefecture, Japan"
Q242730,Mount Asama,peaks,http://commons.wikimedia.org/wiki/Special:FilePath/Mt.Asama%20%28From%20saku%20city%29.jpg,Japan,https://en.wikipedia.org/wiki/Mount_Asama,36.4,138.516666666,volcano on the border of Gunma and Nagano prefectures in Japan
Q279915,Mount Kusatsu-Shirane,peaks,http://commons.wikimedia.org/wiki/Special:FilePath/Kusatsu-Shiranesan03s5s4272.jpg,Japan,https://en.wikipedia.org/wiki/Mount_Kusatsu-Shirane,36.645277777,138.528333333,"mountain in Gunma Prefecture, Japan"
Q334728,Abu,peaks,http://commons.wikimedia.org/wiki/Special:FilePath/Abu%20Volcano%20Group.jpg,Japan,https://en.wikipedia.org/wiki/Abu_(volcano),34.5,131.6,"mountain in Yamaguchi Prefecture, Japan"
Q620860,Mount Unzen,peaks,http://commons.wikimedia.org/wiki/Special:FilePath/Unzen%20pyroclastic%20and%20lahar%20deposits.jpg,Japan,https://en.wikipedia.org/wiki/Mount_Unzen,32.761342,130.298694,"mountain in Nagasaki Prefecture, Japan"
Q705288,Mount Yufu,peaks,http://commons.wikimedia.org/wiki/Special:FilePath/Yuhudake.jpg,Japan,https://en.wikipedia.org/wiki/Mount_Yufu,33.282777777,131.390277777,"mountain in Ōita Prefecture, Japan"
Q713857,Mount Iwaki,peaks,http://commons.wikimedia.org/wiki/Special:FilePath/Iwakisan%2002.jpg,Japan,https://en.wikipedia.org/wiki/Mount_Iwaki,40.653333,140.306667,"stratovolcano in Aomori Prefecture, Japan"
Q714555,Mount Rausu,peaks,http://commons.wikimedia.org/wiki/Special:FilePath/140828%20Mount%20Rausu%20Shiretoko%20Hokkaido%20Japan01s3.jpg,Japan,https://en.wikipedia.org/wiki/Mount_Rausu,44.075833333,145.1225,"mountain in Hokkaido, Japan"
Q714564,Mount Shari,peaks,http://commons.wikimedia.org/wiki/Special:FilePath/140828%20Mount%20Shari%20Hokkaido%20Japan01b6s3.jpg,Japan,https://en.wikipedia.org/wiki/Mount_Shari,43.765555555,144.718055555,"mountain in Hokkaido, Japan"
Q714605,Mount Bandai,peaks,http://commons.wikimedia.org/wiki/Special:FilePath/Mt.Bandai%2010.jpg,Japan,https://en.wikipedia.org/wiki/Mount_Bandai,37.600833333,140.072222222,"mountain in Fukushima Prefecture, Japan"
Q715491,Hokkaidō Koma-ga-take,peaks,http://commons.wikimedia.org/wiki/Special:FilePath/Mount%20Hokkaido%20Komagatake%20in%20winter%20202601.jpg,Japan,https://en.wikipedia.org/wiki/Hokkaido_Koma-ga-take,42.063333333,140.677222222,mountain
Q715498,Daisen,peaks,http://commons.wikimedia.org/wiki/Special:FilePath/Daisen%2001.jpg,Japan,https://en.wikipedia.org/wiki/Mount_Daisen,35.371111,133.546389,"mountain in Tottori Prefecture, Japan"
Q717458,Mount Myōkō,peaks,http://commons.wikimedia.org/wiki/Special:FilePath/Mt%20Myoko%20-%20panoramio.jpg,Japan,https://en.wikipedia.org/wiki/Mount_My%C5%8Dk%C5%8D,36.89138,138.11339,"mountain in Niigata Prefecture, Japan"
Q1138683,Mount Mihara,volcanoes,http://commons.wikimedia.org/wiki/Special:FilePath/Izu-Oshima-IMG%204759.jpg,Japan,https://en.wikipedia.org/wiki/Mount_Mihara,34.724444444,139.394722222,"mountain in Tokyo, Japan"
Q1157658,Daisetsuzan Volcanic Group,volcanoes,http://commons.wikimedia.org/wiki/Special:FilePath/Daisetsu0001.jpg,Japan,https://en.wikipedia.org/wiki/Daisetsuzan_Volcanic_Group,43.65,142.85,"mountain range in Hokkaido, Japan"
Q1319361,Mount Kirishima,volcanoes,http://commons.wikimedia.org/wiki/Special:FilePath/Kirishima%20volcano%2020111125.jpg,Japan,https://en.wikipedia.org/wiki/Mount_Kirishima,31.916666666,130.866666666,"mountain in Kagoshima Prefecture, Japan"
Q1373738,Mount Suribachi,volcanoes,http://commons.wikimedia.org/wiki/Special:FilePath/Iwo%20Jima%20Suribachi%20DN-SD-03-11845.JPEG,Japan,https://en.wikipedia.org/wiki/Mount_Suribachi,24.749030555,141.287783333,a 169-metre (554 ft)-high mountain on the southwest end of Iwo Jima
Q1377333,Mount Osore,volcanoes,http://commons.wikimedia.org/wiki/Special:FilePath/Mt%20osore-beach.jpg,Japan,https://en.wikipedia.org/wiki/Mount_Osore,41.279,141.12,"mountain in Aomori Prefecture, Japan"
Q415251,Mount Akagi,volcanoes,http://commons.wikimedia.org/wiki/Special:FilePath/MountAkagi.jpg,Japan,https://en.wikipedia.org/wiki/Mount_Akagi,36.560833333,139.193611111,"mountain in Gunma Prefecture, Japan"
Q419247,Akita-Komagatake,volcanoes,http://commons.wikimedia.org/wiki/Special:FilePath/Mount%20Akita-Komagatake%20seen%20from%20Lake%20Tazawa%2020210213.jpg,Japan,https://en.wikipedia.org/wiki/Mount_Akita-Komagatake,39.760833333,140.803611111,"volcano on the island Honshū, Japan"
Q159183,Philippine Sea,seas,http://commons.wikimedia.org/wiki/Special:FilePath/In%20Sea%20-%20panoramio%20%281%29.jpg,Japan,https://en.wikipedia.org/wiki/Philippine_Sea,18.0,134.0,sea in the Pacific Ocean
Q231312,Seto Inland Sea,seas,http://commons.wikimedia.org/wiki/Special:FilePath/Seto%20Inland%20Sea.jpg,Japan,https://en.wikipedia.org/wiki/Seto_Inland_Sea,34.166666666,133.333333333,Interisland Sea in the Pacific Ocean
Q200267,Kamakura,history_and_mysteries,http://commons.wikimedia.org/wiki/Special:FilePath/230128%20Hasedera%20Kamakura%20Kanagawa%20pref%20Japan09s3.jpg,Japan,https://en.wikipedia.org/wiki/Kamakura,35.319166666,139.547222222,"city in Kanagawa prefecture, Japan"
Q4518067,Haneji Inland Sea,seas,http://commons.wikimedia.org/wiki/Special:FilePath/Yagajishima.JPG,Japan,,26.641666666,128.016666666,
Q11288952,Uchinoumi,seas,http://commons.wikimedia.org/wiki/Special:FilePath/Uchinoumi%20-%20cut.jpg,Japan,,34.221389,134.6075,
Q11667182,Katori Sea,seas,http://commons.wikimedia.org/wiki/Special:FilePath/Touki%20Ryushichi%201926a%2021.png,Japan,https://en.wikipedia.org/wiki/Katori_Sea,36.040277777,140.394166666,former inland sea in Japan
Q37814,Ryūzu Falls,waterfalls,http://commons.wikimedia.org/wiki/Special:FilePath/200731%20Ryuzu%20Falls%20Nikko%20Japan01s3.jpg,Japan,https://en.wikipedia.org/wiki/Ry%C5%ABzu_Falls,36.758822222,139.451258333,"waterfall in Tochigi Prefecture, Japan"
Q49173649,West Beach,islands,http://commons.wikimedia.org/wiki/Special:FilePath/View%20of%20Kasai%20Kaihin%20Park%20from%20Diamond%20and%20Flower%20Ferris%20Wheel.jpg,Japan,,35.638888888,139.854166666,
Q49333121,No.3 Battery,islands,http://commons.wikimedia.org/wiki/Special:FilePath/Daiba%20Park%20%E5%8F%B0%E5%A0%B4%E5%85%AC%E5%9C%92%20%EF%BC%88%E7%AC%AC%E4%B8%89%E5%8F%B0%E5%A0%B4%EF%BC%89%20-%20panoramio.jpg,Japan,,35.633333333,139.772222222,"building in Tokyo, Japan"
Q62859939,Chōshū Dejima,islands,http://commons.wikimedia.org/wiki/Special:FilePath/Bridge%20to%20Choshu-dejima%20from%20near%20park.jpg,Japan,,33.988055555,130.897222222,
Q211861,Odaiba,islands,http://commons.wikimedia.org/wiki/Special:FilePath/2018%20FCG%20Headquarters%20Building%202.jpg,Japan,https://en.wikipedia.org/wiki/Odaiba,35.63,139.775,"town located in Minato-ku, Tokyo"
Q490610,Teuri Island,islands,http://commons.wikimedia.org/wiki/Special:FilePath/%E5%A4%A9%E5%A3%B2%E5%B3%B6.jpg,Japan,https://en.wikipedia.org/wiki/Teuri_Island,44.416666666,141.3,"island in Hookaido, Japan"
Q494914,Iki Island,islands,http://commons.wikimedia.org/wiki/Special:FilePath/Gounoura%2C%20Iki-4.jpg,Japan,https://en.wikipedia.org/wiki/Iki_Island,33.783333333,129.716666666,island
Q504373,Awaji Island,islands,http://commons.wikimedia.org/wiki/Special:FilePath/Awaji-island%201.png,Japan,https://en.wikipedia.org/wiki/Awaji_Island,34.383333333,134.833333333,Seto Inland Sea Island
Q579015,Rokkō Island,islands,http://commons.wikimedia.org/wiki/Special:FilePath/Rokko%20Island%2C%20aerial%20view.jpg,Japan,https://en.wikipedia.org/wiki/Rokk%C5%8D_Island,34.683333333,135.266666666,artificial island in Japan
Q640267,Dejima,islands,http://commons.wikimedia.org/wiki/Special:FilePath/View%20of%20Dejima%20in%20Nagasaki%20Bay%20Folding%20Screen%20by%20Kawahara%20Keiga%20c1836.jpg,Japan,https://en.wikipedia.org/wiki/Dejima,32.74352,129.87302,artificial island in Nagasaki
Q1048979,Tsukishima,islands,http://commons.wikimedia.org/wiki/Special:FilePath/Tsukishima%20monja%20street.jpg,Japan,https://en.wikipedia.org/wiki/Tsukishima,35.663569444,139.782,"town located in Chūō-ku, Tokyo"
Q1207766,Port Island,islands,http://commons.wikimedia.org/wiki/Special:FilePath/PortIslandCloseup%202003262.jpg,Japan,https://en.wikipedia.org/wiki/Port_Island,34.666666666,135.216666666,"island in Kobe, Japan"
Q1236765,Nakanshi,islands,http://commons.wikimedia.org/wiki/Special:FilePath/Nakanshi.jpg,Japan,,26.67611111,127.81888889,an atoll of Japan
Q328533,Iejima,islands,http://commons.wikimedia.org/wiki/Special:FilePath/Ie%20Island%2C%20Okinawa%20gsi-20180219.jpg,Japan,https://en.wikipedia.org/wiki/Iejima,26.716111111,127.790277777,island within Ryukyu Islands
Q339004,Megijima,islands,http://commons.wikimedia.org/wiki/Special:FilePath/Megijima%20Port%20and%20Takamatsu%20%288760506382%29.jpg,Japan,https://en.wikipedia.org/wiki/Megijima,34.395277777,134.048611111,"island in Seto Inland Sea, Japan"
Q382082,Kōjima,islands,http://commons.wikimedia.org/wiki/Special:FilePath/Koujima%20Island%20Miyazaki%20Japan%20200809.jpg,Japan,https://en.wikipedia.org/wiki/K%C5%8Djima,31.452777777,131.376111111,island
Q385313,Ōkunoshima,islands,http://commons.wikimedia.org/wiki/Special:FilePath/Okunoshima%202.JPG,Japan,https://en.wikipedia.org/wiki/%C5%8Ckunoshima,34.309166666,132.993333333,Japanese island with a population of feral rabbits
Q385710,Ōnohara Islands,islands,http://commons.wikimedia.org/wiki/Special:FilePath/Ohnoharajima%20mlit1978.jpg,Japan,https://en.wikipedia.org/wiki/%C5%8Cnohara_Islands,34.046388888,139.3825,island group
Q11751,Nagoya,cities,http://commons.wikimedia.org/wiki/Special:FilePath/Japan%20Nagoya.png,Japan,https://en.wikipedia.org/wiki/Nagoya,35.181388888,136.906388888,"capital city of Aichi prefecture, Japan"
Q269261,Sompo Japan Building,skyscrapers,http://commons.wikimedia.org/wiki/Special:FilePath/Sompo%20Japan%20Head%20Office%20Building%202009%2002.jpg,Japan,https://en.wikipedia.org/wiki/Sompo_Japan_Building,35.69272222,139.69611111,skyscraper
Q420521,Nagoya-Center Tower,skyscrapers,http://commons.wikimedia.org/wiki/Special:FilePath/Nagoya-Center%20Tower.jpg,Japan,,35.156194,136.907972,skyscraper
Q550342,Akasaka Tower Residence,skyscrapers,http://commons.wikimedia.org/wiki/Special:FilePath/Akasaka-Tower-Residence-01.jpg,Japan,,35.671159,139.7392,skyscraper
Q555225,Grand Prince Hotel Akasaka,skyscrapers,http://commons.wikimedia.org/wiki/Special:FilePath/Grand%20Prince%20Hotel%20Akasaka.jpg,Japan,https://en.wikipedia.org/wiki/Grand_Prince_Hotel_Akasaka,35.6798825,139.7372472,skyscraper in Japan
Q482581,Ōita Stadium,stadiums,http://commons.wikimedia.org/wiki/Special:FilePath/OitaStadium1.JPG,Japan,https://en.wikipedia.org/wiki/Crasus_Dome_Oita,33.200556,131.6575,"sports venue in Oita Prefecture, Japan"
Q482591,Shizuoka Stadium,stadiums,http://commons.wikimedia.org/wiki/Special:FilePath/Ecopa030304.jpg,Japan,https://en.wikipedia.org/wiki/Shizuoka_Stadium,34.743222,137.970503,football stadium
Q486192,ZOZO Marine Stadium,stadiums,http://commons.wikimedia.org/wiki/Special:FilePath/QVC%20Marine%20Field%2C%20front.jpg,Japan,https://en.wikipedia.org/wiki/Zozo_Marine_Stadium,35.645239,140.030922,stadium
Q489699,Miyagi Baseball Stadium,stadiums,http://commons.wikimedia.org/wiki/Special:FilePath/Kobo%20Park%20Miyagi%282017%29.jpg,Japan,https://en.wikipedia.org/wiki/Rakuten_Mobile_Saikyo_Park_Miyagi,38.25620556,140.9025,"baseball stadium in Sendai, Japan"
Q494749,Denka Big Swan Stadium,stadiums,http://commons.wikimedia.org/wiki/Special:FilePath/Bigswan080628.JPG,Japan,https://en.wikipedia.org/wiki/Denka_Big_Swan_Stadium,37.8825,139.059166666,"building in Chuo-ku, Niigata Prefecture, Japan"
Q494832,Yanmar Stadium Nagai,stadiums,http://commons.wikimedia.org/wiki/Special:FilePath/Yammar%20Stadium%20Nagai.jpg,Japan,https://en.wikipedia.org/wiki/Nagai_Stadium,34.613889,135.518333,"building in Higashisumiyoshi-ku, Osaka Prefecture, Japan"
Q116601,International Stadium Yokohama,stadiums,http://commons.wikimedia.org/wiki/Special:FilePath/Nissan%20International%20Stadium%20Yokohama.jpg,Japan,https://en.wikipedia.org/wiki/Nissan_Stadium_(Yokohama),35.510044,139.606247,"multisport stadium in Yokohama, Japan"
Q128836,Kyocera Dome Osaka,stadiums,http://commons.wikimedia.org/wiki/Special:FilePath/Kyocera%20Dome%20Osaka1.jpg,Japan,https://en.wikipedia.org/wiki/Kyocera_Dome_Osaka,34.6693,135.476102777,"baseball stadium in Osaka, Japan"
Q260530,Nobeoka Nishishina Athletic Stadium,stadiums,http://commons.wikimedia.org/wiki/Special:FilePath/Nishishina%20Stadium%201.JPG,Japan,https://en.wikipedia.org/wiki/Nobeoka_Nishishina_Athletic_Stadium,32.570556,131.640556,stadium in Japan
Q286614,Yamato Sports Center Stadium,stadiums,http://commons.wikimedia.org/wiki/Special:FilePath/Yamato%20Sports%20Center%20Stadium%2C%20Kanagawa%2C%20Japan.%202010-09-20.jpg,Japan,https://en.wikipedia.org/wiki/Yamato_Sports_Center_Stadium,35.475,139.462778,stadium
Q7811440,Toba National College of Maritime Technology,universities,http://commons.wikimedia.org/wiki/Special:FilePath/Toba%20Shosen.jpg,Japan,https://en.wikipedia.org/wiki/Toba_National_College_of_Maritime_Technology,34.4822,136.825,maritime college in Japan
Q7830847,Toyota National College of Technology,universities,http://commons.wikimedia.org/wiki/Special:FilePath/Toyota%20National%20College%20of%20Technology.jpg,Japan,https://en.wikipedia.org/wiki/Toyota_National_College_of_Technology,35.1033,137.148,
Q7850298,Tsuruoka National College of Technology,universities,http://commons.wikimedia.org/wiki/Special:FilePath/Tsuruoka-nct.jpg,Japan,https://en.wikipedia.org/wiki/Tsuruoka_National_College_of_Technology,38.7098,139.797,Japanese college
Q11471338,"National Institute of Technology, Gifu College",universities,http://commons.wikimedia.org/wiki/Special:FilePath/%E5%B2%90%E9%98%9C%E5%B7%A5%E6%A5%AD%E9%AB%98%E7%AD%89%E5%B0%82%E9%96%80%E5%AD%A6%E6%A0%A1%E3%82%B7%E3%83%B3%E3%83%9C%E3%83%AB%E3%83%9E%E3%83%BC%E3%82%AF.jpg,Japan,"https://en.wikipedia.org/wiki/National_Institute_of_Technology,_Gifu_College",35.446733,136.672408,"National college in Motosu, Japan"
Q11501942,Niihama National College of Technology,universities,http://commons.wikimedia.org/wiki/Special:FilePath/Niihama%20National%20College%20of%20Technology.JPG,Japan,https://en.wikipedia.org/wiki/Niihama_National_College_of_Technology,33.96083333,133.29111111,
Q11518507,"National Institute of Technology, Kisarazu College",universities,http://commons.wikimedia.org/wiki/Special:FilePath/Kisarazu%20National%20College%20of%20Technology.JPG,Japan,,35.384572,139.955622,"education organization in Kisarazu, Japan"
Q11595305,National Institute of Technology Akita College,universities,http://commons.wikimedia.org/wiki/Special:FilePath/National%20Institute%20of%20Technology%2C%20Akita%20College%2020181103.jpg,Japan,,39.77537,140.0798,"education organization in Akita City, Japan"
Q11616820,"National Institute of Technology, Tomakomai College",universities,http://commons.wikimedia.org/wiki/Special:FilePath/National%20Institute%20of%20Technology%2CTomakomai%20College.jpg,Japan,,42.623426,141.494643,
Q587503,Seijo University,universities,http://commons.wikimedia.org/wiki/Special:FilePath/Seijouniv2012055.jpg,Japan,https://en.wikipedia.org/wiki/Seijo_University,35.642227,139.60097,"private university in Seijo, Setagaya-ku, Tokyo, Japan"
Q595437,Fukushima Medical University,universities,http://commons.wikimedia.org/wiki/Special:FilePath/Fukushima%20Medical%20University.jpg,Japan,https://en.wikipedia.org/wiki/Fukushima_Medical_University,37.68926389,140.47039167,"Higher education institution in Fukushima Prefecture, Japan"
Q609375,International University of Japan,universities,http://commons.wikimedia.org/wiki/Special:FilePath/IUJ%20Main%20Facade.jpg,Japan,https://en.wikipedia.org/wiki/International_University_of_Japan,37.148255555,138.947391666,"Higher education institution in Niigata Prefecture, Japan"
Q1030172,Osaka University of Arts,universities,http://commons.wikimedia.org/wiki/Special:FilePath/Osaka%20University%20of%20Arts%20Junior%20College%20Itami%20campus01bs.jpg,Japan,https://en.wikipedia.org/wiki/Osaka_University_of_Arts,34.511406918,135.6311117,"higher education institution in Osaka Prefecture, Japan"
Q1030755,Josai International University,universities,http://commons.wikimedia.org/wiki/Special:FilePath/Jiu.jpg,Japan,https://en.wikipedia.org/wiki/Josai_International_University,35.582,140.392,"Higher education institution in Chiba Prefecture, Japan"
Q1036312,Seinan Gakuin University,universities,http://commons.wikimedia.org/wiki/Special:FilePath/Gate%20of%20Seinan%20Gakuin%20University.jpg,Japan,https://en.wikipedia.org/wiki/Seinan_Gakuin_University,33.585165,130.355079,"higher education institution in Fukuoka Prefecture, Japan"
Q1037145,Konan University,universities,http://commons.wikimedia.org/wiki/Special:FilePath/Konan%20University3.jpg,Japan,https://en.wikipedia.org/wiki/Konan_University,34.729388888,135.268391944,"higher education institution in Hyōgo Prefecture, Japan"
Q1049534,Naruto University of Education,universities,http://commons.wikimedia.org/wiki/Special:FilePath/Naruto%20University%20of%20Education.jpg,Japan,https://en.wikipedia.org/wiki/Naruto_University_of_Education,34.2025,134.605278,"higher education institution in Tokushima Prefecture, Japan"
Q1153094,Sophia University,universities,http://commons.wikimedia.org/wiki/Special:FilePath/Sophia%20University%20Yotsuya%20Campus4.jpg,Japan,https://en.wikipedia.org/wiki/Sophia_University,35.684166666,139.731944444,"private university in Tokyo, Japan"
Q335924,Kagoshima University,universities,http://commons.wikimedia.org/wiki/Special:FilePath/Kagoshima%20University%20Central%20library.jpg,Japan,https://en.wikipedia.org/wiki/Kagoshima_University,31.57180833,130.54521667,"higher education institution in Kagoshima Prefecture, Japan"
Q336264,Kyoto University,universities,http://commons.wikimedia.org/wiki/Special:FilePath/Kyoto%20University%20Clock%20Tower.jpg,Japan,https://en.wikipedia.org/wiki/Kyoto_University,35.026212,135.780842,"national university located in Kyoto, Japan"
Q369333,Seikei University,universities,http://commons.wikimedia.org/wiki/Special:FilePath/Seikei%20Gakuen%20Main%20Building.jpg,Japan,https://en.wikipedia.org/wiki/Seikei_University,35.71123,139.573145,"private university centered in Tokyo, Japan"
Q382711,Sanyo-Onoda City University,universities,http://commons.wikimedia.org/wiki/Special:FilePath/Tokyo%20University%20of%20Science%2C%20Yamaguchi%2001.jpg,Japan,https://en.wikipedia.org/wiki/Sanyo-Onoda_City_University,33.9569,131.188,"higher education institution in Yamaguchi Prefecture, Japan"
Q386203,Ōtani University,universities,http://commons.wikimedia.org/wiki/Special:FilePath/Otani%20University.jpg,Japan,https://en.wikipedia.org/wiki/%C5%8Ctani_University,35.042949,135.758124,"university in Kyoto, Japan"
Q405304,Nayoro City University,universities,http://commons.wikimedia.org/wiki/Special:FilePath/Nayoro-City-University%20Building.jpg,Japan,https://en.wikipedia.org/wiki/Nayoro_City_University,44.3644,142.4611,university
Q419339,Akita International University,universities,http://commons.wikimedia.org/wiki/Special:FilePath/Akita%20International%20University%2020190602.jpg,Japan,https://en.wikipedia.org/wiki/Akita_International_University,39.627375,140.19790556,"Higher education institution in Akita Prefecture, Japan"
Q908993,Hakone Onsen,natural,http://commons.wikimedia.org/wiki/Special:FilePath/Hakone%20yumoto%20onsen%202.jpg,Japan,https://en.wikipedia.org/wiki/Hakone_Onsen,35.24194444,139.05833333,onsen
Q1037748,Dōgo Onsen,natural,http://commons.wikimedia.org/wiki/Special:FilePath/D%C5%8Dgo%20Onsen.jpg,Japan,https://en.wikipedia.org/wiki/D%C5%8Dgo_Onsen,33.851944444,132.786388888,"hot spring in the city of Matsuyama, Ehime Prefecture on the island of Shikoku, Japan"
Q3137477,Kusatsu Onsen,natural,http://commons.wikimedia.org/wiki/Special:FilePath/%E8%8D%89%E6%B4%A5%E6%B8%A9%E6%B3%89%E3%81%AE%E6%B9%AF%E7%95%9103.jpg,Japan,https://en.wikipedia.org/wiki/Kusatsu_Onsen,36.622806,138.596639,"building in Gunma Prefecture, Japan"
Q3514711,Tamatsukuri Onsen,natural,http://commons.wikimedia.org/wiki/Special:FilePath/140427%20Chorakuen%20Tamatsukuri%20Onsen%20Matsue%20Shimane%20pref%20Japan15s3.jpg,Japan,https://en.wikipedia.org/wiki/Tamatsukuri_Onsen,35.4163,133.01,"building in Shimane Prefecture, Japan"
Q3571451,Yamanaka Onsen,natural,http://commons.wikimedia.org/wiki/Special:FilePath/Yamanaka%20Onsen.JPG,Japan,https://en.wikipedia.org/wiki/Yamanaka_Onsen,36.247119444,136.372797222,"building in Ishikawa Prefecture, Japan"
Q3888689,Noboribetsu Onsen,natural,http://commons.wikimedia.org/wiki/Special:FilePath/Noboribetsu%20hot%20spring%20resort01.JPG,Japan,,42.495055555,141.144055555,"building in Hokkaido Prefecture, Japan"
Q3916336,Yunokawa Onsen,natural,http://commons.wikimedia.org/wiki/Special:FilePath/Yunokawa%20Onsen%20Hakodate%20Hokkaido%20Japan01s3.jpg,Japan,https://en.wikipedia.org/wiki/Yunokawa_Onsen_(Hokkaido),41.77875,140.782583333,"building in Hokkaido Prefecture, Japan"
Q4790673,Arima Onsen,natural,http://commons.wikimedia.org/wiki/Special:FilePath/170811%20Rokko-Arima%20Ropeway%20Kobe%20Japan00n.jpg,Japan,https://en.wikipedia.org/wiki/Arima_Onsen,34.798055555,135.2475,hot springs in Japan
Q4803375,Asahidake Onsen,natural,http://commons.wikimedia.org/wiki/Special:FilePath/Asahidake%20spa%20Yukomaso.JPG,Japan,https://en.wikipedia.org/wiki/Asahidake_Onsen,43.64847,142.791083,"Hot spring village in Hokkaidō Prefecture, Japan"
Q4803471,Asama Onsen,natural,http://commons.wikimedia.org/wiki/Special:FilePath/Asamaonsen.jpg,Japan,https://en.wikipedia.org/wiki/Asama_Onsen,36.26,137.99,"building in Nagano Prefecture, Japan"
Q4803496,Asamushi Onsen,natural,http://commons.wikimedia.org/wiki/Special:FilePath/Asamushi%20Onsen%20-Yanagi%20no%20yu.jpg,Japan,https://en.wikipedia.org/wiki/Asamushi_Onsen,40.88916667,140.86138889,"building in Aomori Prefecture, Japan"
Q4890932,Beppu Onsen,natural,http://commons.wikimedia.org/wiki/Special:FilePath/Beppu%20Bozu-jigoku05n4272.jpg,Japan,https://en.wikipedia.org/wiki/Beppu_Onsen,33.28027778,131.5,hot spring in Japan
Q5363719,Kinugawa Onsen,natural,http://commons.wikimedia.org/wiki/Special:FilePath/Kinugawa%20Onsen%20Hotel%202020.jpg,Japan,https://en.wikipedia.org/wiki/Kinugawa_Onsen,36.82472222,139.71638889,"building in Tochigi Prefecture, Japan"
Q5368622,LaQua,natural,http://commons.wikimedia.org/wiki/Special:FilePath/LaQua01s3872.jpg,Japan,,35.70711111,139.7528056,
Q5984938,Ibusuki Onsen,natural,http://commons.wikimedia.org/wiki/Special:FilePath/Ibusuki%20Onsen-Kaimon.jpg,Japan,https://en.wikipedia.org/wiki/Ibusuki_Onsen,31.22313889,130.65505556,"Hot springs system in Kagoshima Prefecture, Japan"
Q7074611,Obama Onsen,natural,http://commons.wikimedia.org/wiki/Special:FilePath/Unzen%20obama%20town1.JPG,Japan,https://en.wikipedia.org/wiki/Obama_Onsen,32.72822222,130.20713889,"building in Nagasaki Prefecture, Japan"
Q7403149,Sakunami Onsen,natural,http://commons.wikimedia.org/wiki/Special:FilePath/SakunamiOnsen2006-03%2C.jpg,Japan,https://en.wikipedia.org/wiki/Sakunami_Onsen,38.331555555,140.6135,"building in Miyagi Prefecture, Japan"
Q7635737,Sukayu Onsen,natural,http://commons.wikimedia.org/wiki/Special:FilePath/Sukayu%20Onsen%20Winter.jpg,Japan,https://en.wikipedia.org/wiki/Sukayu_Onsen,40.6508,140.85,"building in Aomori Prefecture, Japan"
Q7677489,Takayu Onsen,natural,http://commons.wikimedia.org/wiki/Special:FilePath/Takayu%20Onsen%20in%20Winter.jpg,Japan,https://en.wikipedia.org/wiki/Takayu_Onsen,37.7525,140.305,"building in Fukushima Prefecture, Japan"
Q7700292,Tenninkyō Onsen,natural,http://commons.wikimedia.org/wiki/Special:FilePath/Tenninkaku%20roten.JPG,Japan,https://en.wikipedia.org/wiki/Tenninkyo_Onsen,43.6217,142.781,"building in Hokkaidō Prefecture, Japan"
Q7849922,Tsuchiyu Onsen,natural,http://commons.wikimedia.org/wiki/Special:FilePath/Tsuchiyu%20Onsen%20100808.jpg,Japan,https://en.wikipedia.org/wiki/Tsuchiyu_Onsen,37.682,140.326,"building in Fukushima Prefecture, Japan"
Q7961227,Wakura Onsen,natural,http://commons.wikimedia.org/wiki/Special:FilePath/Wakura%20View.JPG,Japan,https://en.wikipedia.org/wiki/Wakura_Onsen,37.086666666,136.918333333,"building in Ishikawa Prefecture, Japan"
Q8061163,Yumura Onsen,natural,http://commons.wikimedia.org/wiki/Special:FilePath/Yumura%20onsen11s1920.jpg,Japan,https://en.wikipedia.org/wiki/Yumura_Onsen_(Hyogo),35.5549,134.488,"building in Hyōgo Prefecture, Japan"
Q8061378,Yunoyama Onsen,natural,http://commons.wikimedia.org/wiki/Special:FilePath/Yunoyama-ooishipark.jpg,Japan,https://en.wikipedia.org/wiki/Yunoyama_Onsen,35.0116,136.474,"building in Mie Prefecture, Japan"
Q8081452,Ōfuka Onsen,natural,http://commons.wikimedia.org/wiki/Special:FilePath/Oobuka%20Onsen%20Akita%2001.jpg,Japan,https://en.wikipedia.org/wiki/%C5%8Cfuka_Onsen,39.971527777,140.816916666,"building in Akita Prefecture, Japan"
Q10430635,Shirahone Onsen,natural,http://commons.wikimedia.org/wiki/Special:FilePath/Sirahone%20spa%20kyoudou-noten-buro%202008.jpg,Japan,,36.152222222,137.627611111,"building in Nagano Prefecture, Japan"
Q10860831,Iwakura Onsen,natural,http://commons.wikimedia.org/wiki/Special:FilePath/%E5%B2%A9%E8%94%B5%E9%89%B1%E6%B3%89%20-%2020100508.jpg,Japan,,35.825556,139.289444,"building in Tokyo, Japan"
Q10860835,Hachijō-jima Onsen,natural,http://commons.wikimedia.org/wiki/Special:FilePath/Uramigataki%20Onsen%202008.jpg,Japan,,33.076472222,139.838305555,"building in Tokyo, Japan"
Q10860833,Toyoshimaen Niwa no Yu,natural,http://commons.wikimedia.org/wiki/Special:FilePath/Toshimaen%20Niwa-no-yu.JPG,Japan,,35.74408333,139.64797222,
Q11255699,Tsunashima Onsen,natural,http://commons.wikimedia.org/wiki/Special:FilePath/Tsunashima-onsen-Tokyoen%202.jpg,Japan,,35.5365,139.63580556,
Q11260179,Iwaki Yumoto Onsen,natural,http://commons.wikimedia.org/wiki/Special:FilePath/Iwakiyumoto%20onsen.JPG,Japan,https://en.wikipedia.org/wiki/Iwaki_Yumoto_Onsen,37.0089,140.848,"building in Fukushima Prefecture, Japan"
Q11264116,Kabutoyu Onsen,natural,http://commons.wikimedia.org/wiki/Special:FilePath/Kabutoyu%20Onsen%20Sansuiro%20-%2003.JPG,Japan,,35.45605,139.289689,"building in Kanagawa Prefecture, Japan"
Q11264855,Yufuin Onsen,natural,http://commons.wikimedia.org/wiki/Special:FilePath/Yufuin%20Onsen%20-Mus%C5%8Den%2002.jpg,Japan,https://en.wikipedia.org/wiki/Yufuin_Onsen,33.266027777,131.368611111,"building in Ōita Prefecture, Japan"
Q11266957,Itō Onsen,natural,http://commons.wikimedia.org/wiki/Special:FilePath/Ito%20hot%20spring%2C%20upstream%20side%20view%20than%20Okawa%20Bridge.JPG,Japan,,34.990401,139.084025,"building in Shizuoka Prefecture, Japan"
Q11267003,Konda Yakushi Onsen,natural,http://commons.wikimedia.org/wiki/Special:FilePath/140412%20Konda%20Yakushi%20Onsen%20Sasayama%20Hyogo%20pref%20Japan02bs5.jpg,Japan,,34.999055555,135.105027777,"building in Hyōgo Prefecture, Japan"
Q11271899,Chatan Megumi Onsen,natural,http://commons.wikimedia.org/wiki/Special:FilePath/Terme%20VILLA%20Chula-U%201.jpg,Japan,,26.31325,127.75575,
Q11275093,Nebuta Onsen,natural,http://commons.wikimedia.org/wiki/Special:FilePath/Notonosho%2C%20Wajima.jpg,Japan,,37.39983333,136.94069444,
Q11278813,Mikurigaike Onsen,natural,http://commons.wikimedia.org/wiki/Special:FilePath/Mikurigaike%20Onsen-1.jpg,Japan,,36.581944,137.596111,"building in Toyama Prefecture, Japan"
Q11279230,Minori no Yu,natural,http://commons.wikimedia.org/wiki/Special:FilePath/Minorinoyu.JPG,Japan,,35.881722222,139.9615,
Q11281195,Q11281195,natural,http://commons.wikimedia.org/wiki/Special:FilePath/%E3%82%88%E3%81%B5%E3%81%A9%E6%B8%A9%E6%B3%89P4218378.JPG,Japan,,35.285861111,134.872666666,hot bath
Q11289024,Utoro Onsen,natural,http://commons.wikimedia.org/wiki/Special:FilePath/140828%20Utoro%20Port%20Shari%20Hokkaido%20Japan04bs.jpg,Japan,,44.07908,145.00917,"building in Hokkaido Prefecture, Japan"
Q11293748,Aurora Onsen,natural,http://commons.wikimedia.org/wiki/Special:FilePath/Aurora%20vilage%20farm2.jpg,Japan,,43.32525,144.52736111,
Q11296672,Q11296672,natural,http://commons.wikimedia.org/wiki/Special:FilePath/Kisuke%20Box%20-%20panoramio.jpg,Japan,,33.841343,132.752861,
Q352675,Mount Adatara,natural,http://commons.wikimedia.org/wiki/Special:FilePath/Mount%20Adatara.JPG,Japan,https://en.wikipedia.org/wiki/Mount_Adatara,37.633333333,140.283333333,"mountain in Fukushima Prefecture, Japan"
Q415672,Akan Mashu National Park,natural,http://commons.wikimedia.org/wiki/Special:FilePath/Hokkaido%2C%20Japan%2C%20Lake%20Mash%C5%AB%2C%202008.jpg,Japan,https://en.wikipedia.org/wiki/Akan_Mashu_National_Park,43.51666667,144.26666667,national park of Japan
Q472705,Mount Meakan,natural,http://commons.wikimedia.org/wiki/Special:FilePath/Volcano%20landcapes%20%2852357154676%29.jpg,Japan,https://en.wikipedia.org/wiki/Mount_Meakan,43.386111111,144.008888888,"mountain in Hokkaido, Japan"
Q485859,Sanin Kaigan National Park,natural,http://commons.wikimedia.org/wiki/Special:FilePath/Tottori-Sakyu%20Tottori%20Japan.JPG,Japan,https://en.wikipedia.org/wiki/Sanin_Kaigan_National_Park,35.649573257,134.602446356,national park of Japan
Q580873,Nikkō National Park,natural,http://commons.wikimedia.org/wiki/Special:FilePath/Lake%20chuzenji%20and%20kegon%20waterfall.jpg,Japan,https://en.wikipedia.org/wiki/Nikk%C5%8D_National_Park,36.97861111,139.395,national park of Japan
Q656506,Chichibu Tama Kai National Park,natural,http://commons.wikimedia.org/wiki/Special:FilePath/Mt.Kobushigatake%20and%20Mt.Sanpou%20from%20Mt.Tokusa.jpg,Japan,https://en.wikipedia.org/wiki/Chichibu_Tama_Kai_National_Park,35.9,138.716666666,national park of Japan
Q703967,Iriomote-Ishigaki National Park,natural,http://commons.wikimedia.org/wiki/Special:FilePath/Anparu.jpg,Japan,https://en.wikipedia.org/wiki/Iriomote-Ishigaki_National_Park,24.31666667,123.88333333,"national park of Okinawa, Japan"
Q739391,Shiretoko National Park,natural,http://commons.wikimedia.org/wiki/Special:FilePath/140829%20Track%20Near%20Furepe%20Falls%20Shiretoko%20Hokkaido%20Japan00s3.jpg,Japan,https://en.wikipedia.org/wiki/Shiretoko_National_Park,44.161944,145.235556,"national park in Hokkaidō, Japan"
Q764357,Chūbu-Sangaku National Park,natural,http://commons.wikimedia.org/wiki/Special:FilePath/Mount%20Tate%20and%20Mount%20Tsurugi%20from%20Mount%20Nunobiki.jpg,Japan,https://en.wikipedia.org/wiki/Ch%C5%ABbu-Sangaku_National_Park,36.758333333,137.791666666,national park of Japan
Q806251,Bandai-Asahi National Park,natural,http://commons.wikimedia.org/wiki/Special:FilePath/Bishamon%20Pond%20With%20Mount%20Bandai.JPG,Japan,https://en.wikipedia.org/wiki/Bandai-Asahi_National_Park,37.81666667,139.73333333,national park of Japan
Q1198576,Aira Caldera,natural,http://commons.wikimedia.org/wiki/Special:FilePath/Sakura-jima%20from%20space.jpg,Japan,https://en.wikipedia.org/wiki/Aira_Caldera,31.65,130.7,supervolcano
Q1475670,Kikai Caldera,natural,http://commons.wikimedia.org/wiki/Special:FilePath/2015%20Satsuma-Iojima%20Iodake.jpg,Japan,https://en.wikipedia.org/wiki/Kikai_Caldera,30.789,130.308,mountain
Q11354720,Mikuni Tunnel,space,http://commons.wikimedia.org/wiki/Special:FilePath/Mikuni%20Tunnel%20Gumma%20side.jpg,Japan,,36.765222222,138.821722222,
Q11364299,Nakayama Zuido,space,http://commons.wikimedia.org/wiki/Special:FilePath/Nakayama-zuidou%2002.jpg,Japan,https://en.wikipedia.org/wiki/Nakayama_Tunnel_(Niigata_Prefecture),37.302805555,138.929055555,Tunnel in Japan
Q11371764,Futamata Tunnel,space,http://commons.wikimedia.org/wiki/Special:FilePath/Futamata%20Tunnel%20Yaotsu-town%2CGifu1.jpg,Japan,,35.471667,137.221583,
Q11379109,Isegami tunnel,space,http://commons.wikimedia.org/wiki/Special:FilePath/%E4%BC%8A%E5%8B%A2%E7%A5%9E%E3%83%88%E3%83%B3%E3%83%8D%E3%83%AB01.jpg,Japan,,35.171469077,137.431520396,tunnel in Japan
Q11392385,Roppongi Tunnel,space,http://commons.wikimedia.org/wiki/Special:FilePath/Roppongi%20Tunnel.jpg,Japan,,35.663472,139.72625,
Q11406887,Sendagaya Tunnel,space,http://commons.wikimedia.org/wiki/Special:FilePath/Sendagaya%20Tunnel%20east.JPG,Japan,,35.675416666,139.711583333,
Q11416410,Q11416410,space,http://commons.wikimedia.org/wiki/Special:FilePath/Kimikamo%20Tunnel%20%28Japan%20National%20highway%20Route%20410%29.jpg,Japan,,35.15583333,140.00944444,
Q11434790,Ō-tōge Tunnel,space,http://commons.wikimedia.org/wiki/Special:FilePath/%C5%8C-t%C5%8Dge%20Tunnel%2001.jpg,Japan,,37.798138888,139.959416944,
Q11460710,Q11460710,space,http://commons.wikimedia.org/wiki/Special:FilePath/Kodaira.JPG,Japan,,35.5355167,139.2583948,
Q11464459,Q11464459,space,http://commons.wikimedia.org/wiki/Special:FilePath/Odori-Tunnel%20makigabora2.JPG,Japan,,36.13694444,137.11472222,
Q11468730,Q11468730,space,http://commons.wikimedia.org/wiki/Special:FilePath/Yokohama%20Yamate-tunnel.JPG,Japan,,35.436139,139.645861,
Q11487345,Kōbundō Ruins,space,http://commons.wikimedia.org/wiki/Special:FilePath/Kobundo-01.jpg,Japan,,35.251666666,140.159444444,
Q11502787,Niigata Minato Tunnel,space,http://commons.wikimedia.org/wiki/Special:FilePath/Entrance%20of%20Niigata%20Minato%20Tunnel.jpg,Japan,,37.94405556,139.066,
Q11555888,Shin-Tsuzura Tunnel,space,http://commons.wikimedia.org/wiki/Special:FilePath/Shin-Tsuzura%20Tunnel%20Himi%20side.jpg,Japan,,36.782638888,136.949861111,"road tunnel in Takaoka and Himi, Toyama, Japan"
Q217475,Tokyo Stock Exchange,markets,http://commons.wikimedia.org/wiki/Special:FilePath/Tokyo%20Stock%20Exchange.JPG,Japan,https://en.wikipedia.org/wiki/Tokyo_Stock_Exchange,35.682583333,139.778888888,stock market based in Tokyo
Q859471,Tsukiji fish market,markets,http://commons.wikimedia.org/wiki/Special:FilePath/2018%20Tsukiji%20fish%20market.jpg,Japan,https://en.wikipedia.org/wiki/Tsukiji_fish_market,35.661388888,139.769722222,"building in Tokyo, Japan"
Q2260622,Pouquelaye de Faldouet,landmarks,http://commons.wikimedia.org/wiki/Special:FilePath/La%20Pouquelaye%20de%20Faldouet%2C%20Jersey.jpg,Jersey,,49.20305556,-2.02694444,
Q721494,Queen Alia International Airport,airports,http://commons.wikimedia.org/wiki/Special:FilePath/Queen%20Alia%20International%20Airport%20-%20New%20Terminal%20-%202013.JPG,Jordan,https://en.wikipedia.org/wiki/Queen_Alia_International_Airport,31.7225,35.993333333,"airport serving Amman, Jordan"
Q3805,Amman,cities,http://commons.wikimedia.org/wiki/Special:FilePath/Amman.jpg,Jordan,https://en.wikipedia.org/wiki/Amman,31.930983,35.926084,capital of Jordan
Q5788,Petra,landmarks,http://commons.wikimedia.org/wiki/Special:FilePath/The%20Treasury%2C%20Petra%2C%20Jordan5.jpg,Jordan,https://en.wikipedia.org/wiki/Petra,30.328888888,35.440277777,ancient rock-cut historical city in Jordan
Q1314033,Abila,landmarks,http://commons.wikimedia.org/wiki/Special:FilePath/The-Decapolis-map.svg,Jordan,https://en.wikipedia.org/wiki/Abila_(Decapolis),32.683121,35.869214,ancient city
Q2634316,Roman Theatre of Amman,landmarks,http://commons.wikimedia.org/wiki/Special:FilePath/Roman%20theater%20of%20Amman%2001.jpg,Jordan,https://en.wikipedia.org/wiki/Roman_Theatre_(Amman),31.951673,35.939363,"ancient Roman theatre in Amman, Jordan"
Q167993,Pella,history_and_mysteries,http://commons.wikimedia.org/wiki/Special:FilePath/Classical%20pella.jpg,Jordan,"https://en.wikipedia.org/wiki/Pella,_Jordan",32.449809,35.613423,human settlement in Jordan
Q27315,Shymkent International Airport,airports,http://commons.wikimedia.org/wiki/Special:FilePath/Shymkent%20International%20Airport%2003.jpg,Kazakhstan,https://en.wikipedia.org/wiki/%C5%9Eymkent_International_Airport,42.365,69.476111111,"airport serving Shymkent in South Kazakhstan Province, Kazakhstan"
Q174233,Nursultan Nazarbayev International Airport,airports,http://commons.wikimedia.org/wiki/Special:FilePath/Astana%20International%20Airport%2003.jpg,Kazakhstan,https://en.wikipedia.org/wiki/Nursultan_Nazarbayev_International_Airport,51.022222222,71.466944444,"international airport in Akmola Region, Kazakhstan"
Q184364,Kyzyl Kum,deserts,http://commons.wikimedia.org/wiki/Special:FilePath/Dzhangeldy%20Uzbekistan%202008.JPG,Kazakhstan,https://en.wikipedia.org/wiki/Kyzylkum_Desert,42.441111111,63.461388888,desert in Central Asia
Q280158,Aralkum,deserts,http://commons.wikimedia.org/wiki/Special:FilePath/Aralsea%20tmo%202014231%20lrg.jpg,Kazakhstan,https://en.wikipedia.org/wiki/Aralkum_Desert,45.0,60.5,desert on the seabed once occupied by the Aral Sea
Q301971,Tyuleniy Archipelago,islands,http://commons.wikimedia.org/wiki/Special:FilePath/%D0%A2%D1%8E%D0%BB%D0%B5%D0%BD%D1%8C%D0%B8%20%D0%BE%D1%81%D1%82%D1%80%D0%BE%D0%B2%D0%B0.jpg,Kazakhstan,https://en.wikipedia.org/wiki/Tyuleny_Archipelago,44.875,50.343333,island group
Q2605056,Issyk kurgan,landmarks,http://commons.wikimedia.org/wiki/Special:FilePath/A%20kurgan%20at%20Issyk.JPG,Kazakhstan,https://en.wikipedia.org/wiki/Issyk_kurgan,43.33,77.618611111,burial mound in Kazakhstan
Q606918,Okzhetpes Stadium,stadiums,http://commons.wikimedia.org/wiki/Special:FilePath/%D0%9A%D0%BE%D0%BA%D1%88%D0%B5%D1%82%D0%B0%D1%83%2C%20%D1%81%D1%82%D0%B0%D0%B4%D0%B8%D0%BE%D0%BD%20%22%D0%9E%D0%BA%D0%B6%D0%B5%D1%82%D0%BF%D0%B5%D1%81%22.%20%D0%9D%D0%B0%D1%87%D0%B0%D0%BB%D0%BE%20%D0%BC%D0%B0%D1%82%D1%87%D0%B0%20%22%D0%9E%D0%BA%D0%B6%D0%B5%D1%82%D0%BF%D0%B5%D1%81%22%20-%20%22%D0%A2%D0%BE%D0%B1%D0%BE%D0%BB%22%20%2825.06.2005%29.jpg,Kazakhstan,https://en.wikipedia.org/wiki/Okzhetpes_Stadium,53.285278,69.391667,stadium
Q190788,Almaty Central Stadium,stadiums,http://commons.wikimedia.org/wiki/Special:FilePath/Kazakhstan%20P9240988%2008%20%2839408856325%29.jpg,Kazakhstan,https://en.wikipedia.org/wiki/Almaty_Central_Stadium,43.238331,76.92435,"stadium in Almaty, Kazakhstan"
Q190789,Pavlodar Central Stadium,stadiums,http://commons.wikimedia.org/wiki/Special:FilePath/Centralny%20stadium%20Pavlodar.jpg,Kazakhstan,https://en.wikipedia.org/wiki/Pavlodar_Central_Stadium,52.276383,76.949712,stadium
Q268402,Petr Atoyan Stadium,stadiums,http://commons.wikimedia.org/wiki/Special:FilePath/%D0%A1%D1%82%D0%B0%D0%B4%D0%B8%D0%BE%D0%BD%20%D0%B8%D0%BC%D0%B5%D0%BD%D0%B8%20%D0%9F%D0%B5%D1%82%D1%80%D0%B0%20%D0%90%D1%82%D0%BE%D1%8F%D0%BD%D0%B0.jpg,Kazakhstan,https://en.wikipedia.org/wiki/Petr_Atoyan_Stadium,51.211944,51.350833,stadium
Q373642,Kazakh-German University,universities,http://commons.wikimedia.org/wiki/Special:FilePath/%D0%9A%D0%B0%D0%B7%D0%B0%D1%85%D1%81%D1%82%D0%B0%D0%BD%D1%81%D0%BA%D0%BE-%D0%9D%D0%B5%D0%BC%D0%B5%D1%86%D0%BA%D0%B8%D0%B9%20%D1%83%D0%BD%D0%B8%D0%B2%D0%B5%D1%80%D1%81%D0%B8%D1%82%D0%B5%D1%82.jpg,Kazakhstan,,43.249,76.9541,"university in Almaty, Kazakhstan"
Q392784,Moi International Airport,airports,http://commons.wikimedia.org/wiki/Special:FilePath/Moi%20International%20Airport%20terminal%20building%2C%202025%20%2801%29.jpg,Kenya,https://en.wikipedia.org/wiki/Moi_International_Airport,-4.034722,39.594167,airport
Q1520750,Mount Longonot,peaks,http://commons.wikimedia.org/wiki/Special:FilePath/Copy%20of%20IMG%201654.jpg,Kenya,https://en.wikipedia.org/wiki/Mount_Longonot,-0.915277777,36.456944444,Volcano in Kenya
Q624443,Arabuko Sokoke National Park,national_parks,http://commons.wikimedia.org/wiki/Special:FilePath/The%20road%20in%20Arabuko%20Sokoke%20Forest%20-%20panoramio.jpg,Kenya,https://en.wikipedia.org/wiki/Arabuko_Sokoke_National_Park,-3.26666667,39.81666667,"forest Reserve is located on the coast of Kenya, 110 km north of Mombasa and is protected as a national Forest Reserve."
Q367631,Karen Blixen Museum,museums,http://commons.wikimedia.org/wiki/Special:FilePath/Karen%20Blixen%20House%2C%20Nairobi%2C%20Kenya%20%2822288985045%29.jpg,Kenya,"https://en.wikipedia.org/wiki/Karen_Blixen_Museum,_Kenya",-1.35194444,36.7125,museum in Kenya
Q368998,University of Trnava,universities,http://commons.wikimedia.org/wiki/Special:FilePath/A%20Nagyszombati%20Egyetem.jpg,Kingdom of Hungary,,48.383333333,17.583333333,"university founded in 1635, which continued to operate in Pest (now Budapest) from 1777. The predecessor of three modern universities"
Q522496,Bonriki International Airport,airports,http://commons.wikimedia.org/wiki/Special:FilePath/NGTA.jpg,Kiribati,https://en.wikipedia.org/wiki/Bonriki_International_Airport,1.381666666,173.146944444,international airport in Kiribati
Q527157,Kuwait International Airport,airports,http://commons.wikimedia.org/wiki/Special:FilePath/%D9%85%D8%A8%D9%86%D9%89%20%D8%A7%D9%84%D8%B1%D9%83%D8%A7%D8%A8%204%20%D9%85%D8%B7%D8%A7%D8%B1%20%D8%A7%D9%84%D9%83%D9%88%D9%8A%D8%AA%20%D8%A7%D9%84%D8%AF%D9%88%D9%84%D9%8A.jpg,Kuwait,https://en.wikipedia.org/wiki/Kuwait_International_Airport,29.226777777,47.979972222,international airport serving Kuwait
Q557933,Al Hamra Tower,skyscrapers,http://commons.wikimedia.org/wiki/Special:FilePath/Al%20Hamra%20Kuwait%20Mai%202010.jpg,Kuwait,https://en.wikipedia.org/wiki/Al_Hamra_Tower,29.378611111,47.992777777,skyscraper in Kuwait
Q32997,Manas International Airport,airports,http://commons.wikimedia.org/wiki/Special:FilePath/Bishkek%2003-2016%20img51%20Manas%20Airport.jpg,Kyrgyzstan,https://en.wikipedia.org/wiki/Manas_International_Airport,43.061272222,74.477508333,international airport in Kyrgyzstan
Q505421,Riga International Airport,airports,http://commons.wikimedia.org/wiki/Special:FilePath/Riga%20Airport.JPG,Latvia,https://en.wikipedia.org/wiki/Riga_International_Airport,56.920833333,23.970833333,"international airport serving Riga, Latvia"
Q517037,Liepāja International Airport,airports,http://commons.wikimedia.org/wiki/Special:FilePath/LiepajaInternationalAirport.jpg,Latvia,https://en.wikipedia.org/wiki/Liep%C4%81ja_International_Airport,56.5175,21.096944444,airport in Latvia
Q344625,Ķīpsala,islands,http://commons.wikimedia.org/wiki/Special:FilePath/Balasta%20dambis%20%284%29.jpg,Latvia,https://en.wikipedia.org/wiki/%C4%B6%C4%ABpsala,56.956111111,24.081111111,"island and neighbourhood of Riga, Latvia"
Q549295,Rāzna National Park,national_parks,http://commons.wikimedia.org/wiki/Special:FilePath/Raznas%20ezers.JPG,Latvia,https://en.wikipedia.org/wiki/R%C4%81zna_National_Park,56.26666667,27.5,national park in Latvia
Q322183,Riga Castle,castles,http://commons.wikimedia.org/wiki/Special:FilePath/2006%2009%2014-17%20RigaFortress054.jpg,Latvia,https://en.wikipedia.org/wiki/Riga_Castle,56.95095,24.100636111,"castle in Riga, Latvia"
Q1021914,Gulbene-Alūksne railway,museums,http://commons.wikimedia.org/wiki/Special:FilePath/Al%C5%ABksnes%20stacija%2028.JPG,Latvia,https://en.wikipedia.org/wiki/Gulbene%E2%80%93Al%C5%ABksne_Railway,57.26277,26.94317,railway line
Q1430954,Saint Joseph University of Beirut,universities,http://commons.wikimedia.org/wiki/Special:FilePath/USJ%20Campus.jpg,Lebanon,https://en.wikipedia.org/wiki/Saint_Joseph_University_of_Beirut,33.889555555,35.509277777,"private Catholic research university in Beirut, Lebanon"
Q163490,Sidon,history_and_mysteries,http://commons.wikimedia.org/wiki/Special:FilePath/SidonNewCity.jpg,Lebanon,https://en.wikipedia.org/wiki/Sidon,33.560413,35.375272,"capital city of South Governorate, Lebanon"
Q178835,Baalbek,history_and_mysteries,http://commons.wikimedia.org/wiki/Special:FilePath/Temple%20of%20Bacchus.jpg,Lebanon,https://en.wikipedia.org/wiki/Baalbek,34.015363,36.200556,"city in Baalbek-Hermel, Lebanon"
Q37683,Maletsunyane Falls,waterfalls,http://commons.wikimedia.org/wiki/Special:FilePath/Maletsunyanefalls.JPG,Lesotho,https://en.wikipedia.org/wiki/Maletsunyane_Falls,-29.868611111,28.051666666,waterfall on the Maletsunyane River in Lesotho
Q3909,Maseru,cities,http://commons.wikimedia.org/wiki/Special:FilePath/Maseru%20from%20Parliament%20Hill.jpg,Lesotho,https://en.wikipedia.org/wiki/Maseru,-29.31,27.48,capital of Lesotho
Q721497,Roberts International Airport,airports,http://commons.wikimedia.org/wiki/Special:FilePath/Roberts%20International%20Airport.JPG,Liberia,https://en.wikipedia.org/wiki/Roberts_International_Airport,6.233889,-10.362222,"commercial airport near Monrovia, Liberia"
Q3748,Monrovia,cities,http://commons.wikimedia.org/wiki/Special:FilePath/Liberia%2C%20Africa%20-%20panoramio%20%28256%29.jpg,Liberia,https://en.wikipedia.org/wiki/Monrovia,6.310555555,-10.804722222,capital city of Liberia
Q44553,Benina International Airport,airports,http://commons.wikimedia.org/wiki/Special:FilePath/Benina%20International%20Airport.jpg,Libya,https://en.wikipedia.org/wiki/Benina_International_Airport,32.0975,20.270833,international airport in Libya
Q44588,Tripoli International Airport,airports,http://commons.wikimedia.org/wiki/Special:FilePath/Tripoli%20Airport.jpg,Libya,https://en.wikipedia.org/wiki/Tripoli_International_Airport,32.6694351,13.1418156,"international airport serving Tripoli, Libya"
Q191504,Leptis Magna,history_and_mysteries,http://commons.wikimedia.org/wiki/Special:FilePath/Leptis%20Magna%20%2829%29%20%288288918733%29.jpg,Libya,https://en.wikipedia.org/wiki/Leptis_Magna,32.636748,14.2922,ancient city in modern Libya
Q192918,Sabratha,history_and_mysteries,http://commons.wikimedia.org/wiki/Special:FilePath/Theatre%20of%20Sabratha%2C%20Libya.jpg,Libya,https://en.wikipedia.org/wiki/Sabratha,32.79335,12.48845,city in Libya
Q3579,Tripoli,cities,http://commons.wikimedia.org/wiki/Special:FilePath/Marcus%20Aurelius%20Arch%20Tripoli%20Libya.jpg,Libya,"https://en.wikipedia.org/wiki/Tripoli,_Libya",32.8875,13.1875,capital city of Libya
Q996209,Wadi el Kuf Bridge,bridges,http://commons.wikimedia.org/wiki/Special:FilePath/Wadi%20el%20Kuf%20Bridge%201970%27s.jpg,Libya,https://en.wikipedia.org/wiki/Wadi_el_Kuf_Bridge,32.69666667,21.56555556,bridge in Libya
Q328423,Omar Al-Mukhtar University,universities,http://commons.wikimedia.org/wiki/Special:FilePath/Faculty%20of%20Agriculture%2C%20Al%20Bayda.jpg,Libya,https://en.wikipedia.org/wiki/Omar_Al-Mukhtar_University,32.758297,21.712172,"university in Bayda, Libya"
Q104671488,"Agora, Cyrene",markets,http://commons.wikimedia.org/wiki/Special:FilePath/Archaeological%20Site%20of%20Cyrene-109029.jpg,Libya,,32.82674,21.86335,Area (conceptual/geographic) in Libya
Q104671565,"Agora West Stoa, Cyrene",markets,http://commons.wikimedia.org/wiki/Special:FilePath/33%20West%20Stoa%201.jpg,Libya,,32.81951,21.855398333,Public or civic building/stoa/gymnasium in Libya.
Q104671615,"Agora North Stoa, Cyrene",markets,http://commons.wikimedia.org/wiki/Special:FilePath/35%20N%20Stoa%202.jpg,Libya,,32.819423333,21.855978333,"Agora, forum, plaza; Public or civic building/stoa/gymnasium in Cyrene, Libya."
Q3657,Rietavas,cities,http://commons.wikimedia.org/wiki/Special:FilePath/Rietavas%202009-07-28.jpg,Lithuania,https://en.wikipedia.org/wiki/Rietavas,55.725,21.927777777,city in Lithuania
Q215315,Kernavė,castles,http://commons.wikimedia.org/wiki/Special:FilePath/Kernav%C4%97%20-%20Hill%20forts%2001.jpg,Lithuania,https://en.wikipedia.org/wiki/Kernav%C4%97,54.883333333,24.85,city in Lithuania
Q190786,Jonava City Stadium,stadiums,http://commons.wikimedia.org/wiki/Special:FilePath/Central%20stadium%20of%20Jonava.jpg,Lithuania,https://en.wikipedia.org/wiki/Central_Stadium_of_Jonava,55.078,24.2717,football stadium
Q625158,Kaunas University of Technology,universities,http://commons.wikimedia.org/wiki/Special:FilePath/KTU%20%22Santakos%22%20sl%C4%97nis.jpg,Lithuania,https://en.wikipedia.org/wiki/Kaunas_University_of_Technology,54.898888888,23.9125,Lithuanian university (1950-)
Q389852,Vilnius Gediminas Technical University,universities,http://commons.wikimedia.org/wiki/Special:FilePath/Mechanikos%20ir%20transporto%20in%C5%BEinerijos%20fakultetai%2C%20VGTU.JPG,Lithuania,https://en.wikipedia.org/wiki/Vilnius_Gediminas_Technical_University,54.722222222,25.335833333,"public university in Vilnius, Lithuania"
Q1463952,Titelberg,cities,http://commons.wikimedia.org/wiki/Special:FilePath/Titelberg%20west%2007.jpg,Luxembourg,https://en.wikipedia.org/wiki/Titelberg,49.5375,5.8625,oppidum
Q1842,Luxembourg,cities,http://commons.wikimedia.org/wiki/Special:FilePath/Luxembourg%20City%20Hall%20%2854540726309%29.jpg,Luxembourg,https://en.wikipedia.org/wiki/Luxembourg_City,49.610555555,6.132777777,capital and largest city of Luxembourg
Q436171,Old Echternach Bridge,bridges,http://commons.wikimedia.org/wiki/Special:FilePath/Alte%20Sauerbr%C3%BCcke%202.jpg,Luxembourg,,49.8127,6.42639,bridge between Echternach and Echternacherbrück.
Q359860,Grand Duchess Charlotte Bridge,bridges,http://commons.wikimedia.org/wiki/Special:FilePath/Luxembourg-Pfaffenthal%2C%20vue%20sur%20le%20pont%20G-D%20Charlotte%20%28101%29.jpg,Luxembourg,https://en.wikipedia.org/wiki/Grand_Duchess_Charlotte_Bridge,49.617777777,6.130833333,road bridge in Luxembourg
Q10640563,Q10640563,space,http://commons.wikimedia.org/wiki/Special:FilePath/Luxembourg%2C%20Aquatunnel%20%28102%29.jpg,Luxembourg,,49.60894,6.12769,
Q613657,Fascene Airport,airports,http://commons.wikimedia.org/wiki/Special:FilePath/Aeroport%20de%20Nosy%20Be%20DSCN1165.jpg,Madagascar,https://en.wikipedia.org/wiki/Fascene_Airport,-13.31805556,48.30916667,airport
Q556594,Ankaratra,peaks,http://commons.wikimedia.org/wiki/Special:FilePath/Ankaratra.jpg,Madagascar,https://en.wikipedia.org/wiki/Ankaratra,-19.349777777,47.243341666,mountains in Madagascar
Q120414,Isalo National Park,national_parks,http://commons.wikimedia.org/wiki/Special:FilePath/IsaloRock.jpg,Madagascar,https://en.wikipedia.org/wiki/Isalo_National_Park,-22.4351,45.2884,national park of Madagascar
Q500253,Kuala Lumpur International Airport,airports,http://commons.wikimedia.org/wiki/Special:FilePath/KLIA%20MTB%26Tower.jpg,Malaysia,https://en.wikipedia.org/wiki/Kuala_Lumpur_International_Airport,2.745556,101.709722,"international airport in Selangor, Malaysia"
Q303881,Sultan Iskandar Reservoir,lakes,http://commons.wikimedia.org/wiki/Special:FilePath/Sultan%20Iskander%20Reservoir.JPG,Malaysia,https://en.wikipedia.org/wiki/Sultan_Iskandar_Reservoir,1.55611,103.91,"dam in Johor Bahru, Johor, Malaysia"
Q131436465,Silicon Island,islands,http://commons.wikimedia.org/wiki/Special:FilePath/Silicon%20Island%20in%20George%20Town%2C%20Penang%20Dec2024-1.jpg,Malaysia,https://en.wikipedia.org/wiki/Silicon_Island,5.26,100.268611111,"artificial island in Penang, Malaysia"
Q834893,Kinabalu Park,national_parks,http://commons.wikimedia.org/wiki/Special:FilePath/Kinabalu%20Sabah%20Borneo%20Kampong%20Kundasang%202.jpg,Malaysia,https://en.wikipedia.org/wiki/Kinabalu_Park,6.15,116.65,national park and UNESCO World Heritage Site in Malaysia
Q1865,Kuala Lumpur,cities,http://commons.wikimedia.org/wiki/Special:FilePath/Kuala%20Lumpur%20with%20Petronas%20Towers.jpg,Malaysia,https://en.wikipedia.org/wiki/Kuala_Lumpur,3.147777777,101.695277777,Federal territory and capital city of Malaysia
Q83063,Petronas Towers,skyscrapers,http://commons.wikimedia.org/wiki/Special:FilePath/Kuala%20Lumpur%20-%20panoramio%20%2818%29.jpg,Malaysia,https://en.wikipedia.org/wiki/Petronas_Towers,3.157777777,101.711666666,"twin skyscrapers in Kuala Lumpur, Malaysia"
Q118214,Telekom Tower,skyscrapers,http://commons.wikimedia.org/wiki/Special:FilePath/Menara%20telekom.jpg,Malaysia,https://en.wikipedia.org/wiki/Telekom_Tower,3.115833,101.666111,skyscraper
Q7162313,Penchala Tunnel,space,http://commons.wikimedia.org/wiki/Special:FilePath/Penchala%20Tunnel.jpg,Malaysia,https://en.wikipedia.org/wiki/Penchala_Tunnel,3.16476,101.636,"road tunnel in Kuala Lumpur, Malaysia"
Q43335,Bursa Malaysia,markets,http://commons.wikimedia.org/wiki/Special:FilePath/Bursa%20Malaysia.JPG,Malaysia,https://en.wikipedia.org/wiki/Bursa_Malaysia,3.1485394,101.7011504,"formerly known as Kuala Lumpur Stock Exchange, exchange holding company located in Kuala Lumpur, Malaysia"
Q29104,Velana International Airport,airports,http://commons.wikimedia.org/wiki/Special:FilePath/Hulele-airport.jpg,Maldives,https://en.wikipedia.org/wiki/Velana_International_Airport,4.191833,73.529111,"main international airport in the Maldives, located on Hulhulé Island in the North Malé Atoll, nearby the capital island Malé"
Q301034,Aarah,islands,http://commons.wikimedia.org/wiki/Special:FilePath/Malediven%20Aarah.jpg,Maldives,,4.23027778,73.49444444,"island in Kaafu Atoll, Maldives"
Q371225,Vihamanaafushi,islands,http://commons.wikimedia.org/wiki/Special:FilePath/Maldives%20-%20Kurumba%20Island.jpg,Maldives,https://en.wikipedia.org/wiki/Vihamanaafushi,4.22666667,73.52,"island in Kaafu Atoll, Maldives"
Q3703,Bamako,cities,http://commons.wikimedia.org/wiki/Special:FilePath/Bamako%20ACI%202000%20Aeriel.jpg,Mali,https://en.wikipedia.org/wiki/Bamako,12.645833333,-7.992222222,capital of Mali
Q2922440,Malta Stock Exchange,markets,http://commons.wikimedia.org/wiki/Special:FilePath/Malta%20-%20Valletta%20-%20Pjazza%20Kastilja%20-%20Borza%20ta%27%20Malta%2001%20ies.jpg,Malta,https://en.wikipedia.org/wiki/Malta_Stock_Exchange,35.895103,14.511703,stock exchange of the Maltese Islands
Q486670,Ebeye Island,islands,http://commons.wikimedia.org/wiki/Special:FilePath/Ebeye%20Island.jpg,Marshall Islands,https://en.wikipedia.org/wiki/Ebeye_Island,8.780277777,167.737222222,island in the Marshall Islands
Q376862,Lib Island,islands,http://commons.wikimedia.org/wiki/Special:FilePath/Lib%20island%20pond.png,Marshall Islands,https://en.wikipedia.org/wiki/Lib_Island,8.313055555,167.377777777,island
Q12919,Majuro,cities,http://commons.wikimedia.org/wiki/Special:FilePath/Majuro%20main%20road.jpg,Marshall Islands,https://en.wikipedia.org/wiki/Majuro,7.0918,171.3802,capital of the Marshall Islands
Q539518,Banc d'Arguin National Park,national_parks,http://commons.wikimedia.org/wiki/Special:FilePath/PNBA%2043.JPG,Mauritania,https://en.wikipedia.org/wiki/Banc_d%27Arguin_National_Park,20.234722,-16.108889,Mauritanian National Park
Q3688,Nouakchott,cities,http://commons.wikimedia.org/wiki/Special:FilePath/15-Nouakchott-eH-R0058185.jpg,Mauritania,https://en.wikipedia.org/wiki/Nouakchott,18.08581,-15.9785,capital of Mauritania
Q36460,Sir Seewoosagur Ramgoolam International Airport,airports,http://commons.wikimedia.org/wiki/Special:FilePath/Mauritius%2023.08.2009%2011-26-52.jpg,Mauritius,https://en.wikipedia.org/wiki/Sir_Seewoosagur_Ramgoolam_International_Airport,-20.430027777,57.683022222,"international airport serving Port Louis, Mauritius"
Q292422,Île de la Passe,islands,http://commons.wikimedia.org/wiki/Special:FilePath/Ile-de-la-Passe.jpg,Mauritius,https://en.wikipedia.org/wiki/%C3%8Ele_de_la_Passe_(Mauritius),-20.398888888,57.767222222,island in Mauritius
Q53080,Piedras Negras International Airport,airports,http://commons.wikimedia.org/wiki/Special:FilePath/AIPN.jpg,Mexico,https://en.wikipedia.org/wiki/Piedras_Negras_International_Airport,28.62737,-100.534405,"international airport located at Piedras Negras, Coahuila, Mexico"
Q583424,Hermanos Serdán International Airport,airports,http://commons.wikimedia.org/wiki/Special:FilePath/Terminal%20AIP.JPG,Mexico,https://en.wikipedia.org/wiki/Puebla_International_Airport,19.158055555,-98.371388888,"airport in Puebla, Mexico"
Q932025,Guadalajara-M. Hidalgo y Costilla,airports,http://commons.wikimedia.org/wiki/Special:FilePath/Fachada%20del%20Aeropuerto%20de%20Guadalajara.jpg,Mexico,https://en.wikipedia.org/wiki/Guadalajara_International_Airport,20.521837,-103.311145,"commercial airport that serves Guadalajara, Jalisco, Mexico"
Q2344525,Tres Vírgenes,peaks,http://commons.wikimedia.org/wiki/Special:FilePath/Volc%C3%A1n%20Las%20Tres%20V%C3%ADrgenes.jpg,Mexico,https://en.wikipedia.org/wiki/Tres_V%C3%ADrgenes,27.4697,-112.591,mountain in Mexico
Q181157,Popocatépetl,peaks,http://commons.wikimedia.org/wiki/Special:FilePath/Mexico-Popocatepetl.jpg,Mexico,https://en.wikipedia.org/wiki/Popocat%C3%A9petl,19.023386,-98.623434,North America volcano
Q231620,Parícutin,peaks,http://commons.wikimedia.org/wiki/Special:FilePath/Paricut%C3%ADn%20volcano.jpg,Mexico,https://en.wikipedia.org/wiki/Par%C3%ADcutin,19.493,-102.251,dormant scoria-cone volcano in Mexico
Q578799,Malinche,peaks,http://commons.wikimedia.org/wiki/Special:FilePath/La%20Malinche%20%28volc%C3%A1n%29.jpg,Mexico,https://en.wikipedia.org/wiki/Malinche_(volcano),19.23083333,-98.03194444,volcano in Mexico
Q664059,Iztaccihuatl,peaks,http://commons.wikimedia.org/wiki/Special:FilePath/Mujerdormida%202018%201544.jpg,Mexico,https://en.wikipedia.org/wiki/Iztaccihuatl,19.177995,-98.64183,volcano in Mexico
Q673994,Nevado de Toluca,peaks,http://commons.wikimedia.org/wiki/Special:FilePath/Vista%20del%20Nevado%20de%20Toluca.jpg,Mexico,https://en.wikipedia.org/wiki/Nevado_de_Toluca,19.108761,-99.755608,stratovolcano located in central Mexico
Q1361324,Socorro Island,volcanoes,http://commons.wikimedia.org/wiki/Special:FilePath/Socorro%20Island.jpg,Mexico,https://en.wikipedia.org/wiki/Socorro_Island,18.784444444,-110.975,island in Mexico
Q1247,Caribbean Sea,seas,http://commons.wikimedia.org/wiki/Special:FilePath/50%20Shades%20Of%20Blue%20%28187611681%29.jpeg,Mexico,https://en.wikipedia.org/wiki/Caribbean_Sea,15.0,-75.0,"Marginal tropical sea of the Atlantic Ocean, located east of Central America, south of the Greater Antilles and north of South America"
Q81291,Lake Cuitzeo,lakes,http://commons.wikimedia.org/wiki/Special:FilePath/El%20inmenso%20Lago%20de%20Cuitzeo.jpg,Mexico,https://en.wikipedia.org/wiki/Lake_Cuitzeo,19.933333333,-101.083333333,"lake in Michoacán State, Mexico"
Q376095,Lake Xochimilco,lakes,http://commons.wikimedia.org/wiki/Special:FilePath/En%20Xochimilco.jpg,Mexico,https://en.wikipedia.org/wiki/Lake_Xochimilco,19.285,-99.102,lake in Mexico
Q155246,Hierve el Agua,waterfalls,http://commons.wikimedia.org/wiki/Special:FilePath/Hierve%20el%20agua.JPG,Mexico,https://en.wikipedia.org/wiki/Hierve_el_Agua,16.865519,-96.276004,waterfall
Q577886,Agua Azul,waterfalls,http://commons.wikimedia.org/wiki/Special:FilePath/Cascadas%20de%20Agua%20Azul%204.jpg,Mexico,https://en.wikipedia.org/wiki/Agua_Azul,17.255702777,-92.11595,"waterfalls in Chiapas, Mexico"
Q3403932,Basaltic Prisms of Santa María Regla,waterfalls,http://commons.wikimedia.org/wiki/Special:FilePath/Prismas%20Bas%C3%A1lticos%2C%20Huasca%20de%20Ocampo%2C%20Hidalgo%2C%20M%C3%A9xico%2C%202013-10-10%2C%20DD%2025.JPG,Mexico,https://en.wikipedia.org/wiki/Basaltic_Prisms_of_Santa_Mar%C3%ADa_Regla,20.2339,-98.5629,"interlocking basalt columns in Hidalgo, Mexico"
Q1489,Mexico City,cities,http://commons.wikimedia.org/wiki/Special:FilePath/Sobrevuelos%20CDMX%20HJ2A5091%20%2840386338731%29.jpg,Mexico,https://en.wikipedia.org/wiki/Mexico_City,19.353773,-99.13589,capital and largest city of Mexico
Q5859,Chichen Itza,landmarks,http://commons.wikimedia.org/wiki/Special:FilePath/Chichen%20Itza%203.jpg,Mexico,https://en.wikipedia.org/wiki/Chichen_Itza,20.683055555,-88.568611111,pre-Columbian Maya city in Mexico
Q124769,Estadio Cuauhtémoc,stadiums,http://commons.wikimedia.org/wiki/Special:FilePath/Estadio%20Cuauht%C3%A9moc%2C%20Puebla.jpg,Mexico,https://en.wikipedia.org/wiki/Estadio_Cuauht%C3%A9moc,19.078056,-98.164444,"football (soccer) stadium in Puebla, Puebla, Mexico, home venue for Puebla FC"
Q495014,Universidad La Salle,universities,http://commons.wikimedia.org/wiki/Special:FilePath/Murayl%20y%20tempusfugit.jpg,Mexico,https://en.wikipedia.org/wiki/Universidad_La_Salle_M%C3%A9xico,19.4076,-99.1822,university in Mexico
Q372529,Royal and Pontifical University of Mexico,universities,http://commons.wikimedia.org/wiki/Special:FilePath/Placa%20relativa%20a%20la%20Real%20y%20Pontificia%20Universidad%20de%20M%C3%A9xico.JPG,Mexico,https://en.wikipedia.org/wiki/Royal_and_Pontifical_University_of_Mexico,19.433718,-99.131779,historic university in Mexico City (1551–1865)
Q1092492,Cineteca Nacional,museums,http://commons.wikimedia.org/wiki/Special:FilePath/Cineteca%20Nacional%2001.jpg,Mexico,,19.36112778,-99.16460278,Mexican Film Archives
Q121537,Casa Na Bolom,museums,http://commons.wikimedia.org/wiki/Special:FilePath/Casa%20nah%20bolom.JPG,Mexico,https://en.wikipedia.org/wiki/Casa_Na_Bolom,16.74167,-92.62995,museum
Q129904,Centro Cultural Border,museums,http://commons.wikimedia.org/wiki/Special:FilePath/Centro%20Cultural%20Border%20Interior.JPG,Mexico,https://en.wikipedia.org/wiki/Centro_Cultural_Border,19.417361111,-99.156444444,
Q130898,Palace of Iturbide,museums,http://commons.wikimedia.org/wiki/Special:FilePath/Facade%20-%20Palacio%20de%20Iturbide%20-%20Mexico%202024.jpg,Mexico,https://en.wikipedia.org/wiki/Palace_of_Iturbide,19.43352,-99.13906,former Imperial Palace of Mexico (1822-1823)
Q522432,Bălți International Airport,airports,http://commons.wikimedia.org/wiki/Special:FilePath/BaltiInternationalAirport1.JPG,Moldova,https://en.wikipedia.org/wiki/B%C4%83l%C8%9Bi_International_Airport,47.843055555,27.777222222,"ariport serving the city of Bălți, Moldova"
Q25632268,Övörkhangai Province Polytechnic College,universities,http://commons.wikimedia.org/wiki/Special:FilePath/%D3%A8%D0%B2%D3%A9%D1%80%D1%85%D0%B0%D0%BD%D0%B3%D0%B0%D0%B9%20%D0%9F%D0%9A.jpg,Mongolia,,46.257388888,102.781222222,"polytechnic in Arwaicheer, Övörkhangai, Mongolia"
Q1046619,Mongolia International University,universities,http://commons.wikimedia.org/wiki/Special:FilePath/MIU%20Main%20Building.jpg,Mongolia,https://en.wikipedia.org/wiki/Mongolia_International_University,47.9146,106.9736,university
Q391306,Lake Šas,lakes,http://commons.wikimedia.org/wiki/Special:FilePath/Sasko%20jesero.jpg,Montenegro,https://en.wikipedia.org/wiki/Lake_%C5%A0as,41.973611111,19.330833333,"lake in Ulcinj Municipality, Montenegro"
Q345872,Ada Bojana,islands,http://commons.wikimedia.org/wiki/Special:FilePath/Island%20Ada%20%28WPWTR16%29.JPG,Montenegro,https://en.wikipedia.org/wiki/Ada_Bojana,41.8625,19.36111111,island
Q429304,Marrakesh Menara Airport,airports,http://commons.wikimedia.org/wiki/Special:FilePath/%D9%85%D8%B7%D8%A7%D8%B1%20%D9%85%D8%B1%D8%A7%D9%83%D8%B4%20%D8%A7%D9%84%D9%85%D9%86%D8%A7%D8%B1%D8%A9.jpg,Morocco,https://en.wikipedia.org/wiki/Marrakesh_Menara_Airport,31.608611111,-8.040833333,airport in Morocco
Q3551,Rabat,cities,http://commons.wikimedia.org/wiki/Special:FilePath/Kasbah%20des%20Oudaias%20P1060356.JPG,Morocco,https://en.wikipedia.org/wiki/Rabat,34.021111111,-6.841388888,capital city of Morocco
Q309436,Aït Benhaddou,cities,http://commons.wikimedia.org/wiki/Special:FilePath/Ksar%20A%C3%AFt%20Benhaddou%2C%20Marocco%20%28%D8%A3%D9%8A%D8%AA%20%D8%A8%D9%86%20%D8%AD%D8%AF%D9%88%D8%8C%20%D8%A7%D9%84%D9%85%D8%BA%D8%B1%D8%A8%2C%20%E2%B4%B0%E2%B5%A2%E2%B5%9C%20%E2%B5%83%E2%B4%B0%E2%B4%B7%E2%B4%B7%E2%B5%93%29.jpg,Morocco,https://en.wikipedia.org/wiki/A%C3%AFt_Benhaddou,31.05,-7.133333333,Historical village in southeastern Morocco
Q3200135,Ksar of Lamaarka,cities,http://commons.wikimedia.org/wiki/Special:FilePath/Ksar%20Lamaarka-Bab%20Jdid.jpg,Morocco,,31.6386,-4.21472,Historical village in southeastern Morocco
Q595025,Sidi-Youssef-Ben-Ali stadium,stadiums,http://commons.wikimedia.org/wiki/Special:FilePath/Sidi%20Youssef%20Ben%20Ali%20Stadium%202007-08-01.jpg,Morocco,,31.63,-8.0,stadium in Marrakech
Q378014,University of al-Qarawiyyin,universities,http://commons.wikimedia.org/wiki/Special:FilePath/University%20of%20Al%20Qaraouiyine.jpg,Morocco,https://en.wikipedia.org/wiki/University_of_al-Qarawiyyin,34.064444444,-4.973333333,"university in Fez, Morocco"
Q258348,Jemaa el-Fnaa,markets,http://commons.wikimedia.org/wiki/Special:FilePath/MoroccoMarrakech%20DjemaaElFna..jpg,Morocco,https://en.wikipedia.org/wiki/Jemaa_el-Fnaa,31.625971,-7.989098,urban square and market in Marrakech and Moroccan cultural heritage site
Q331099,Island of Mozambique,islands,http://commons.wikimedia.org/wiki/Special:FilePath/Beach%20cleaning.jpg,Mozambique,https://en.wikipedia.org/wiki/Island_of_Mozambique,-15.036666666,40.732777777,small island off mainland Mozambique
Q113952,Gorongosa National Park,national_parks,http://commons.wikimedia.org/wiki/Special:FilePath/Gorongosa%20Park%20Gate.JPG,Mozambique,https://en.wikipedia.org/wiki/Gorongosa_National_Park,-18.690277777,34.313611111,national park in Mozambique
Q385991,Kandawgyi Lake,lakes,http://commons.wikimedia.org/wiki/Special:FilePath/Kandawgyi%20Lake%2C%20Yangon.jpg,Myanmar,https://en.wikipedia.org/wiki/Kandawgyi_Lake,16.795486111,96.166561111,lake
Q29317,Bagan,landmarks,http://commons.wikimedia.org/wiki/Special:FilePath/Bagan%2C%20Myanmar%2C%20Htilominlo%20Temple%20and%20other%20Buddhist%20stupas%20in%20Bagan%20plain.jpg,Myanmar,https://en.wikipedia.org/wiki/Bagan,21.1725,94.86,ancient city in Myanmar
Q131377,Namib,deserts,http://commons.wikimedia.org/wiki/Special:FilePath/Namib%20Desert%20surface.jpg,Namibia,https://en.wikipedia.org/wiki/Namib,-23.0,15.0,desert in southern Africa
Q675633,Etosha National Park,national_parks,http://commons.wikimedia.org/wiki/Special:FilePath/Zebras%20Etosha%20Namibia%281%29.jpg,Namibia,https://en.wikipedia.org/wiki/Etosha_National_Park,-18.785278,16.263889,national park of Namibia
Q523085,Independence Stadium,stadiums,http://commons.wikimedia.org/wiki/Special:FilePath/Independence%20Stadium%20Windhoek%20Namibia%20Main%20Gate.jpg,Namibia,https://en.wikipedia.org/wiki/Independence_Stadium_(Namibia),-22.60763611,17.090975,building in Namibia
Q534251,Nauru International Airport,airports,http://commons.wikimedia.org/wiki/Special:FilePath/Air-Nauru%201972.jpg,Nauru,https://en.wikipedia.org/wiki/Nauru_International_Airport,-0.547458333,166.9191,international airport in Nauru
Q5684,Babylon,landmarks,http://commons.wikimedia.org/wiki/Special:FilePath/DSC%200658-Recovered.jpg,Neo-Babylonian Empire,https://en.wikipedia.org/wiki/Babylon,32.522907,44.42415,capital city of Babylonia and an archaeological site in modern-day Iraq
Q61066,Tribhuvan International Airport,airports,http://commons.wikimedia.org/wiki/Special:FilePath/2009-03%20Kathmandu%2010.jpg,Nepal,https://en.wikipedia.org/wiki/Tribhuvan_International_Airport,27.697222222,85.357777777,"airport in Kathmandu, Nepal"
Q37724,Davis Falls,waterfalls,http://commons.wikimedia.org/wiki/Special:FilePath/Davisefalls.jpg,Nepal,https://en.wikipedia.org/wiki/Davis_Falls,28.19008,83.95924,waterfall
Q808021,Bardiya National Park,national_parks,http://commons.wikimedia.org/wiki/Special:FilePath/Bardia%20National%20Park.JPG,Nepal,https://en.wikipedia.org/wiki/Bardiya_National_Park,28.47,81.47,national park
Q11285,Hetauda,cities,http://commons.wikimedia.org/wiki/Special:FilePath/Hetauda%20002.JPG,Nepal,https://en.wikipedia.org/wiki/Hetauda,27.416666666,85.033333333,"city in Makwanpur District, Nepal"
Q3037,Kathmandu,cities,http://commons.wikimedia.org/wiki/Special:FilePath/Kathmandu%20Avion%2001.JPG,Nepal,https://en.wikipedia.org/wiki/Kathmandu,27.71,85.32,capital of Nepal
Q588239,Tribhuvan University,universities,http://commons.wikimedia.org/wiki/Special:FilePath/TU%20building.jpg,Nepal,https://en.wikipedia.org/wiki/Tribhuvan_University,27.6806722,85.2834629,"public university in Kathmandu, Nepal"
Q9694,Amsterdam Schiphol Airport,airports,http://commons.wikimedia.org/wiki/Special:FilePath/Ams-above-2007.jpg,Netherlands,https://en.wikipedia.org/wiki/Amsterdam_Airport_Schiphol,52.3081,4.764169444,"airport in Haarlemmermeer, Netherlands"
Q1301834,Mount Scenery,peaks,http://commons.wikimedia.org/wiki/Special:FilePath/Saba%20with%20cloud%20cover.jpg,Netherlands,https://en.wikipedia.org/wiki/Mount_Scenery,17.635,-63.239166666,"potentially active volcano on Saba, the Caribbean Netherlands"
Q1586079,The Quill,peaks,http://commons.wikimedia.org/wiki/Special:FilePath/Quill%20dormant%20vulcano.jpg,Netherlands,https://en.wikipedia.org/wiki/The_Quill_(volcano),17.477777777,-62.959722222,"stratovolcano on Sint Eustatius, the Caribbean Netherlands"
Q228655,Zuiderzee,seas,http://commons.wikimedia.org/wiki/Special:FilePath/Nederland%201916%20rus.jpg,Netherlands,https://en.wikipedia.org/wiki/Zuiderzee,52.7,5.4,"former bay of the North Sea in the Netherlands, now a separate inland sea or artificial lake divided among the Wadden Sea, Ijsselmeer, and Markermeer"
Q51882458,"Stettineiland, Amsterdam",islands,http://commons.wikimedia.org/wiki/Special:FilePath/Stettineiland%2C%20foto%201.jpg,Netherlands,,52.394166666,4.879722222,"street in Amsterdam, Netherlands"
Q52219726,Memeleiland,islands,http://commons.wikimedia.org/wiki/Special:FilePath/Memeleiland%2C%20Houthaven.jpg,Netherlands,,52.3925,4.881944444,"street and island in Amsterdam, the Netherlands"
Q53846755,"Narva-eiland, Amsterdam",islands,http://commons.wikimedia.org/wiki/Special:FilePath/Narva%20Eiland%20foto%202.jpg,Netherlands,,52.393055555,4.881388888,"street in Amsterdam, Netherlands"
Q63882177,Reve,islands,http://commons.wikimedia.org/wiki/Special:FilePath/Het%20Eiland%20Reve%20vanaf%20Polder%20Dronthen%20bij%20Kampen.jpg,Netherlands,,52.523889,5.861119,"island in the Reevemeer, the Netherlands"
Q63882274,Schokkerplaat,islands,http://commons.wikimedia.org/wiki/Special:FilePath/Schokkerplaat%20en%20Kamperplaat.jpg,Netherlands,,52.603758333,5.806833333,"island in the Ketelmeer, the Netherlands"
Q63928402,Kamperplaat,islands,http://commons.wikimedia.org/wiki/Special:FilePath/Schokkerplaat%20en%20Kamperplaat.jpg,Netherlands,,52.595677777,5.823827777,"island in the Ketelmeer, the Netherlands"
Q66821123,Ontmoetingseiland,islands,http://commons.wikimedia.org/wiki/Special:FilePath/Aemstelpark%2C%20Ontmoetingseiland.jpg,Netherlands,,52.328814,4.8753,"isle in Amsterdam, Netherlands"
Q118264436,Grote Rieteiland,islands,http://commons.wikimedia.org/wiki/Special:FilePath/Amsterdam%20-%20IJburg%2015.JPG,Netherlands,,52.35378,4.99478,"artificial island in Amsterdam, Netherlands"
Q118265264,Rieteiland-Oost,islands,http://commons.wikimedia.org/wiki/Special:FilePath/Amsterdam%20-%20IJburg%2007.JPG,Netherlands,,52.34631,5.00266,"artificial island in Amsterdam, Netherlands"
Q578122,REM Island,islands,http://commons.wikimedia.org/wiki/Special:FilePath/REM%20eiland.jpg,Netherlands,https://en.wikipedia.org/wiki/REM_Island,52.33333333,4.33333333,television station
Q924769,Pampus,islands,http://commons.wikimedia.org/wiki/Special:FilePath/Droge%20gracht%20met%20beer%20-%20Muiden%20-%2020341757%20-%20RCE.jpg,Netherlands,https://en.wikipedia.org/wiki/Pampus,52.364722,5.068889,island in Netherlands
Q996935,Rapenburg,islands,http://commons.wikimedia.org/wiki/Special:FilePath/Rapenburgergracht.jpg,Netherlands,https://en.wikipedia.org/wiki/Rapenburg,52.3711,4.9086,"neighborhood in Amsterdam, Netherlands"
Q1466386,IJsseloog,islands,http://commons.wikimedia.org/wiki/Special:FilePath/IJsseloog%20eiland.JPG,Netherlands,https://en.wikipedia.org/wiki/IJsseloog,52.596389,5.741944,artificial island to store polluted sediment in the Netherlands
Q301415,Marken,islands,http://commons.wikimedia.org/wiki/Special:FilePath/Kerkbuurt%2020150413.jpg,Netherlands,https://en.wikipedia.org/wiki/Marken,52.458055555,5.106666666,"village in Waterland, Netherlands"
Q10014,Kampen,cities,http://commons.wikimedia.org/wiki/Special:FilePath/Kampen%20overview.jpg,Netherlands,"https://en.wikipedia.org/wiki/Kampen,_Overijssel",52.555,5.919722222,"city in  Overijssel, the Netherlands"
Q10045,IJsselstein,cities,http://commons.wikimedia.org/wiki/Special:FilePath/IJsselstein.IJssel.jpg,Netherlands,https://en.wikipedia.org/wiki/IJsselstein,52.02,5.0422,"city and municipality in the province of Utrecht, the Netherlands"
Q10052,Vianen,cities,http://commons.wikimedia.org/wiki/Special:FilePath/Vianen1.jpg,Netherlands,https://en.wikipedia.org/wiki/Vianen,51.983333333,5.1,city and former municipality in the Netherlands
Q3113260,D26,landmarks,http://commons.wikimedia.org/wiki/Special:FilePath/Hunebed%20D26%20bij%20Drouwen.jpg,Netherlands,,52.94312,6.77439,dolmen in the Netherlands
Q3136307,D29,landmarks,http://commons.wikimedia.org/wiki/Special:FilePath/Hunebed%20D29%20tussen%20Borger%20en%20Buinen.jpg,Netherlands,,52.92588,6.81111,dolmen in the Netherlands
Q2120021,Tumulus Vaalserberg,landmarks,http://commons.wikimedia.org/wiki/Special:FilePath/Vaals-Grafheuvel%20Vaalserberg%20%282%29.JPG,Netherlands,,50.75661,6.01947,"monument near Vaals, Netherlands"
Q2207902,Vorstengraf Oss,landmarks,http://commons.wikimedia.org/wiki/Special:FilePath/Vorstengraf.JPG,Netherlands,https://en.wikipedia.org/wiki/Vorstengraf_(Oss),51.73302,5.56689,burial mound in the Netherlands
Q2209037,D7,landmarks,http://commons.wikimedia.org/wiki/Special:FilePath/Hunebed%20D7%20Kniphorstbos%20bij%20Anloo.jpg,Netherlands,,53.06129,6.68461,dolmen in the Netherlands
Q2329073,Eppiesbargie,landmarks,http://commons.wikimedia.org/wiki/Special:FilePath/Eppiesbergje%20tussen%20Valthe%20en%20Odoorn.jpg,Netherlands,,52.84759,6.86586,"tumulus near Valthe, Netherlands"
Q2351169,D22,landmarks,http://commons.wikimedia.org/wiki/Special:FilePath/Hunebed-D22-bij-Bronneger.j.jpg,Netherlands,,52.944128,6.800111,dolmen in the Netherlands
Q2372430,D42,landmarks,http://commons.wikimedia.org/wiki/Special:FilePath/Hunebed%20D42%20op%20de%20Schimmer%20esch%20bij%20Emmen.jpg,Netherlands,,52.79591,6.87037,dolmen in the Netherlands
Q2398610,Tumulus Gendersteyn,landmarks,http://commons.wikimedia.org/wiki/Special:FilePath/Grafheuvel-Gendersteyn%20PeterMaas.jpg,Netherlands,,51.38599,5.36104,
Q2403312,D6,landmarks,http://commons.wikimedia.org/wiki/Special:FilePath/Hunebed%20D6%20bij%20Tynaarlo.jpg,Netherlands,,53.07466,6.62943,dolmen in the Netherlands
Q2406248,D30,landmarks,http://commons.wikimedia.org/wiki/Special:FilePath/Borger-Odoorn%20Exloo%20-%20Bodenpad%20-%20D30%2003%20ies.jpg,Netherlands,,52.89152,6.84568,dolmen in the Netherlands
Q2409112,Zwarte Berg,landmarks,http://commons.wikimedia.org/wiki/Special:FilePath/Hoogeloon-Zwarte%20Berg%20%281%29.JPG,Netherlands,,51.40541,5.26102,"tumulus in Hoogeloon, Netherlands"
Q2428057,D13,landmarks,http://commons.wikimedia.org/wiki/Special:FilePath/D13%204.JPG,Netherlands,,53.011353,6.726986,dolmen in the Netherlands
Q2440119,D52,landmarks,http://commons.wikimedia.org/wiki/Special:FilePath/Hunebed%20D52%20bij%20Diever.jpg,Netherlands,,52.8589,6.331,dolmen in the Netherlands
Q2440989,D23,landmarks,http://commons.wikimedia.org/wiki/Special:FilePath/Hunebed%20D23%20bij%20Bronneger.jpg,Netherlands,,52.94474,6.80244,dolmen in the Netherlands
Q2441019,D5,landmarks,http://commons.wikimedia.org/wiki/Special:FilePath/Hunebed%20D5%20te%20Zeijen.jpg,Netherlands,,53.061814,6.531256,dolmen in the Netherlands
Q2472911,D38,landmarks,http://commons.wikimedia.org/wiki/Special:FilePath/Hunebed%20D38%20in%20het-Valtherbosch%20bij%20Emmen.jpg,Netherlands,,52.81106,6.88786,dolmen in the Netherlands
Q2487982,D43,landmarks,http://commons.wikimedia.org/wiki/Special:FilePath/Hunebed%20D43%20langgraf%20op%20de%20Emmer-esch.jpg,Netherlands,,52.79316,6.88694,dolmen in the Netherlands
Q2250282,D12,landmarks,http://commons.wikimedia.org/wiki/Special:FilePath/Hunebed%20D12%20bij%20Eext.jpg,Netherlands,,53.01483,6.72355,dolmen in the Netherlands
Q2278476,D31,landmarks,http://commons.wikimedia.org/wiki/Special:FilePath/Hunebed%20D31%20tussen%20Exloo%20en%20Valthe.jpg,Netherlands,,52.86787,6.87073,dolmen in the Netherlands
Q2299544,D25,landmarks,http://commons.wikimedia.org/wiki/Special:FilePath/Hunebed%20D25%20bij%20Bronneger.jpg,Netherlands,,52.9444,6.80286,dolmen in the Netherlands
Q2303009,D11,landmarks,http://commons.wikimedia.org/wiki/Special:FilePath/Hunebed%20D11%20bij%20Anloo.jpg,Netherlands,,53.0302,6.70793,dolmen in the Netherlands
Q2309476,dolmen D3,landmarks,http://commons.wikimedia.org/wiki/Special:FilePath/Hunebed%20D3%20te%20Midlaren.jpg,Netherlands,,53.107861,6.671394,"dolmen in Midlaren, the Netherlands"
Q2326552,D28,landmarks,http://commons.wikimedia.org/wiki/Special:FilePath/Hunebed%20D28%20tussen%20Borger%20en%20Buinen.jpg,Netherlands,,52.92592,6.81094,dolmen in the Netherlands
Q2531222,Vorstengraf De Hamert,landmarks,http://commons.wikimedia.org/wiki/Special:FilePath/De%20Hamert-Vorstengraf%20%283%29.JPG,Netherlands,,51.51537,6.17271,"tumulus at Landgoed De Hamert near Wellerlooi, Netherlands"
Q176278,Montevideo,skyscrapers,http://commons.wikimedia.org/wiki/Special:FilePath/Rotterdam%20montevideotoren.jpg,Netherlands,https://en.wikipedia.org/wiki/Montevideo_(Rotterdam),51.903611,4.485556,"skyscraper in Rotterdam, the Netherlands"
Q636754,Akwadukt De Geau,bridges,http://commons.wikimedia.org/wiki/Special:FilePath/Aquaduct%20De%20Geeuw%20-%20Sneek.jpg,Netherlands,,53.02556,5.64028,"canal aqueduct in the N7 highway near Sneek, the Netherlands"
Q683180,Muntplein,bridges,http://commons.wikimedia.org/wiki/Special:FilePath/Munttoren%20%28Amsterdam%29.JPG,Netherlands,"https://en.wikipedia.org/wiki/Muntplein,_Amsterdam",52.366944,4.893333,"square in Amsterdam, Netherlands"
Q146610,Zandenburg,castles,http://commons.wikimedia.org/wiki/Special:FilePath/Atlas%20Schoemaker-ZEELAND-1165-Zeeland%2C%20Sandenburg.jpeg,Netherlands,https://en.wikipedia.org/wiki/Zandenburg,51.549,3.662,"castle near Veere, Zeeland, Netherlands"
Q503319,Olympic Stadium,stadiums,http://commons.wikimedia.org/wiki/Special:FilePath/Olstadion.jpg,Netherlands,https://en.wikipedia.org/wiki/Olympic_Stadium_(Amsterdam),52.343419,4.854192,"Olympic stadium in Amsterdam, Netherlands"
Q207109,Johan Cruyff Arena,stadiums,http://commons.wikimedia.org/wiki/Special:FilePath/Arena%2C%20Ajax%20stadion%2C%20Amsterdam.JPG,Netherlands,https://en.wikipedia.org/wiki/Johan_Cruyff_Arena,52.314166666,4.941944444,"sports venue in Amsterdam, Netherlands"
Q595668,Tilburg University,universities,http://commons.wikimedia.org/wiki/Special:FilePath/Tilburg%20University.JPG,Netherlands,https://en.wikipedia.org/wiki/Tilburg_University,51.562777777,5.041944444,public university in The Netherlands
Q1441483,Stichting voorheen RTM,museums,http://commons.wikimedia.org/wiki/Special:FilePath/RTM%20Werkplaats-III.JPG,Netherlands,,51.784167,3.872222,museum
Q1538389,Eye Filmmuseum,museums,http://commons.wikimedia.org/wiki/Special:FilePath/EYE%20Filmmuseum.jpg,Netherlands,https://en.wikipedia.org/wiki/EYE_Film_Institute_Netherlands,52.384411,4.900594,Dutch archive and museum for cinema
Q93466,Corpus,museums,http://commons.wikimedia.org/wiki/Special:FilePath/A44%20Corpus.JPG,Netherlands,https://en.wikipedia.org/wiki/Corpus_(museum),52.17028,4.45333,museum
Q141355,Museum Hindeloopen,museums,http://commons.wikimedia.org/wiki/Special:FilePath/Stadhuis%20Hindelopen%2027.JPG,Netherlands,,52.94318,5.39867,museum
Q227151,HNLMS Buffel,museums,http://commons.wikimedia.org/wiki/Special:FilePath/Rotterdam%20-%20Museumschip%20Zr%20Ms%20Buffel%20bij%20nacht.jpg,Netherlands,https://en.wikipedia.org/wiki/HNLMS_Buffel,51.82889,4.12871,1868 Buffel-class monitor
Q361792,Netherlands Architecture Institute,museums,http://commons.wikimedia.org/wiki/Special:FilePath/Nederlands%20Architectuurinstituut%20%28NAi%29.jpg,Netherlands,https://en.wikipedia.org/wiki/Netherlands_Architecture_Institute,51.91444444,4.47083333,"cultural institute for architecture and urban development, comprising a museum, an archive plus library, and a platform for lectures and debates"
Q702726,Jewish Museum,museums,http://commons.wikimedia.org/wiki/Special:FilePath/Mikwe1.jpg,Netherlands,https://en.wikipedia.org/wiki/Joods_Historisch_Museum,52.3673,4.903844,"Jewish history, culture, and religion museum in Amsterdam, Netherlands"
Q713124,Artis,museums,http://commons.wikimedia.org/wiki/Special:FilePath/NL-Artis-ingang.jpg,Netherlands,https://en.wikipedia.org/wiki/Artis_(zoo),52.366111111,4.916666666,"zoo in Amsterdam, the Netherlands"
Q1030114,Utrechtse Heuvelrug National Park,natural,http://commons.wikimedia.org/wiki/Special:FilePath/Utrechtse%20Heuvelrug%20Egelmeer.jpg,Netherlands,https://en.wikipedia.org/wiki/Utrechtse_Heuvelrug_National_Park,52.031162,5.42141,national park in the Dutch province of Utrecht
Q1113318,Drents-Friese Wold National Park,natural,http://commons.wikimedia.org/wiki/Special:FilePath/Aekingerzand%20Nationaal%20Park%20Drents-Friese%20Wold4.jpg,Netherlands,https://en.wikipedia.org/wiki/Drents-Friese_Wold_National_Park,52.909722,6.280556,national park in the Netherlands
Q478720,Amsterdam Stock Exchange,markets,http://commons.wikimedia.org/wiki/Special:FilePath/20220525.Amstedam.-028.jpg,Netherlands,https://en.wikipedia.org/wiki/Euronext_Amsterdam,52.3742,4.8957,"stock exchange located in Amsterdam, Netherlands"
Q45938,Auckland Airport,airports,http://commons.wikimedia.org/wiki/Special:FilePath/Auckland%20International%20Airport%202017%20aerial.png,New Zealand,https://en.wikipedia.org/wiki/Auckland_Airport,-37.008055555,174.791666666,"international airport serving Auckland, New Zealand"
Q207284,Mount Ruapehu,peaks,http://commons.wikimedia.org/wiki/Special:FilePath/00%201100%20Ruapehu%20volcano.jpg,New Zealand,https://en.wikipedia.org/wiki/Mount_Ruapehu,-39.281666666,175.568611111,"active stratovolcano in central North Island, New Zealand"
Q1422715,Rangitoto Island,volcanoes,http://commons.wikimedia.org/wiki/Special:FilePath/Rangitoto02.jpg,New Zealand,https://en.wikipedia.org/wiki/Rangitoto_Island,-36.786742,174.860115,island in New Zealand
Q1544338,North Head,volcanoes,http://commons.wikimedia.org/wiki/Special:FilePath/North%20Head%2C%20New%20Zealand%20in%202009.jpg,New Zealand,https://en.wikipedia.org/wiki/North_Head_(New_Zealand),-36.827752777,174.81205,"headland in Auckland, New Zealand"
Q384811,Don Juan Pond,lakes,http://commons.wikimedia.org/wiki/Special:FilePath/DonJuanSTILL.0660%20web.jpg,New Zealand,https://en.wikipedia.org/wiki/Don_Juan_Pond,-77.562277777,161.191166666,shallow salt lake in Antarctica
Q37831,Āniwaniwa Falls,waterfalls,http://commons.wikimedia.org/wiki/Special:FilePath/Aniwaniwa%201.JPG,New Zealand,https://en.wikipedia.org/wiki/%C4%80niwaniwa_Falls,-38.744,177.161,New Zealand waterfall in Wairoa District
Q489190,Anchor Island,islands,http://commons.wikimedia.org/wiki/Special:FilePath/Anchor%20Island%20Puke%20Nui%20Fiordland%20New%20Zealand%20Aotearoa.jpg,New Zealand,https://en.wikipedia.org/wiki/Anchor_Island,-45.758,166.525,"island in Fiordland, New Zealand"
Q351928,Adams Island,islands,http://commons.wikimedia.org/wiki/Special:FilePath/Adams%20Island%2C%20NZ%20%28to%20the%20right%20of%20Carnley%20Harbour%2C%202007%29.jpg,New Zealand,https://en.wikipedia.org/wiki/Adams_Island_(New_Zealand),-50.89,166.06,outlying island off southern New Zealand
Q376191,Mangere Island,islands,http://commons.wikimedia.org/wiki/Special:FilePath/Mangere.jpg,New Zealand,https://en.wikipedia.org/wiki/Mangere_Island,-44.269603,-176.293342,island off Eastern New Zealand
Q877719,Fiordland National Park,national_parks,http://commons.wikimedia.org/wiki/Special:FilePath/On%20Lake%20Te%20Anau.jpg,New Zealand,https://en.wikipedia.org/wiki/Fiordland_National_Park,-45.386,167.347,national park on South Island of New Zealand
Q87172,Te Urewera National Park,national_parks,http://commons.wikimedia.org/wiki/Special:FilePath/Towards%20East%20Cape.jpg,New Zealand,https://en.wikipedia.org/wiki/Te_Urewera_National_Park,-38.539,177.029,former national park of New Zealand
Q141735,Whanganui National Park,national_parks,http://commons.wikimedia.org/wiki/Special:FilePath/Whanganui%20River.jpg,New Zealand,https://en.wikipedia.org/wiki/Whanganui_National_Park,-39.583333333,175.083333333,national park of New Zealand
Q202845,Tongariro National Park,national_parks,http://commons.wikimedia.org/wiki/Special:FilePath/Tongariro%20Mahuia%20River%20n.jpg,New Zealand,https://en.wikipedia.org/wiki/Tongariro_National_Park,-39.2,175.583333,national park in New Zealand
Q712300,Arthur's Pass National Park,national_parks,http://commons.wikimedia.org/wiki/Special:FilePath/Waimakariri%20River%20close%20to%20Arthur%27s%20Pass%2C%20New%20Zealand.jpg,New Zealand,https://en.wikipedia.org/wiki/Arthur%27s_Pass_National_Park,-42.889666666,171.721416666,national park in New Zealand
Q804710,Balclutha Road Bridge,bridges,http://commons.wikimedia.org/wiki/Special:FilePath/BalcluthaBridgeNov202024%2001.jpg,New Zealand,https://en.wikipedia.org/wiki/Balclutha_Road_Bridge,-46.235919444,169.744997222,road bridge in New Zealand
Q7981425,Wellington Institute of Technology,universities,http://commons.wikimedia.org/wiki/Special:FilePath/Petone-Campus.jpg,New Zealand,https://en.wikipedia.org/wiki/Wellington_Institute_of_Technology,-41.224,174.8842,polytechnic in New Zealand
Q1259425,Driving Creek Railway,museums,http://commons.wikimedia.org/wiki/Special:FilePath/Station%20Building%20DCR.JPG,New Zealand,https://en.wikipedia.org/wiki/Driving_Creek_Railway,-36.7370872,175.5043777,Railway in New Zealand
Q1641910,Pleasant Point Museum and Railway,museums,http://commons.wikimedia.org/wiki/Special:FilePath/Pleasant%20Point%20Railway%202.jpg,New Zealand,https://en.wikipedia.org/wiki/Pleasant_Point_Museum_and_Railway,-44.26111111,171.13111111,railway and museum in New Zealand
Q863914,Pōhutu Geyser,natural,http://commons.wikimedia.org/wiki/Special:FilePath/Pohutu%20Geyser%20%2839485409944%29.jpg,New Zealand,https://en.wikipedia.org/wiki/P%C5%8Dhutu_Geyser,-38.1635344,176.2539737,geyser in New Zealand
Q1049321,Rotorua Caldera,natural,http://commons.wikimedia.org/wiki/Special:FilePath/Lake%20rotorua.jpg,New Zealand,https://en.wikipedia.org/wiki/Rotorua_Caldera,-38.08,176.27,caldera on the North Island of New Zealand
Q1440831,Waimangu Geyser,natural,http://commons.wikimedia.org/wiki/Special:FilePath/Waimangu%20geyser.jpg,New Zealand,https://en.wikipedia.org/wiki/Waimangu_Geyser,-38.2833,176.4,extinct geyser in New Zealand
Q6710403,Lyttelton road tunnel,space,http://commons.wikimedia.org/wiki/Special:FilePath/Lyttelton%20Tunnel%20%28South%20Entrance%29.jpg,New Zealand,https://en.wikipedia.org/wiki/Lyttelton_road_tunnel,-43.5942,172.7116,"road tunnel in Christchurch, New Zealand"
Q6924439,Mount Victoria Tunnel,space,http://commons.wikimedia.org/wiki/Special:FilePath/Mount%20Victoria%20Tunnel.JPG,New Zealand,https://en.wikipedia.org/wiki/Mount_Victoria_Tunnel,-41.302921,174.78768,"road tunnel in Wellington, New Zealand"
Q7443344,"Second Harbour Crossing, Auckland",space,http://commons.wikimedia.org/wiki/Special:FilePath/Second%20Harbour%20Crossing%20Harbour%20Bridge.jpg,New Zealand,"https://en.wikipedia.org/wiki/Second_Harbour_Crossing,_Auckland",-36.830722,174.748793,"proposed second transport link over the Waitematā Harbour in Auckland, New Zealand"
Q7926942,Victoria Park Tunnel,space,http://commons.wikimedia.org/wiki/Special:FilePath/Victoria%20Park%20Tunnel%20Interior%20Shots%2001.jpg,New Zealand,https://en.wikipedia.org/wiki/Victoria_Park_Tunnel,-36.847,174.753,"vehicle tunnel in Auckland, New Zealand"
Q7960207,Wainuiomata Tunnel,space,http://commons.wikimedia.org/wiki/Special:FilePath/Wainuiomata%20Tunnel%2003.JPG,New Zealand,https://en.wikipedia.org/wiki/Wainuiomata_Tunnel,-41.247092,174.923911,planned tunnel in New Zealand
Q530773,Augusto C. Sandino International Airport,airports,http://commons.wikimedia.org/wiki/Special:FilePath/Sandino%20International%20Airport.jpg,Nicaragua,https://en.wikipedia.org/wiki/Augusto_C._Sandino_International_Airport,12.141666666,-86.168963888,airport
Q575891,Volcán Momotombo,peaks,http://commons.wikimedia.org/wiki/Special:FilePath/Momotombo.jpg,Nicaragua,https://en.wikipedia.org/wiki/Momotombo,12.4247007,-86.5384954,volcano in Nicaragua
Q1067452,Concepción,volcanoes,http://commons.wikimedia.org/wiki/Special:FilePath/Moyogalpa%20Puerto.jpg,Nicaragua,https://en.wikipedia.org/wiki/Concepci%C3%B3n_(volcano),11.533333333,-85.616666666,"Volcano in Nicaragua, Ometepe Island"
Q1156943,Maderas,volcanoes,http://commons.wikimedia.org/wiki/Special:FilePath/Maderas%20seen%20from%20the%20South%20by%20ET.JPG,Nicaragua,https://en.wikipedia.org/wiki/Maderas,11.445833333,-85.515,Extinct vulcano in Nicaragua on the Isla de Ometepe
Q173862,Lake Nicaragua,lakes,http://commons.wikimedia.org/wiki/Special:FilePath/ISS066-E-103300%20-%20View%20of%20Nicaragua.jpg,Nicaragua,https://en.wikipedia.org/wiki/Lake_Nicaragua,11.5742,-85.3563,largest lake in Central America
Q537349,Dennis Martínez National Stadium,stadiums,http://commons.wikimedia.org/wiki/Special:FilePath/Estadio%20Nacional%20Dennis%20Martinez%20.jpg,Nicaragua,https://en.wikipedia.org/wiki/Estadio_Nacional_Soberan%C3%ADa,12.134416666,-86.269333333,"baseball stadium in Managua, Nicaragua"
Q272521,Ténéré desert,deserts,http://commons.wikimedia.org/wiki/Special:FilePath/Fachi-Bilma-D%C3%BCnen.jpg,Niger,https://en.wikipedia.org/wiki/T%C3%A9n%C3%A9r%C3%A9,17.583333333,10.916666666,desert in Niger
Q3674,Niamey,cities,http://commons.wikimedia.org/wiki/Special:FilePath/Niamey%20from%20grand%20mosque%20theatre%202006.jpg,Niger,https://en.wikipedia.org/wiki/Niamey,13.515,2.1175,capital of Niger
Q426795,Akwa Ibom Airport,airports,http://commons.wikimedia.org/wiki/Special:FilePath/Margaret%20Ekpo%20International%20Airport%20Domestics%20arrival%20wing%2C%20Calabar%2C%20Cross%20River%20state.jpg,Nigeria,https://en.wikipedia.org/wiki/Victor_Attah_International_Airport,4.87583333,8.09888889,airport serving Akwa Ibom in Nigeria
Q525030,Nnamdi Azikiwe International Airport,airports,http://commons.wikimedia.org/wiki/Special:FilePath/20101001%201355%20D-ALEY.jpg,Nigeria,https://en.wikipedia.org/wiki/Nnamdi_Azikiwe_International_Airport,9.006805555,7.263194444,"international airport serving Abuja, Nigeria"
Q3787,Abuja,cities,http://commons.wikimedia.org/wiki/Special:FilePath/The%20National%20Assembly%20Globe.jpg,Nigeria,https://en.wikipedia.org/wiki/Abuja,9.055555555,7.491388888,capital city of Nigeria
Q8673,Lagos,cities,http://commons.wikimedia.org/wiki/Special:FilePath/Skywater.jpg,Nigeria,https://en.wikipedia.org/wiki/Lagos,6.456111111,3.393611111,largest city and former capital of Nigeria
Q618215,Aper Aku Stadium,stadiums,http://commons.wikimedia.org/wiki/Special:FilePath/Aper%20Aku%20Stadium.jpg,Nigeria,https://en.wikipedia.org/wiki/Aper_Aku_Stadium,7.74166667,8.51805556,stadium
Q5297552,Dorben Polytechnic,universities,http://commons.wikimedia.org/wiki/Special:FilePath/Dorben.Polytechnic%20Basketball%20court%2017.jpg,Nigeria,https://en.wikipedia.org/wiki/Dorben_Polytechnic,9.31666667,7.35,private polytechnic in Nigeria
Q7378040,Rufus Giwa Polytechnic,universities,http://commons.wikimedia.org/wiki/Special:FilePath/TETfund%20building%2C%20Rufus%20Giwa%20Polytechnic%2C%20Owo%2C%20Ondo%20state.jpg,Nigeria,https://en.wikipedia.org/wiki/Rufus_Giwa_Polytechnic,7.229122,5.553859,"public university in Owo, Ondo State"
Q8046341,Yaba College of Technology,universities,http://commons.wikimedia.org/wiki/Special:FilePath/Mechanical%20workshop%2C%20Yabatech.jpg,Nigeria,https://en.wikipedia.org/wiki/Yaba_College_of_Technology,6.617194444,3.32,"college in Lagos, Nigeria"
Q17109158,Moshood Abiola Polytechnic,universities,http://commons.wikimedia.org/wiki/Special:FilePath/Moshood%20Abiola%20Polytechnic%20entrance%20gate%2C%20Abeokuta%2C%20Ogun%20state.jpg,Nigeria,https://en.wikipedia.org/wiki/Moshood_Abiola_Polytechnic,7.1010567,3.3296175,"public university in Abeokuta, Ogun State, Nigeria"
Q17929150,Auchi Polytechnic,universities,http://commons.wikimedia.org/wiki/Special:FilePath/Auchi%20Polytechnic%20Administrative%20Building.jpg,Nigeria,https://en.wikipedia.org/wiki/Auchi_Polytechnic,7.0465,6.2701,"federal polytechnic in Edo State, Nigeria"
Q17929246,"The Polytechnic, Ibadan",universities,http://commons.wikimedia.org/wiki/Special:FilePath/The%20Polytechnic%20Ibadan%20Central%20library.jpg,Nigeria,"https://en.wikipedia.org/wiki/The_Polytechnic,_Ibadan",7.45472,3.84972,"educational institute in Ibadan, Oyo State, Nigeria"
Q24590304,"Federal Polytechnic, Nekede",universities,http://commons.wikimedia.org/wiki/Special:FilePath/FEDERAL%20POLYTECHNIC%20NEKEDE%20OWERRI%20front%20gate.jpg,Nigeria,"https://en.wikipedia.org/wiki/Federal_Polytechnic,_Nekede",5.43193191,7.029125681,Owerri West Local Government
Q24590309,Hassan Usman Katsina Polytechnic,universities,http://commons.wikimedia.org/wiki/Special:FilePath/Hassan%20usman%20katsina%20polytechnic%2013.jpg,Nigeria,https://en.wikipedia.org/wiki/Hassan_Usman_Katsina_Polytechnic,12.927015339,7.600478753,Polytechnic in Katsina State
Q28401916,Kano State Polytechnic,universities,http://commons.wikimedia.org/wiki/Special:FilePath/Kano%20State%20Polytechnic.jpg,Nigeria,https://en.wikipedia.org/wiki/Kano_State_Polytechnic,11.978514571,8.48997022,educational institution in Nigeria
Q491767,Pyongyang International Airport,airports,http://commons.wikimedia.org/wiki/Special:FilePath/North%20Korea-Pyongyang-Sunan%20International%20Airport-02.jpg,North Korea,https://en.wikipedia.org/wiki/Pyongyang_International_Airport,39.223888888,125.67,"main airport serving Pyongyang, North Korea"
Q489185,Yanggak,islands,http://commons.wikimedia.org/wiki/Special:FilePath/Yanggakdo.jpg,North Korea,https://en.wikipedia.org/wiki/Yanggakdo,38.9937,125.7472,"island in Pyongyang, North Korea"
Q708588,International Friendship Exhibition,museums,http://commons.wikimedia.org/wiki/Special:FilePath/Kim%20Ir-senovo%20Friendship%20Museum%20v%20parku%20Myohyang%20-%20panoramio.jpg,North Korea,https://en.wikipedia.org/wiki/International_Friendship_Exhibition,40.01731389,126.21513333,North Korean museum
Q709266,Tomb of King Kongmin,history_and_mysteries,http://commons.wikimedia.org/wiki/Special:FilePath/Tomb%20at%20Kaesong%20%285063812324%29.jpg,North Korea,https://en.wikipedia.org/wiki/Mausoleum_of_King_Kongmin,37.9817,126.473,mausoleum in North Korea
Q259515,Lake Matka,lakes,http://commons.wikimedia.org/wiki/Special:FilePath/Lake%20Matka%202.jpg,North Macedonia,https://en.wikipedia.org/wiki/Matka_(lake),41.95223755,21.29877806,reservoir in Macedonia
Q569069,Mavrovo National Park,national_parks,http://commons.wikimedia.org/wiki/Special:FilePath/Velky%20Korab%202011.jpg,North Macedonia,https://en.wikipedia.org/wiki/Mavrovo_National_Park,41.637222222,20.666944444,national park in North Macedonia
Q862032,Skopje Aqueduct,bridges,http://commons.wikimedia.org/wiki/Special:FilePath/Skopje%20Aqueduct%209.jpg,North Macedonia,https://en.wikipedia.org/wiki/Skopje_Aqueduct,42.023611111,21.418611111,bridge in Macedonia
Q59633,Svalbard Airport,airports,http://commons.wikimedia.org/wiki/Special:FilePath/Longyearbyen%20Hotellneset%20IMG%203003-rot.jpg,Norway,https://en.wikipedia.org/wiki/Svalbard_Airport,78.246111111,15.465555555,"airport in Svalbard, Norway"
Q76269,Oslo Airport,airports,http://commons.wikimedia.org/wiki/Special:FilePath/Fornebu%20opening.jpeg,Norway,"https://en.wikipedia.org/wiki/Oslo_Airport,_Fornebu",59.889722222,10.597777777,"1939–1998 former airport in Bærum, Akershus, Norway"
Q619980,Bergen Airport,airports,http://commons.wikimedia.org/wiki/Special:FilePath/New%20Bergen%20Airport%20Flesland%20with%20old%20terminal%20in%20the%20background.jpg,Norway,"https://en.wikipedia.org/wiki/Bergen_Airport,_Flesland",60.293611111,5.218061111,"international airport serving Bergen, Norway"
Q398398,Arctic desert,deserts,http://commons.wikimedia.org/wiki/Special:FilePath/%D0%92%D0%B8%D0%B4%20%D0%BD%D0%B0%20%D0%BE%D1%81%D1%82%D1%80%D0%BE%D0%B2%20%D0%91%D1%8D%D0%BB%D0%BB.jpg,Norway,https://en.wikipedia.org/wiki/Arctic_desert,81.0,55.0,Ecoregion (WWF)
Q132868,Greenland Sea,seas,http://commons.wikimedia.org/wiki/Special:FilePath/Iceberg%2C%20Greenland%20Sea%20%28js%291.jpg,Norway,https://en.wikipedia.org/wiki/Greenland_Sea,76.668888888,-8.170555555,sea
Q175674,Norsjø,lakes,http://commons.wikimedia.org/wiki/Special:FilePath/Norsjo%20seen%20from%20Nes%20kirke.JPG,Norway,https://en.wikipedia.org/wiki/Norsj%C3%B8,59.3,9.333333333,"lake in Midt-Telemark, Nome and Skien, Telemark, Norway"
Q212209,Mjøsa,lakes,http://commons.wikimedia.org/wiki/Special:FilePath/Mj%C3%B8sa%201.jpg,Norway,https://en.wikipedia.org/wiki/Mj%C3%B8sa,60.666666666,11.0,lake in Norway
Q281539,Pålsbufjorden,lakes,http://commons.wikimedia.org/wiki/Special:FilePath/Hol%20Dagali%20Paalsbufjorden%20IMG%203663.JPG,Norway,https://en.wikipedia.org/wiki/P%C3%A5lsbufjorden,60.45,8.65,"lake in Hol and Nore og Uvdal, Buskerud, Norway"
Q307594,Överuman,lakes,http://commons.wikimedia.org/wiki/Special:FilePath/%C3%96ver-Uman%2018%20juni%202024.jpg,Norway,https://en.wikipedia.org/wiki/%C3%96veruman,66.151944444,14.573611111,reservoir in Sweden and Norway
Q75446,Gjersjøen,lakes,http://commons.wikimedia.org/wiki/Special:FilePath/Gjersjoen.jpg,Norway,https://en.wikipedia.org/wiki/Gjersj%C3%B8en,59.783333333,10.783333333,"lake in Nordre Follo, Akershus, Norway"
Q75466,Nøklevann,lakes,http://commons.wikimedia.org/wiki/Special:FilePath/N%C3%B8klevann%20-%202012-08-12%20at%2013-28-36.jpg,Norway,https://en.wikipedia.org/wiki/N%C3%B8klevann,59.87527778,10.87694444,"lake in Østmarka in Oslo, Norway"
Q37804,Stalheimsfossen,waterfalls,http://commons.wikimedia.org/wiki/Special:FilePath/Stalheimsfossen.JPG,Norway,https://en.wikipedia.org/wiki/Stalheimsfossen,60.8344,6.685561111,"waterfall in Voss, Norway"
Q199535,Likholefossen,waterfalls,http://commons.wikimedia.org/wiki/Special:FilePath/Likholefossen.JPG,Norway,,61.32712,6.2731,waterfall in Norway
Q200005,Slettafossen,waterfalls,http://commons.wikimedia.org/wiki/Special:FilePath/Slettafoss3-Romsdal.jpg,Norway,,62.32455,8.0776,waterfall in Norway
Q203406,Kjosfossen,waterfalls,http://commons.wikimedia.org/wiki/Special:FilePath/Kjosfossen%20Falls.jpg,Norway,https://en.wikipedia.org/wiki/Kjosfossen,60.746111111,7.1375,"waterfall in Aurland, Norway"
Q3361971,Vinnufossen,waterfalls,http://commons.wikimedia.org/wiki/Special:FilePath/Vinnufossen%2C%20Sunndal%2C%20Norway%20%28front%29.jpg,Norway,https://en.wikipedia.org/wiki/Vinnufossen,62.66345,8.66994,"waterfall in Sunndal, Norway; allest waterfall in Europe"
Q3442878,Rjoandefossen,waterfalls,http://commons.wikimedia.org/wiki/Special:FilePath/Rjoandefossen.jpg,Norway,https://en.wikipedia.org/wiki/Rjoandefossen,60.82486,7.10725,"waterfall in Aurland, Norway"
Q3443541,Espelandsfossen,waterfalls,http://commons.wikimedia.org/wiki/Special:FilePath/Espelandsfossen%2C%20Hardanger%20-%20NB%20MS%20G4%200699.jpg,Norway,https://en.wikipedia.org/wiki/Espeland_Falls,60.59833333,6.82277778,"waterfall in Voss, Norway"
Q3443628,Kvinnefossen,waterfalls,http://commons.wikimedia.org/wiki/Special:FilePath/Kvinnafossen.jpg,Norway,https://en.wikipedia.org/wiki/Kvinnefossen,61.20992,6.64775,"waterfall in Sogndal, Norway"
Q1786134,Aspøya,islands,http://commons.wikimedia.org/wiki/Special:FilePath/Aspoy-Tingvoll.Norway.jpg,Norway,"https://en.wikipedia.org/wiki/Asp%C3%B8ya,_Tingvoll",63.0113,7.9253,"island in Nordmøre, Norway"
Q318786,Abeløya,islands,http://commons.wikimedia.org/wiki/Special:FilePath/NO-Kong%20Karls%20Land.png,Norway,https://en.wikipedia.org/wiki/Abel_Island,78.988888888,30.205555555,island of Svalbard
Q373190,Barentsøya,islands,http://commons.wikimedia.org/wiki/Special:FilePath/Dorst%20bay.jpg,Norway,https://en.wikipedia.org/wiki/Barents%C3%B8ya,78.416666666,21.45,"island in the Svalbard archipelago, Norway"
Q375983,Vigra,islands,http://commons.wikimedia.org/wiki/Special:FilePath/Snowclad%20Vigra.jpg,Norway,https://en.wikipedia.org/wiki/Vigra_(island),62.557777777,6.078333333,"island in Giske, Norway"
Q383957,Skorpa,islands,http://commons.wikimedia.org/wiki/Special:FilePath/Skorpa01.jpg,Norway,"https://en.wikipedia.org/wiki/Skorpa,_M%C3%B8re_og_Romsdal",62.329722222,5.495,island in the municipality of Herøy in Møre og Romsdal county Norway
Q3137543,Sulitjelmaisen,glaciers,http://commons.wikimedia.org/wiki/Special:FilePath/S%C3%A1llajieg%C5%8Ba-0649.jpg,Norway,https://en.wikipedia.org/wiki/Sulitjelma_Glacier,67.10369,16.37127,glacier in Norway and Sweden
Q3219709,Kjenndalsbreen,glaciers,http://commons.wikimedia.org/wiki/Special:FilePath/Kjenndalsbreen%20Norwegen.JPG,Norway,https://en.wikipedia.org/wiki/Kjenndalsbreen,61.723888888,7.016666666,glacier in Norway
Q3373442,Nathorstbreen,glaciers,http://commons.wikimedia.org/wiki/Special:FilePath/Nathorst%20glacier%2C%20Svalbard%2C%20at%20midnight%20sun.jpg,Norway,https://en.wikipedia.org/wiki/Nathorstbreen,77.43728,16.21532,glacier in Svalbard
Q3376086,Hornbreen,glaciers,http://commons.wikimedia.org/wiki/Special:FilePath/Torell%20Land%20IMG%208969%20Flatbreen%20Hornbreen%20Storbreen.JPG,Norway,https://en.wikipedia.org/wiki/Hornbreen,77.07,16.7,glacier in Svalbard
Q3437416,Speilsalen,glaciers,http://commons.wikimedia.org/wiki/Special:FilePath/Spegelsalen%20i%20Trollheimen.jpg,Norway,https://en.wikipedia.org/wiki/Speilsalen,62.769044444,9.35275,"glacier in Oppdal, Norway"
Q3442923,Tystigbreen,glaciers,http://commons.wikimedia.org/wiki/Special:FilePath/Tystigbreen.jpg,Norway,https://en.wikipedia.org/wiki/Tystigbreen,61.91724,7.35322,glacier in Norway
Q3612492,Holåbreen,glaciers,http://commons.wikimedia.org/wiki/Special:FilePath/Hol%C3%A5breen%20eastern%20part%20of%20the%20glacier.jpg,Norway,https://en.wikipedia.org/wiki/Hol%C3%A5breen,61.75666667,7.9025,"glacier in Luster and Skjåk, Norway"
Q281428,Folgefonna,glaciers,http://commons.wikimedia.org/wiki/Special:FilePath/Folgefonna.jpg,Norway,https://en.wikipedia.org/wiki/Folgefonna,60.0,6.333333333,"glacier in Vestland, Norway"
Q285768,Austfonna,glaciers,http://commons.wikimedia.org/wiki/Special:FilePath/Nordaustlandet.jpg,Norway,https://en.wikipedia.org/wiki/Austfonna,79.783333333,24.663333333,"glacier at Nordaustlandet, Svalbard, Norway"
Q308096,Øksfjordjøkelen,glaciers,http://commons.wikimedia.org/wiki/Special:FilePath/Isfjordj%C3%B8kelen%20in%20Kv%C3%A6nangen%2C%20Troms%2C%20Norway%2C%202014%20August.jpg,Norway,https://en.wikipedia.org/wiki/%C3%98ksfjordj%C3%B8kelen,70.166666666,22.05,glacier in Northern Norway
Q887049,Blåfjella–Skjækerfjella National Park,national_parks,http://commons.wikimedia.org/wiki/Special:FilePath/Skj%C3%A6kerhatten.jpg,Norway,https://en.wikipedia.org/wiki/Bl%C3%A5fjella%E2%80%93Skj%C3%A6kerfjella_National_Park,64.2168,13.10929,"national park in Trøndelag, Norway"
Q125085,Lomsdal–Visten National Park,national_parks,http://commons.wikimedia.org/wiki/Special:FilePath/Lomsdalen.jpg,Norway,https://en.wikipedia.org/wiki/Lomsdal%E2%80%93Visten_National_Park,65.57436506,12.7935791,national park in Norway
Q164798,Folgefonna National Park,national_parks,http://commons.wikimedia.org/wiki/Special:FilePath/Hardanger%20Folgefonna-Gletscher%2011.JPG,Norway,https://en.wikipedia.org/wiki/Folgefonna_National_Park,60.0,6.333055555,national park
Q182981,Junkerdal National Park,national_parks,http://commons.wikimedia.org/wiki/Special:FilePath/Sjurfjellet.jpg,Norway,https://en.wikipedia.org/wiki/Junkerdal_National_Park,66.883333333,15.8,"national park in Nordland, Norway"
Q185284,Skarvan and Roltdalen National Park,national_parks,http://commons.wikimedia.org/wiki/Special:FilePath/Fonnfjellet.JPG,Norway,https://en.wikipedia.org/wiki/Skarvan_and_Roltdalen_National_Park,63.216666666,11.416666666,"national park in Trøndelag, Norway"
Q185602,Jostedalsbreen National Park,national_parks,http://commons.wikimedia.org/wiki/Special:FilePath/The%20road%20to%20Jostedals%20Glacier.jpg,Norway,https://en.wikipedia.org/wiki/Jostedalsbreen_National_Park,61.683333333,6.983333333,national park of Norway
Q187592,Sjunkhatten National Park,national_parks,http://commons.wikimedia.org/wiki/Special:FilePath/Bl%C3%A5timen%20i%20Sjunkhatten%20nasjonalpark.jpg,Norway,https://en.wikipedia.org/wiki/Sjunkhatten_National_Park,67.42436395,15.06225586,"national park in Nordland, Norway"
Q528924,Rago National Park,national_parks,http://commons.wikimedia.org/wiki/Special:FilePath/Rago-2015-8794.jpg,Norway,https://en.wikipedia.org/wiki/Rago_National_Park,67.433333333,15.983333333,"national park in Nordland, Norway"
Q684121,Ytre Hvaler National Park,national_parks,http://commons.wikimedia.org/wiki/Special:FilePath/Ytre%20Hvaler%2C%20Tisler%20coast.jpg,Norway,https://en.wikipedia.org/wiki/Ytre_Hvaler_National_Park,59.01666667,10.8,national park
Q282968,Postgirobygget,skyscrapers,http://commons.wikimedia.org/wiki/Special:FilePath/Postgirobygget%20top.jpg,Norway,https://en.wikipedia.org/wiki/Posthuset_(building),59.91171389,10.75399444,"high-rise building in Oslo, Norway"
Q1416348,Norwegian Institute of Technology,universities,http://commons.wikimedia.org/wiki/Special:FilePath/Hovedbygget%20ntnu.jpg,Norway,https://en.wikipedia.org/wiki/Norwegian_Institute_of_Technology,63.419444444,10.4025,"former science institute in Trondheim, Norway"
Q545998,Rjukan Line,museums,http://commons.wikimedia.org/wiki/Special:FilePath/Rjukanmael06.jpg,Norway,https://en.wikipedia.org/wiki/Rjukan_Line,59.904756,8.715548,railway line
Q649916,Krøderen Line,museums,http://commons.wikimedia.org/wiki/Special:FilePath/Nsb%20type%207a%20ulka%20kroderbanen.jpg,Norway,https://en.wikipedia.org/wiki/Kr%C3%B8deren_Line,59.97416667,9.98333333,railway line in Norway
Q1327589,Thamshavn Line,museums,http://commons.wikimedia.org/wiki/Special:FilePath/Thamshavn%20stasjon%20UBT-TO-001334-24%2001%201.jpg,Norway,https://en.wikipedia.org/wiki/Thamshavn_Line,63.31175806,9.86366306,"historic railroad in Trøndelag, Norway"
Q116939,Stavanger Museum,museums,http://commons.wikimedia.org/wiki/Special:FilePath/Stavanger%20Museum.JPG,Norway,,58.9647,5.73306,"a former museum organisation in Stavanger, Norway"
Q909158,Oslo Stock Exchange,markets,http://commons.wikimedia.org/wiki/Special:FilePath/Oslo%20B%C3%B8rs%20%282019%29.jpg,Norway,https://en.wikipedia.org/wiki/Oslo_Stock_Exchange,59.908976,10.747877,"stock exchange located in Oslo, Norway"
Q153430,Bryggen,markets,http://commons.wikimedia.org/wiki/Special:FilePath/Bryggen%2C%20Bergen3.JPG,Norway,https://en.wikipedia.org/wiki/Bryggen,60.3975,5.323333333,"series of Hanseatic commercial buildings in Bergen, Norway"
Q809780,Oslo Bazaars,markets,http://commons.wikimedia.org/wiki/Special:FilePath/Basareneforside.JPG,Norway,https://en.wikipedia.org/wiki/Oslo_Bazaars,59.91222222,10.74772222,"building in Oslo, Norway, former market hall"
Q31569,Multan International Airport,airports,http://commons.wikimedia.org/wiki/Special:FilePath/Multan%20International%20Airport%20front%20view.jpg,Pakistan,https://en.wikipedia.org/wiki/Multan_International_Airport,30.203333333,71.419166666,"international airport near Multan, Punjab, Pakistan"
Q31580,Faisalabad International Airport,airports,http://commons.wikimedia.org/wiki/Special:FilePath/Faisalabad%20Intl%20Airport.jpg,Pakistan,https://en.wikipedia.org/wiki/Faisalabad_International_Airport,31.365,72.994722222,airport in the Punjab province of Pakistan
Q31581,Quetta International Airport,airports,http://commons.wikimedia.org/wiki/Special:FilePath/Queeta-Airport-40227.JPG,Pakistan,https://en.wikipedia.org/wiki/Quetta_International_Airport,30.252145,66.93868,airport in Pakistan
Q60879,Allama Iqbal International Airport,airports,http://commons.wikimedia.org/wiki/Special:FilePath/AllamaIqbalAirport.JPG,Pakistan,https://en.wikipedia.org/wiki/Allama_Iqbal_International_Airport,31.521388888,74.4025,civil airport in Pakistan
Q61052,Jinnah International Airport,airports,http://commons.wikimedia.org/wiki/Special:FilePath/PK%20Karachi%20Airport%20asv2020-01.jpg,Pakistan,https://en.wikipedia.org/wiki/Jinnah_International_Airport,24.906666666,67.160833333,International airport of Pakistan
Q609603,Dera Ghazi Khan International Airport,airports,http://commons.wikimedia.org/wiki/Special:FilePath/D.G.%20Khan%20International%20Airport%201.jpg,Pakistan,https://en.wikipedia.org/wiki/Dera_Ghazi_Khan_Airport,29.960833333,70.485833333,airport
Q3108349,Rupal Glacier,glaciers,http://commons.wikimedia.org/wiki/Special:FilePath/Nanga%20Parbat%2C%20Pakistan%2C%20Image%20of%20the%20Day%20DVIDS843821.jpg,Pakistan,https://en.wikipedia.org/wiki/Rupal_Glacier,35.1433,74.4144,"glacier in Gilgit-Baltistan, Pakistan"
Q3108372,Batura Glacier,glaciers,http://commons.wikimedia.org/wiki/Special:FilePath/Batura%20valley%20Passu%20Hunza.jpg,Pakistan,https://en.wikipedia.org/wiki/Batura_Glacier,36.533333333,74.65,glacier in Pakistan
Q250751,Snow Lake,glaciers,http://commons.wikimedia.org/wiki/Special:FilePath/Snow%20Lake%20under%20twilight.jpg,Pakistan,https://en.wikipedia.org/wiki/Snow_Lake_(Pakistan),36.0,75.583333333,"high-altitude glacial basin in the Karakoram mountain range in the Gilgit-Baltistan region of northern Pakistan; not a lake, despite its name."
Q11739,Lahore,cities,http://commons.wikimedia.org/wiki/Special:FilePath/Eye%20Of%20Lahore%20%28Minar%20e%20Pakistan%29%20evening.jpg,Pakistan,https://en.wikipedia.org/wiki/Lahore,31.549722222,74.343611111,"capital of the Punjab province, Pakistan"
Q28461,Sialkot International Airport,airports,http://commons.wikimedia.org/wiki/Special:FilePath/Sialkot%20Airport.jpg,Pakistan,https://en.wikipedia.org/wiki/Sialkot_International_Airport,32.535555555,74.363888888,airport in the Sialkot District of Pakistan
Q8660,Karachi,cities,http://commons.wikimedia.org/wiki/Special:FilePath/Karachi%20from%20above.jpg,Pakistan,https://en.wikipedia.org/wiki/Karachi,24.86,67.01,"provincial capital of Sindh, Pakistan"
Q1030191,Federal Urdu University,universities,http://commons.wikimedia.org/wiki/Special:FilePath/Federal%20Urdu%20University%2C%20Karachi%20-%20panoramio%20-%20Moahmmad%20Hasnain%20%281%29.jpg,Pakistan,https://en.wikipedia.org/wiki/Federal_Urdu_University,24.912,67.0907,"public university in Islamabad, Pakistan"
Q125589,Fakir Khana,museums,http://commons.wikimedia.org/wiki/Special:FilePath/Fakir%20Khana%20Museum%20Bhati%20Gate%20Lahore.jpg,Pakistan,https://en.wikipedia.org/wiki/Fakir_Khana,31.5831758,74.3097092,"museum in Lahore, Pakistan"
Q583587,"Bocas del Toro ""Isla Colón"" International Airport",airports,http://commons.wikimedia.org/wiki/Special:FilePath/Aeropuerto%20de%20Bocas%20del%20Toro.jpg,Panama,https://en.wikipedia.org/wiki/Jos%C3%A9_Ezequiel_Hall_International_Airport,9.340833333,-82.250833333,airport
Q594726,Volcan Baru,peaks,http://commons.wikimedia.org/wiki/Special:FilePath/Volcan%20baru.jpg,Panama,https://en.wikipedia.org/wiki/Volc%C3%A1n_Bar%C3%BA,8.808,-82.543,Stratovolcano in Panama
Q313637,Gatun Lake,lakes,http://commons.wikimedia.org/wiki/Special:FilePath/Gatun%20Lake.jpg,Panama,https://en.wikipedia.org/wiki/Gatun_Lake,9.2,-79.9,artificial lake forming part of Panama Canal
Q492359,Gulf of Chiriquí National Marine Park,national_parks,http://commons.wikimedia.org/wiki/Special:FilePath/Parque%20Nacional%20Chiriqu%C3%AD.JPG,Panama,https://en.wikipedia.org/wiki/Gulf_of_Chiriqu%C3%AD_National_Marine_Park,8.1130935,-82.3035906,national park in Panama
Q3306,Panama City,cities,http://commons.wikimedia.org/wiki/Special:FilePath/Panor%C3%A1mica%20nocturna%20de%20la%20ciudad%20de%20Panam%C3%A1.jpg,Panama,https://en.wikipedia.org/wiki/Panama_City,8.971111111,-79.534722222,capital of Panama
Q216061,Bridge of the Americas,bridges,http://commons.wikimedia.org/wiki/Special:FilePath/Bridge%20of%20the%20Americas.jpg,Panama,https://en.wikipedia.org/wiki/Bridge_of_the_Americas,8.943055555,-79.565,"road bridge in Panama, spanning the Pacific entrance to the Panama Canal"
Q1298202,Mount Balbi,peaks,http://commons.wikimedia.org/wiki/Special:FilePath/MtBalbiToreNASA.jpg,Papua New Guinea,https://en.wikipedia.org/wiki/Mount_Balbi,-5.916666666,154.9825,"mountain on Bougainville Island, Papua New Guinea"
Q74158,Ulawun,peaks,http://commons.wikimedia.org/wiki/Special:FilePath/Ulawun.jpg,Papua New Guinea,https://en.wikipedia.org/wiki/Ulawun,-5.05,151.333333333,"stratovolcano situated on the island of New Britain, Papua New Guinea"
Q1297541,Mount Bosavi,volcanoes,http://commons.wikimedia.org/wiki/Special:FilePath/Mount%20Bosavi%20pad%20pan.jpg,Papua New Guinea,https://en.wikipedia.org/wiki/Mount_Bosavi,-6.614166666,142.826666666,mountain
Q457596,Ambitle,volcanoes,http://commons.wikimedia.org/wiki/Special:FilePath/Feni%20Islands%20NASA.jpg,Papua New Guinea,https://en.wikipedia.org/wiki/Ambitle,-4.080833333,153.621388888,island in Papua New Guinea
Q457606,Q457606,volcanoes,http://commons.wikimedia.org/wiki/Special:FilePath/AmbitleTopography.png,Papua New Guinea,,-4.065277777,153.619444444,mountain
Q2933,Asunción,cities,http://commons.wikimedia.org/wiki/Special:FilePath/Asunci%C3%B3n%20Paraguay.jpg,Paraguay,https://en.wikipedia.org/wiki/Asunci%C3%B3n,-25.28,-57.634444444,capital of Paraguay
Q541133,Estadio Hugo Bogado Vaceque,stadiums,http://commons.wikimedia.org/wiki/Special:FilePath/Estadio%20Hugo%20Bogado%20Vaceque%2C%20zeballos%20cue%2C%20asuncio%2C%20club%20general%20caballero.jpg,Paraguay,https://en.wikipedia.org/wiki/Estadio_Hugo_Bogado_Vaceque,-25.2357966,-57.5577479,sports venue
Q1136681,Seleucia,landmarks,http://commons.wikimedia.org/wiki/Special:FilePath/Karte%20Seleucia%20Ktesiphon-it.png,Parthian Empire,https://en.wikipedia.org/wiki/Seleucia,33.1,44.52,capital of the Seleucid Empire
Q32190,Beijing Capital International Airport,airports,http://commons.wikimedia.org/wiki/Special:FilePath/Beijing%20Capital%20International%20Airport%20Aerial%20Photo%20%2820240113213409%29.jpg,People's Republic of China,https://en.wikipedia.org/wiki/Beijing_Capital_International_Airport,40.08,116.584444444,"main airport serving Beijing, China"
Q36420,Shanghai Pudong International Airport,airports,http://commons.wikimedia.org/wiki/Special:FilePath/Shanghai%20Pudong%20Airport%202024%20%28cropped%29.jpg,People's Republic of China,https://en.wikipedia.org/wiki/Shanghai_Pudong_International_Airport,31.143333,121.805278,"international airport in Shanghai, China"
Q44868,Guangzhou Baiyun International Airport,airports,http://commons.wikimedia.org/wiki/Special:FilePath/Guangzhou%20Baiyun%20International%20Airport%20Terminal%202.jpg,People's Republic of China,https://en.wikipedia.org/wiki/Guangzhou_Baiyun_International_Airport,23.392436111,113.298786111,"international airport in Guangzhou, China"
Q17704,Hong Kong International Airport,airports,http://commons.wikimedia.org/wiki/Special:FilePath/Hong%20Kong%20International%20Airport%20restricted%20area%2001-12-2024%289%29.jpg,People's Republic of China,https://en.wikipedia.org/wiki/Hong_Kong_International_Airport,22.308889,113.914444,main airport in Hong Kong
Q141677,Xi'an Xianyang International Airport,airports,http://commons.wikimedia.org/wiki/Special:FilePath/Airport%2C%20Terminal%20JP7562176.jpg,People's Republic of China,https://en.wikipedia.org/wiki/Xi%27an_Xianyang_International_Airport,34.446944444,108.751388888,"international airport serving Xi'an, China"
Q177216,Xiamen Gaoqi International Airport,airports,http://commons.wikimedia.org/wiki/Special:FilePath/Xiamen%20Gaoqi%20Intl%20Airport.jpg,People's Republic of China,https://en.wikipedia.org/wiki/Xiamen_Gaoqi_International_Airport,24.544166666,118.127777777,"International airport in Xiamen City, Foojian Privince, Chian"
Q387560,Chengdu Shuangliu International Airport,airports,http://commons.wikimedia.org/wiki/Special:FilePath/201107%20B-6632%20at%20CTU.JPG,People's Republic of China,https://en.wikipedia.org/wiki/Chengdu_Shuangliu_International_Airport,30.58,103.948333,"international airport in Chengdu, Sichuan, China"
Q421811,Shanghai Hongqiao International Airport,airports,http://commons.wikimedia.org/wiki/Special:FilePath/Shanghai%20Hongqiao%202024%20%28cropped%29.jpg,People's Republic of China,https://en.wikipedia.org/wiki/Shanghai_Hongqiao_International_Airport,31.198056,121.336389,"secondary airport serving Shanghai, China"
Q525486,Macau International Airport,airports,http://commons.wikimedia.org/wiki/Special:FilePath/Macao%20airport%20terminal.jpg,People's Republic of China,https://en.wikipedia.org/wiki/Macau_International_Airport,22.149445,113.591388,international airport in East Asia
Q559107,Nanjing Lukou International Airport,airports,http://commons.wikimedia.org/wiki/Special:FilePath/%E5%8D%97%E4%BA%AC%E7%A6%84%E5%8F%A3%E6%9C%BA%E5%9C%BA%2C%202023-02-20.jpg,People's Republic of China,https://en.wikipedia.org/wiki/Nanjing_Lukou_International_Airport,31.742222222,118.861944444,"international airport serving Nanjing, the capital of East China’s Jiangsu province, and a major airport serving the Yangtze River Delta area"
Q601091,Wuhan Tianhe International Airport,airports,http://commons.wikimedia.org/wiki/Special:FilePath/Wuhan%20Tianhe%20Airport%202.jpg,People's Republic of China,https://en.wikipedia.org/wiki/Wuhan_Tianhe_International_Airport,30.77484,114.21739,"airport in Huangpi District, Wuhan, Hubei, China"
Q107635,Baekdu Mountain,peaks,http://commons.wikimedia.org/wiki/Special:FilePath/Baitou%20Mountain%20Tianchi.jpg,People's Republic of China,https://en.wikipedia.org/wiki/Mount_Paektu,40.94,126.83,volcano on the border between North Korea and China
Q132956,Taklamakan,deserts,http://commons.wikimedia.org/wiki/Special:FilePath/Taklamakan-d43.jpg,People's Republic of China,https://en.wikipedia.org/wiki/Taklamakan_Desert,38.9,82.2,"desert in Xinjiang Uyghur Autonomous Region, China"
Q620724,Lop Desert,deserts,http://commons.wikimedia.org/wiki/Special:FilePath/Desert%20Lop%20Nur%2089.00E%2C%2040.30N%20between%20Kuruktagh%20and%20Astintagh.jpg,People's Republic of China,https://en.wikipedia.org/wiki/Lop_Desert,40.166666666,90.583333333,desert in China
Q181969,Bohai Sea,seas,http://commons.wikimedia.org/wiki/Special:FilePath/China.A2002249.0255.250m.jpg,People's Republic of China,https://en.wikipedia.org/wiki/Bohai_Sea,38.7,119.9,sea in China
Q19751,Qiantang River,rivers,http://commons.wikimedia.org/wiki/Special:FilePath/Qiantang%20River%20Bridge.JPG,People's Republic of China,https://en.wikipedia.org/wiki/Qiantang_River,29.537,119.5229,"river in western Zhejiang, China"
Q83628,Erhai Lake,lakes,http://commons.wikimedia.org/wiki/Special:FilePath/Erhai%20lake%2C%20Yunnan%2C%20China.jpg,People's Republic of China,https://en.wikipedia.org/wiki/Erhai_Lake,25.763333333,100.1875,"lake in Yunnan, People's Republic of China"
Q83640,Dian Lake,lakes,http://commons.wikimedia.org/wiki/Special:FilePath/%E6%BB%87%E6%B1%A0.jpg,People's Republic of China,https://en.wikipedia.org/wiki/Dian_Lake,24.800555555,102.671388888,"lake in Yunnan, China"
Q143940,Kowloon Group of Reservoirs,lakes,http://commons.wikimedia.org/wiki/Special:FilePath/Dam%20of%20Kowloon%20Reservoir.JPG,People's Republic of China,https://en.wikipedia.org/wiki/Kowloon_Group_of_Reservoirs,22.3538,114.153,"group of reservoirs in Kowloon, Hong Kong"
Q143946,Aberdeen Reservoirs,lakes,http://commons.wikimedia.org/wiki/Special:FilePath/Aberdeen%20Upper%20Reservoir.jpg,People's Republic of China,https://en.wikipedia.org/wiki/Aberdeen_Reservoirs,22.2569,114.163,reservoir in Hong Kong
Q268936,Ming Tombs Reservoir,lakes,http://commons.wikimedia.org/wiki/Special:FilePath/MingTombsReservoir.jpg,People's Republic of China,https://en.wikipedia.org/wiki/Ming_Tombs_Reservoir,40.256111111,116.258888888,"reservoir in Beijing, China"
Q602973,Hukou Waterfalls,waterfalls,http://commons.wikimedia.org/wiki/Special:FilePath/Hukou%20Waterfall.jpg,People's Republic of China,https://en.wikipedia.org/wiki/Hukou_Waterfalls,36.147222222,110.443888888,waterfall on the Yellow River in China; second largest waterfall in China
Q57599408,Hong Kong Boundary Crossing Facilities of the Hong Kong-Zhuhai-Macao Bridge,islands,http://commons.wikimedia.org/wiki/Special:FilePath/Hong%20Kong%20Port%20of%20Hong%20Kong-Zhuhai-Macao%20Bridge%20%2820181025160021%29.jpg,People's Republic of China,https://en.wikipedia.org/wiki/Hong_Kong-Zhuhai-Macao_Bridge_Hong_Kong_Port,22.318083333,113.951111111,border checkpoint
Q64008193,Hulu Island,islands,http://commons.wikimedia.org/wiki/Special:FilePath/Unidentified%20artificial%20island%20from%20Binhai%20Road%20-%2001.jpg,People's Republic of China,https://en.wikipedia.org/wiki/Huludao_Island,20.0437,110.296,peanut-shaped island in Haikou Bay
Q72379943,Hong Kong–Zhuhai–Macau Bridge Western Artificial Island,islands,http://commons.wikimedia.org/wiki/Special:FilePath/Hong%20Kong-Zhuhai-Macao%20Bridge%20Site%20View%20201308.jpg,People's Republic of China,,22.28318,113.78352,"artificial island between main bridge and Lingdingyang tunnel, part of maintenance facilities of the tunnel section"
Q72380245,Hong Kong–Zhuhai–Macau Bridge Eastern Artificial Island,islands,http://commons.wikimedia.org/wiki/Special:FilePath/201805%20Artificial%20Island%20of%20HKZMBridge.jpg,People's Republic of China,,22.28231,113.84403,"artificial island between the Hong Kong Link Road and Lingdingyang tunnel, part of maintenance facilities of the tunnel section"
Q97352575,Ruangong Islet,islands,http://commons.wikimedia.org/wiki/Special:FilePath/Ruangongdun%2020230716%20114205.jpg,People's Republic of China,,30.248888888,120.136944444,"artificial island in West Lake, Hangzhou, China"
Q502379,Lantau Island,islands,http://commons.wikimedia.org/wiki/Special:FilePath/Lantau%20island%20full.jpg,People's Republic of China,https://en.wikipedia.org/wiki/Lantau_Island,22.270555555,113.952777777,largest island in Hong Kong
Q1536891,Mischief Reef,islands,http://commons.wikimedia.org/wiki/Special:FilePath/Mischief%20Reef%2C%20Spratly%20Islands.png,People's Republic of China,https://en.wikipedia.org/wiki/Mischief_Reef,9.916666666,115.533333333,island in the South China Sea
Q318115,Ap Lei Chau,islands,http://commons.wikimedia.org/wiki/Special:FilePath/Mount%20Johnston%20Ap%20Lei%20Chau.jpg,People's Republic of China,https://en.wikipedia.org/wiki/Ap_Lei_Chau,22.241666666,114.155555555,island in Hong Kong
Q334962,Grass Island,islands,http://commons.wikimedia.org/wiki/Special:FilePath/Above%20Grass%20Island%20Hong%20Kong.jpg,People's Republic of China,https://en.wikipedia.org/wiki/Tap_Mun,22.476388888,114.3625,island in Hong Kong
Q378223,Chongming Island,islands,http://commons.wikimedia.org/wiki/Special:FilePath/View%20From%20Yard%20-%20panoramio.jpg,People's Republic of China,https://en.wikipedia.org/wiki/Chongming_Island,31.61833,121.55333,island in the Yangtze River estuary
Q382279,Nanwan Monkey Island,islands,http://commons.wikimedia.org/wiki/Special:FilePath/Nanwan%20Monkey%20Island%2002.jpg,People's Republic of China,https://en.wikipedia.org/wiki/Nanwan_Monkey_Island,18.39,109.98,island
Q3307471,Sarpo Laggo Glacier,glaciers,http://commons.wikimedia.org/wiki/Special:FilePath/Sarpo%20Laggo%20Glacier%2C%20is%20a%20glacier%20in%20the%20autonomous%20region%20Xinjiang%20of%20China.jpg,People's Republic of China,https://en.wikipedia.org/wiki/Sarpo_Laggo_Glacier,35.883333333,76.25,glacier in the autonomous region Xinjiang of China
Q11736,Tianjin,cities,http://commons.wikimedia.org/wiki/Special:FilePath/Tianjin%2C%20China%20ESA15420167.jpeg,People's Republic of China,https://en.wikipedia.org/wiki/Tianjin,39.146666666,117.205555555,municipality of China
Q15174,Shenzhen,cities,http://commons.wikimedia.org/wiki/Special:FilePath/The%20west%20panorama%20of%20Shenzhen2021.jpg,People's Republic of China,https://en.wikipedia.org/wiki/Shenzhen,22.546666666,114.054444444,city in China
Q5826,Xi'an,cities,http://commons.wikimedia.org/wiki/Special:FilePath/%E8%A5%BF%E5%AE%89%E9%92%9F%E6%A5%BC2020%20%281%29.jpg,People's Republic of China,https://en.wikipedia.org/wiki/Xi%27an,34.261111111,108.942222222,"capital of Shaanxi Province, China"
Q8686,Shanghai,cities,http://commons.wikimedia.org/wiki/Special:FilePath/20191222%E9%99%86%E5%AE%B6%E5%98%B4.jpg,People's Republic of China,https://en.wikipedia.org/wiki/Shanghai,31.2325,121.469166666,provincial-level municipality in China
Q11725,Chongqing,cities,http://commons.wikimedia.org/wiki/Special:FilePath/Chongqing%2C%20China%20ESA23338300.jpeg,People's Republic of China,https://en.wikipedia.org/wiki/Chongqing,29.55,106.506944444,municipality of China
Q16572,Guangzhou,cities,http://commons.wikimedia.org/wiki/Special:FilePath/Canton%20Tower%2020220626%20%28cropped%29.jpg,People's Republic of China,https://en.wikipedia.org/wiki/Guangzhou,23.13,113.26,"capital city of Guangdong Province, China"
Q214855,Bank of China Tower,skyscrapers,http://commons.wikimedia.org/wiki/Special:FilePath/HK%20Bank%20of%20China%20Tower%20View.jpg,People's Republic of China,https://en.wikipedia.org/wiki/Bank_of_China_Tower_(Hong_Kong),22.279166666,114.161388888,skyscraper in Hong Kong
Q223207,Oriental Pearl Tower,skyscrapers,http://commons.wikimedia.org/wiki/Special:FilePath/Oriental%20Pearl%20Tower%202012.jpg,People's Republic of China,https://en.wikipedia.org/wiki/Oriental_Pearl_Tower,31.241669444,121.494716666,"TV tower in Shanghai, China"
Q236201,Shun Hing Square,skyscrapers,http://commons.wikimedia.org/wiki/Special:FilePath/Shun%20Hing%20Square%20exterior%20southwest2021.jpg,People's Republic of China,https://en.wikipedia.org/wiki/Shun_Hing_Square,22.545277777,114.105555555,skyscraper in Shenzhen
Q241648,Victoria Towers,skyscrapers,http://commons.wikimedia.org/wiki/Special:FilePath/The%20Victoria%20Towers%200704.jpg,People's Republic of China,https://en.wikipedia.org/wiki/Victoria_Towers,22.302361111,114.168472222,skyscraper and housing estate in Kwun Chung
Q245246,CITIC Plaza,skyscrapers,http://commons.wikimedia.org/wiki/Special:FilePath/Guangzhou%20CITIC%20Plaza%20DSC02461.jpg,People's Republic of China,https://en.wikipedia.org/wiki/CITIC_Plaza,23.144444444,113.319444444,"skyscraper in the Tianhe District of Guangzhou, Guangdong, China"
Q308279,apm,skyscrapers,http://commons.wikimedia.org/wiki/Special:FilePath/Apm-outlook-c.jpg,People's Republic of China,https://en.wikipedia.org/wiki/Apm_(Hong_Kong),22.3125,114.225,"shopping mall in Kwun Tong, Hong Kong"
Q317034,International Commerce Centre,skyscrapers,http://commons.wikimedia.org/wiki/Special:FilePath/International%20Commerce%20Centre%20200911.jpg,People's Republic of China,https://en.wikipedia.org/wiki/International_Commerce_Centre,22.303391666,114.160169444,"skyscraper in West Kowloon, Hong Kong"
Q368017,Bocom Financial Towers,skyscrapers,http://commons.wikimedia.org/wiki/Special:FilePath/Bocom%20Financial%20Towers%20closeup.jpg,People's Republic of China,https://en.wikipedia.org/wiki/Bocom_Financial_Towers,31.241,121.499,skyscraper
Q382121,Zifeng Tower,skyscrapers,http://commons.wikimedia.org/wiki/Special:FilePath/Zifeng%20Tower%202017.jpg,People's Republic of China,https://en.wikipedia.org/wiki/Zifeng_Tower,32.062472222,118.778055555,"supertall skyscraper in Nanjing, Jiangsu, China"
Q430218,Shanghai Wheelock Square,skyscrapers,http://commons.wikimedia.org/wiki/Special:FilePath/C121%20Shanghai%20Wheelock%20Square.jpg,People's Republic of China,https://en.wikipedia.org/wiki/Shanghai_Wheelock_Square,31.22361111,121.44013889,skyscraper
Q432494,COSCO Tower,skyscrapers,http://commons.wikimedia.org/wiki/Special:FilePath/Cosco%20Tower%202011.jpg,People's Republic of China,https://en.wikipedia.org/wiki/COSCO_Tower,22.285430555,114.153088888,tower in Hong Kong
Q80813,Jin Mao Tower,skyscrapers,http://commons.wikimedia.org/wiki/Special:FilePath/Jin%20Mao%20Tower.jpg,People's Republic of China,https://en.wikipedia.org/wiki/Jin_Mao_Tower,31.237222222,121.501388888,landmark skyscraper in Shanghai
Q80852,Shanghai World Financial Center,skyscrapers,http://commons.wikimedia.org/wiki/Special:FilePath/%E4%B8%8A%E6%B5%B7%E5%9B%BD%E9%99%85%E9%87%91%E8%9E%8D%E4%B8%AD%E5%BF%83.jpg,People's Republic of China,https://en.wikipedia.org/wiki/Shanghai_World_Financial_Center,31.236666666,121.502777777,skyscraper in Shanghai
Q112640,Central Plaza,skyscrapers,http://commons.wikimedia.org/wiki/Special:FilePath/%E4%B8%AD%E7%92%B0%E5%BB%A3%E5%A0%B4.JPG,People's Republic of China,https://en.wikipedia.org/wiki/Central_Plaza_(Hong_Kong),22.28,114.173611111,"Skyscraper in Wan Chai, Hong Kong"
Q130478,The Center,skyscrapers,http://commons.wikimedia.org/wiki/Special:FilePath/HK%20Peak%20The%20Center%20West%20Kln%20COSCO%20Tower.JPG,People's Republic of China,https://en.wikipedia.org/wiki/The_Center,22.284722222,114.154444444,skyscraper in Hong Kong
Q139815,Grand International Mansion,skyscrapers,http://commons.wikimedia.org/wiki/Special:FilePath/The%20Pinnacle%20%28Guangzhou%2C%20China%29%20indexxrus.JPG,People's Republic of China,https://en.wikipedia.org/wiki/The_Pinnacle_(Guangzhou),23.1278,113.318,360-meter skyscraper located in Guangdong
Q143235,Wuhan Greenland Center,skyscrapers,http://commons.wikimedia.org/wiki/Special:FilePath/Wuhan%20Greenland%20Center.jpg,People's Republic of China,https://en.wikipedia.org/wiki/Wuhan_Greenland_Center,30.585941666,114.317475,"building in Wuhan Greenland Center, China"
Q168575,CTF Finance Centre,skyscrapers,http://commons.wikimedia.org/wiki/Special:FilePath/Guangzhou%20CTF%20Finance%20Centre%2002-10-2018.jpg,People's Republic of China,https://en.wikipedia.org/wiki/Guangzhou_CTF_Finance_Centre,23.12027778,113.32055556,"supertall skyscraper in Guangzhou, China"
Q186406,Tianjin World Financial Center,skyscrapers,http://commons.wikimedia.org/wiki/Special:FilePath/2010%E5%B9%B412%E6%9C%8827%E6%97%A5%E7%9A%84%E6%B4%A5%E5%A1%94.jpg,People's Republic of China,https://en.wikipedia.org/wiki/Tianjin_World_Financial_Center,39.128888888,117.196388888,skyscraper
Q197833,China Zun,skyscrapers,http://commons.wikimedia.org/wiki/Special:FilePath/China%20Zun%2005-11-2018.jpg,People's Republic of China,https://en.wikipedia.org/wiki/China_Zun,39.91151,116.46023,"Supertall skyscraper in Beijing, China"
Q198226,Zhujiang New City Tower,skyscrapers,http://commons.wikimedia.org/wiki/Special:FilePath/Guangzhou%20Twin%20Towers%20IMP%28cropped%29.jpg,People's Republic of China,https://en.wikipedia.org/wiki/Global_City_Square,23.118219,113.327271,"skyscraper in Guangzhou City, Guangdong Province, China"
Q520839,Nina Tower,skyscrapers,http://commons.wikimedia.org/wiki/Special:FilePath/HK%20Nina%20Tower%20200803.jpg,People's Republic of China,https://en.wikipedia.org/wiki/Nina_Tower,22.368611111,114.113055555,skyscraper
Q543353,Plaza 66,skyscrapers,http://commons.wikimedia.org/wiki/Special:FilePath/Plaza%2066%202008.jpg,People's Republic of China,https://en.wikipedia.org/wiki/Plaza_66,31.22991667,121.44930556,building complex in Shanghai
Q197790,Zhijinghe River Bridge,bridges,http://commons.wikimedia.org/wiki/Special:FilePath/Zhijinghe%20River%20Bridge-1.jpg,People's Republic of China,https://en.wikipedia.org/wiki/Zhijing_River_Bridge,30.626666666,110.196666666,"bridge in Hubei, China"
Q963089,Xijin Bridge,bridges,http://commons.wikimedia.org/wiki/Special:FilePath/Xijin%20Bridge%20%28Yongkang%29%2C%20China.jpg,People's Republic of China,https://en.wikipedia.org/wiki/Xijin_Bridge,28.895361111,120.026,bridge
Q1352660,Dashengguan Yangtze River Bridge,bridges,http://commons.wikimedia.org/wiki/Special:FilePath/Nanjing%20Dashengguan%20Yangtze%20River%20Railway%20Bridge1.jpg,People's Republic of China,https://en.wikipedia.org/wiki/Dashengguan_Yangtze_River_Bridge,31.96,118.630833333,"bridge in Nanjing, Jiangsu"
Q614446,Dalian Jinzhou Stadium,stadiums,http://commons.wikimedia.org/wiki/Special:FilePath/Dalian%20Jinzhou%20Stadium.jpg,People's Republic of China,https://en.wikipedia.org/wiki/Jinzhou_Stadium,39.0953,121.7191,"stadium in Jinzhou, Dalian"
Q133525,Beijing National Stadium,stadiums,http://commons.wikimedia.org/wiki/Special:FilePath/Beijing%20National%20Stadium%20from%20the%20Central%20Axis%20%2820220905140702%29.jpg,People's Republic of China,https://en.wikipedia.org/wiki/Beijing_National_Stadium,39.991544,116.390478,"stadium at Beijing, China"
Q194576,Guiyang Olympic Sports Center,stadiums,http://commons.wikimedia.org/wiki/Special:FilePath/Guiyang%20Olympic%20Sports%20Center.jpg,People's Republic of China,https://en.wikipedia.org/wiki/Guiyang_Olympic_Sports_Center,26.620721,106.605749,stadium
Q282533,Helong Stadium,stadiums,http://commons.wikimedia.org/wiki/Special:FilePath/Helong%20Stadium.jpg,People's Republic of China,https://en.wikipedia.org/wiki/Helong_Sports_Center_Stadium,28.181756,112.977303,"stadium in Changsha, Hunan"
Q603686,Hong Kong Baptist University,universities,http://commons.wikimedia.org/wiki/Special:FilePath/HK%20BaptistUniversity%20HoSinHangCampus.JPG,People's Republic of China,https://en.wikipedia.org/wiki/Hong_Kong_Baptist_University,22.338888888,114.181666666,university in Hong Kong
Q604470,Shandong University,universities,http://commons.wikimedia.org/wiki/Special:FilePath/Qianfoshan%20Campus%20of%20Shandong%20University%202010-03.JPG,People's Republic of China,https://en.wikipedia.org/wiki/Shandong_University,36.671844444,117.053983333,university in China
Q614203,Anhui Normal University,universities,http://commons.wikimedia.org/wiki/Special:FilePath/Gate%20of%20AHNU.jpg,People's Republic of China,https://en.wikipedia.org/wiki/Anhui_Normal_University,31.2871219,118.372994,university in China
Q391150,Henan University,universities,http://commons.wikimedia.org/wiki/Special:FilePath/Auditorium%20of%20Henan%20University.jpg,People's Republic of China,https://en.wikipedia.org/wiki/Henan_University,34.81272222,114.36369444,Chinese public university
Q756683,Hong Kong Film Archive,museums,http://commons.wikimedia.org/wiki/Special:FilePath/Hong%20Kong%20Film%20Archive01.jpg,People's Republic of China,https://en.wikipedia.org/wiki/Hong_Kong_Film_Archive,22.2851,114.222,film archive in Hong Kong
Q80290,Forbidden City,museums,http://commons.wikimedia.org/wiki/Special:FilePath/Hall%20of%20Supreme%20Harmony%20%2820241127120000%29.jpg,People's Republic of China,https://en.wikipedia.org/wiki/Forbidden_City,39.915833333,116.390833333,Chinese imperial palace in Beijing
Q83332,Museum of the Imperial Palace of Manchukuo,museums,http://commons.wikimedia.org/wiki/Special:FilePath/Imperial%20Household%20Office%20of%20Manchukuo.JPG,People's Republic of China,https://en.wikipedia.org/wiki/Museum_of_the_Imperial_Palace_of_Manchukuo,43.903611111,125.342222222,"museum in Kuancheng, Changchun, Jilin, China"
Q288365,Minsk,museums,http://commons.wikimedia.org/wiki/Special:FilePath/Minsk%20aircraft%20carrier.jpg,People's Republic of China,https://en.wikipedia.org/wiki/Soviet_aircraft_carrier_Minsk,22.553611,114.236667,1978 Kiev-class aircraft carrier
Q341718,Temple of Agriculture,museums,http://commons.wikimedia.org/wiki/Special:FilePath/Xiannongtan%20pic%201.jpg,People's Republic of China,https://en.wikipedia.org/wiki/Temple_of_Agriculture,39.876847036,116.386227868,museum
Q713922,Shanghai Urban Planning Exhibition Center,museums,http://commons.wikimedia.org/wiki/Special:FilePath/Shanghai%20Urban%20Planning%20Exhibition%20Center%20at%20night%202011-10-11%20cropped.jpg,People's Republic of China,https://en.wikipedia.org/wiki/Shanghai_Urban_Planning_Exhibition_Center,31.233368,121.47048,urban planning
Q6920669,Mount Erlang Tunnel,space,http://commons.wikimedia.org/wiki/Special:FilePath/Erlang%20Mountain%20Tunnel%20%28G318%29.jpg,People's Republic of China,https://en.wikipedia.org/wiki/Mount_Erlang_Tunnel,29.84722222,102.29138889,"tunnel in Luding, Garzê, Sichuan, China"
Q6961167,Nam Wan Tunnel,space,http://commons.wikimedia.org/wiki/Special:FilePath/Southeast%20portal%20of%20Nam%20Wan%20Tunnel%20%2820180903102500%29.jpg,People's Republic of China,https://en.wikipedia.org/wiki/Nam_Wan_Tunnel,22.338047222,114.101833333,tunnel in Hong Kong
Q7497438,Shing Mun Tunnels,space,http://commons.wikimedia.org/wiki/Special:FilePath/HK%20ShingMunTunnel%20Flyover.jpg,People's Republic of China,https://en.wikipedia.org/wiki/Shing_Mun_Tunnels,22.3788,114.159,"Road tunnels in Shing Mun, Hong Kong"
Q7687929,Tate's Cairn Tunnel,space,http://commons.wikimedia.org/wiki/Special:FilePath/Tates%20Cairn%20Tunnel.jpg,People's Republic of China,https://en.wikipedia.org/wiki/Tate%27s_Cairn_Tunnel,22.364,114.2119,tunnel in Hong Kong
Q7849589,Tseung Kwan O Tunnel,space,http://commons.wikimedia.org/wiki/Special:FilePath/Tseung%20Kwan%20O%20Tunnel.jpg,People's Republic of China,https://en.wikipedia.org/wiki/Tseung_Kwan_O_Tunnel,22.3188,114.246,tunnel in Hong Kong
Q8044316,Xiaoyue Tunnel,space,http://commons.wikimedia.org/wiki/Special:FilePath/%E8%A5%BF%E4%BA%94%E7%8E%AF%E6%99%93%E6%9C%88%E9%9A%A7%E9%81%93%EF%BC%88%E6%91%84%E4%BA%8E2012%E5%B9%B48%E6%9C%8812%E6%97%A5%EF%BC%89.JPG,People's Republic of China,https://en.wikipedia.org/wiki/Xiaoyue_Tunnel,39.8506108,116.2214253,"tunnel in Beijing, China"
Q10867792,Bund Sightseeing Tunnel,space,http://commons.wikimedia.org/wiki/Special:FilePath/The%20Bund-%60.JPG,People's Republic of China,https://en.wikipedia.org/wiki/Bund_Sightseeing_Tunnel,31.241036111,121.489144444,sightseeing tunnel in Shanghai
Q1058424,Chachani,peaks,http://commons.wikimedia.org/wiki/Special:FilePath/Chachani.jpg,Peru,https://en.wikipedia.org/wiki/Chachani,-16.194166666,-71.531666666,volcano in Peru
Q1075162,Ubinas,peaks,http://commons.wikimedia.org/wiki/Special:FilePath/Volc%C3%A1n%20Ubinas%20y%20Laguna%20de%20Salinas%2C%20Arequipa%2C%20Per%C3%BA%2C%202015-08-02%2C%20DD%2048.JPG,Peru,https://en.wikipedia.org/wiki/Ubinas,-16.348611111,-70.902222222,volcano in Peru
Q1427739,Tutupaca,peaks,http://commons.wikimedia.org/wiki/Special:FilePath/Tutupaca2.jpg,Peru,https://en.wikipedia.org/wiki/Tutupaca,-17.02638889,-70.37166667,volcano in Peru
Q1641313,Pichu Pichu,peaks,http://commons.wikimedia.org/wiki/Special:FilePath/Pichu-pichu.jpg,Peru,https://en.wikipedia.org/wiki/Pichu_Pichu,-16.441138888,-71.240388888,volcano in Peru
Q2115281,Hualca Hualca,peaks,http://commons.wikimedia.org/wiki/Special:FilePath/Hualca%20Hualca.jpg,Peru,https://en.wikipedia.org/wiki/Hualca_Hualca,-15.720277777,-71.860555555,volcano in Peru
Q572865,Misti,peaks,http://commons.wikimedia.org/wiki/Special:FilePath/El%20misti.jpg,Peru,https://en.wikipedia.org/wiki/Misti,-16.296388888,-71.410555555,stratovolcano in Peru
Q578777,Nevado Mismi,peaks,http://commons.wikimedia.org/wiki/Special:FilePath/Nevado%20Mismi.jpg,Peru,https://en.wikipedia.org/wiki/Mismi,-15.525277777,-71.690833333,mountain peak of volcanic origin in the Chila mountain range in the Andes of Peru
Q594205,Casiri,peaks,http://commons.wikimedia.org/wiki/Special:FilePath/Nevados%20Casiri.jpg,Peru,https://en.wikipedia.org/wiki/Casiri_(Tacna),-17.46666667,-69.81333333,volcano in Peru
Q489647,Andagua volcanic field,volcanoes,http://commons.wikimedia.org/wiki/Special:FilePath/Valley%20of%20the%20Volcanoes.jpg,Peru,https://en.wikipedia.org/wiki/Andagua_volcanic_field,-15.257,-72.483,mountain
Q81118,Lauricocha Lake,lakes,http://commons.wikimedia.org/wiki/Special:FilePath/Laguna%20Lauricocha%2007613.jpg,Peru,https://en.wikipedia.org/wiki/Lake_Lauricocha,-10.316666666,-76.7,"lake in Huanuco, Peru"
Q372417,Yanawayin Lake,lakes,http://commons.wikimedia.org/wiki/Special:FilePath/Yanawayin%20Lake%20and%20Chungar%20landslide%20looking%20E%20IMG%203277.jpg,Peru,https://en.wikipedia.org/wiki/Yanawayin_Lake,-11.116666666,-76.533333333,lake
Q383889,Lake Loriscota,lakes,http://commons.wikimedia.org/wiki/Special:FilePath/ISS-64%20Lake%20Loriscota%2C%20Peru.jpg,Peru,https://en.wikipedia.org/wiki/Lake_Loriscota,-16.86918,-70.03722,lake in Peru
Q512389,Gocta Cataracts,waterfalls,http://commons.wikimedia.org/wiki/Special:FilePath/Catarata%20de%20Gocta%2C%202023%20%2806%29.jpg,Peru,https://en.wikipedia.org/wiki/Gocta_Cataracts,-6.023055555,-77.887222222,waterfall in Peru
Q509778,Palomino Islands,islands,http://commons.wikimedia.org/wiki/Special:FilePath/Lima%20Peru%20-%20Islas%20Palominas%20-%207989493279.jpg,Peru,https://en.wikipedia.org/wiki/Palomino_Islands_(Peru),-12.12944444,-77.23333333,"group of small islands off the coast of Callao, Peru"
Q2868,Lima,cities,http://commons.wikimedia.org/wiki/Special:FilePath/Plaza%20Mayor%20de%20Lima-1.jpg,Peru,https://en.wikipedia.org/wiki/Lima,-12.06,-77.0375,capital and largest city of Peru
Q539837,Estadio Mansiche,stadiums,http://commons.wikimedia.org/wiki/Special:FilePath/El%20estadio%20Trujillano%20fue%20remodelado%20en%20el%202004%20con%20una%20capacidad%20actual%20de%2025%20000%20personas.jpg,Peru,https://en.wikipedia.org/wiki/Estadio_Mansiche,-8.106655,-79.030977,"multi-purpose stadium in Trujillo, Peru"
Q589422,Estadio 25 de Noviembre,stadiums,http://commons.wikimedia.org/wiki/Special:FilePath/Fachada%20estadio%2025%20de%20noviembre.JPG,Peru,https://en.wikipedia.org/wiki/Estadio_25_de_Noviembre,-17.185731,-70.930052,stadium
Q200601,Pontifical Catholic University of Peru,universities,http://commons.wikimedia.org/wiki/Special:FilePath/MacGregor.jpg,Peru,https://en.wikipedia.org/wiki/Pontifical_Catholic_University_of_Peru,-12.069444444,-77.079444444,private university in Peru
Q337974,Sabancaya,natural,http://commons.wikimedia.org/wiki/Special:FilePath/Erupci%C3%B3n%20en%20el%20volc%C3%A1n%20Sabancaya%2C%20Per%C3%BA.jpg,Peru,https://en.wikipedia.org/wiki/Sabancaya,-15.786666666,-71.8575,Peruvian stratovolcano
Q474428,Ampato,natural,http://commons.wikimedia.org/wiki/Special:FilePath/AmpatoSabancaya.jpg,Peru,https://en.wikipedia.org/wiki/Ampato,-15.820555555,-71.88,dormant Peruvian volcano
Q86446,Ninoy Aquino International Airport,airports,http://commons.wikimedia.org/wiki/Special:FilePath/Ninoy%20Aquino%20International%20Airport%20aerial%20view.jpg,Philippines,https://en.wikipedia.org/wiki/Ninoy_Aquino_International_Airport,14.508611,121.019444,"airport serving Metro Manila, Philippines and main international gateway to the Philippines"
Q598033,Laoag International Airport,airports,http://commons.wikimedia.org/wiki/Special:FilePath/Laoag%20International%20Airport%20terminal%20exterior.jpg,Philippines,https://en.wikipedia.org/wiki/Laoag_International_Airport,18.178055555,120.531666666,main airport serving the general area of Laoag City in the Philippines
Q1319819,Mount Hibok-Hibok,peaks,http://commons.wikimedia.org/wiki/Special:FilePath/Black%20Beach%20in%20Camiguin.jpg,Philippines,https://en.wikipedia.org/wiki/Mount_Hibok-Hibok,9.200555555,124.668055555,stratovolcano on Camiguin Island in the Philippines
Q1514920,Mount Ragang,peaks,http://commons.wikimedia.org/wiki/Special:FilePath/Ragang%2C%20Philippines%20%282023-11-28-14-11-21%20UMBRA-06%29.tiff,Philippines,https://en.wikipedia.org/wiki/Mount_Ragang,7.694444444,124.5075,"stratovolcano on Mindanao island, Philippines"
Q1529367,Malinao Volcano,peaks,http://commons.wikimedia.org/wiki/Special:FilePath/Mount%20Malinao.jpg,Philippines,https://en.wikipedia.org/wiki/Malinao_Volcano,13.416111111,123.608333333,volcano located in the Bicol Region of the Philippines
Q1551536,Mount Makiling,peaks,http://commons.wikimedia.org/wiki/Special:FilePath/Makiling.jpg,Philippines,https://en.wikipedia.org/wiki/Mount_Makiling,14.13,121.2,volcano in the Philippines
Q1582571,Mount Parker,peaks,http://commons.wikimedia.org/wiki/Special:FilePath/Lake%20Holon.jpg,Philippines,https://en.wikipedia.org/wiki/Mount_Melibengoy,6.11416667,124.88972222,stratovolcano on Mindanao island in the Philippines
Q1646267,Mount Kalatungan,peaks,http://commons.wikimedia.org/wiki/Special:FilePath/Kalatungan%20mountain%20range%20lantapan%20view.JPG,Philippines,https://en.wikipedia.org/wiki/Mount_Kalatungan,7.955,124.8025,volcanic mountain located in the province of Bukidnon in the southern Philippines
Q1672421,Mount Iraya,peaks,http://commons.wikimedia.org/wiki/Special:FilePath/Mount-Iraya.JPG,Philippines,https://en.wikipedia.org/wiki/Mount_Iraya,20.466388888,122.011666666,"dormant volcano on Batan Island, Philippines"
Q1723814,Kanlaon Volcano,peaks,http://commons.wikimedia.org/wiki/Special:FilePath/Kanlaon%20Volcano%20Negros%20Occidental%2C%20Philippines.jpg,Philippines,https://en.wikipedia.org/wiki/Kanlaon,10.411944444,123.131944444,"active stratovolcano on the island of Negros, Philippines"
Q626809,Mount Arayat,peaks,http://commons.wikimedia.org/wiki/Special:FilePath/JfCambaHiway0001PostArayat%2CPampangafvf%2011.JPG,Philippines,https://en.wikipedia.org/wiki/Mount_Arayat,15.2,120.742,extinct stratovolcano in the Philippines
Q1162021,Mount Masaraga,volcanoes,http://commons.wikimedia.org/wiki/Special:FilePath/Masaraga.jpg,Philippines,https://en.wikipedia.org/wiki/Mount_Masaraga,13.310277777,123.6,mountain in the Philippines
Q242326,Bohol Sea,seas,http://commons.wikimedia.org/wiki/Special:FilePath/Camiguin%20across%20Bohol%20Sea.jpg,Philippines,https://en.wikipedia.org/wiki/Bohol_Sea,9.2,124.5,Interisland Sea in the Pacific Ocean
Q540179,Camotes Sea,seas,http://commons.wikimedia.org/wiki/Special:FilePath/Jetty%20At%20Hisoler%20%2854230446%29.jpeg,Philippines,https://en.wikipedia.org/wiki/Camotes_Sea,10.5,124.333333333,Interisland Sea in the Pacific Ocean
Q37647,Tinuy-an Falls,waterfalls,http://commons.wikimedia.org/wiki/Special:FilePath/Tinuy-an%20Waterfalls%20of%20Bislig.jpg,Philippines,https://en.wikipedia.org/wiki/Tinuy-an_Falls,8.171111111,126.229444444,waterfall in Philippines
Q332359,Panay,islands,http://commons.wikimedia.org/wiki/Special:FilePath/Northwest%20Panay%20Peninsula%203.jpg,Philippines,https://en.wikipedia.org/wiki/Panay,11.15,122.483333333,island in the Philippines
Q804673,Balbalasang-Balbalan National Park,national_parks,http://commons.wikimedia.org/wiki/Special:FilePath/UpperUma2206.jpg,Philippines,https://en.wikipedia.org/wiki/Balbalasang%E2%80%93Balbalan_National_Park,17.45,121.1,national park of the Philippines
Q810692,Bataan National Park,national_parks,http://commons.wikimedia.org/wiki/Special:FilePath/Mount%20Natib.jpg,Philippines,https://en.wikipedia.org/wiki/Bataan_National_Park,14.68333333,120.41666667,national park
Q824602,Puerto Princesa Subterranean River National Park,national_parks,http://commons.wikimedia.org/wiki/Special:FilePath/Puerto%20Princesa%20Underground%20River.jpg,Philippines,https://en.wikipedia.org/wiki/Puerto_Princesa_Subterranean_River_National_Park,10.166666666,118.916666666,national park in the Philippines
Q855269,Biak-na-Bato National Park,national_parks,http://commons.wikimedia.org/wiki/Special:FilePath/Madlum.jpg,Philippines,https://en.wikipedia.org/wiki/Biak-na-Bato_National_Park,15.1201,121.084,national park
Q13580,Metro Manila,cities,http://commons.wikimedia.org/wiki/Special:FilePath/Iss047e099713%20lrg%20Manila.jpg,Philippines,https://en.wikipedia.org/wiki/Metro_Manila,14.583333333,121.0,metropolitan area and region of the Philippines
Q210710,Rizal Memorial Stadium,stadiums,http://commons.wikimedia.org/wiki/Special:FilePath/Rizal%20Memorial%20Track%20and%20Football%20Stadium.jpg,Philippines,https://en.wikipedia.org/wiki/Rizal_Memorial_Stadium,14.563403,120.992,stadium
Q455963,Mount Apo,natural,http://commons.wikimedia.org/wiki/Special:FilePath/The%20Ring%20of%20Mt.%20Apo.jpg,Philippines,https://en.wikipedia.org/wiki/Mount_Apo,6.9875,125.270833333,highest mountain in the Philippines
Q136337943,Nueva Vizcaya Agricultural Terminal,markets,http://commons.wikimedia.org/wiki/Special:FilePath/Nueva%20Vizcaya%20Agricultural%20Terminal%20Entrance%202024.jpg,Philippines,https://en.wikipedia.org/wiki/Nueva_Vizcaya_Agricultural_Terminal,16.366111111,121.0975,agricultural facility in the Philippines
Q581545,John Paul II International Airport Kraków-Balice,airports,http://commons.wikimedia.org/wiki/Special:FilePath/John%20Paul%20II%20Airport%20in%20Balice-Krak%C3%B3w%20night%20november%202017%283%29.jpg,Poland,https://en.wikipedia.org/wiki/Krak%C3%B3w_John_Paul_II_International_Airport,50.077777777,19.784722222,"airport serving the city of Kraków, located in Balice"
Q465071,Warsaw Chopin Airport,airports,http://commons.wikimedia.org/wiki/Special:FilePath/Lotnisko%20Chopina%20w%20Warszawie%202018b.jpg,Poland,https://en.wikipedia.org/wiki/Warsaw_Chopin_Airport,52.165833333,20.967222222,"airport in Warsaw, Poland"
Q117750,Błędów Desert,deserts,http://commons.wikimedia.org/wiki/Special:FilePath/20140619%20Pustynia%20B%C5%82%C4%99dowska%20w%20Chechle%203457.jpg,Poland,https://en.wikipedia.org/wiki/B%C5%82%C4%99d%C3%B3w_Desert,50.3397903,19.5127533,"desert, protected area, south Poland"
Q127761,Wdzydze Lake,lakes,http://commons.wikimedia.org/wiki/Special:FilePath/Borsk%2C%20pusto%20nad%20Wdzydzami.jpg,Poland,https://en.wikipedia.org/wiki/Wdzydze_Lake,53.976111111,17.908611111,lake in northern Poland
Q184467,Zegrze Reservoir,lakes,http://commons.wikimedia.org/wiki/Special:FilePath/Zalew%20Zegrzy%C5%84ski%2001.JPG,Poland,https://en.wikipedia.org/wiki/Zegrze_Reservoir,52.450277777,21.041388888,reservoir
Q345353,Łebsko Lake,lakes,http://commons.wikimedia.org/wiki/Special:FilePath/SlowinNP-Lebsko2.jpg,Poland,https://en.wikipedia.org/wiki/%C5%81ebsko_Lake,54.713611111,17.408888888,"lake in Żarnowska, Pomeranian Voivodeship, Poland"
Q380417,Lake Leśnia,lakes,http://commons.wikimedia.org/wiki/Special:FilePath/Marklissa%28Lesna%29-Talsp%20Juli2005.jpg,Poland,https://en.wikipedia.org/wiki/Lake_Le%C5%9Bnia,51.03,15.29111111,artificial lake in Poland
Q387256,Śniardwy,lakes,http://commons.wikimedia.org/wiki/Special:FilePath/Jezioro%20%C5%9Aniardwy%2C%20widok%20z%20Nied%C5%BAwiedziego%20Rogu%20%282017%29.jpg,Poland,https://en.wikipedia.org/wiki/%C5%9Aniardwy,53.75,21.716666666,lake in Poland
Q393265,Żywiec Lake,lakes,http://commons.wikimedia.org/wiki/Special:FilePath/Valley%20of%20%C5%BBywieci.jpg,Poland,https://en.wikipedia.org/wiki/%C5%BBywiec_Lake,49.721261,19.204445,"lake in Silesian Voivodeship, Poland"
Q139934,Kamieńczyk Waterfall,waterfalls,http://commons.wikimedia.org/wiki/Special:FilePath/Wodospadkamienczyka%20june%202010.jpg,Poland,https://en.wikipedia.org/wiki/Kamie%C5%84czyk_Falls,50.81395556,15.49669167,"waterfall in the Giant Mountains, Poland"
Q3507405,Siklawa,waterfalls,http://commons.wikimedia.org/wiki/Special:FilePath/Siklawa%20a2.jpg,Poland,https://en.wikipedia.org/wiki/Siklawa_Falls,49.2141556,20.0439611,waterfall in the High Tatras in Poland
Q384255,Q384255,islands,http://commons.wikimedia.org/wiki/Special:FilePath/Altwarp%20aus%20der%20Luft.jpg,Poland,,53.7393,14.2796,island
Q11977,Tychy,cities,http://commons.wikimedia.org/wiki/Special:FilePath/Tychy.%20Ko%C5%9Bci%C3%B3%C5%82%20p.w.%20%C5%9Bw.%20Magdaleny1.JPG,Poland,https://en.wikipedia.org/wiki/Tychy,50.123611111,18.986666666,"city in Silesian Voivodeship, Poland"
Q2734,Skierniewice,cities,http://commons.wikimedia.org/wiki/Special:FilePath/Skierniewice%20Rynek.jpg,Poland,https://en.wikipedia.org/wiki/Skierniewice,51.9568581,20.1430044,city in central Poland
Q1862,Wolin,cities,http://commons.wikimedia.org/wiki/Special:FilePath/Wolin%20r%C3%B3g%20%C5%9Bwiatowida%20i%20mostowej.jpg,Poland,https://en.wikipedia.org/wiki/Wolin_(town),53.841388888,14.611388888,town in Poland
Q28516,Tarnobrzeg,cities,http://commons.wikimedia.org/wiki/Special:FilePath/%D0%94%D0%B2%D0%BE%D1%80%D0%B5%D1%86%20%D0%A2%D0%B0%D1%80%D0%BD%D0%BE%D0%B2%D1%81%D0%BA%D0%B8%D1%85.jpg,Poland,https://en.wikipedia.org/wiki/Tarnobrzeg,50.583333333,21.683333333,City with powiat rights of Poland
Q1985405,Piłsudski's Mound,landmarks,http://commons.wikimedia.org/wiki/Special:FilePath/KopiecPi%C5%82sudskiego-Sowiniec-POL%2C%20Krak%C3%B3w.jpg,Poland,https://en.wikipedia.org/wiki/Pi%C5%82sudski%27s_Mound,50.06006,19.84724,"The largest Polish memorial mound, Krakow"
Q247799,Oxford Tower,skyscrapers,http://commons.wikimedia.org/wiki/Special:FilePath/Biurowiec%20Cha%C5%82ubi%C5%84skiego%208%20w%20Warszawie%202020.jpg,Poland,https://en.wikipedia.org/wiki/Cha%C5%82ubi%C5%84skiego_8,52.22611111,21.00416667,skyscraper located in Warsaw
Q249053,Złota 44,skyscrapers,http://commons.wikimedia.org/wiki/Special:FilePath/2018%20Warszawa%20Z%C5%82ota%2044%20z%20PKiN.jpg,Poland,https://en.wikipedia.org/wiki/Z%C5%82ota_44,52.23111111,21.0025,skyscraper
Q249065,Złote Tarasy,skyscrapers,http://commons.wikimedia.org/wiki/Special:FilePath/Z%C5%82ote%20Tarasy%202016.jpg,Poland,https://en.wikipedia.org/wiki/Z%C5%82ote_Tarasy,52.230139,21.002641,"commercial, office, and entertainment complex in Warsaw"
Q446265,Altus Skyscraper,skyscrapers,http://commons.wikimedia.org/wiki/Special:FilePath/Katowice%2005.15%20Altus.JPG,Poland,https://en.wikipedia.org/wiki/Altus_Skyscraper,50.26155,19.02444444,architectural structure
Q167566,Palace of Culture and Science,skyscrapers,http://commons.wikimedia.org/wiki/Special:FilePath/Pa%C5%82ac%20Kultury%20i%20Nauki%202019.jpg,Poland,https://en.wikipedia.org/wiki/Palace_of_Culture_and_Science,52.231666666,21.006388888,"high-rise building and house of culture in Warsaw, Poland"
Q445613,Altstadtbrücke,bridges,http://commons.wikimedia.org/wiki/Special:FilePath/G%C3%B6rlitz%20-%20Altstadtbr%C3%BCcke%2001%20ies.jpg,Poland,,51.157656,14.994,bridge in Görlitz-Zgorzelec over the Neisse
Q745733,Grunwald Bridge,bridges,http://commons.wikimedia.org/wiki/Special:FilePath/Most%20Grunwaldzki%20Wroclaw%202024%20aerial.jpg,Poland,https://en.wikipedia.org/wiki/Grunwald_Bridge,51.10944444,17.05277778,bridge in Wroclaw
Q241225,Nowy Dwór Castle in Wałbrzych,castles,http://commons.wikimedia.org/wiki/Special:FilePath/Ruiny%20zamku%20Nowy%20Dw%C3%B3r.jpg,Poland,,50.734333333,16.293861111,castle
Q71279,Malbork Castle,castles,http://commons.wikimedia.org/wiki/Special:FilePath/Panorama%20of%20Malbork%20Castle%2C%20part%204.jpg,Poland,https://en.wikipedia.org/wiki/Malbork_Castle,54.039722222,19.027777777,castle built in Prussia (now Poland) by the Teutonic Knights
Q599592,Silesian Stadium,stadiums,http://commons.wikimedia.org/wiki/Special:FilePath/Panorama%20stadionu.jpg,Poland,https://en.wikipedia.org/wiki/Silesian_Stadium,50.288333,18.973056,"Polish national athletics stadium in Chorzów, Poland"
Q179693,Kazimierz Górski National Stadium,stadiums,http://commons.wikimedia.org/wiki/Special:FilePath/Stadion%20narodowy%20panorama.jpg,Poland,https://en.wikipedia.org/wiki/Stadion_Narodowy,52.239444,21.045556,"football stadium located in Warsaw, Poland"
Q522109,Wrocław University of Science and Technology,universities,http://commons.wikimedia.org/wiki/Special:FilePath/Politechnika%20Wroclawska%20-%20budynek%20glowny.jpg,Poland,https://en.wikipedia.org/wiki/Wroc%C5%82aw_University_of_Science_and_Technology,51.10733,17.05958,"technical university in Wrocław, Poland"
Q1718656,Warsaw University of Technology,universities,http://commons.wikimedia.org/wiki/Special:FilePath/Gmach%20G%C5%82%C3%B3wny%20Politechniki%20Warszawskiej%202018.jpg,Poland,https://en.wikipedia.org/wiki/Warsaw_University_of_Technology,52.220278055,21.010556111,"technical university in Warsaw, Poland"
Q1788258,Koszalin University of Technology,universities,http://commons.wikimedia.org/wiki/Special:FilePath/Technical%20University%20of%20Koszalin.jpg,Poland,https://en.wikipedia.org/wiki/Koszalin_University_of_Technology,54.203611111,16.197222222,"technical university in Koszalin, Poland"
Q2140369,Łódź University of Technology,universities,http://commons.wikimedia.org/wiki/Special:FilePath/Politechnika%20%C5%81%C3%B3dzka%20-%20Campus%20B.JPG,Poland,https://en.wikipedia.org/wiki/%C5%81%C3%B3d%C5%BA_University_of_Technology,51.75,19.4499,"university of technology in Łódź, Poland"
Q2333801,Lublin University of Technology,universities,http://commons.wikimedia.org/wiki/Special:FilePath/Politechnika%20Lubelska%20Rektorat%20hdr%20m%20p.net.jpg,Poland,https://en.wikipedia.org/wiki/Lublin_University_of_Technology,51.23555556,22.55027778,"technical university in Lublin, Poland"
Q2399303,Kielce University of Technology,universities,http://commons.wikimedia.org/wiki/Special:FilePath/Politechnika%20swietokrzyska%20biblioteka.jpg,Poland,https://en.wikipedia.org/wiki/Kielce_University_of_Technology,50.878611,20.64,"technical university in Kielce, Poland"
Q2399339,Opole University of Technology,universities,http://commons.wikimedia.org/wiki/Special:FilePath/WBPOodtylu.jpg,Poland,https://en.wikipedia.org/wiki/Opole_University_of_Technology,50.7,17.95,"technical university in Opole, Poland"
Q3133484,Szczecin University of Technology,universities,http://commons.wikimedia.org/wiki/Special:FilePath/Szczecin%20University%20of%20Technology.jpg,Poland,https://en.wikipedia.org/wiki/Szczecin_University_of_Technology,53.4248,14.5352,Polish university
Q4902926,Bialystok University of Technology,universities,http://commons.wikimedia.org/wiki/Special:FilePath/Budynek%20CNK%20od%20strony%20kampusu%20Politechniki%20Bia%C5%82ostockiej.jpg,Poland,https://en.wikipedia.org/wiki/Bia%C5%82ystok_University_of_Technology,53.116666666,23.146111111,"technical university in Białystok, Poland"
Q9386786,Q9386786,universities,http://commons.wikimedia.org/wiki/Special:FilePath/Wa%C5%82brzych%2C%20Zamiejscowy%20O%C5%9Brodek%20Dydaktyczny%20Politechniki%20Wroc%C5%82awskiej%20w%20Wa%C5%82brzychu%20Biurowiec%20huty%20Karol%20-%20fotopolska.eu%20%28140461%29.jpg,Poland,,50.792455075,16.288064102,
Q175529,John Paul II Catholic University of Lublin,universities,http://commons.wikimedia.org/wiki/Special:FilePath/Lublin%2Ckul%2Ccollegium.JPG,Poland,https://en.wikipedia.org/wiki/John_Paul_II_Catholic_University_of_Lublin,51.247777777,22.544722222,"Catholic university in Lublin, Poland"
Q614293,International University of Logistics and Transport In Wrocław,universities,http://commons.wikimedia.org/wiki/Special:FilePath/Mwslit.jpg,Poland,https://en.wikipedia.org/wiki/International_University_of_Logistics_and_Transport_in_Wroc%C5%82aw,51.11,17.0222,"private higher education institution in Wrocław, Poland"
Q615154,University of Silesia in Katowice,universities,http://commons.wikimedia.org/wiki/Special:FilePath/U%C5%9A%20rektorat%20deptak.jpg,Poland,https://en.wikipedia.org/wiki/University_of_Silesia_in_Katowice,50.26075,19.028305555,university in Poland
Q1416331,Cardinal Stefan Wyszyński University in Warsaw,universities,http://commons.wikimedia.org/wiki/Special:FilePath/Poland%20Warsaw%20UKSW%20Wojcickiego%20Auditorium%20Maximum.jpg,Poland,https://en.wikipedia.org/wiki/Cardinal_Stefan_Wyszy%C5%84ski_University_in_Warsaw,52.29523,20.959979,Polish university
Q348402,Adam Mickiewicz University in Poznań,universities,http://commons.wikimedia.org/wiki/Special:FilePath/Poznan%2010-2013%20img06%20University.jpg,Poland,https://en.wikipedia.org/wiki/Adam_Mickiewicz_University_in_Pozna%C5%84,52.4047,16.9155,university in Poland
Q366071,University of Zielona Góra,universities,http://commons.wikimedia.org/wiki/Special:FilePath/Zielona%20G%C3%B3ra%2C%20ul.%20Licealna%209%20%28rektorat%20UZ%29.jpg,Poland,https://en.wikipedia.org/wiki/University_of_Zielona_G%C3%B3ra,51.93638889,15.50694444,"university in Zielona Góra, Poland"
Q413829,Józef Piłsudski University of Physical Education in Warsaw,universities,http://commons.wikimedia.org/wiki/Special:FilePath/Budynek%20g%C5%82%C3%B3wny%20AWF%20Warszawa.JPG,Poland,"https://en.wikipedia.org/wiki/J%C3%B3zef_Pi%C5%82sudski_University_of_Physical_Education,_Warsaw",52.28527778,20.95444444,"higher education institution for sport and physical education in Warsaw, Poland"
Q414316,National Defence University of Warsaw,universities,http://commons.wikimedia.org/wiki/Special:FilePath/Brama%20AON.JPG,Poland,https://en.wikipedia.org/wiki/National_Defence_University_of_Warsaw,52.267222,21.175278,military academy in Poland
Q323572,Ełcka Kolej Wąskotorowa,museums,http://commons.wikimedia.org/wiki/Special:FilePath/Lyck%20-%20EKW1-small.jpg,Poland,https://en.wikipedia.org/wiki/E%C5%82k_Narrow_Gauge_Railway,53.78664,22.56384,railway line
Q114597,Old Jewish Cemetery,museums,http://commons.wikimedia.org/wiki/Special:FilePath/9996viki%20foto%20Barbara%20Maliszewska.jpg,Poland,"https://en.wikipedia.org/wiki/Old_Jewish_Cemetery,_Wroc%C5%82aw",51.08694444,17.025,cemetery in Wroclaw
Q136946,City Museum of Wrocław,museums,http://commons.wikimedia.org/wiki/Special:FilePath/MMW%20Sukiennice%20Wroc%C5%82aw.jpg,Poland,,51.1097,17.0325,museum
Q345276,Łazienki Palace,museums,http://commons.wikimedia.org/wiki/Special:FilePath/Warszawa%20-%20Pa%C5%82ac%20%C5%81azienkowski%20%2813%29.jpg,Poland,https://en.wikipedia.org/wiki/Palace_on_the_Isle,52.21512,21.03582,"palace in Warszaw, Poland"
Q349091,ORP Błyskawica,museums,http://commons.wikimedia.org/wiki/Special:FilePath/Blyskawica%20l%20d.jpg,Poland,https://en.wikipedia.org/wiki/ORP_B%C5%82yskawica,54.519554,18.551212,1936 Grom-class destroyer
Q9362678,Q9362678,space,http://commons.wikimedia.org/wiki/Special:FilePath/KST%20%28Krak%C3%B3w%20Fast%20Tram%29%20tunnel%2C%20view%20from%20N%2C%20Pawia%20Street%2C%20Krak%C3%B3w%2C%20Poland.jpg,Poland,,50.0687,19.9483,
Q9362682,Saint Raphael Kalinowski Tunnel in Kraków,space,http://commons.wikimedia.org/wiki/Special:FilePath/Tunel%C5%9Aw.Rafa%C5%82aKalinowskiego-WjazdOdStronyWschodniej-POL%2C%20Krak%C3%B3w.jpg,Poland,,50.069,19.9478,
Q9362684,Motorway A2 tunnel in Luboń,space,http://commons.wikimedia.org/wiki/Special:FilePath/Viaduct%20A3%20Lubo%C5%84%20Poznan.jpg,Poland,,52.3543,16.8971,"road tunnel in Luboń, Poland, under railway routes Poznań–Wrocław and Poznań Starołęka–Luboń koło Poznania"
Q9362690,Lupkow tunnel,space,http://commons.wikimedia.org/wiki/Special:FilePath/Lupkow-Tunnel%20may2025%2037.jpg,Poland,,49.2506,22.0387,railway tunnel on the Poland–Slovakia border
Q9362691,Mały Wołowiec rail tunnel,space,http://commons.wikimedia.org/wiki/Special:FilePath/Tunele%20pod%20Ma%C5%82ym%20Wo%C5%82owcem%202.jpg,Poland,,50.7327,16.3179,rail tunnel in Poland
Q9362688,Tunnel under Martwa Wisła,space,http://commons.wikimedia.org/wiki/Special:FilePath/Letnica%2C%20Gda%C5%84sk%2C%20Poland%20-%20panoramio%20%287%29.jpg,Poland,https://en.wikipedia.org/wiki/Martwa_Wis%C5%82a_Tunnel,54.383,18.6625,tunnel in Gdańsk
Q9362689,Szklarska Poręba Tunnel,space,http://commons.wikimedia.org/wiki/Special:FilePath/Eisenbahntunnel%20Schreiberhau%2C%20Moltkefelstunnel.jpg,Poland,,50.8511,15.5604,"railway tunnel in Lower Silesia, Poland"
Q9362695,Military objects in Strzyżów,space,http://commons.wikimedia.org/wiki/Special:FilePath/Tunel%20schronowy%20w%20Strzyzowie%20%28od%20Zarnowej%29%2021.%2004.09%20p.jpg,Poland,,49.869289,21.808326,
Q9362692,Tunnel under the Royal Castle Square in Warsaw,space,http://commons.wikimedia.org/wiki/Special:FilePath/Tunel%20WZ%202009%2005.jpg,Poland,,52.2466,21.0127,"tunnel in Warsaw, Poland"
Q9362701,Świerkową Kopą Tunnel,space,http://commons.wikimedia.org/wiki/Special:FilePath/%C5%9Awierki%20tunel.jpg,Poland,,50.6336,16.4288,"railway tunnel in Lower Silesia, Poland"
Q421819,Wanda Mound,history_and_mysteries,http://commons.wikimedia.org/wiki/Special:FilePath/Mogi%C5%82a%20Wandy%20pod%20Krakowem.jpg,Poland,https://en.wikipedia.org/wiki/Wanda_Mound,50.070277777,20.068055555,tumulus
Q722446,Krakus Mound,history_and_mysteries,http://commons.wikimedia.org/wiki/Special:FilePath/Kopiec%20Kraka-widok%20z%20po%C5%82udnia-POL%2C%20Krak%C3%B3w.jpg,Poland,https://en.wikipedia.org/wiki/Krakus_Mound,50.03805,19.95844,kurgan of mythical founder of Kraków in Poland
Q403671,Humberto Delgado Airport,airports,http://commons.wikimedia.org/wiki/Special:FilePath/Aeroporto%20Lisboa%20-%20panoramio.jpg,Portugal,https://en.wikipedia.org/wiki/Lisbon_Airport,38.774167,-9.134167,"International airport serving Lisbon, Portugal"
Q1515751,Sete Cidades Massif,volcanoes,http://commons.wikimedia.org/wiki/Special:FilePath/Sete%20cidades%20twin%20lakes.JPG,Portugal,https://en.wikipedia.org/wiki/Sete_Cidades_Massif,37.855194444,-25.786166666,mountain and crater lake in Portugal
Q15670,Sor River,rivers,http://commons.wikimedia.org/wiki/Special:FilePath/Ponte%20de%20Sor%2002.jpg,Portugal,,38.995081,-8.28397,river in Portugal
Q15671,Zêzere River,rivers,http://commons.wikimedia.org/wiki/Special:FilePath/Lago%20Azul%20no%20Rio%20Z%C3%AAzere.JPG,Portugal,https://en.wikipedia.org/wiki/Z%C3%AAzere_River,39.4734,-8.3396,river in Portugal
Q15669,Ribeira da Raia,rivers,http://commons.wikimedia.org/wiki/Special:FilePath/River%20Raia.jpg,Portugal,,38.995081,-8.28397,river in Portugal
Q15673,Rio Ocreza,rivers,http://commons.wikimedia.org/wiki/Special:FilePath/Ocreza%20River%20%282115932685%29.jpg,Portugal,,39.5375,-7.825,river in Portugal
Q15676,River Ponsul,rivers,http://commons.wikimedia.org/wiki/Special:FilePath/Ponte%20sobre%20o%20Rio%20Ponsul.jpg,Portugal,,39.666861111,-7.515694444,river of Portugal
Q16671,Mira River,rivers,http://commons.wikimedia.org/wiki/Special:FilePath/Vila%20Nova%20de%20Milfontes.jpg,Portugal,https://en.wikipedia.org/wiki/Mira_River_(Portugal),37.717911111,-8.788855555,river in Portugal
Q16669,Sado River,rivers,http://commons.wikimedia.org/wiki/Special:FilePath/2007.03.23.pt.AlcacerdoSal.PonteFerro.Nova.jpg,Portugal,https://en.wikipedia.org/wiki/Sado_River,38.4894,-8.9233,river in Portugal
Q16689,Caia River,rivers,http://commons.wikimedia.org/wiki/Special:FilePath/R%C3%ADo%20Caya%20en%20la%20frontera%20de%20Espa%C3%B1a%20y%20Portugal.JPG,Portugal,https://en.wikipedia.org/wiki/Caia_(river),38.87558333,-7.03611111,river in Portugal
Q340091,Selvagem Pequena Island,islands,http://commons.wikimedia.org/wiki/Special:FilePath/Selvagem%20Pequena%20-%201ago04.jpg,Portugal,https://en.wikipedia.org/wiki/Selvagem_Pequena_Island,30.034166666,-16.026944444,island
Q551793,Farelo Railway Bridge,bridges,http://commons.wikimedia.org/wiki/Special:FilePath/Ponte%20do%20Farelo%202017.jpg,Portugal,,37.1568119,-8.6034322,railway bridge in Portugal
Q1322447,Luis I Bridge,bridges,http://commons.wikimedia.org/wiki/Special:FilePath/Puente%20Don%20Luis%20I%2C%20Oporto%2C%20Portugal%2C%202012-05-09%2C%20DD%2013.JPG,Portugal,https://en.wikipedia.org/wiki/Dom_Lu%C3%ADs_I_Bridge,41.139722,-8.609444,"bridge in Porto, Portugal"
Q213362,Castle of Elvas,castles,http://commons.wikimedia.org/wiki/Special:FilePath/Porta%20do%20Castelo%20de%20Elvas.jpg,Portugal,https://en.wikipedia.org/wiki/Castle_of_Elvas,38.88354167,-7.16289167,"building in Elvas, Portalegre District, Portugal"
Q271454,Estádio do Dragão,stadiums,http://commons.wikimedia.org/wiki/Special:FilePath/Est%C3%A1dio%20do%20Drag%C3%A3o%20%288468978586%29.jpg,Portugal,https://en.wikipedia.org/wiki/Est%C3%A1dio_do_Drag%C3%A3o,41.161758,-8.583933,"football stadium in Porto, Portugal"
Q287359,Estádio José Alvalade,stadiums,http://commons.wikimedia.org/wiki/Special:FilePath/Est%C3%A1dio%20Jos%C3%A9%20Alvalade%20antes%20do%20jogo%20Sporting%20-%20Arouca.jpg,Portugal,https://en.wikipedia.org/wiki/Est%C3%A1dio_Jos%C3%A9_Alvalade,38.761194444,-9.160783333,"football stadium in Lisbon, Portugal"
Q264190,Caramulo Museum,museums,http://commons.wikimedia.org/wiki/Special:FilePath/Portugal%20Caramulo%20Museumsgeb%C3%A4ude.JPG,Portugal,,40.569814,-8.171719,"museum in Caramulo, Portugal"
Q10386060,Marão Tunnel,space,http://commons.wikimedia.org/wiki/Special:FilePath/T%C3%BAnel%20do%20Mar%C3%A3o%20Portugal%2002.jpg,Portugal,,41.2735336,-7.9027672,Tunnel in Portugal
Q682615,The Pearl Island,islands,http://commons.wikimedia.org/wiki/Special:FilePath/Pearl-Qatar%20Doha%20Qatar%2011Nov2017%20SkySat.jpg,Qatar,https://en.wikipedia.org/wiki/The_Pearl_Island,25.368611,51.551583,"artificial island in Doha, Qatar"
Q285531,Al Janoub Stadium,stadiums,http://commons.wikimedia.org/wiki/Special:FilePath/28%2010%202019%20Visita%20ao%20est%C3%A1dio%20de%20futebol%20Al%20Janoub%20%2848977932316%29.jpg,Qatar,https://en.wikipedia.org/wiki/Al_Janoub_Stadium,25.159777777,51.574083333,"Football stadium in Al Wakrah, Qatar"
Q559340,Livingstone Falls,waterfalls,http://commons.wikimedia.org/wiki/Special:FilePath/Chutes%20Livingstone.jpg,Republic of the Congo,https://en.wikipedia.org/wiki/Livingstone_Falls,-4.83333,14.5,whitewater rapids on the Congo River in the Democratic Republic of the Congo and the Republic of the Congo
Q263883,Odzala National Park,national_parks,http://commons.wikimedia.org/wiki/Special:FilePath/Primage2.jpg,Republic of the Congo,https://en.wikipedia.org/wiki/Odzala-Kokoua_National_Park,0.8,14.9,national park
Q302517,Nabemba Tower,skyscrapers,http://commons.wikimedia.org/wiki/Special:FilePath/FLEUVE%2001.jpg,Republic of the Congo,https://en.wikipedia.org/wiki/Nabemba_Tower,-4.27212,15.2891,architectural structure
Q23725,Byzantium,landmarks,http://commons.wikimedia.org/wiki/Special:FilePath/1784%20Bocage%20Map%20of%20The%20Bosphorus%20and%20the%20City%20of%20Byzantium%20-%20Istanbul%20-%20Constantinople%20-%20Geographicus%20-%20Bosphorus-white-1793.jpg,Roman Republic,https://en.wikipedia.org/wiki/Byzantium,41.013416666,28.983638888,"ancient Greek city, precursor of Constantinople"
Q346141,Ada Kaleh,islands,http://commons.wikimedia.org/wiki/Special:FilePath/Ada%20Kaleh.jpg,Romania,https://en.wikipedia.org/wiki/Ada_Kaleh,44.716666666,22.45,island
Q82371,Semenic-Cheile Carașului National Park,national_parks,http://commons.wikimedia.org/wiki/Special:FilePath/Caras%20river.jpg,Romania,https://en.wikipedia.org/wiki/Semenic-Cara%C8%99_Gorge_National_Park,45.142,21.977,national park
Q168372,Cheile Nerei-Beușnița National Park,national_parks,http://commons.wikimedia.org/wiki/Special:FilePath/Cascadele%20Beu%C8%99ni%C8%9Bei.JPG,Romania,https://en.wikipedia.org/wiki/Nera_Gorge-Beu%C8%99ni%C8%9Ba_National_Park,44.951194,21.8882,national park of Romania
Q204931,Retezat National Park,national_parks,http://commons.wikimedia.org/wiki/Special:FilePath/Retezat%20near%20camp%20Bucura.JPG,Romania,https://en.wikipedia.org/wiki/Retezat_National_Park,45.333333333,22.833333333,"national park of Romania, Biosphere reserve in Romania"
Q241960,Cheile Bicazului-Hășmaș National Park,national_parks,http://commons.wikimedia.org/wiki/Special:FilePath/H%C4%83%C8%99ma%C8%99%20Mountains.jpg,Romania,https://en.wikipedia.org/wiki/Cheile_Bicazului-H%C4%83%C8%99ma%C8%99_National_Park,46.81198,25.81894,national park
Q568264,Buila-Vânturarița National Park,national_parks,http://commons.wikimedia.org/wiki/Special:FilePath/Buila4.JPG,Romania,https://en.wikipedia.org/wiki/Buila-V%C3%A2nturari%C8%9Ba_National_Park,45.24,24.096,national park
Q663484,Rodna National Park,national_parks,http://commons.wikimedia.org/wiki/Special:FilePath/Varful%20Pietrosul%20Rodnei.jpg,Romania,https://en.wikipedia.org/wiki/Rodna_Mountains_National_Park,47.54,24.735,national park
Q1164460,Histria,landmarks,http://commons.wikimedia.org/wiki/Special:FilePath/2006%200814Histria%20Main%20Gate%20Roman20060404.jpg,Romania,https://en.wikipedia.org/wiki/Histria_(ancient_city),44.5475,28.774722,ancient Greek city on the western coast of the Black Sea
Q126576,Corvin Castle,castles,http://commons.wikimedia.org/wiki/Special:FilePath/Castelul%20Corvinilor%20HD.jpg,Romania,https://en.wikipedia.org/wiki/Corvin_Castle,45.7491,22.8883,"Castle in Hunedoara, Romania"
Q549018,Stadionul Municipal,stadiums,http://commons.wikimedia.org/wiki/Special:FilePath/Stadionul%20Municipal%20%28Vaslui%29.jpg,Romania,https://en.wikipedia.org/wiki/Vaslui_Municipal_Stadium,46.6335,27.733319,"stadium in Vaslui, Romania"
Q347676,Memorial of the Victims of Communism and of the Resistance,museums,http://commons.wikimedia.org/wiki/Special:FilePath/2023-APR%20-%20Memorialul%20Sighet%20%28Exterior%29%20IMG%2009.jpg,Romania,https://en.wikipedia.org/wiki/Memorial_of_the_Victims_of_Communism_and_of_the_Resistance,47.92666667,23.89111111,"museum in Sighetu Marmației, Romania"
Q47151,Kazan International Airport,airports,http://commons.wikimedia.org/wiki/Special:FilePath/Kazan%20International%20Airport.jpg,Russia,https://en.wikipedia.org/wiki/Kazan_International_Airport,55.606666666,49.281666666,"international airport in Russia, around 25 km southeast of Kazan and the largest airport in Tatarstan"
Q186614,Domodedovo International Airport,airports,http://commons.wikimedia.org/wiki/Special:FilePath/Domodedovo%20Airport.jpg,Russia,https://en.wikipedia.org/wiki/Moscow_Domodedovo_Airport,55.408611111,37.906111111,"international airport serving Moscow, Russia"
Q192733,Sheremetyevo International Airport,airports,http://commons.wikimedia.org/wiki/Special:FilePath/SVO%20aerial%20view%202024.jpg,Russia,https://en.wikipedia.org/wiki/Sheremetyevo_International_Airport,55.972777777,37.414722222,"international airport serving Moscow, Russia"
Q558204,Abakan International Airport,airports,http://commons.wikimedia.org/wiki/Special:FilePath/Abakan%20Airport.jpg,Russia,https://en.wikipedia.org/wiki/Abakan_International_Airport,53.743277777,91.385861111,airport
Q577067,Vladivostok International Airport,airports,http://commons.wikimedia.org/wiki/Special:FilePath/NewUHWWterminal.jpg,Russia,https://en.wikipedia.org/wiki/Vladivostok_International_Airport,43.399166666,132.151388888,"international airport serving Vladivostok, Russia"
Q2186376,Sinarka,peaks,http://commons.wikimedia.org/wiki/Special:FilePath/Sinarka%20ISS%20cut.jpg,Russia,https://en.wikipedia.org/wiki/Sinarka,48.873888888,154.180833333,"mountain in Severo-Kurilsky District, Russia"
Q207680,Mount Kazbek,peaks,http://commons.wikimedia.org/wiki/Special:FilePath/Mkinvarcveri.jpg,Russia,https://en.wikipedia.org/wiki/Mount_Kazbek,42.696944444,44.518888888,Dormant volcano in Georgia and Russia
Q210252,Klyuchevskaya Sopka,peaks,http://commons.wikimedia.org/wiki/Special:FilePath/Klju%C4%8Devskaja%20za%20v%C3%BDchodu%20slunce.jpg,Russia,https://en.wikipedia.org/wiki/Klyuchevskaya_Sopka,56.066666666,160.633333333,active volcano located on the peninsula of Kamchatka in Russia
Q288403,Sarychev Peak,peaks,http://commons.wikimedia.org/wiki/Special:FilePath/Matua.jpg,Russia,https://en.wikipedia.org/wiki/Sarychev_Peak,48.090555555,153.201388888,volcano
Q1112205,Zhupanovsky,volcanoes,http://commons.wikimedia.org/wiki/Special:FilePath/Zhupanovsky%20volcano.jpg,Russia,https://en.wikipedia.org/wiki/Zhupanovsky,53.59,159.3147,"volcano on Kamchatka, Russia"
Q1112255,Dzenzursky,volcanoes,http://commons.wikimedia.org/wiki/Special:FilePath/Dzenzursky.jpg,Russia,https://en.wikipedia.org/wiki/Dzenzursky,53.637,158.922,"volcano on Kamchatka, Russia"
Q1112273,Kambalny,volcanoes,http://commons.wikimedia.org/wiki/Special:FilePath/Kambalny.jpg,Russia,https://en.wikipedia.org/wiki/Kambalny,51.3,156.866666666,"volcano on Kamchatka, Russia"
Q1112372,Zheltovsky,volcanoes,http://commons.wikimedia.org/wiki/Special:FilePath/ISS039-E-14786%20-%20View%20of%20Russia.jpg,Russia,https://en.wikipedia.org/wiki/Zheltovsky,51.5771,157.3281,"volcano on Kamchatka, Russia"
Q1140054,Kell,volcanoes,http://commons.wikimedia.org/wiki/Special:FilePath/Belenkaya.jpg,Russia,https://en.wikipedia.org/wiki/Kell_(volcano),51.65,157.35,volcano
Q1322653,Gorely,volcanoes,http://commons.wikimedia.org/wiki/Special:FilePath/%D0%92%D1%83%D0%BB%D0%BA%D0%B0%D0%BD%20%D0%93%D0%BE%D1%80%D0%B5%D0%BB%D1%8B%D0%B9%20%D0%9A%D0%B0%D0%BC%D1%87%D0%B0%D1%82%D0%BA%D0%B0.jpg,Russia,https://en.wikipedia.org/wiki/Gorely,52.558333333,158.033333333,mountain in Russia
Q385882,Fuss Peak,volcanoes,http://commons.wikimedia.org/wiki/Special:FilePath/Fussa%20ISS%20cut.jpg,Russia,https://en.wikipedia.org/wiki/Fuss_Peak,50.269722222,155.2475,mountain
Q414577,Akademia Nauk,volcanoes,http://commons.wikimedia.org/wiki/Special:FilePath/Akademia%20nauk.jpg,Russia,https://en.wikipedia.org/wiki/Akademia_Nauk,53.966666666,159.45,Volcano in Russia
Q28059689,Queen Victoria Sea,seas,http://commons.wikimedia.org/wiki/Special:FilePath/Map%20of%20Franz%20Josef%20Land%20showing%20journeys%20and%20discoveries%20of%20Frederick%20G.%20Jackson%2C%20F.R.G.S.%20-%20UvA-BC%20OTM%20HB-KZL%2061%2018%2038.jpg,Russia,https://en.wikipedia.org/wiki/Queen_Victoria_Sea,81.5,38.0,"body of water in the Arctic Ocean, stretching from northeast of Svalbard to northwest Franz Josef Land"
Q68939,Sakmara,rivers,http://commons.wikimedia.org/wiki/Special:FilePath/Sakmara%20near%20Saraktash.jpg,Russia,https://en.wikipedia.org/wiki/Sakmara_(river),51.772222222,55.026388888,"river in Bashkiria, Russia"
Q68941,Bolshoy Ik,rivers,http://commons.wikimedia.org/wiki/Special:FilePath/Very%20small%20ford%20across%20Bol%27shoy%20Ik.jpg,Russia,https://en.wikipedia.org/wiki/Bolshoy_Ik,51.8233,56.3894,"river in Bashkiria and Orenburg Oblast, Russia"
Q71122,Chir,rivers,http://commons.wikimedia.org/wiki/Special:FilePath/Chir%20River%20001.jpg,Russia,https://en.wikipedia.org/wiki/Chir_(river),49.395277777,41.152222222,"river in Rostov and Volgograd Oblasts, Russia"
Q2160,Vologda River,rivers,http://commons.wikimedia.org/wiki/Special:FilePath/%D0%9D%D0%B0%D0%B1%D0%B5%D1%80%D0%B5%D0%B6%D0%BD%D0%B0%D1%8F%20%D0%BE%D1%82%20%D0%B2%D0%BF%D0%B0%D0%B4%D0%B5%D0%BD%D0%B8%D1%8F%20%D0%97%D0%BE%D0%BB%D0%BE%D1%82%D1%83%D1%85%D0%B8.JPG,Russia,https://en.wikipedia.org/wiki/Vologda_(river),59.472222222,38.929166666,"river in Vologda Oblast, Russia"
Q3171,Gorin,rivers,http://commons.wikimedia.org/wiki/Special:FilePath/Confluence%20of%20Goryun%20and%20Amur%20-%20P1040640.JPG,Russia,https://en.wikipedia.org/wiki/Gorin_(river),50.444444444,135.071944444,Russian river
Q200818,Vodlozero,lakes,http://commons.wikimedia.org/wiki/Special:FilePath/Vodl%200701%20763.jpg,Russia,https://en.wikipedia.org/wiki/Lake_Vodlozero,62.333333333,36.916666666,"lake in Republic of Karelia, Russia"
Q203536,Tsimlyansk Reservoir,lakes,http://commons.wikimedia.org/wiki/Special:FilePath/Tsimlyansk%20res.jpg,Russia,https://en.wikipedia.org/wiki/Tsimlyansk_Reservoir,47.833333333,42.833333333,"reservoir in Volgograd and Rostov Oblasts, Russia"
Q240398,Kovdozero,lakes,http://commons.wikimedia.org/wiki/Special:FilePath/%D0%A1%D0%BE%D0%B1%D0%B0%D1%87%D1%8C%D1%8F%20%D0%BF%D1%80%D0%BE%D1%82%D0%BE%D0%BA%D0%B0.jpg,Russia,https://en.wikipedia.org/wiki/Lake_Kovdozero,66.782777777,32.0,"lake turned reservoir in Murmansk Oblast, Russia"
Q380470,Sestroretsky Razliv,lakes,http://commons.wikimedia.org/wiki/Special:FilePath/Sestroretsk%2015%20oz%20Razliv.jpg,Russia,,60.086944444,30.010277777,"reservoir in St. Petersburg, Russia"
Q373732,Lacha,lakes,http://commons.wikimedia.org/wiki/Special:FilePath/Lake%20Lacha%202018-07-29%20Sentinel-2%20L2A%20True%20color.jpg,Russia,https://en.wikipedia.org/wiki/Lake_Lacha,61.333333333,38.8,"lake in Arkhangelsk Oblast, Russia"
Q375029,Rybinsk Reservoir,lakes,http://commons.wikimedia.org/wiki/Special:FilePath/Rybinsk%20Reservoir%20in%20April%202.jpg,Russia,https://en.wikipedia.org/wiki/Rybinsk_Reservoir,58.366666666,38.433333333,"reservoir in Yaroslavl, Tver, and Vologda Oblasts, Russia"
Q125559635,Bobrovy Island,islands,http://commons.wikimedia.org/wiki/Special:FilePath/Bobrovy%20Island.jpg,Russia,,55.692777777,37.698333333,Island on the Moskva River in Nagatinsky Zaton District
Q494269,Moneron Island,islands,http://commons.wikimedia.org/wiki/Special:FilePath/Moneron%20Island.jpg,Russia,https://en.wikipedia.org/wiki/Moneron_Island,46.254,141.232694444,island off of Sakhalin Island
Q494293,Furugelm Island,islands,http://commons.wikimedia.org/wiki/Special:FilePath/%D0%A4%D1%83%D1%80%D1%83%D0%B3%D0%B5%D0%BB%D1%8C%D0%BC%D0%B0%20%D0%BE%D1%81%D1%82%D1%80%D0%BE%D0%B2%2C%20%D0%B1%D1%83%D1%85%D1%82%D0%B0%20%D0%97%D0%B0%D0%BF%D0%B0%D0%B4%D0%BD%D0%B0%D1%8F.jpg,Russia,https://en.wikipedia.org/wiki/Furugelm_Island,42.45,130.916666666,"island in Peter the Great Gulf, Sea of Japan, Russia"
Q494451,Popov Island,islands,http://commons.wikimedia.org/wiki/Special:FilePath/19%20Ostrov%20Popova.jpg,Russia,https://en.wikipedia.org/wiki/Popov_Island,42.95,131.716666666,"island in Peter the Great Gulf, Russia, part of Eugénie Archipelago"
Q494924,Russky Island,islands,http://commons.wikimedia.org/wiki/Special:FilePath/20220812%20Vladivostok%20Russky%20island%20coastline.jpg,Russia,https://en.wikipedia.org/wiki/Russky_Island,43.0,131.833333333,"island in Peter the Great Gulf, Russia, part of Eugénie Archipelago"
Q497267,Bolshoy Tyuters,islands,http://commons.wikimedia.org/wiki/Special:FilePath/Tytarsaari1.jpg,Russia,https://en.wikipedia.org/wiki/Bolshoy_Tyuters,59.851666666,27.199722222,Russian island in Baltic Sea
Q498413,Iony Island,islands,http://commons.wikimedia.org/wiki/Special:FilePath/Okhotsk-Japan5ION.png,Russia,https://en.wikipedia.org/wiki/Iony_Island,56.4,143.383333333,island in Russia
Q665174,Henrietta Island,islands,http://commons.wikimedia.org/wiki/Special:FilePath/Arctic.%20Henrietta%20island.JPG,Russia,https://en.wikipedia.org/wiki/Henrietta_Island,77.1,156.5,"island in De Long Islands, Russia"
Q339997,Brice Island,islands,http://commons.wikimedia.org/wiki/Special:FilePath/Kara%20sea%20ZFJ.PNG,Russia,,80.399825,55.183866666,"island in Franz Josef Land, Russia"
Q369864,Kildin Island,islands,http://commons.wikimedia.org/wiki/Special:FilePath/%D0%9A%D0%B8%D0%BB%D1%8C%D0%B4%D0%B8%D0%BD%20%D0%BD%D0%B0%20%D0%BA%D0%B0%D1%80%D1%82%D0%B5%201790%20%D0%B3%D0%BE%D0%B4%D0%B0.jpg,Russia,https://en.wikipedia.org/wiki/Kildin_Island,69.35,34.066666666,"island in Barents Sea, Russia"
Q370811,Plavinkovy,islands,http://commons.wikimedia.org/wiki/Special:FilePath/Arcipelago%20di%20Sedov-it.svg,Russia,,79.070833333,92.798333333,"island in Severnaya Zemlya, Russia"
Q387757,Wiese Island,islands,http://commons.wikimedia.org/wiki/Special:FilePath/Vize%20Island%202019-08-21%20Sentinel-2%20L2A%20Highlight%20Optimized%20Natural%20Color.jpg,Russia,https://en.wikipedia.org/wiki/Wiese_Island,79.5,76.9,island
Q388996,Rainer Island,islands,http://commons.wikimedia.org/wiki/Special:FilePath/Rainer%20Island%202020-07-30%20Sentinel-2%20L2A%20Highlight%20Optimized%20Natural%20Color.jpg,Russia,https://en.wikipedia.org/wiki/Rainer_Island,81.358611111,58.991388888,island in Russia
Q3651069,Devdaraki,glaciers,http://commons.wikimedia.org/wiki/Special:FilePath/Devdorak%20glacier%20%28Moskvich%20guide%2C%201913%29.jpg,Russia,https://en.wikipedia.org/wiki/Devdaraki,42.709166666,44.531944444,glacier in Georgia
Q3651223,Bezengi Glacier,glaciers,http://commons.wikimedia.org/wiki/Special:FilePath/Bezengi%20Wall%20by%20Konstantin%20Kleine.jpg,Russia,https://en.wikipedia.org/wiki/Bezengi_Glacier,43.085,43.108055555,glacier in Russia
Q15762,Abinsk,cities,http://commons.wikimedia.org/wiki/Special:FilePath/Center%20of%20Abinsk.%20August%202014.%20-%20%D0%A6%D0%B5%D0%BD%D1%82%D1%80%20%D0%90%D0%B1%D0%B8%D0%BD%D1%81%D0%BA%D0%B0.%20%D0%90%D0%B2%D0%B3%D1%83%D1%81%D1%82%202014.%20-%20panoramio.jpg,Russia,https://en.wikipedia.org/wiki/Abinsk,44.866666666,38.166666666,"town in Krasnodar Krai, Russia"
Q3752,Maykop,cities,http://commons.wikimedia.org/wiki/Special:FilePath/%D0%92%D0%BE%D0%BA%D0%B7%D0%B0%D0%BB%20%D0%9C%D0%B0%D0%B9%D0%BA%D0%BE%D0%BF%D0%B0.JPG,Russia,https://en.wikipedia.org/wiki/Maykop,44.6,40.083333333,city in the south of Russia
Q997522,Shcholkine,cities,http://commons.wikimedia.org/wiki/Special:FilePath/Shcholkine%20panorama2.jpg,Russia,https://en.wikipedia.org/wiki/Shcholkine,45.423611111,35.818611111,"city, administrative territorial entity of Crimea, Ukraine"
Q1659768,Brianka,cities,http://commons.wikimedia.org/wiki/Special:FilePath/%D0%94%D0%B2%D0%BE%D1%80%D0%B5%D1%86%20%D0%BA%D1%83%D0%BB%D1%8C%D1%82%D1%83%D1%80%D1%8B%20%D0%B8%D0%BC.%20%D0%9E%D0%BA%D1%82%D1%8F%D0%B1%D1%80%D1%8C%D1%81%D0%BA%D0%BE%D0%B9%20%D1%80%D0%B5%D0%B2%D0%BE%D0%BB%D1%8E%D1%86%D0%B8%D0%B8.JPG,Russia,https://en.wikipedia.org/wiki/Brianka,48.513333333,38.643055555,"city in Luhansk Oblast, Ukraine"
Q2371760,Debaltseve,cities,http://commons.wikimedia.org/wiki/Special:FilePath/%D0%96%D0%B5%D0%BB%D0%B5%D0%B7%D0%BD%D0%BE%D0%B4%D0%BE%D1%80%D0%BE%D0%B6%D0%BD%D1%8B%D0%B9%20%D0%B2%D0%BE%D0%BA%D0%B7%D0%B0%D0%BB%20%D0%B3%D0%BE%D1%80%D0%BE%D0%B4%D0%B0%20%D0%94%D0%B5%D0%B1%D0%B0%D0%BB%D1%8C%D1%86%D0%B5%D0%B2%D0%BE%2C%202019%20%D0%B3%D0%BE%D0%B4.jpg,Russia,https://en.wikipedia.org/wiki/Debaltseve,48.341111111,38.427777777,"city in Horlivka Raion, Donetsk Oblast, Ukraine"
Q7525,Sevastopol,cities,http://commons.wikimedia.org/wiki/Special:FilePath/Sevastopol%20Collage%202015.png,Russia,https://en.wikipedia.org/wiki/Sevastopol,44.605,33.5225,"port city in Crimea, Ukraine"
Q7830,Sudak,cities,http://commons.wikimedia.org/wiki/Special:FilePath/View%20of%20Sudak%20from%20Genoese%20Fortress.jpg,Russia,https://en.wikipedia.org/wiki/Sudak,44.851388888,34.9725,"city in Crimea, Ukraine"
Q19566,Simferopol,cities,http://commons.wikimedia.org/wiki/Special:FilePath/Simferopol%2C%20Cathedral%20of%20Peter%20and%20Paul%2C%202016.06.21%20%2806%29%20%2829653802846%29.jpg,Russia,https://en.wikipedia.org/wiki/Simferopol,44.948376,34.100039,"city in Crimea, Ukraine"
Q23742,Gorgippia,landmarks,http://commons.wikimedia.org/wiki/Special:FilePath/Gorgippia.JPG,Russia,,44.892209,37.310251,ancient city on the Black Sea
Q3273537,Pazyryk burials,landmarks,http://commons.wikimedia.org/wiki/Special:FilePath/PazyrikHorseman.JPG,Russia,https://en.wikipedia.org/wiki/Pazyryk_burials,49.579,88.153,Iron Age barrow tombs mounds - Scythian-type kurgans containing wooden chambers covered over by large cairns of boulders and stones in Altai mounts of South Siberia
Q80367,Triumph Palace,skyscrapers,http://commons.wikimedia.org/wiki/Special:FilePath/Moscow%2005-2017%20img42%20Triumph%20Palace.jpg,Russia,https://en.wikipedia.org/wiki/Triumph_Palace,55.798333333,37.520833333,"apartment building in Moscow, Russia"
Q521935,Seven Sisters,skyscrapers,http://commons.wikimedia.org/wiki/Special:FilePath/Seven%20sisters%20in%20Moscow.jpg,Russia,https://en.wikipedia.org/wiki/Seven_Sisters_(Moscow),55.703055555,37.530277777,architectural structure
Q253210,Egyptian Bridge,bridges,http://commons.wikimedia.org/wiki/Special:FilePath/Sankt%20Petersburg%20Egyptian%20Bridge%20Spinx.jpg,Russia,https://en.wikipedia.org/wiki/Egyptian_Bridge,59.91695,30.29725,"bridge in St. Petersburg, Russia"
Q190783,Central Stadium,stadiums,http://commons.wikimedia.org/wiki/Special:FilePath/Volgograd%20Central%20Stadium%20aerial%20view.jpg,Russia,https://en.wikipedia.org/wiki/Central_Stadium_(Volgograd),48.734444,44.548333,stadium in Volgograd
Q56173858,Ivanovo State Polytechnic University,universities,http://commons.wikimedia.org/wiki/Special:FilePath/Ivgpuofficialphoto.jpg,Russia,https://en.wikipedia.org/wiki/Ivanovo_State_Polytechnic_University,57.009849,40.979844,"education organization in Ivanovo, Russia"
Q605825,Voronezh State University of Forestry and Technologies,universities,http://commons.wikimedia.org/wiki/Special:FilePath/%D0%98%D0%B7%20%D0%B0%D0%BA%D0%B0%D0%B4%D0%B5%D0%BC%D0%B8%D0%B8%20%D0%B2%20%D1%83%D0%BD%D0%B8%D0%B2%D0%B5%D1%80%D1%81%D0%B8%D0%B5%D1%82%D0%B5%D1%82.JPG,Russia,https://en.wikipedia.org/wiki/Voronezh_State_University_of_Forestry_and_Technologies,51.7185,39.2213,university
Q1051345,Pacific National University,universities,http://commons.wikimedia.org/wiki/Special:FilePath/Togu%20entrance.jpg,Russia,https://en.wikipedia.org/wiki/Pacific_National_University,48.531,135.0525,"university in Khabarovsk, Russia"
Q322964,Moscow State Institute of International Relations,universities,http://commons.wikimedia.org/wiki/Special:FilePath/MGIMO-University-main%20building.jpg,Russia,https://en.wikipedia.org/wiki/Moscow_State_Institute_of_International_Relations,55.67165,37.49021,diplomatic school of the Ministry of Foreign Affairs of Russia
Q323681,Herzen University,universities,http://commons.wikimedia.org/wiki/Special:FilePath/Herzen%20State%20Pedagogical%20University%20of%20Russia%2C%20main%20building%20at%20winter%20evening.JPG,Russia,https://en.wikipedia.org/wiki/Herzen_University,59.93388889,30.31944444,"University in Saint Petersburg, Russia"
Q132783,Hermitage Museum,museums,http://commons.wikimedia.org/wiki/Special:FilePath/Winter%20Palace%20Panorama%204.jpg,Russia,https://en.wikipedia.org/wiki/Hermitage_Museum,59.940555555,30.313611111,"museum in Saint Petersburg, Russia"
Q168713,Aurora,museums,http://commons.wikimedia.org/wiki/Special:FilePath/Cruiser-Aurora.jpg,Russia,https://en.wikipedia.org/wiki/Russian_cruiser_Aurora,59.95546,30.33778,1900 Pallada-class cruiser
Q367690,National Centre for Contemporary Arts,museums,http://commons.wikimedia.org/wiki/Special:FilePath/%D0%93%D0%BE%D1%81%D1%83%D0%B4%D0%B0%D1%80%D1%81%D1%82%D0%B2%D0%B5%D0%BD%D0%BD%D1%8B%D0%B9%20%D1%86%D0%B5%D0%BD%D1%82%D1%80%20%D1%81%D0%BE%D0%B2%D1%80%D0%B5%D0%BC%D0%B5%D0%BD%D0%BD%D0%BE%D0%B3%D0%BE%20%D0%B8%D1%81%D0%BA%D1%83%D1%81%D1%81%D1%82%D0%B2%D0%B0%20%28%D0%93%D0%A6%D0%A1%D0%98%29%20-%20%D0%9C%D0%BE%D1%81%D0%BA%D0%B2%D0%B0.JPG,Russia,https://en.wikipedia.org/wiki/National_Centre_for_Contemporary_Arts,55.78916667,37.60777778,museum in Russia
Q804315,Bakening,natural,http://commons.wikimedia.org/wiki/Special:FilePath/Bakening%20volcano.jpg,Russia,https://en.wikipedia.org/wiki/Bakening,53.905,158.066666666,"stratovolcano on Kamchatka, Russia"
Q807265,Baransky,natural,http://commons.wikimedia.org/wiki/Special:FilePath/%D0%9E%D1%81%D1%82%D1%80%D0%BE%D0%B2%20%D0%98%D1%82%D1%83%D1%80%D1%83%D0%BF.%20%D0%92%D1%83%D0%BB%D0%BA%D0%B0%D0%BD%20%D0%91%D0%B0%D1%80%D0%B0%D0%BD%D1%81%D0%BA%D0%BE%D0%B3%D0%BE.jpg,Russia,https://en.wikipedia.org/wiki/Baransky,45.103333333,148.015555555,volcano on the Iturup Island under Russian administration
Q1320393,Tao-Rusyr Caldera,natural,http://commons.wikimedia.org/wiki/Special:FilePath/OnekotanIslandNASA.jpg,Russia,https://en.wikipedia.org/wiki/Tao-Rusyr_Caldera,49.35,154.7,"caldera on Onekotan Island, Russia"
Q1391645,Shushensky Bor National Park,natural,http://commons.wikimedia.org/wiki/Special:FilePath/%D0%9D%D0%B0%20%D0%95%D0%BD%D0%B8%D1%81%D0%B5%D0%B5%20%D0%BD%D0%B0%D0%BF%D1%80%D0%BE%D1%82%D0%B8%D0%B2%20%D0%A8%D1%83%D1%88%D0%B5%D0%BD%D1%81%D0%BA%D0%BE%D0%B3%D0%BE%20%D0%B1%D0%BE%D1%80%D0%B0.jpg,Russia,https://en.wikipedia.org/wiki/Shushensky_Bor_National_Park,53.3,91.96666667,national park of Russia
Q1393701,Chavash Varmane Bor National Park,natural,http://commons.wikimedia.org/wiki/Special:FilePath/%D0%9D%D0%B0%D1%86%D0%BF%D0%B0%D1%80%D0%BA%20%22%D0%A7%D0%B0%D0%B2%D0%B0%D1%88%20%D0%B2%D0%B0%D1%80%D0%BC%D0%B0%D0%BD%D0%B5%22%20%22%D0%9F%D0%B0%D1%80%D1%85%D0%B0%D1%82%D0%B0%D1%80%22.jpg,Russia,https://en.wikipedia.org/wiki/Chavash_Varmane,54.75,47.13333333,national park of Russia
Q116715,Akagera National Park,national_parks,http://commons.wikimedia.org/wiki/Special:FilePath/Drone%20shots%20of%20the%20Kakum%20Nationa%20Park%2003.jpg,Rwanda,https://en.wikipedia.org/wiki/Akagera_National_Park,-1.633333333,30.783333333,A place where they do tourisme
Q932736,Volcanoes National Park,natural,http://commons.wikimedia.org/wiki/Special:FilePath/Parc%20National%20Des%20Volcans%20-%20Flickr%20-%20Dave%20Proffer%20%284%29.jpg,Rwanda,https://en.wikipedia.org/wiki/Volcanoes_National_Park,-1.4675,29.4925,national park in Rwanda
Q1356828,Nyungwe Forest,natural,http://commons.wikimedia.org/wiki/Special:FilePath/Sunrisenyungwe.jpg,Rwanda,https://en.wikipedia.org/wiki/Nyungwe_Forest,-2.5282157,29.2758463,Nyungwe Forest Park is a national park that located in southwest part of Rwanda
Q7378553,Rugezi Wetland,natural,http://commons.wikimedia.org/wiki/Special:FilePath/Rugezi%20wetland.jpg,Rwanda,https://en.wikipedia.org/wiki/Rugezi_Marsh,-1.528888888,29.909444444,wetland in the Northern Province of Rwanda
Q1269774,Mount Liamuiga,peaks,http://commons.wikimedia.org/wiki/Special:FilePath/ISS022-E-39042%20-%20View%20of%20the%20Lesser%20Antilles.jpg,Saint Kitts and Nevis,https://en.wikipedia.org/wiki/Mount_Liamuiga,17.366666666,-62.8,dormant stratovolcano in Saint Kitts and Nevis
Q200521,Brimstone Hill Fortress National Park,national_parks,http://commons.wikimedia.org/wiki/Special:FilePath/BrimstoneHill01.jpg,Saint Kitts and Nevis,https://en.wikipedia.org/wiki/Brimstone_Hill_Fortress_National_Park,17.347,-62.836,national park in Saint Kitts
Q379656,Saint Vincent,islands,http://commons.wikimedia.org/wiki/Special:FilePath/Salt%20Whistle%20Bay%20%2849996126521%29.jpg,Saint Vincent and the Grenadines,https://en.wikipedia.org/wiki/Saint_Vincent_(Saint_Vincent_and_the_Grenadines),13.25,-61.2,island of Saint Vincent and the Grenadines
Q197933,Faleolo International Airport,airports,http://commons.wikimedia.org/wiki/Special:FilePath/Faleolo%20International%20Airport.jpg,Samoa,https://en.wikipedia.org/wiki/Faleolo_International_Airport,-13.829722222,-172.008333333,international airport in Samoa
Q337519,Savai'i,islands,http://commons.wikimedia.org/wiki/Special:FilePath/Savai%27i%20OnEarth%20WMS.png,Samoa,https://en.wikipedia.org/wiki/Savai%CA%BBi,-13.583333333,-172.416666666,island of Samoa
Q1848,San Marino,cities,http://commons.wikimedia.org/wiki/Special:FilePath/View%20of%20Mount%20Titano%20-%20San%20Marino.jpg,San Marino,https://en.wikipedia.org/wiki/City_of_San_Marino,43.932011111,12.44845,capital city of San Marino
Q47157,King Khalid International Airport,airports,http://commons.wikimedia.org/wiki/Special:FilePath/Riyadh-airport.jpg,Saudi Arabia,https://en.wikipedia.org/wiki/King_Khalid_International_Airport,24.9575996,46.6987991,"international airport serving Riyadh, Saudi Arabia"
Q153592,King Abdulaziz International Airport,airports,http://commons.wikimedia.org/wiki/Special:FilePath/King%20Abdul%20Aziz%20International%20Airport-%20South%20Terminal%20and%20Terminal%201%20%282020-02-16%29.jpeg,Saudi Arabia,https://en.wikipedia.org/wiki/King_Abdulaziz_International_Airport,21.661694444,39.173027777,"international airport serving Jeddah, Saudi Arabia"
Q27660,Jizan,cities,http://commons.wikimedia.org/wiki/Special:FilePath/Jazan%20port.jpg,Saudi Arabia,https://en.wikipedia.org/wiki/Jizan,16.889166666,42.561111111,"capital of Jizan Province, Saudi Arabia"
Q189476,Abraj Al Bait,skyscrapers,http://commons.wikimedia.org/wiki/Special:FilePath/%E0%B4%85%E0%B4%AC%E0%B5%8D%E0%B4%B0%E0%B4%BE%E0%B4%9C%E0%B5%8D%20%E0%B4%85%E0%B5%BD-%E0%B4%AC%E0%B5%88%E0%B4%A4%E0%B5%8D%E0%B4%A4%E0%B5%8D%20%E0%B4%9F%E0%B4%B5%E0%B5%BC.jpg,Saudi Arabia,https://en.wikipedia.org/wiki/The_Clock_Towers,21.418888888,39.826388888,"building complex in Mecca, Saudi Arabia"
Q597308,Blaise Diagne International Airport,airports,http://commons.wikimedia.org/wiki/Special:FilePath/Blaise%20Diagne1.jpg,Senegal,https://en.wikipedia.org/wiki/Blaise_Diagne_International_Airport,14.670833333,-17.068888888,"commercial airport near Dakar, Senegal"
Q513689,Léopold Sédar Senghor International Airport,airports,http://commons.wikimedia.org/wiki/Special:FilePath/Aeroport%20LSS%20Dakar.jpg,Senegal,https://en.wikipedia.org/wiki/L%C3%A9opold_S%C3%A9dar_Senghor_International_Airport,14.743833,-17.479305,commercial airport serving Dakar and sole international airport of Senegal
Q578769,Dindefelo Falls,waterfalls,http://commons.wikimedia.org/wiki/Special:FilePath/Dindefelo.jpg,Senegal,https://en.wikipedia.org/wiki/Dindefelo_Falls,12.364805555,-12.324888888,waterfall in Senegal
Q292411,Magdalen Islands,islands,http://commons.wikimedia.org/wiki/Special:FilePath/%C3%8Eles%20de%20la%20Madeleine%2C%20Dakar.jpg,Senegal,https://en.wikipedia.org/wiki/%C3%8Eles_de_la_Madeleine_(Senegal),14.65374,-17.47108,"island group and national park west of Dakar, Senegal"
Q292474,Île des Oiseaux,islands,http://commons.wikimedia.org/wiki/Special:FilePath/Ile-des-Oiseaux.jpg,Senegal,,13.6308,-16.6417,island
Q679891,Niokolo-Koba National Park,national_parks,http://commons.wikimedia.org/wiki/Special:FilePath/River%20gambia%20Niokolokoba%20National%20Park.gif,Senegal,https://en.wikipedia.org/wiki/Niokolo-Koba_National_Park,13.074166666,-12.722222222,national park of Senegal and UNESCO World Heritage Site
Q127955,Belgrade Nikola Tesla Airport,airports,http://commons.wikimedia.org/wiki/Special:FilePath/Belgrade%20Nikola%20Tesla%20Airport%204.jpg,Serbia,https://en.wikipedia.org/wiki/Belgrade_Nikola_Tesla_Airport,44.819444444,20.306944444,main international airport of Serbia
Q166971,Zavoj Lake,lakes,http://commons.wikimedia.org/wiki/Special:FilePath/ZavojskoJezeroNov2012-01.JPG,Serbia,https://en.wikipedia.org/wiki/Zavoj_Lake,43.266666666,22.633333333,lake in Serbia
Q207138,Zlatar Lake,lakes,http://commons.wikimedia.org/wiki/Special:FilePath/%D0%97%D0%BB%D0%B0%D1%82%D0%B0%D1%80%D1%81%D0%BA%D0%BE%20%D1%98%D0%B5%D0%B7%D0%B5%D1%80%D0%BE02.jpg,Serbia,https://en.wikipedia.org/wiki/Zlatar_Lake,43.508611111,19.838611111,reservoir
Q279300,Belo jezero,lakes,http://commons.wikimedia.org/wiki/Special:FilePath/Lukino%20Selo%20%28%D0%9B%D1%83%D0%BA%D0%B8%D0%BD%D0%BE%20%D0%A1%D0%B5%D0%BB%D0%BE%29%2C%20Serbia.%20Fish%20ponds.%20-%20panoramio.jpg,Serbia,,45.293888888,20.411388888,lake
Q3711,Belgrade,cities,http://commons.wikimedia.org/wiki/Special:FilePath/Beograd%20collage.jpg,Serbia,https://en.wikipedia.org/wiki/Belgrade,44.817777777,20.456944444,capital of Serbia
Q1016110,Burgus of Bač-Bács,cities,http://commons.wikimedia.org/wiki/Special:FilePath/Burgus%20ladenburg%20modell.jpg,Serbia,,45.34559444,19.23398333,burgus
Q164205,Justiniana Prima,history_and_mysteries,http://commons.wikimedia.org/wiki/Special:FilePath/%D0%A6%D0%B0%D1%80%D0%B8%D1%87%D0%B8%D0%BD%20%D0%B3%D1%80%D0%B0%D0%B4-Cari%C4%8Din%20grad%202.jpg,Serbia,https://en.wikipedia.org/wiki/Justiniana_Prima,42.952,21.67,ancient city in Serbia
Q375003,Cousine Island,islands,http://commons.wikimedia.org/wiki/Special:FilePath/Cousine%20island.jpg,Seychelles,https://en.wikipedia.org/wiki/Cousine_Island,-4.35049,55.64725,island of Seychelles
Q3780,Freetown,cities,http://commons.wikimedia.org/wiki/Special:FilePath/Freetown-aerialview.jpg,Sierra Leone,https://en.wikipedia.org/wiki/Freetown,8.487222222,-13.235555555,capital of Sierra Leone
Q32159,Singapore Changi Airport,airports,http://commons.wikimedia.org/wiki/Special:FilePath/Singapore%20Airport%2C%20Jewel%20Changi%2C%2020230722%20%281%29%20%2853337065497%29.jpg,Singapore,https://en.wikipedia.org/wiki/Changi_Airport,1.359167,103.989444,international airport in Singapore
Q37685,Jurong Falls,waterfalls,http://commons.wikimedia.org/wiki/Special:FilePath/Jurong%20Falls.JPG,Singapore,https://en.wikipedia.org/wiki/Jurong_Falls,1.317647222,103.705613888,waterfall
Q333305,One Raffles Place,skyscrapers,http://commons.wikimedia.org/wiki/Special:FilePath/OUB%20Centre%20Skyward.JPG,Singapore,https://en.wikipedia.org/wiki/One_Raffles_Place,1.284258333,103.851063888,skyscraper in Singapore
Q7314413,Republic Polytechnic,universities,http://commons.wikimedia.org/wiki/Special:FilePath/Republic%20Polytechnic%20Logo.jpg,Singapore,https://en.wikipedia.org/wiki/Republic_Polytechnic,1.44472222,103.78508333,post-secondary academic institution in Singapore
Q189395,Zemplínska šírava,lakes,http://commons.wikimedia.org/wiki/Special:FilePath/Slovakia%20Zemplinska%20Sirava%2010.jpg,Slovakia,https://en.wikipedia.org/wiki/Zempl%C3%ADnska_%C5%A1%C3%ADrava,48.783333333,22.036666666,reservoir in Slovakia
Q377938,Capie pleso,lakes,http://commons.wikimedia.org/wiki/Special:FilePath/Hruby%20vrch%20over%20Capie%20pleso.jpg,Slovakia,,49.168333333,20.036388888,lake in Slovakia
Q3489586,Studenovodské vodopády,waterfalls,http://commons.wikimedia.org/wiki/Special:FilePath/Vodopad%20studeny%20potok1.JPG,Slovakia,,49.1653,20.2222,
Q3490027,Šútovský vodopád,waterfalls,http://commons.wikimedia.org/wiki/Special:FilePath/Sutovsky%20vodopad.jpg,Slovakia,https://en.wikipedia.org/wiki/%C5%A0%C3%BAtovsk%C3%BD_vodop%C3%A1d,49.187222222,19.082777777,waterfall in Slovakia
Q3490592,Roháčsky vodopád,waterfalls,http://commons.wikimedia.org/wiki/Special:FilePath/Rohacsky%20vodopad.jpg,Slovakia,,49.2136,19.7289,
Q3505179,Šarafiový vodopád,waterfalls,http://commons.wikimedia.org/wiki/Special:FilePath/Szarafiowy%20Wodospad%20a1.jpg,Slovakia,,49.184722222,19.714722222,"waterfall in Western Tatras, Slovakia"
Q3506208,Batizovské vodopády,waterfalls,http://commons.wikimedia.org/wiki/Special:FilePath/Koncista%20and%20Batizovska%20dolina.jpg,Slovakia,,49.1453,20.1342,
Q3507418,Velický vodopád,waterfalls,http://commons.wikimedia.org/wiki/Special:FilePath/Velicky%20vodopad%20over%20Velicke%20pleso%20I.jpg,Slovakia,,49.1603,20.1553,
Q3507681,Vajanského vodopád,waterfalls,http://commons.wikimedia.org/wiki/Special:FilePath/Ciemnosmreczynska%20Siklawa.jpg,Slovakia,,49.1939,20.025,
Q3507696,Kľacký vodopád,waterfalls,http://commons.wikimedia.org/wiki/Special:FilePath/Klacky%20vodopad.jpg,Slovakia,,48.9825,18.655555555,national natural monument in Slovakia
Q3507756,Waterfalls of Dierovy potok,waterfalls,http://commons.wikimedia.org/wiki/Special:FilePath/Doln%C3%A9%20diery%202%20MF2.jpg,Slovakia,,49.245465,19.072995,
Q607612,Poloniny National Park,national_parks,http://commons.wikimedia.org/wiki/Special:FilePath/%C4%8Eurkovec%20%28poh%C4%BEad%20z%20%C4%8Eurkovca%29%20001.jpg,Slovakia,https://en.wikipedia.org/wiki/Poloniny_National_Park,49.07138889,22.53361111,national park
Q11874,Zvolen,cities,http://commons.wikimedia.org/wiki/Special:FilePath/Zvolen%20centrum%20z%20neba.jpg,Slovakia,https://en.wikipedia.org/wiki/Zvolen,48.5782517,19.1247135,town in Slovakia
Q1780,Bratislava,cities,http://commons.wikimedia.org/wiki/Special:FilePath/Hlavn%C3%A9%20Namestie%20%2835096533142%29.jpg,Slovakia,https://en.wikipedia.org/wiki/Bratislava,48.144722222,17.112777777,capital city of Slovakia
Q186672,Banská Bystrica Castle,castles,http://commons.wikimedia.org/wiki/Special:FilePath/Besztercebanyacivertanlegi1.jpg,Slovakia,https://en.wikipedia.org/wiki/Bansk%C3%A1_Bystrica_Castle,48.73722222,19.14666667,historic site in Slovakia
Q248269,Turňa Castle,castles,http://commons.wikimedia.org/wiki/Special:FilePath/Turniansky%20hrad.jpg,Slovakia,https://en.wikipedia.org/wiki/Tur%C5%88a_Castle,48.611111111,20.874444444,"castle in Košice Region, Slovakia"
Q248735,Lietava Castle,castles,http://commons.wikimedia.org/wiki/Special:FilePath/Hrad%20Lietava%20-%20st%C5%99edn%C3%AD%20pal%C3%A1c.jpg,Slovakia,https://en.wikipedia.org/wiki/Lietava_Castle,49.160706,18.685078,castle in Slovakia
Q203921,Poprad Ice Stadium,stadiums,http://commons.wikimedia.org/wiki/Special:FilePath/Hockey%20Arena%20Poprad%202.jpg,Slovakia,https://en.wikipedia.org/wiki/Poprad_Ice_Stadium,49.060556,20.311111,"arena in Poprad, Slovakia"
Q459204,Čierny Hron Railway,museums,http://commons.wikimedia.org/wiki/Special:FilePath/CHZ%20masinka.JPG,Slovakia,https://en.wikipedia.org/wiki/%C4%8Cierny_Hron_Railway,48.7461,19.6578,railway line
Q7114227,Ovčiarsko Tunnel,space,http://commons.wikimedia.org/wiki/Special:FilePath/Tunel%20Ov%C4%8Diarsko.jpg,Slovakia,https://en.wikipedia.org/wiki/Ov%C4%8Diarsko_Tunnel,49.21611111,18.66416667,highway tunnel in Slovakia
Q69604,Radulja,rivers,http://commons.wikimedia.org/wiki/Special:FilePath/%C5%A0kocjan%2C%20%C5%A0kocjan%2005.jpg,Slovenia,https://en.wikipedia.org/wiki/Radulja,45.916666666,15.233333333,river in Slovenia
Q352429,Boka,waterfalls,http://commons.wikimedia.org/wiki/Special:FilePath/Boka%20Falls%20Slovenia.JPG,Slovenia,https://en.wikipedia.org/wiki/Boka_(waterfall),46.3154356,13.4956044,river in Slovenia
Q3448263,Lobnica (Drava),waterfalls,http://commons.wikimedia.org/wiki/Special:FilePath/Lobnica1.JPG,Slovenia,,46.536469,15.486075,
Q112130174,Otok,islands,http://commons.wikimedia.org/wiki/Special:FilePath/Lucijamarina.JPG,Slovenia,,45.5041915,13.5944195,artifitial island in Marina Portorož
Q120373307,Q120373307,islands,http://commons.wikimedia.org/wiki/Special:FilePath/Otoczek%20koper.jpg,Slovenia,,45.545842673,13.713224045,
Q15855,Bovec,cities,http://commons.wikimedia.org/wiki/Special:FilePath/Bovec%20aerial%20view.jpg,Slovenia,https://en.wikipedia.org/wiki/Bovec,46.337777777,13.552222222,city in Slovenia
Q15858,Brežice,cities,http://commons.wikimedia.org/wiki/Special:FilePath/%C5%A0entvi%C5%A1ka%20gora%2002.jpg,Slovenia,https://en.wikipedia.org/wiki/Bre%C5%BEice,45.904443305,15.592530518,city in Slovenia
Q15860,Cerknica,cities,http://commons.wikimedia.org/wiki/Special:FilePath/Cerknica1.jpg,Slovenia,https://en.wikipedia.org/wiki/Cerknica,45.796388888,14.358055555,city in Slovenia
Q15861,Črnomelj,cities,http://commons.wikimedia.org/wiki/Special:FilePath/Ob%C4%8Dina%20%C4%8Crnomelj.jpg,Slovenia,https://en.wikipedia.org/wiki/%C4%8Crnomelj,45.57111,15.18889,city in Slovenia
Q15867,Dravograd,cities,http://commons.wikimedia.org/wiki/Special:FilePath/Dravograd2001c.jpg,Slovenia,https://en.wikipedia.org/wiki/Dravograd,46.59004243,15.017967473,city in Slovenia
Q15865,Domžale,cities,http://commons.wikimedia.org/wiki/Special:FilePath/Domzale%20Slovenia%20-%20church%201.jpg,Slovenia,https://en.wikipedia.org/wiki/Dom%C5%BEale,46.133333333,14.6,city in Slovenia
Q15870,Grosuplje,cities,http://commons.wikimedia.org/wiki/Special:FilePath/Grosuplje.jpg,Slovenia,https://en.wikipedia.org/wiki/Grosuplje,45.955125,14.6562,city in Slovenia
Q15871,Hrastnik,cities,http://commons.wikimedia.org/wiki/Special:FilePath/Center%20Hrastnika.jpg,Slovenia,https://en.wikipedia.org/wiki/Hrastnik,46.14611,15.08139,city in Slovenia
Q15868,Gornja Radgona,cities,http://commons.wikimedia.org/wiki/Special:FilePath/Radgona-Center1.JPG,Slovenia,https://en.wikipedia.org/wiki/Gornja_Radgona,46.681005313,15.988345636,city in Slovenia
Q15876,Ilirska Bistrica,cities,http://commons.wikimedia.org/wiki/Special:FilePath/Ilirska%20Bistrica%20SLO.JPG,Slovenia,https://en.wikipedia.org/wiki/Ilirska_Bistrica,45.565131677,14.249259577,city in Slovenia
Q15877,Izola,cities,http://commons.wikimedia.org/wiki/Special:FilePath/Izola%2C%20Slovenia.jpg,Slovenia,https://en.wikipedia.org/wiki/Izola,45.539545223,13.660405031,historical harbor town in Slovenia
Q15883,Kamnik,cities,http://commons.wikimedia.org/wiki/Special:FilePath/Slovenia%200957%20%2816482645073%29.jpg,Slovenia,https://en.wikipedia.org/wiki/Kamnik,46.224979812,14.609661395,city in Slovenia
Q15885,Kostanjevica na Krki,cities,http://commons.wikimedia.org/wiki/Special:FilePath/KostanjevicaNaKrki-1.JPG,Slovenia,https://en.wikipedia.org/wiki/Kostanjevica_na_Krki,45.846325,15.424869,city in Slovenia
Q15890,Lendava,cities,http://commons.wikimedia.org/wiki/Special:FilePath/Lendava-Le%20chateau.jpg,Slovenia,https://en.wikipedia.org/wiki/Lendava,46.566201748,16.449885788,town in Slovenia
Q15898,Mežica,cities,http://commons.wikimedia.org/wiki/Special:FilePath/Razglednica%20Me%C5%BEice%201968.jpg,Slovenia,https://en.wikipedia.org/wiki/Me%C5%BEica,46.520581,14.853647,city in Slovenia
Q15899,Murska Sobota,cities,http://commons.wikimedia.org/wiki/Special:FilePath/MurskaSobota1.jpg,Slovenia,https://en.wikipedia.org/wiki/Murska_Sobota,46.658611111,16.161944444,town in northeastern Slovenia; the centre of the traditional province of Prekmurje
Q15896,Metlika,cities,http://commons.wikimedia.org/wiki/Special:FilePath/Metlika%20in%20Bela%20krajina%20%2830395562187%29.jpg,Slovenia,https://en.wikipedia.org/wiki/Metlika,45.64722,15.31417,city in Slovenia
Q15901,Postojna,cities,http://commons.wikimedia.org/wiki/Special:FilePath/Postojna%20panorama2.jpg,Slovenia,https://en.wikipedia.org/wiki/Postojna,45.77435,14.21528,city in Slovenia
Q15906,Ptuj,cities,http://commons.wikimedia.org/wiki/Special:FilePath/Ptuj%20from%20the%20castle.JPG,Slovenia,https://en.wikipedia.org/wiki/Ptuj,46.418611111,15.871388888,city in Slovenia
Q15911,Ravne na Koroškem,cities,http://commons.wikimedia.org/wiki/Special:FilePath/2390koroskaprestolnica.jpg,Slovenia,https://en.wikipedia.org/wiki/Ravne_na_Koro%C5%A1kem,46.543736111,14.964233333,city in Slovenia
Q15908,Radeče,cities,http://commons.wikimedia.org/wiki/Special:FilePath/Radece1.JPG,Slovenia,https://en.wikipedia.org/wiki/Rade%C4%8De,46.065936111,15.172872222,city in Slovenia
Q15914,Ruše,cities,http://commons.wikimedia.org/wiki/Special:FilePath/Ruse1.jpg,Slovenia,https://en.wikipedia.org/wiki/Ru%C5%A1e,46.538333333,15.515277777,city in Slovenia
Q15918,Slovenj Gradec,cities,http://commons.wikimedia.org/wiki/Special:FilePath/SlovenjGradec.JPG,Slovenia,https://en.wikipedia.org/wiki/Slovenj_Gradec,46.509344605,15.079044398,town in northern Slovenia
Q15916,Sežana,cities,http://commons.wikimedia.org/wiki/Special:FilePath/Se%C5%BEana%202012%20Samo%20Oni%C4%8D.jpg,Slovenia,https://en.wikipedia.org/wiki/Se%C5%BEana,45.7,13.85,city in Slovenia
Q15917,Slovenska Bistrica,cities,http://commons.wikimedia.org/wiki/Special:FilePath/Slovenska%20Bistrica%20-%20Liberty%20Square%20%28Trg%20svobode%29.jpg,Slovenia,https://en.wikipedia.org/wiki/Slovenska_Bistrica,46.394136552,15.570726245,city in Slovenia
Q15926,Trebnje,cities,http://commons.wikimedia.org/wiki/Special:FilePath/Trebnje1.jpg,Slovenia,https://en.wikipedia.org/wiki/Trebnje,45.910377777,15.008627777,city in Slovenia
Q660029,Dragon Bridge,bridges,http://commons.wikimedia.org/wiki/Special:FilePath/Laibach%20-%20Jubil%C3%A4umsbr%C3%BCcke.jpg,Slovenia,https://en.wikipedia.org/wiki/Dragon_Bridge_(Ljubljana),46.051890908,14.510395145,"arch bridge in Ljubljana, Slovenia"
Q676315,Triple Bridge,bridges,http://commons.wikimedia.org/wiki/Special:FilePath/COVID-19%20pandemic%20in%20Slovenia%20%28Ljubljana%20downtown%2C%20center%29.jpg,Slovenia,https://en.wikipedia.org/wiki/Triple_Bridge,46.051082117,14.50620492,"stone arch bridge in Ljubljana, Slovenia"
Q148327,Emona,history_and_mysteries,http://commons.wikimedia.org/wiki/Special:FilePath/Emona%20in%20ljubljana%20osm.jpg,Slovenia,https://en.wikipedia.org/wiki/Emona,46.047694444,14.500922222,"ancient city in Roman Italia, now Ljubljana"
Q15564,Hargeisa International Airport,airports,http://commons.wikimedia.org/wiki/Special:FilePath/Somaliland%20and%20Hargeisa%20%2829482568932%29.jpg,Somalia,https://en.wikipedia.org/wiki/Hargeisa_Airport,9.518166666,44.088758333,"airport serving Hargeisa, Somaliland"
Q2449,Mogadishu,cities,http://commons.wikimedia.org/wiki/Special:FilePath/Pictures%20from%20an%20armed%20convoy%20trip%20in%20Mogadishu.jpg,Somalia,https://en.wikipedia.org/wiki/Mogadishu,2.039166666,45.341944444,capital and the largest city of Somalia
Q392728,King Shaka International Airport,airports,http://commons.wikimedia.org/wiki/Special:FilePath/KSIA-Passenger-Terminal.jpg,South Africa,https://en.wikipedia.org/wiki/King_Shaka_International_Airport,-29.614444444,31.116388888,"international airport serving Durban, South Africa"
Q223649,Tugela Falls,waterfalls,http://commons.wikimedia.org/wiki/Special:FilePath/Tugela%20Falls.jpg,South Africa,https://en.wikipedia.org/wiki/Tugela_Falls,-28.7522,28.8941,waterfall in South Africa and the second tallest waterfall in the world
Q3643116,Berlin Falls,waterfalls,http://commons.wikimedia.org/wiki/Special:FilePath/Berlin%20Falls%20IMG%202556.JPG,South Africa,https://en.wikipedia.org/wiki/Berlin_Falls,-24.843713888,30.842508333,"waterfall in Mpumalanga, South Africa"
Q516112,Duiker Island,islands,http://commons.wikimedia.org/wiki/Special:FilePath/Fur%20Seals%20on%20Duiker%20Island.JPG,South Africa,https://en.wikipedia.org/wiki/Duiker_Island,-34.058411111,18.326788888,island
Q512913,Trust Bank Building,skyscrapers,http://commons.wikimedia.org/wiki/Special:FilePath/Trust%20Bank%20Building.jpg,South Africa,https://en.wikipedia.org/wiki/Trust_Bank_Building,-26.206111111,28.044722222,architectural structure
Q598736,Johannesburg Stadium,stadiums,http://commons.wikimedia.org/wiki/Special:FilePath/South%20Africa-Johannesburg%20Stadium001.jpg,South Africa,https://en.wikipedia.org/wiki/Johannesburg_Stadium,-26.193822222,28.062513888,stadium
Q163521,Soccer City Stadium,stadiums,http://commons.wikimedia.org/wiki/Special:FilePath/FIFA%20World%20Cup%202010%20Argentina%20South%20Korea.jpg,South Africa,https://en.wikipedia.org/wiki/FNB_Stadium,-26.234806,27.982378,"stadium in Johannesburg, South Africa"
Q173559,Cape Town Stadium,stadiums,http://commons.wikimedia.org/wiki/Special:FilePath/2011-02-06%2014-57-32%20South%20Africa%20-%20Bakoven.jpg,South Africa,https://en.wikipedia.org/wiki/Cape_Town_Stadium,-33.903461111,18.411152777,"sports stadium in Cape Town, South Africa"
Q181445,Nelson Mandela Bay Stadium,stadiums,http://commons.wikimedia.org/wiki/Special:FilePath/Nelson%20Mandela%20Stadium%20in%20Port%20Elizabeth.jpg,South Africa,https://en.wikipedia.org/wiki/Nelson_Mandela_Bay_Stadium,-33.937778,25.598889,"stadium in Gqeberha, South Africa"
Q187042,Peter Mokaba Stadium,stadiums,http://commons.wikimedia.org/wiki/Special:FilePath/Mokaba%20stadium%20%284739619696%29.jpg,South Africa,https://en.wikipedia.org/wiki/Peter_Mokaba_Stadium,-23.924689,29.468765,stadium
Q187087,Mbombela Stadium,stadiums,http://commons.wikimedia.org/wiki/Special:FilePath/Mbombela%20Stadium%20Aerial%20View.jpg,South Africa,https://en.wikipedia.org/wiki/Mbombela_Stadium,-25.461888888,30.929777777,stadium
Q189337,Royal Bafokeng Stadium,stadiums,http://commons.wikimedia.org/wiki/Special:FilePath/Royal%20Bafokeng%20Stadium%2C%20Phokeng.jpg,South Africa,https://en.wikipedia.org/wiki/Royal_Bafokeng_Stadium,-25.578611111,27.160833333,stadium
Q604444,University of Pretoria,universities,http://commons.wikimedia.org/wiki/Special:FilePath/Old%20Arts%20Faculty%20Building%2C%20University%20of%20Pretoria.jpg,South Africa,https://en.wikipedia.org/wiki/University_of_Pretoria,-25.7536,28.2297,university in South Africa
Q1034468,Cape Peninsula University of Technology,universities,http://commons.wikimedia.org/wiki/Special:FilePath/CPUT%20Cape%20Town%20Campus.jpg,South Africa,https://en.wikipedia.org/wiki/Cape_Peninsula_University_of_Technology,-33.932222,18.640278,"university in Cape Town, South Africa"
Q377757,Rhodes University,universities,http://commons.wikimedia.org/wiki/Special:FilePath/RhodesUnivMain2018.jpg,South Africa,https://en.wikipedia.org/wiki/Rhodes_University,-33.313611111,26.519722222,"public research university in Makhanda, South Africa"
Q482493,Gimpo International Airport,airports,http://commons.wikimedia.org/wiki/Special:FilePath/Gimpo%20International%20Airport%20%281%29.jpg,South Korea,https://en.wikipedia.org/wiki/Gimpo_International_Airport,37.556944444,126.7975,"international airport serving Seoul, South Korea"
Q482497,Jeju International Airport,airports,http://commons.wikimedia.org/wiki/Special:FilePath/Jeju%20Air.JPG,South Korea,https://en.wikipedia.org/wiki/Jeju_International_Airport,33.512222222,126.492777777,"international airport serving Jeju Island, South Korea"
Q483223,Gimhae International Airport,airports,http://commons.wikimedia.org/wiki/Special:FilePath/Gimhae%20International%20Airport.jpg,South Korea,https://en.wikipedia.org/wiki/Gimhae_International_Airport,35.180555555,128.938055555,"airport in Busan, South Korea"
Q483254,Daegu International Airport,airports,http://commons.wikimedia.org/wiki/Special:FilePath/Daegu%20International%20Airport%2020161012.jpg,South Korea,https://en.wikipedia.org/wiki/Daegu_International_Airport,35.894166666,128.658888888,"international airport in Daegu, South Korea"
Q483469,Yangyang International Airport,airports,http://commons.wikimedia.org/wiki/Special:FilePath/Yangyang%20International%20Airport%2020130829.jpg,South Korea,https://en.wikipedia.org/wiki/Yangyang_International_Airport,38.061388888,128.669166666,international airport
Q483675,Cheongju International Airport,airports,http://commons.wikimedia.org/wiki/Special:FilePath/Cheongju%20airport%2020090404.jpg,South Korea,https://en.wikipedia.org/wiki/Cheongju_International_Airport,36.716388888,127.499166666,international airport in South Korea
Q495557,Cheonjeyeon Waterfalls,waterfalls,http://commons.wikimedia.org/wiki/Special:FilePath/Cheonjeyeon.jpg,South Korea,https://en.wikipedia.org/wiki/Cheonjeyeon_Waterfalls,33.252819444,126.417272222,waterfall
Q27010,Socotra Rock,islands,http://commons.wikimedia.org/wiki/Special:FilePath/Socotra%20Rock.jpg,South Korea,https://en.wikipedia.org/wiki/Socotra_Rock,32.12295278,125.18244722,submerged rock 4.6 metres below sea level in the Yellow Sea
Q485029,Hansando,islands,http://commons.wikimedia.org/wiki/Special:FilePath/Korea-Tongyeong-Hansan%20Island-Overview-01.jpg,South Korea,https://en.wikipedia.org/wiki/Hansando,34.7818,128.485,island
Q485222,Geojedo,islands,http://commons.wikimedia.org/wiki/Special:FilePath/Map%20Geoje-si.png,South Korea,https://en.wikipedia.org/wiki/Geojedo,34.858055555,128.618333333,island in South Korea
Q485315,Baengnyeongdo,islands,http://commons.wikimedia.org/wiki/Special:FilePath/KOCIS%20Korea%20Island%20Baengnyeongdo19%20%289265013955%29.jpg,South Korea,https://en.wikipedia.org/wiki/Baengnyeongdo,37.966666666,124.65,island of South Korea
Q485651,Jindo,islands,http://commons.wikimedia.org/wiki/Special:FilePath/Jindo%20Bridge%20%2816043482437%29.jpg,South Korea,https://en.wikipedia.org/wiki/Jindo_(island),34.4575,126.253333333,Korean island
Q485943,Sinjido,islands,http://commons.wikimedia.org/wiki/Special:FilePath/Sinji-do.JPG,South Korea,https://en.wikipedia.org/wiki/Sinjido,34.333333333,126.833333333,island in South Korea
Q486992,Deokjeokdo,islands,http://commons.wikimedia.org/wiki/Special:FilePath/Deokjeok%20do%20location.svg,South Korea,https://en.wikipedia.org/wiki/Deokjeokdo,37.242777777,126.131111111,island
Q487510,Socheongdo,islands,http://commons.wikimedia.org/wiki/Special:FilePath/%EC%98%B9%EC%A7%84%20%EC%86%8C%EC%B2%AD%EB%8F%84%20%EC%84%A0%EC%BA%84%EB%B8%8C%EB%A6%AC%EC%95%84%20%EC%8A%A4%ED%8A%B8%EB%A1%9C%EB%A7%88%ED%86%A8%EB%9D%BC%EC%9D%B4%ED%8A%B8%EC%99%80%20%EB%B6%84%EB%B0%94%EC%9C%84%201.jpg,South Korea,https://en.wikipedia.org/wiki/Socheongdo,37.766666666,124.75,South Korean island
Q487536,Namiseom,islands,http://commons.wikimedia.org/wiki/Special:FilePath/Namiseom%201.jpg,South Korea,https://en.wikipedia.org/wiki/Namiseom,37.791538888,127.525436111,"island in Chuncheon, South Korea"
Q490430,Hongdo,islands,http://commons.wikimedia.org/wiki/Special:FilePath/Korea-Hongdo%20Island-02.jpg,South Korea,https://en.wikipedia.org/wiki/Hongdo,34.693055555,125.197222222,South Korean island in the Yellow Sea
Q490697,Geomun Do,islands,http://commons.wikimedia.org/wiki/Special:FilePath/Geomundo%2012.jpg,South Korea,https://en.wikipedia.org/wiki/Port_Hamilton,34.033333333,127.316666666,group of islands off the south coast of South Korea
Q494602,Jukdo,islands,http://commons.wikimedia.org/wiki/Special:FilePath/%E6%97%A5%E3%81%AE%E5%87%BA%E5%B1%95%E6%9C%9B%E5%8F%B0%E3%81%8B%E3%82%89%E8%A6%8B%E3%81%9F%E3%83%81%E3%83%A5%E3%82%AF%E3%83%89.jpg,South Korea,https://en.wikipedia.org/wiki/Jukdo_(island),37.529166666,130.938055555,island
Q494786,Ganghwa Island,islands,http://commons.wikimedia.org/wiki/Special:FilePath/Ganghwa1.jpg,South Korea,https://en.wikipedia.org/wiki/Ganghwa_Island,37.71,126.44,Island of Republic of Korea
Q494986,Silmi-do,islands,http://commons.wikimedia.org/wiki/Special:FilePath/Silmido%20map.jpg,South Korea,https://en.wikipedia.org/wiki/Silmido,37.401666666,126.391666666,"island in Incheon, South Korea"
Q495194,Gageodo,islands,http://commons.wikimedia.org/wiki/Special:FilePath/Gageodo%20Fishing%20Port%20OCT2022.jpg,South Korea,https://en.wikipedia.org/wiki/Gageodo,34.071388888,125.113055555,island in South Korea
Q495231,Marado,islands,http://commons.wikimedia.org/wiki/Special:FilePath/Marado%20Island%20View.jpg,South Korea,https://en.wikipedia.org/wiki/Marado,33.11826,126.26791,"island off the coast of Jeju, South Korea"
Q495483,Oedo,islands,http://commons.wikimedia.org/wiki/Special:FilePath/Korea-Geoje-Oedo%204073-06.JPG,South Korea,https://en.wikipedia.org/wiki/Oedo,34.76833,128.71333,island
Q496473,Anmyeondo,islands,http://commons.wikimedia.org/wiki/Special:FilePath/Cheonsuman.png,South Korea,https://en.wikipedia.org/wiki/Anmyeondo,36.5,126.366666666,South korean island
Q496912,Udo,islands,http://commons.wikimedia.org/wiki/Special:FilePath/Udo%20by%20jeon.jpg,South Korea,https://en.wikipedia.org/wiki/Udo_(Jeju_Province),33.505,126.954722222,"island in Jeju-do, South Korea"
Q509539,Daebudo,islands,http://commons.wikimedia.org/wiki/Special:FilePath/Daebudo%20NASA-WW.jpg,South Korea,https://en.wikipedia.org/wiki/Daebudo,37.266667,126.583333,island
Q626140,Nodeulseom,islands,http://commons.wikimedia.org/wiki/Special:FilePath/Nodeulseom%20%2814005438206%29.jpg,South Korea,https://en.wikipedia.org/wiki/Nodeulseom,37.516944444,126.96,"artificial island in Seoul, South Korea"
Q130718,Deogyusan National Park,national_parks,http://commons.wikimedia.org/wiki/Special:FilePath/Deogyusan%20from%20Hyangjeok%20Peak.jpg,South Korea,https://en.wikipedia.org/wiki/Deogyusan_National_Park,35.864,127.744,national park of South Korea
Q484112,Dadohaehaesang National Park,national_parks,http://commons.wikimedia.org/wiki/Special:FilePath/Korea-Hongdo%20Island-04.jpg,South Korea,https://en.wikipedia.org/wiki/Dadohaehaesang_National_Park,34.191,126.7,national park
Q488639,Taeanhaean National Park,national_parks,http://commons.wikimedia.org/wiki/Special:FilePath/TaeanHaean%20National%20Park%2C%20Korea3.jpg,South Korea,https://en.wikipedia.org/wiki/Taeanhaean_National_Park,36.7872,126.144,national park of South Korea
Q490975,Gayasan National Park,national_parks,http://commons.wikimedia.org/wiki/Special:FilePath/GayaSanghwangbong.jpg,South Korea,https://en.wikipedia.org/wiki/Gayasan_National_Park,35.816666666,128.116666666,national park of South Korea
Q491567,Gyeongju National Park,national_parks,http://commons.wikimedia.org/wiki/Special:FilePath/Anapji%20Pond-Gyeongju-Korea-2006-07.jpg,South Korea,https://en.wikipedia.org/wiki/Gyeongju_National_Park,35.8675,129.2225,national park
Q494689,Juwangsan National Park,national_parks,http://commons.wikimedia.org/wiki/Special:FilePath/Juwangsan%20national%20park%20canyon.jpg,South Korea,https://en.wikipedia.org/wiki/Juwangsan_National_Park,36.38833333,129.16666667,national park in South Korea
Q579632,Sobaeksan National Park,national_parks,http://commons.wikimedia.org/wiki/Special:FilePath/Snow%20in%20Sobaeksan%20national%20park.jpg,South Korea,https://en.wikipedia.org/wiki/Sobaeksan_National_Park,36.965,128.507,national park of South Korea
Q706301,Wolchulsan National Park,national_parks,http://commons.wikimedia.org/wiki/Special:FilePath/Wolchulsan%20mountain%20peak.jpg,South Korea,https://en.wikipedia.org/wiki/Wolchulsan_National_Park,34.744,126.675,national park in South Korea
Q706310,Seoraksan National Park,national_parks,http://commons.wikimedia.org/wiki/Special:FilePath/Seoraksan%20National%20Park%20panorama%203.jpg,South Korea,https://en.wikipedia.org/wiki/Seoraksan_National_Park,38.125,128.416,national park in South Korea
Q707067,Bukhansan National Park,national_parks,http://commons.wikimedia.org/wiki/Special:FilePath/Bukhansan%20National%20Park%202006-03-28.JPG,South Korea,https://en.wikipedia.org/wiki/Bukhansan_National_Park,37.675,126.982,national park of South Korea
Q8684,Seoul,cities,http://commons.wikimedia.org/wiki/Special:FilePath/%EA%B2%BD%EB%B3%B5%EA%B6%81%20%EC%A0%84%EA%B2%BD.jpg,South Korea,https://en.wikipedia.org/wiki/Seoul,37.56,126.99,capital and largest city of South Korea
Q19940026,"Dolmens in Guam-ri, Buan",landmarks,http://commons.wikimedia.org/wiki/Special:FilePath/%EB%B6%80%EC%95%88%20%EA%B5%AC%EC%95%94%EB%A6%AC%20%EC%A7%80%EC%84%9D%EB%AC%98%EA%B5%B0.jpg,South Korea,"https://en.wikipedia.org/wiki/Dolmens_in_Guam-ri,_Buan",35.708361111,126.65375,Korean cultural heritage item
Q202477,Seoul Lite,skyscrapers,http://commons.wikimedia.org/wiki/Special:FilePath/Seoul%20Light%20DMC%20Tower.png,South Korea,https://en.wikipedia.org/wiki/Seoul_Lite,37.574575,126.888419,"unfinished skyscraper in Seoul, South Korea"
Q484441,Samsung Tower Palace,skyscrapers,http://commons.wikimedia.org/wiki/Special:FilePath/View%20of%20YangJe-Cheon.jpg,South Korea,https://en.wikipedia.org/wiki/Samsung_Tower_Palace,37.48847222,127.05402778,skyscraper
Q496218,Busan Lotte World Tower,skyscrapers,http://commons.wikimedia.org/wiki/Special:FilePath/Construction%20site%20of%20Busan%20Lotte%20Tower.jpg,South Korea,https://en.wikipedia.org/wiki/Busan_Lotte_Town_Tower,35.097457,129.037213,skyscraper
Q498235,Yi Sun-sin Bridge,bridges,http://commons.wikimedia.org/wiki/Special:FilePath/Yi%20Sun-sin%20Bridge.jpg,South Korea,https://en.wikipedia.org/wiki/Yi_Sun-sin_Bridge,34.905833333,127.705277777,bridge in South Korea
Q482441,Daegu Stadium,stadiums,http://commons.wikimedia.org/wiki/Special:FilePath/Daegu%20Stadium.JPG,South Korea,https://en.wikipedia.org/wiki/Daegu_Stadium,35.829739,128.690205,"Multi-purpose stadium in Daegu, South Korea"
Q482926,Suwon Baseball Stadium,stadiums,http://commons.wikimedia.org/wiki/Special:FilePath/Hdunistadiumpan.jpg,South Korea,https://en.wikipedia.org/wiki/Suwon_Baseball_Stadium,37.300122,127.009635,"Stadium in Suwon, South Korea"
Q484713,Goyang Stadium,stadiums,http://commons.wikimedia.org/wiki/Special:FilePath/Goyang%20sta%201.JPG,South Korea,https://en.wikipedia.org/wiki/Goyang_Stadium,37.676422,126.743056,stadium
Q486725,Ulsan Stadium,stadiums,http://commons.wikimedia.org/wiki/Special:FilePath/Ulsan%20Sports%20Complex1.JPG,South Korea,https://en.wikipedia.org/wiki/Ulsan_Stadium,35.562396,129.34802,stadium
Q488308,Alpensia Ski Jumping Stadium,stadiums,http://commons.wikimedia.org/wiki/Special:FilePath/Alpensia%2020170202%2008%20%2832537578151%29.jpg,South Korea,https://en.wikipedia.org/wiki/Alpensia_Ski_Jumping_Stadium,37.6617,128.6806,"ski jumping hill located in Pyeongchang, South Korea"
Q488404,Gwangyang Football Stadium,stadiums,http://commons.wikimedia.org/wiki/Special:FilePath/Gwangyangstadium1.jpg,South Korea,https://en.wikipedia.org/wiki/Gwangyang_Football_Stadium,34.93312,127.727478,stadium
Q489240,Dongdaemun Stadium,stadiums,http://commons.wikimedia.org/wiki/Special:FilePath/Korea-Seoul-Dongdaemun%20Stadium.jpg,South Korea,https://en.wikipedia.org/wiki/Dongdaemun_Stadium,37.56758,127.010595,"demolished stadium in Seoul, South Korea"
Q489449,Daegu Baseball Stadium,stadiums,http://commons.wikimedia.org/wiki/Special:FilePath/Daegu%20Baseball%20Stadium.jpg,South Korea,https://en.wikipedia.org/wiki/Daegu_Baseball_Stadium,35.880975,128.586572,"Stadium in Daegu, South Korea"
Q489490,Incheon SSG Landers Field,stadiums,http://commons.wikimedia.org/wiki/Special:FilePath/Munhak%20Baseball%20Stadium%2020150711%20SK%20vs%20Kia.jpg,South Korea,https://en.wikipedia.org/wiki/Incheon_SSG_Landers_Field,37.437111,126.693306,"baseball stadium in Incheon, South Korea"
Q489506,Gwangju Mudeung Baseball Stadium,stadiums,http://commons.wikimedia.org/wiki/Special:FilePath/Gwangju%20Baseball%20Stadium.jpg,South Korea,https://en.wikipedia.org/wiki/Gwangju_Mudeung_Baseball_Stadium,35.168889,126.887222,"baseball stadium located in Gwangju, South Korea"
Q489704,Daejeon Hanbat Baseball Stadium,stadiums,http://commons.wikimedia.org/wiki/Special:FilePath/Daejeon%20Hanbat%20Baseball%20Stadium.jpg,South Korea,https://en.wikipedia.org/wiki/Hanbat_Baseball_Stadium,36.316944,127.429444,"baseball park in Daejeon, South Korea"
Q489909,Sajik Baseball Stadium,stadiums,http://commons.wikimedia.org/wiki/Special:FilePath/Busan%20Sajik%20Stadium%2020080706.JPG,South Korea,https://en.wikipedia.org/wiki/Sajik_Baseball_Stadium,35.194278,129.061306,"baseball stadium in Busan, South Korea"
Q490165,Mokdong Baseball Stadium,stadiums,http://commons.wikimedia.org/wiki/Special:FilePath/Mokdong%20baseball%20stadium.jpg,South Korea,https://en.wikipedia.org/wiki/Mokdong_Baseball_Stadium,37.530706,126.880978,"baseball stadium in Seoul, South Korea"
Q490616,Jamsil Baseball Stadium,stadiums,http://commons.wikimedia.org/wiki/Special:FilePath/Jamsil%20Baseball%20Stadium%20Seoul.jpg,South Korea,https://en.wikipedia.org/wiki/Jamsil_Baseball_Stadium,37.512389,127.071972,"baseball stadium in Songpa-gu, Seoul, South Korea"
Q492662,Gwangju Mudeung Stadium,stadiums,http://commons.wikimedia.org/wiki/Special:FilePath/Gwangju%20Mudeung%20Stadium.JPG,South Korea,https://en.wikipedia.org/wiki/Gwangju_Mudeung_Stadium,35.168189,126.88914,stadium
Q493801,Changwon Football Center,stadiums,http://commons.wikimedia.org/wiki/Special:FilePath/Changwon%20Soccer%20Center%202.JPG,South Korea,https://en.wikipedia.org/wiki/Changwon_Football_Center,35.223406,128.705707,stadium
Q494761,Suwon World Cup Stadium,stadiums,http://commons.wikimedia.org/wiki/Special:FilePath/Suwon%20world%20cup.JPG,South Korea,https://en.wikipedia.org/wiki/Suwon_World_Cup_Stadium,37.286421,127.036855,architectural structure
Q495291,Cheonan Oryong Stadium,stadiums,http://commons.wikimedia.org/wiki/Special:FilePath/Cheonan%20Ground2.JPG,South Korea,https://en.wikipedia.org/wiki/Cheonan_Oryong_Stadium,36.812694,127.162348,stadium
Q497095,Tancheon Sports Complex,stadiums,http://commons.wikimedia.org/wiki/Special:FilePath/Tanchon20100223%201.JPG,South Korea,https://en.wikipedia.org/wiki/Tancheon_Sports_Complex,37.410166,127.121273,stadium
Q497430,Incheon Asiad Main Stadium,stadiums,http://commons.wikimedia.org/wiki/Special:FilePath/Incheon%20Asiad%20Main%20Stadium.jpg,South Korea,https://en.wikipedia.org/wiki/Incheon_Asiad_Main_Stadium,37.547675,126.666682,"Multi-purpose stadium in Incheon, South Korea"
Q138554,Incheon Munhak Sports Complex,stadiums,http://commons.wikimedia.org/wiki/Special:FilePath/Munhak%20Stadium%20Corner.jpg,South Korea,https://en.wikipedia.org/wiki/Incheon_Munhak_Stadium,37.434984,126.690699,stadium
Q262526,Daegu Civic Stadium,stadiums,http://commons.wikimedia.org/wiki/Special:FilePath/DaeguCivil%20stadium2.JPG,South Korea,https://en.wikipedia.org/wiki/Daegu_Civic_Stadium,35.881253,128.588231,"stadium in Buk-gu, Daegu, South Korea"
Q482737,Kosin University,universities,http://commons.wikimedia.org/wiki/Special:FilePath/Kosin%20University.jpg,South Korea,https://en.wikipedia.org/wiki/Kosin_University,35.07961111,129.063,"university in Busan, South Korea"
Q623604,Handong Global University,universities,http://commons.wikimedia.org/wiki/Special:FilePath/CAMPUS-HGU.jpg,South Korea,https://en.wikipedia.org/wiki/Handong_Global_University,36.103055555,129.388444444,university in South Korea
Q623817,Korea National University of Cultural Heritage,universities,http://commons.wikimedia.org/wiki/Special:FilePath/%EC%A0%84%ED%86%B5%EB%AC%B8%ED%99%94%ED%95%99%EA%B5%9020211003%20122203.jpg,South Korea,https://en.wikipedia.org/wiki/Korea_National_University_of_Cultural_Heritage,36.308,126.897,university in South Korea
Q623828,Mokpo National Maritime University,universities,http://commons.wikimedia.org/wiki/Special:FilePath/%EA%B5%AD%EB%A6%BD%EB%AA%A9%ED%8F%AC%ED%95%B4%EC%96%91%EB%8C%80%20%EB%B3%B8%EA%B4%80.jpg,South Korea,https://en.wikipedia.org/wiki/Mokpo_National_Maritime_University,34.791805555,126.365111111,educational institution in South Korea
Q625421,Woosong University,universities,http://commons.wikimedia.org/wiki/Special:FilePath/Woosong%20University%20West%20Campus%2020190608%20A01.jpg,South Korea,https://en.wikipedia.org/wiki/Woosong_University,36.338,127.446,"university in Daejeon, South Korea"
Q625952,Baekseok University,universities,http://commons.wikimedia.org/wiki/Special:FilePath/20150209%EB%B0%B1%EC%84%9D%EB%8C%80%ED%95%99%EA%B5%9086.jpg,South Korea,https://en.wikipedia.org/wiki/Baekseok_University,36.84021,127.18322,"university in Cheonan, South Korea"
Q626458,Catholic Kwandong University,universities,http://commons.wikimedia.org/wiki/Special:FilePath/Korea%20Special%20Olympics%2027%20%288382984068%29.jpg,South Korea,https://en.wikipedia.org/wiki/Catholic_Kwandong_University,37.7364444,128.871567,"university in Gangneung, South Korea"
Q488070,Hallyeohaesang National Park,natural,http://commons.wikimedia.org/wiki/Special:FilePath/Korea-Geoje-Oedo%204078-06.JPG,South Korea,https://en.wikipedia.org/wiki/Hallyeohaesang_National_Park,34.75888889,127.97583333,national park of South Korea
Q624171,Yusong foot spa,natural,http://commons.wikimedia.org/wiki/Special:FilePath/%EC%9C%A0%EC%84%B1%EC%98%A8%EC%B2%9C%20%EC%A1%B1%EC%9A%95%EC%B2%B4%ED%97%98%EC%9E%A5.png,South Korea,https://en.wikipedia.org/wiki/Yuseong_Hot_Spring,36.3559,127.347,Thermal springs in South Korea
Q626070,Dongnae Hot Spring,natural,http://commons.wikimedia.org/wiki/Special:FilePath/Dongnae%20Hot%20Spring%2001.JPG,South Korea,,35.22015,129.081399,"the hot spring in Dongnae District, Busan"
Q490809,Jagalchi Market,markets,http://commons.wikimedia.org/wiki/Special:FilePath/Jagalchi%20Fish%20Market%20at%20Morning.jpg,South Korea,https://en.wikipedia.org/wiki/Jagalchi_Market,35.09665,129.029661,"Fish market in Nampo-gu, Busan, South Korea"
Q491006,Noryangjin Fisheries Wholesale Market,markets,http://commons.wikimedia.org/wiki/Special:FilePath/Korea-Seoul-Noryangjin%20Fish%20Market-03.jpg,South Korea,https://en.wikipedia.org/wiki/Noryangjin_Fisheries_Wholesale_Market,37.51523056,126.94106389,"Fish market in Seoul, South Korea"
Q1947,Juba,cities,http://commons.wikimedia.org/wiki/Special:FilePath/Juba%20City.jpg,South Sudan,https://en.wikipedia.org/wiki/Juba,4.853888888,31.5825,capital of the Republic of South Sudan
Q56973,Josep Tarradellas Airport Barcelona-El Prat,airports,http://commons.wikimedia.org/wiki/Special:FilePath/Barcelona%20El%20Prat%2005.jpg,Spain,https://en.wikipedia.org/wiki/Josep_Tarradellas_Barcelona%E2%80%93El_Prat_Airport,41.296944,2.078333,"international airport in Barcelona, Spain"
Q166276,Madrid-Barajas Airport,airports,http://commons.wikimedia.org/wiki/Special:FilePath/Barajas%20overview1.jpg,Spain,https://en.wikipedia.org/wiki/Madrid%E2%80%93Barajas_Airport,40.472222222,-3.560833333,"international airport serving Madrid, Spain"
Q598197,Bilbao Airport,airports,http://commons.wikimedia.org/wiki/Special:FilePath/Ortoargazkia-aireportua-2017.png,Spain,https://en.wikipedia.org/wiki/Bilbao_Airport,43.301111,-2.910556,"international airport serving Biscay, Spain"
Q1143757,Cumbre Vieja,peaks,http://commons.wikimedia.org/wiki/Special:FilePath/Plantation%20banana%20La%20Palma.jpg,Spain,https://en.wikipedia.org/wiki/Cumbre_Vieja,28.566666666,-17.833333333,"volcano in La Palma, Spain"
Q1374413,Teneguía,volcanoes,http://commons.wikimedia.org/wiki/Special:FilePath/Tenegu%C3%ADa%2C%20Geograf%C3%ADa%20de%20Fuentecaliente%2C%20La%20Palma%2C%20Espa%C3%B1a%2C%202015.jpg,Spain,https://en.wikipedia.org/wiki/Tenegu%C3%ADa,28.47333333,-17.85166667,mountain
Q196047,Monegros Desert,deserts,http://commons.wikimedia.org/wiki/Special:FilePath/Vista%20de%20los%20Monegros%20%28Leci%C3%B1ena%29.jpg,Spain,https://en.wikipedia.org/wiki/Monegros_Desert,41.63333333,-0.18333333,semi-desert in Spain
Q199408,Alboran Sea,seas,http://commons.wikimedia.org/wiki/Special:FilePath/Mar%20de%20Albor%C3%A1n%20-%20BM%20WMS%202004.jpg,Spain,https://en.wikipedia.org/wiki/Alboran_Sea,36.0,-3.0,westernmost portion of the Mediterranean Sea
Q11935054,Catalan Sea,seas,http://commons.wikimedia.org/wiki/Special:FilePath/Catalan%20Sea.png,Spain,,40.3094,2.17343,sea
Q15675,River Sever,rivers,http://commons.wikimedia.org/wiki/Special:FilePath/Ammaia%20%28portugal%29%20034.jpg,Spain,,39.66333333,-7.53944444,river in Portugal
Q15677,River Erges,rivers,http://commons.wikimedia.org/wiki/Special:FilePath/ErgesSalvaterra.JPG,Spain,,39.67083333,-7.01527778,river in Spain and Portugal
Q16507,Guadarrama River,rivers,http://commons.wikimedia.org/wiki/Special:FilePath/R%C3%ADo%20Guadarrama%20%285298293506%29.jpg,Spain,https://en.wikipedia.org/wiki/Guadarrama_(river),39.881944444,-4.169166666,river in Spain
Q16504,Río Gallo,rivers,http://commons.wikimedia.org/wiki/Special:FilePath/Barranco%20de%20la%20Hoz.jpg,Spain,https://en.wikipedia.org/wiki/Gallo_(river),40.7974,-2.1548,river in Spain
Q16505,Guadiela,rivers,http://commons.wikimedia.org/wiki/Special:FilePath/RIO%20GUADIELA%202%20-%20panoramio.jpg,Spain,https://en.wikipedia.org/wiki/Guadiela,40.362533333,-2.816105555,river in Spain
Q16510,Henares river,rivers,http://commons.wikimedia.org/wiki/Special:FilePath/Soto%20del%20Henares%20%28RPS%2015-06-2019%29%20espacio%20natural%20protegido%20de%20la%20Comunidad%20de%20Madrid.png,Spain,https://en.wikipedia.org/wiki/Henares,40.4048,-3.501069444,river in Spain
Q16511,Lozoya,rivers,http://commons.wikimedia.org/wiki/Special:FilePath/R%C3%ADo%20Lozoya%20a%20su%20paso%20por%20Buitrago.jpg,Spain,https://en.wikipedia.org/wiki/Lozoya_(river),40.8735,-3.45502778,river in Spain
Q16508,Jarama,rivers,http://commons.wikimedia.org/wiki/Special:FilePath/R%C3%ADo%20Jarama.%2002.%20March%202018%20by%20Asqueladd.JPG,Spain,https://en.wikipedia.org/wiki/Jarama,40.03128,-3.65009,river in Spain
Q16509,Tajuña,rivers,http://commons.wikimedia.org/wiki/Special:FilePath/Vista%20del%20r%C3%ADo%20Taju%C3%B1a%20%28Brihuega%29%20desde%20la%20CM-2005%2C%20al%20este.jpg,Spain,https://en.wikipedia.org/wiki/Taju%C3%B1a,40.1286,-3.5825,river in Spain
Q16512,Manzanares,rivers,http://commons.wikimedia.org/wiki/Special:FilePath/El%20r%C3%ADo%20Manzanares%20%2832972459575%29.jpg,Spain,https://en.wikipedia.org/wiki/Manzanares_(river),40.30406,-3.539275,river in Spain
Q16513,Alberche,rivers,http://commons.wikimedia.org/wiki/Special:FilePath/Alberche%20Aldea%20del%20Fresno.jpg,Spain,https://en.wikipedia.org/wiki/Alberche,39.9636464,-4.7712642,river in Spain
Q16663,Alagón River,rivers,http://commons.wikimedia.org/wiki/Special:FilePath/Rio%20Alagon%20Sotoserrano%20015.jpg,Spain,https://en.wikipedia.org/wiki/Alag%C3%B3n_(river),39.7403,-6.8739,river in Spain
Q16661,Tiétar,rivers,http://commons.wikimedia.org/wiki/Special:FilePath/R%C3%ADo%20Ti%C3%A9tar%20001.JPG,Spain,https://en.wikipedia.org/wiki/Ti%C3%A9tar_(river),39.8385,-6.023033333,river in Spain
Q16664,Salor River,rivers,http://commons.wikimedia.org/wiki/Special:FilePath/Rio%20Salor.jpg,Spain,,39.65734,-7.06453,river in Spain
Q16665,Almonte,rivers,http://commons.wikimedia.org/wiki/Special:FilePath/A-66.%20Puente%20sobre%20el%20r%C3%ADo%20Almonte.JPG,Spain,https://en.wikipedia.org/wiki/Almonte_(river),39.684204,-6.459961,river in Spain
Q16673,Chanza River,rivers,http://commons.wikimedia.org/wiki/Special:FilePath/Barragem%20do%20Chan%C3%A7a.JPG,Spain,https://en.wikipedia.org/wiki/Chanza_River,37.55461502,-7.52289915,river in Spain and Portugal
Q16676,Ardila River,rivers,http://commons.wikimedia.org/wiki/Special:FilePath/R%C3%ADo%20Ardila.jpg,Spain,https://en.wikipedia.org/wiki/Ardila,38.165277777,-7.491944444,river of Spain and Portugal
Q16692,Cigüela,rivers,http://commons.wikimedia.org/wiki/Special:FilePath/Rio%20Ciguela.%20Villarta%20de%20San%20Juan..JPG,Spain,https://en.wikipedia.org/wiki/Cig%C3%BCela,39.1324,-3.7319,"river in Castile-La Mancha, Spain"
Q16699,Záncara,rivers,http://commons.wikimedia.org/wiki/Special:FilePath/Rio%20zancara%20con%20agua%20pm.JPG,Spain,https://en.wikipedia.org/wiki/Z%C3%A1ncara,39.306388888,-3.310555555,river in Spain
Q16707,Zújar River,rivers,http://commons.wikimedia.org/wiki/Special:FilePath/R%C3%ADo%20Z%C3%BAjar.jpg,Spain,https://en.wikipedia.org/wiki/Z%C3%BAjar_(river),38.2525,-5.5069,river in Spain
Q16705,Jabalón,rivers,http://commons.wikimedia.org/wiki/Special:FilePath/Rio%20Jabalon%20Crecida2%202010-12-09%20CampodeCalatrava.jpg,Spain,https://en.wikipedia.org/wiki/Jabal%C3%B3n,38.889444444,-4.090555555,river in Spain
Q16710,Matachel,rivers,http://commons.wikimedia.org/wiki/Special:FilePath/Riu%20Matachel.JPG,Spain,https://en.wikipedia.org/wiki/Matachel_River,38.310442833,-5.738978,river in Spain
Q17747,Odiel,rivers,http://commons.wikimedia.org/wiki/Special:FilePath/R%C3%ADo%20Odiel.JPG,Spain,https://en.wikipedia.org/wiki/Odiel,37.27083333,-6.96472222,river in Spain
Q17744,Tinto,rivers,http://commons.wikimedia.org/wiki/Special:FilePath/IronInRocksMakeRiverRed.jpg,Spain,https://en.wikipedia.org/wiki/Rio_Tinto_(river),37.208611111,-6.938888888,river in Spain
Q17748,Guadiana Menor,rivers,http://commons.wikimedia.org/wiki/Special:FilePath/Embalse%20del%20Negrat%C3%ADn.jpg,Spain,https://en.wikipedia.org/wiki/Guadiana_Menor,37.936388888,-3.25,river in Spain
Q17755,Guadajoz,rivers,http://commons.wikimedia.org/wiki/Special:FilePath/IMG%2020180428%20092944397%20HDR.jpg,Spain,,37.831305555,-4.8496,river in Spain
Q17760,Genil,rivers,http://commons.wikimedia.org/wiki/Special:FilePath/R%C3%ADo%20Genil%20por%20Fuente%20Vaqueros%20%28Granada%2C%20Espa%C3%B1a%29%201.jpg,Spain,https://en.wikipedia.org/wiki/Genil,37.69352,-5.316539,river in Spain
Q17761,Guadaíra,rivers,http://commons.wikimedia.org/wiki/Special:FilePath/Guadaira1.JPG,Spain,https://en.wikipedia.org/wiki/Guada%C3%ADra,37.173791666,-6.102388888,river in Spain
Q17765,Guadalimar,rivers,http://commons.wikimedia.org/wiki/Special:FilePath/JDCANO%20GUADALIMAR%20PUENTE%20MOCHO.jpg,Spain,https://en.wikipedia.org/wiki/Guadalimar,37.98333333,-3.73333333,river in Spain
Q17776,Corbones,rivers,http://commons.wikimedia.org/wiki/Special:FilePath/Corbones%20River.jpg,Spain,,37.614313888,-5.674480555,river in Spain
Q17794,Jándula River,rivers,http://commons.wikimedia.org/wiki/Special:FilePath/Sierra%20Andujar03.JPG,Spain,,38.059102777,-4.118083333,river in Spain
Q17799,Bembézar,rivers,http://commons.wikimedia.org/wiki/Special:FilePath/R%C3%ADo%20Bemb%C3%A9zar%20%2810764361134%29.jpg,Spain,,37.753658,-5.217197,river in Spain
Q17801,River Viar,rivers,http://commons.wikimedia.org/wiki/Special:FilePath/R%C3%ADo%20Viar.jpg,Spain,,38.08475,-6.265175,watercourse in Spain
Q17812,Guadalete,rivers,http://commons.wikimedia.org/wiki/Special:FilePath/Desembocadura%20del%20r%C3%ADo%20Guadalete2.JPG,Spain,https://en.wikipedia.org/wiki/Guadalete,36.578888888,-6.241536111,river in Spain
Q17952,Guadiaro,rivers,http://commons.wikimedia.org/wiki/Special:FilePath/Guadiaro.jpg,Spain,https://en.wikipedia.org/wiki/Guadiaro_(river),36.2825,-5.276666666,river in Spain
Q17956,Guadalhorce,rivers,http://commons.wikimedia.org/wiki/Special:FilePath/R%C3%ADo%20Guadalhorce%2003.JPG,Spain,https://en.wikipedia.org/wiki/Guadalhorce,36.666,-4.455,"river in Spain, European Union"
Q17973,Guadalmedina,rivers,http://commons.wikimedia.org/wiki/Special:FilePath/Guadalmedina4.jpg,Spain,https://en.wikipedia.org/wiki/Guadalmedina,36.70621,-4.425791,"river in Málaga province, Spain"
Q17993,Guadalfeo,rivers,http://commons.wikimedia.org/wiki/Special:FilePath/Guadalfeo%20river.jpg,Spain,https://en.wikipedia.org/wiki/Guadalfeo,36.72394,-3.57906,river in Spain
Q17998,Adra River,rivers,http://commons.wikimedia.org/wiki/Special:FilePath/Rio-Adra-en-la-actualidad.jpg,Spain,,36.738925,-2.979011111,river in Spain
Q18030,Andarax,rivers,http://commons.wikimedia.org/wiki/Special:FilePath/Desembocadura%20R%C3%ADo%20Andarax.JPG,Spain,https://en.wikipedia.org/wiki/Andarax,37.0153,-2.88917,river in Spain
Q18041,Almanzora,rivers,http://commons.wikimedia.org/wiki/Special:FilePath/Cauce%20del%20Almanzora.jpg,Spain,https://en.wikipedia.org/wiki/Almanzora_(river),37.3350961,-2.6007107,river in Spain
Q18622,Guadalentín,rivers,http://commons.wikimedia.org/wiki/Special:FilePath/Puente%20dl%20barrio%20lc.jpg,Spain,https://en.wikipedia.org/wiki/Guadalent%C3%ADn,37.9916,-1.0729,river in Spain
Q20054,Cabriel,rivers,http://commons.wikimedia.org/wiki/Special:FilePath/Rioportelezna.jpg,Spain,https://en.wikipedia.org/wiki/Cabriel,39.540621833,-1.506120833,tributary of Júcar River
Q20060,Magro River,rivers,http://commons.wikimedia.org/wiki/Special:FilePath/Embalse%20de%20Forata.jpg,Spain,https://en.wikipedia.org/wiki/Magro_(river),39.187761,-0.423703,tributary of the River Júcar
Q20066,Valdemembra River,rivers,http://commons.wikimedia.org/wiki/Special:FilePath/R%C3%ADo%20Valdemembra.JPG,Spain,https://en.wikipedia.org/wiki/Valdemembra,39.15,-1.71667,river of Spain
Q20118,Turia,rivers,http://commons.wikimedia.org/wiki/Special:FilePath/RTuria1%20Benaguasil.jpg,Spain,https://en.wikipedia.org/wiki/Turia_(river),39.565536111,-0.592616666,Spanish river
Q20142,Mijares River,rivers,http://commons.wikimedia.org/wiki/Special:FilePath/Rio%20Mijares.JPG,Spain,https://en.wikipedia.org/wiki/Mijares_(river),39.90862,-0.01212,river in Spain
Q20339,Zadorra,rivers,http://commons.wikimedia.org/wiki/Special:FilePath/Armi%C3%B1ongo%20zubi%20erromatarra.jpg,Spain,https://en.wikipedia.org/wiki/Zadorra,42.6675,-2.89972,river of the Iberian Peninsula
Q20343,Najerilla,rivers,http://commons.wikimedia.org/wiki/Special:FilePath/Najerilla.River.across.Najera.jpeg,Spain,https://en.wikipedia.org/wiki/Najerilla,42.50861111,-2.675,river in Spain
Q20348,Ega river,rivers,http://commons.wikimedia.org/wiki/Special:FilePath/Estella%20rio%20Ega.jpg,Spain,https://en.wikipedia.org/wiki/Ega_(river),42.6132,-2.6243,river of Spain
Q20354,Cidacos,rivers,http://commons.wikimedia.org/wiki/Special:FilePath/Cidacos%20river%20near%20Herce.jpg,Spain,https://en.wikipedia.org/wiki/Cidacos,42.2106,-2.20583,river of Spain
Q201592,Tibi Reservoir,lakes,http://commons.wikimedia.org/wiki/Special:FilePath/Cola%20del%20pantano%20de%20Tibi.jpg,Spain,https://en.wikipedia.org/wiki/Tibi_Dam,38.503096774,-0.56468996,reservoir in Spain
Q202052,Ulldecona Reservoir,lakes,http://commons.wikimedia.org/wiki/Special:FilePath/Ulldecona.1.jpg,Spain,https://en.wikipedia.org/wiki/Ulldecona_Dam,40.68324158,0.22642136,reservoir in Spain
Q382374,Tous Reservoir,lakes,http://commons.wikimedia.org/wiki/Special:FilePath/Embalse%20de%20Tous%20%28Valencia%29%20-%2052546042621.jpg,Spain,,39.14555556,-0.66,reservoir in the province of Valencia
Q118549,Gujuli,waterfalls,http://commons.wikimedia.org/wiki/Special:FilePath/Cascada%20Gujuli.jpg,Spain,https://en.wikipedia.org/wiki/Cascada_de_Gujuli,42.976,-2.91224,waterfall
Q3108356,Aneto Glacier,glaciers,http://commons.wikimedia.org/wiki/Special:FilePath/Glaciar%20del%20Aneto.jpg,Spain,https://en.wikipedia.org/wiki/Aneto_glacier,42.63,0.65,glacier in Spain
Q3108362,Maladeta glacier,glaciers,http://commons.wikimedia.org/wiki/Special:FilePath/Maladeta.jpg,Spain,,42.6542,0.63722,glacier in the Pyrenees
Q3108374,Mont-Perdu Glacier,glaciers,http://commons.wikimedia.org/wiki/Special:FilePath/MONTE%20PERDIDO.JPG,Spain,,42.6806,0.0375,
Q117583,Cabañeros National Park,national_parks,http://commons.wikimedia.org/wiki/Special:FilePath/Los%20Navalucillos-Caba%C3%B1eros%202022%2010.jpg,Spain,https://en.wikipedia.org/wiki/Caba%C3%B1eros_National_Park,39.396388888,-4.487222222,"national park in the Montes de Toledo, Spain"
Q715124,Teide National Park,national_parks,http://commons.wikimedia.org/wiki/Special:FilePath/Roque%20Cinchado%20und%20Teide%20%28Zuschnitt%29.jpg,Spain,https://en.wikipedia.org/wiki/Teide_National_Park,28.2647,-16.6181,"National Park in Tenerife, Spain"
Q11959,Alicante,cities,http://commons.wikimedia.org/wiki/Special:FilePath/Vista%20de%20Alicante%2C%20Espa%C3%B1a%2C%202014-07-04%2C%20DD%2049.JPG,Spain,https://en.wikipedia.org/wiki/Alicante,38.345277777,-0.483055555,"city in Valencian Community, Spain"
Q11994,Miranda de Ebro,cities,http://commons.wikimedia.org/wiki/Special:FilePath/Puente%20Carlos%20III%20Miranda.JPG,Spain,https://en.wikipedia.org/wiki/Miranda_de_Ebro,42.683333333,-2.933333333,"city in Castile and León, Spain"
Q12292,Villarreal,cities,http://commons.wikimedia.org/wiki/Special:FilePath/Basilica%20s.%20pascual.JPG,Spain,https://en.wikipedia.org/wiki/Villarreal,39.937777777,-0.101388888,"city in the province of Castellón, in the Valencian Community, Spain"
Q13939,Terrassa,cities,http://commons.wikimedia.org/wiki/Special:FilePath/Egara.%20Conjunt%20episcopal.jpg,Spain,https://en.wikipedia.org/wiki/Terrassa,41.561111111,2.008055555,"city in Catalonia, Spain"
Q15092,Castellón de la Plana,cities,http://commons.wikimedia.org/wiki/Special:FilePath/Castell%C3%B3n%20a%C3%A9reo%202%20%2836985918570%29.jpg,Spain,https://en.wikipedia.org/wiki/Castell%C3%B3n_de_la_Plana,39.985980555,-0.037438888,"city in the Valencian Community, Spain"
Q15471,Sant Adrià de Besòs,cities,http://commons.wikimedia.org/wiki/Special:FilePath/SantAdria%2003.jpg,Spain,https://en.wikipedia.org/wiki/Sant_Adri%C3%A0_de_Bes%C3%B2s,41.4304832,2.2182775,"city in Catalonia, Spain"
Q15640,Sant Joan Despí,cities,http://commons.wikimedia.org/wiki/Special:FilePath/MasMorell-SantJoanDespi-CasesAuriga-5573.jpg,Spain,https://en.wikipedia.org/wiki/Sant_Joan_Desp%C3%AD,41.3667951,2.0570346,"city and municipality located in the Baix Llobregat area, Catalonia, Spain"
Q15679,Badajoz,cities,http://commons.wikimedia.org/wiki/Special:FilePath/Vista%20de%20Badajoz%20desde%20la%20Torre%20Espantaperros.jpg,Spain,https://en.wikipedia.org/wiki/Badajoz,38.87789,-6.970609,"municipality in Extremadura, Spain"
Q15684,Segovia,cities,http://commons.wikimedia.org/wiki/Special:FilePath/Segovia%20-%2002%20edited.jpg,Spain,https://en.wikipedia.org/wiki/Segovia,40.948055555,-4.118333333,"Spanish municipality, in Castilla y León, capital of the province of the same name"
Q15688,Ávila,cities,http://commons.wikimedia.org/wiki/Special:FilePath/Avila%20001.jpg,Spain,https://en.wikipedia.org/wiki/%C3%81vila,40.654347222,-4.696222222,"municipality in Castile and León, Spain"
Q1492,Barcelona,cities,http://commons.wikimedia.org/wiki/Special:FilePath/Aerial%20view%20of%20La%20Sagrada%20Familia%2C%20Barcelona%2C%20Spain%20%2851227006134%29.jpg,Spain,https://en.wikipedia.org/wiki/Barcelona,41.3825,2.176944444,"city in Catalonia, Spain"
Q3177215,Jentilarri,landmarks,http://commons.wikimedia.org/wiki/Special:FilePath/Jentilarri%20001.jpg,Spain,,42.9925,-2.1075,"dolmen in Gipuzkoa, Spain"
Q20104774,Cova d'en Genís,landmarks,http://commons.wikimedia.org/wiki/Special:FilePath/157%20Cau%20d%27en%20Gen%C3%ADs%20%28Badalona%29.JPG,Spain,,41.468555,2.209916,cave in Spain
Q20160171,Forno dos Mouros,landmarks,http://commons.wikimedia.org/wiki/Special:FilePath/Forno%20dos%20Mouros.jpg,Spain,,43.010192,-7.981445,"dolmen in Toques, Spain"
Q20170929,Dolmen of Guadalperal,landmarks,http://commons.wikimedia.org/wiki/Special:FilePath/Dolmen%20Guadalperal%20Verano%202019.jpg,Spain,https://en.wikipedia.org/wiki/Dolmen_of_Guadalperal,39.835737,-5.404481,"dolmen in Peraleda de la Mata, Spain"
Q20182113,Dolmen de Meixoeiro,landmarks,http://commons.wikimedia.org/wiki/Special:FilePath/Dolmen%20de%20Meixoeiro%20-%20Mos.jpg,Spain,,42.175413,-8.669671,"dolmen in Mos, Spain"
Q20182119,Dolmen El Mellizo,landmarks,http://commons.wikimedia.org/wiki/Special:FilePath/Dolmen%20El%20Mellizo%20o%20Anta%20de%20la%20Marquesa%2010%20%28cropped%29.jpg,Spain,,39.329818,-7.218968,"dolmen in Valencia de Alcántara, Spain"
Q20541047,Chan da Arquiña,landmarks,http://commons.wikimedia.org/wiki/Special:FilePath/Dolmen%20de%20Chan%20da%20Arqui%C3%B1a%20%285666454416%29.jpg,Spain,,42.32011111,-8.698138889,"dolmen in Moaña, Spain"
Q20541170,Mámoa do Rei,landmarks,http://commons.wikimedia.org/wiki/Special:FilePath/M%C3%A1moa%20do%20Rei%2C%20Monte%20Penide%2C%20Redondela.jpg,Spain,,42.270556,-8.628611,"dolmen in Redondela, Spain"
Q20758270,Dolmens of Vinyes Mortes,landmarks,http://commons.wikimedia.org/wiki/Special:FilePath/Dolmen%20de%20les%20Vinyes%20Mortes%20I%20%28Catalogne%2C%20Espagne%29%20%2814502532608%29.jpg,Spain,,42.33,3.134,"dolmens in Pau, Spain"
Q2627735,Roman Theatre of Cartagena,landmarks,http://commons.wikimedia.org/wiki/Special:FilePath/Teatro%20Romano%20Cartagena%20vista%20panor%C3%A1mica.jpg,Spain,https://en.wikipedia.org/wiki/Roman_Theatre_(Cartagena),37.5995,-0.9841,"cultural property in Cartagena, Spain"
Q2700544,Roman Theatre of Emerita Augusta,landmarks,http://commons.wikimedia.org/wiki/Special:FilePath/Ancient%20Roman%20theatre%20in%20M%C3%A9rida%202023.jpg,Spain,https://en.wikipedia.org/wiki/Roman_Theatre_(M%C3%A9rida),38.915363055,-6.338661111,"ancient Roman theatre in Merida, Spain"
Q3034067,Dolmen de la Creu d'en Cobertella,landmarks,http://commons.wikimedia.org/wiki/Special:FilePath/Dolmen%20de%20la%20Creu%20d%E2%80%99en%20Cobertella%201.JPG,Spain,,42.25702778,3.19713889,"dolmen in Roses, Spain"
Q3079841,Roman theatre of Tarraco,landmarks,http://commons.wikimedia.org/wiki/Special:FilePath/Teatre%20Rom%C3%A0%20de%20Tarragona-4.JPG,Spain,https://en.wikipedia.org/wiki/Roman_Theatre_(Tarraco),41.1128,1.2494,"UNESCO World Heritage Site in Catalonia, Spain"
Q336246,Torre Glòries,skyscrapers,http://commons.wikimedia.org/wiki/Special:FilePath/Torre%20Agbar%20-%20Barcelona%2C%20Spain%20-%20Jan%202007.jpg,Spain,https://en.wikipedia.org/wiki/Torre_Gl%C3%B2ries,41.403489,2.189519,38-story skyscraper in Barcelona
Q519568,Torre Moeve,skyscrapers,http://commons.wikimedia.org/wiki/Special:FilePath/Torre%20Cepsa%20%28Madrid%29%2001.jpg,Spain,https://en.wikipedia.org/wiki/Torre_Moeve,40.475555555,-3.687777777,"Skyscraper in Madrid, Spain"
Q244947,Aqueduct of Segovia,bridges,http://commons.wikimedia.org/wiki/Special:FilePath/Aqueduct%20of%20Segovia%2008.jpg,Spain,https://en.wikipedia.org/wiki/Aqueduct_of_Segovia,40.947888888,-4.117805555,"aqueduct bridge in Segovia, Spain"
Q250523,Pont del Diable,bridges,http://commons.wikimedia.org/wiki/Special:FilePath/Pont%20rom%C3%A0%20%28Martorell%20i%20Castellbisbal%29%20-%2018.jpg,Spain,https://en.wikipedia.org/wiki/Pont_del_Diable,41.475,1.937777777,deck arch bridge over the Llobregat River
Q282619,Puente de Alfonso XIII,bridges,http://commons.wikimedia.org/wiki/Special:FilePath/Pont%20Alphonse%20XIII%20en%202008.JPG,Spain,,37.3692,-5.99256,bridge in Spain
Q331996,Vizcaya Bridge,bridges,http://commons.wikimedia.org/wiki/Special:FilePath/Bizkaia%20zubia%20-%20Puente%20Bizkaia.jpg,Spain,https://en.wikipedia.org/wiki/Vizcaya_Bridge,43.323055555,-3.016944444,bridge
Q521124,Pont Vell,bridges,http://commons.wikimedia.org/wiki/Special:FilePath/Lleida-25%20riu%20Segre.jpg,Spain,,41.61461389,0.62839444,"bridge in Lleida, Catalonia, Spain"
Q623448,Les Ferreres Aqueduct,bridges,http://commons.wikimedia.org/wiki/Special:FilePath/Les%20Ferreres%20Aqueduct%2C%20built%20in%20the%201st%20century%20AD%20to%20supply%20water%20to%20the%20ancient%20city%20of%20Tarraco%2C%20Spain%20-%2052635720275.jpg,Spain,https://en.wikipedia.org/wiki/Les_Ferreres_Aqueduct,41.145556,1.243889,"aqueduct in Tarragona, Spain"
Q967119,Alconétar Bridge,bridges,http://commons.wikimedia.org/wiki/Special:FilePath/Puente%20de%20Alcon%C3%A9tar%2C%20C%C3%A1ceres%20Province%2C%20Spain.%20Drawing%2004.jpg,Spain,https://en.wikipedia.org/wiki/Alcon%C3%A9tar_Bridge,39.753838,-6.437345,"cultural property in Garrovillas de Alconétar, Spain"
Q165434,Castell de Tous,castles,http://commons.wikimedia.org/wiki/Special:FilePath/Ru%C3%AFnes%20del%20Castell%20de%20Tous%20i%20Torre%20de%20vigil%C3%A0ncia%20%28Pa%C3%ADs%20Valenci%C3%A0%29.jpg,Spain,,39.1512,-0.666197,castle
Q187933,Castle of El Barco de Ávila,castles,http://commons.wikimedia.org/wiki/Special:FilePath/Sierra%20de%20Gredos%20%283987864786%29.jpg,Spain,,40.358931,-5.525191,castle
Q261707,Bellver Castle,castles,http://commons.wikimedia.org/wiki/Special:FilePath/Castillo%20de%20Bellver.jpg,Spain,https://en.wikipedia.org/wiki/Bellver_Castle,39.56375,2.619338888,castle in Mallorca
Q269470,Castle of Biar,castles,http://commons.wikimedia.org/wiki/Special:FilePath/Castillo%20de%20Biar.jpg,Spain,https://en.wikipedia.org/wiki/Castle_of_Biar,38.631275,-0.764580555,castle
Q112738,Castle of Xabier,castles,http://commons.wikimedia.org/wiki/Special:FilePath/Castillo%20de%20Javier%20Aircraft%20Turismo%20de%20Navarra.jpg,Spain,https://en.wikipedia.org/wiki/Castle_of_Xavier,42.594027777,-1.215833333,"castle in Javier, Spain"
Q115798,Castillo y muralla de Utiel,castles,http://commons.wikimedia.org/wiki/Special:FilePath/Puerta%20de%20la%20Muralla%20de%20Utiel.jpg,Spain,,39.56665,-1.206194444,"fortifications in Utiel, Spain"
Q121933,Castle of Trujillo,castles,http://commons.wikimedia.org/wiki/Special:FilePath/Castillo%20de%20Trujillo%20%28C%C3%A1ceres%29.jpg,Spain,,39.462377,-5.882481,castle
Q321844,Castellvell de la Marca,castles,http://commons.wikimedia.org/wiki/Special:FilePath/Castell%20Castellvi.JPG,Spain,,41.3375,1.57861,"cultural property in Castellví de la Marca, Spain"
Q597967,Estadio Príncipe Felipe,stadiums,http://commons.wikimedia.org/wiki/Special:FilePath/Estadio%20principe%20felipe.jpg,Spain,https://en.wikipedia.org/wiki/Estadio_Pr%C3%ADncipe_Felipe,39.487130555,-6.412347222,stadium
Q609462,Estadio Pepe Gonçalvez,stadiums,http://commons.wikimedia.org/wiki/Special:FilePath/Unilaspalmasatgrande.JPG,Spain,,28.118125,-15.438525,"stadium in Las Palmas de Gran Canaria, Spain"
Q151816,Estadio Nuevo José Zorrilla,stadiums,http://commons.wikimedia.org/wiki/Special:FilePath/Estadio%20Jos%C3%A9%20Zorrilla%20de%20Valladolid%20%28noviembre%20de%202019%29.jpg,Spain,https://en.wikipedia.org/wiki/Jos%C3%A9_Zorrilla_Stadium,41.644444,-4.761111,football stadium in Spain
Q164027,Bernabéu,stadiums,http://commons.wikimedia.org/wiki/Special:FilePath/Estadio%20Santiago%20Bernab%C3%A9u%20Madrid.jpg,Spain,https://en.wikipedia.org/wiki/Bernab%C3%A9u_(stadium),40.45306,-3.68835,"Real Madrid's home ground, stadium in Madrid"
Q202762,Mestalla Stadium,stadiums,http://commons.wikimedia.org/wiki/Special:FilePath/CAMP%20DE%20MESTALLA%20GRADA%20DE%20LA%20MAR%202014.JPG,Spain,https://en.wikipedia.org/wiki/Mestalla_Stadium,39.474722,-0.358333,"stadium at Valencia, Spain"
Q244592,San Mamés Stadium,stadiums,http://commons.wikimedia.org/wiki/Special:FilePath/San%20mames%20uefa.png,Spain,https://en.wikipedia.org/wiki/San_Mam%C3%A9s_Stadium_(1913),43.264205,-2.949369,"stadium at Bilbao, Basque Country"
Q252812,Estadio Ganzábal,stadiums,http://commons.wikimedia.org/wiki/Special:FilePath/Estadio%20Ganz%C3%A1bal.jpg,Spain,https://en.wikipedia.org/wiki/Estadio_Ganz%C3%A1bal,43.30197222,-5.68984167,stadium
Q254877,Campo de Ciudad Lineal,stadiums,http://commons.wikimedia.org/wiki/Special:FilePath/Ciudad%20Lineal-Vel%C3%B3dromo.jpg,Spain,https://en.wikipedia.org/wiki/Campo_de_Ciudad_Lineal,40.4501,-3.6532,"multi-use stadium in Madrid, Spain"
Q259637,Estadio Román Suárez Puerta,stadiums,http://commons.wikimedia.org/wiki/Special:FilePath/Avil%C3%A9s%2C%20Estadio%20Rom%C3%A1n%20Su%C3%A1rez%20Puerta.JPG,Spain,https://en.wikipedia.org/wiki/Estadio_Rom%C3%A1n_Su%C3%A1rez_Puerta,43.5575,-5.9306,Multi-use stadium in Spain
Q1640731,Polytechnic University of Catalonia,universities,http://commons.wikimedia.org/wiki/Special:FilePath/Nexus%20I%20%28Barcelona%29.jpg,Spain,https://en.wikipedia.org/wiki/Polytechnic_University_of_Catalonia,41.38869,2.11603,"public university in Barcelona, Spain"
Q2946157,"School of Engineering and Architecture, University of Zaragoza",universities,http://commons.wikimedia.org/wiki/Special:FilePath/BetancourtEINA.jpg,Spain,,41.683712,-0.8881407,school in Spain
Q5838995,Escuela Politécnica de Cuenca,universities,http://commons.wikimedia.org/wiki/Special:FilePath/Eupc-uclm%20copia.jpg,Spain,,40.079831863,-2.147549405,
Q28450645,"Cristo Rey Polytechnic Institute, Valladolid",universities,http://commons.wikimedia.org/wiki/Special:FilePath/Valladolid%20Panoramic%20View%2023.jpg,Spain,https://en.wikipedia.org/wiki/Cristo_Rey_Polytechnic_Institute,41.660222792,-4.745366267,"jesuit, catholic school in Valladolid, Spain"
Q495225,University of Alcalá,universities,http://commons.wikimedia.org/wiki/Special:FilePath/Alcal%C3%A1%20de%20Henares%20-%20Colegio%20Mayor%20de%20San%20Ildefonso%2001.jpg,Spain,https://en.wikipedia.org/wiki/University_of_Alcal%C3%A1_(1499%E2%80%931836),40.482898055,-3.363215,former Spanish university (1499-1836)
Q509909,University of Palencia,universities,http://commons.wikimedia.org/wiki/Special:FilePath/Casa%20Santo%20Domingo%20de%20Guzm%C3%A1n%20Palencia.jpg,Spain,https://en.wikipedia.org/wiki/University_of_Palencia,42.014191082,-4.536272787,defunct university in Spain
Q584919,University of Madrid,universities,http://commons.wikimedia.org/wiki/Special:FilePath/Universidad%20Central%20e%20Instituto%20Cardenal%20Cisneros.jpg,Spain,https://en.wikipedia.org/wiki/Central_University_of_Madrid,40.4245,-3.70757,former name of the Complutense University of Madrid (1943-1970)
Q339482,University of Oñati,universities,http://commons.wikimedia.org/wiki/Special:FilePath/O%C3%B1ate%20-%20Universidad%2012.jpg,Spain,https://en.wikipedia.org/wiki/University_of_O%C3%B1ati,43.033968269,-2.415359592,"university in Oñati, Spain"
Q1002160,Bufón de Arenillas,natural,http://commons.wikimedia.org/wiki/Special:FilePath/Arenillas01.JPG,Spain,,43.4075,-4.69277778,geyser
Q1143245,Cueva del Viento,natural,http://commons.wikimedia.org/wiki/Special:FilePath/At%20Cueva%20del%20Viento%202023%20023.jpg,Spain,https://en.wikipedia.org/wiki/Cueva_del_Viento,28.352088888,-16.704047222,"Cave in Icod de los Vinos, Northern Tenerife"
Q1420577,Caldera de Taburiente,natural,http://commons.wikimedia.org/wiki/Special:FilePath/La%20palma%20volcano-close.jpg,Spain,,28.7547,-17.885,"caldera in La Palma, Spain"
Q9033252,Mina Grott,space,http://commons.wikimedia.org/wiki/Special:FilePath/040%20Mina%20Grott%2C%20cam%C3%AD%20del%20Pant%C3%A0%20%28Vallvidrera%2C%20Barcelona%29.jpg,Spain,,41.41527778,2.09777778,
Q681016,Guadarrama high-speed rail tunnel,space,http://commons.wikimedia.org/wiki/Special:FilePath/T%C3%BAnel%20ferroviario%20de%20Guadarrama.jpg,Spain,https://en.wikipedia.org/wiki/Guadarrama_Tunnel,40.783333333,-3.783333333,railway tunnel in Spain
Q4202960,Barcelona Stock Exchange,markets,http://commons.wikimedia.org/wiki/Special:FilePath/Borsa%20de%20Barcelona%20-%20001.jpg,Spain,https://en.wikipedia.org/wiki/Borsa_de_Barcelona,41.389969444,2.167030555,stock exchange in Barcelona
Q60900,Bandaranaike International Airport,airports,http://commons.wikimedia.org/wiki/Special:FilePath/22%20boeing%20772%20app%20cmb.jpg,Sri Lanka,https://en.wikipedia.org/wiki/Bandaranaike_International_Airport,7.181111111,79.883611111,main international airport in Sri Lanka
Q37700,Elgin Falls,waterfalls,http://commons.wikimedia.org/wiki/Special:FilePath/Elgine.JPG,Sri Lanka,https://en.wikipedia.org/wiki/Elgin_Falls,6.866666666,80.766666666,waterfall in Sri Lanka
Q37738,Bopath Ella Falls,waterfalls,http://commons.wikimedia.org/wiki/Special:FilePath/Bopath%20Falls.jpg,Sri Lanka,https://en.wikipedia.org/wiki/Bopath_Ella_Falls,6.8,80.366666666,waterfall
Q37881,Rawan Ella,waterfalls,http://commons.wikimedia.org/wiki/Special:FilePath/Rawan%20ella.jpg,Sri Lanka,https://en.wikipedia.org/wiki/Rawan_Ella,6.959444444,80.854444444,waterfall in Sri Lanka
Q131875,Udawalawe National Park,national_parks,http://commons.wikimedia.org/wiki/Special:FilePath/El%C3%A9phant-Uda%20Walawe%20National%20Park%20%286%29.jpg,Sri Lanka,https://en.wikipedia.org/wiki/Udawalawe_National_Park,6.438344444,80.888455555,national park in Sri Lanka
Q464909,Nubian Desert,deserts,http://commons.wikimedia.org/wiki/Special:FilePath/Nubian%20Desert%20%288651154432%29.jpg,Sudan,https://en.wikipedia.org/wiki/Nubian_Desert,20.5,33.0,desert
Q1963,Khartoum,cities,http://commons.wikimedia.org/wiki/Special:FilePath/Elmek%20Nimir%20Bridge.jpg,Sudan,https://en.wikipedia.org/wiki/Khartoum,15.60308,32.52654,capital city of Sudan
Q5780,Meroë,landmarks,http://commons.wikimedia.org/wiki/Special:FilePath/Sudan%20Meroe%20Pyramids%202001.JPG,Sudan,https://en.wikipedia.org/wiki/Mero%C3%AB,16.935138888,33.75075,ancient city along the eastern bank of the Nile River in Northern Sudan
Q482349,Blue Nile Road and Railway Bridge,bridges,http://commons.wikimedia.org/wiki/Special:FilePath/%D9%83%D8%A8%D8%B1%D9%8A%20%D8%A7%D9%84%D9%86%D9%8A%D9%84%20%D8%A7%D9%84%D8%A3%D8%B2%D8%B1%D9%82.jpg,Sudan,https://en.wikipedia.org/wiki/Blue_Nile_Road_and_Railway_Bridge,15.615875,32.54389722,bridge in Sudan
Q183494,Johan Adolf Pengel International Airport,airports,http://commons.wikimedia.org/wiki/Special:FilePath/JAP%20Airport%2C%202022%20-%201.jpg,Suriname,https://en.wikipedia.org/wiki/Johan_Adolf_Pengel_International_Airport,5.452830555,-55.187783333,airport in Suriname
Q3001,Paramaribo,cities,http://commons.wikimedia.org/wiki/Special:FilePath/Waterkant%20Paramaribo%20with%20the%20Unesco%20Heritage%20Buildings.jpg,Suriname,https://en.wikipedia.org/wiki/Paramaribo,5.866666666,-55.166666666,capital city of Suriname
Q29863,Stockholm Bromma Airport,airports,http://commons.wikimedia.org/wiki/Special:FilePath/Bromma%20flygplats2.jpg,Sweden,https://en.wikipedia.org/wiki/Stockholm_Bromma_Airport,59.354444444,17.939722222,"airport in Stockholm, Sweden"
Q29864,Stockholm Västerås Airport,airports,http://commons.wikimedia.org/wiki/Special:FilePath/Stockholm%20V%C3%A4ster%C3%A5s%20Airport.JPG,Sweden,https://en.wikipedia.org/wiki/Stockholm_V%C3%A4ster%C3%A5s_Airport,59.589444444,16.633611111,airport serving Stockholm
Q204987,Storavan,lakes,http://commons.wikimedia.org/wiki/Special:FilePath/Lake%20Storavan.jpg,Sweden,https://en.wikipedia.org/wiki/Storavan,65.7,18.25,reservoir
Q386757,Ivöleden,lakes,http://commons.wikimedia.org/wiki/Special:FilePath/Linf%C3%A4rjan%20Karna%2C%20Iv%C3%B6sj%C3%B6n.jpg,Sweden,,56.112543,14.377885,lake in Sweden
Q208177,Birka,history_and_mysteries,http://commons.wikimedia.org/wiki/Special:FilePath/BirkaExcavation1.png,Sweden,https://en.wikipedia.org/wiki/Birka,59.336666666,17.545,archaeological site on the island of Björkö in Sweden
Q173596,Vänern,lakes,http://commons.wikimedia.org/wiki/Special:FilePath/V%C3%A4nern%20by%20Sentinel-2.jpg,Sweden,https://en.wikipedia.org/wiki/V%C3%A4nern,58.916666666,13.5,largest lake in Sweden
Q509682,Ven,islands,http://commons.wikimedia.org/wiki/Special:FilePath/Ven-from-east.jpg,Sweden,https://en.wikipedia.org/wiki/Ven_(Sweden),55.905833333,12.695,Swedish island in Öresund
Q510727,Kymmendö,islands,http://commons.wikimedia.org/wiki/Special:FilePath/Kymmend%C3%B62010c.jpg,Sweden,https://en.wikipedia.org/wiki/Kymmend%C3%B6,59.109722222,18.500555555,island
Q666729,Kungsholmen,islands,http://commons.wikimedia.org/wiki/Special:FilePath/Kungsholmen%20panorama%20Skinnarviksberget%202011.jpg,Sweden,https://en.wikipedia.org/wiki/Kungsholmen,59.3306,18.0417,"island in the Lake Mälaren in Stockholm, Sweden"
Q294787,Öja,islands,http://commons.wikimedia.org/wiki/Special:FilePath/Landsort%20lotshamnen.jpg,Sweden,,58.75694444,17.865,Swedish island in the Baltic sea
Q298377,Östergarnsholm,islands,http://commons.wikimedia.org/wiki/Special:FilePath/Ostergarnsholm%20%28199446542%29.jpg,Sweden,,57.441666666,18.975,Swedish island
Q355577,Adelsö,islands,http://commons.wikimedia.org/wiki/Special:FilePath/Kungsh%C3%B6garna%20Adels%C3%B6%2048%204%20September%202013%2004.jpg,Sweden,https://en.wikipedia.org/wiki/Adels%C3%B6,59.380833333,17.496111111,island in the middle of Lake Mälaren in Sweden
Q387843,Gotska Sandön,islands,http://commons.wikimedia.org/wiki/Special:FilePath/GotskaSandon%20NorthSide.jpg,Sweden,https://en.wikipedia.org/wiki/Gotska_Sand%C3%B6n,58.360555555,19.248055555,Swedish Baltic Sea island
Q3373289,Björlings glaciär,glaciers,http://commons.wikimedia.org/wiki/Special:FilePath/View%20to%20glacier%20from%20Kebnekaise%20in%20Sweden.jpg,Sweden,,67.8942,18.5286,
Q119150,Björnlandet National Park,national_parks,http://commons.wikimedia.org/wiki/Special:FilePath/Bj%C3%B6rnlandets%20nationalpark.jpg,Sweden,https://en.wikipedia.org/wiki/Bj%C3%B6rnlandet_National_Park,63.974039971,18.01487125,national park of Sweden
Q569960,Hamra National Park,national_parks,http://commons.wikimedia.org/wiki/Special:FilePath/Hamra%20Nationalpark.jpg,Sweden,https://en.wikipedia.org/wiki/Hamra_National_Park,61.756866112,14.807980747,national park
Q580404,Muddus National Park,national_parks,http://commons.wikimedia.org/wiki/Special:FilePath/Muddus-wasserfall.jpg,Sweden,https://en.wikipedia.org/wiki/Muddus_National_Park,66.916315609,20.197333508,national park
Q640485,Djurö National Park,national_parks,http://commons.wikimedia.org/wiki/Special:FilePath/Stenh%C3%A4llar%20Djur%C3%B6.jpg,Sweden,https://en.wikipedia.org/wiki/Djur%C3%B6_National_Park,58.846795728,13.465248392,national park in Sweden
Q666044,Pieljekaise National Park,national_parks,http://commons.wikimedia.org/wiki/Special:FilePath/Pieljekaise%20rozcesti.jpg,Sweden,https://en.wikipedia.org/wiki/Pieljekaise_National_Park,66.354300785,16.768257591,national park
Q691597,Sonfjället National Park,national_parks,http://commons.wikimedia.org/wiki/Special:FilePath/S%C3%A5nfj%C3%A4llet%20Nyvallens%20f%C3%A4bodvall.jpg,Sweden,https://en.wikipedia.org/wiki/Sonfj%C3%A4llet_National_Park,62.277494331,13.551749514,national park
Q692011,Padjelanta National Park,national_parks,http://commons.wikimedia.org/wiki/Special:FilePath/Padjelanta-mot-viriaure.JPG,Sweden,https://en.wikipedia.org/wiki/Padjelanta_National_Park,67.410021653,16.721859465,national park
Q2167,Lund,cities,http://commons.wikimedia.org/wiki/Special:FilePath/Stortorget%20lund%20080508.jpg,Sweden,https://en.wikipedia.org/wiki/Lund,55.708313018,13.199164196,city in the southern Swedish province of Scania
Q2211,Malmö,cities,http://commons.wikimedia.org/wiki/Special:FilePath/Centrala%20Malm%C3%B6.jpg,Sweden,https://en.wikipedia.org/wiki/Malm%C3%B6,55.583333333,13.0,"city in Skåne County, Sweden"
Q1754,Stockholm,cities,http://commons.wikimedia.org/wiki/Special:FilePath/Stockholm%20gamlastan%20etc.jpg,Sweden,https://en.wikipedia.org/wiki/Stockholm,59.329444444,18.068611111,capital and largest city of Sweden
Q27447,Uddevalla,cities,http://commons.wikimedia.org/wiki/Special:FilePath/Centre%20of%20Uddevalla.jpg,Sweden,https://en.wikipedia.org/wiki/Uddevalla,58.349166666,11.938055555,"urban area in Uddevalla Municipality, Sweden"
Q28374,Kungsbacka,cities,http://commons.wikimedia.org/wiki/Special:FilePath/Stefkubaktorg.jpg,Sweden,https://en.wikipedia.org/wiki/Kungsbacka,57.4875,12.076388888,"urban area in Kungsbacka Municipality, Sweden"
Q19590323,Gantoftadösen,landmarks,http://commons.wikimedia.org/wiki/Special:FilePath/Gantoftad%C3%B6sen.jpg,Sweden,https://en.wikipedia.org/wiki/Gantoftad%C3%B6sen,55.984107,12.807777,"Dolmen in Helsingborg, Sweden"
Q1536026,Ottarshögen,landmarks,http://commons.wikimedia.org/wiki/Special:FilePath/Ottar03.jpg,Sweden,,60.141537,17.575486,grave of Ottar Vendelkråka
Q1540741,The King's Grave,landmarks,http://commons.wikimedia.org/wiki/Special:FilePath/Kungagraven%20kivik.jpg,Sweden,https://en.wikipedia.org/wiki/The_King%27s_Grave,55.6825,14.233888888,"nordic bronze age grave in Kivik, southern Sweden"
Q1540834,Håga kurgan,landmarks,http://commons.wikimedia.org/wiki/Special:FilePath/H%C3%A5gah%C3%B6gen.jpg,Sweden,https://en.wikipedia.org/wiki/H%C3%A5ga_mound,59.83722222,17.58694444,"tumulus in Uppsala, Sweden"
Q1551286,Hjortsberga grave field,landmarks,http://commons.wikimedia.org/wiki/Special:FilePath/Hjortsberga%20gravf%C3%A4lt.jpg,Sweden,,56.2186,15.406,"grave field in Ronneby Municipality, Blekinge, Sweden"
Q1551334,Hjortahammars grave field,landmarks,http://commons.wikimedia.org/wiki/Special:FilePath/Hjortahammar%201.jpg,Sweden,,56.1685,15.4611,"archaeological site in Ronneby, Sweden"
Q1559140,Sagaholm,landmarks,http://commons.wikimedia.org/wiki/Special:FilePath/%C3%96versikt%20m%20stens%C3%A4ttningar.jpg,Sweden,https://en.wikipedia.org/wiki/Sagaholm,57.746388888,14.172222222,"Bronze Age cairn near Jönköping, Sweden"
Q124304,Kista Science Tower,skyscrapers,http://commons.wikimedia.org/wiki/Special:FilePath/Kista%20Science%20Tower.jpg,Sweden,https://en.wikipedia.org/wiki/Kista_Science_Tower,59.402,17.947,"Tall building in Stockholm, Swedem"
Q206435,Turning Torso,skyscrapers,http://commons.wikimedia.org/wiki/Special:FilePath/The%20Turning%20Torso%2C%20Malmo.JPG,Sweden,https://en.wikipedia.org/wiki/Turning_Torso,55.613333333,12.976388888,"skyscraper in Malmö, Sweden"
Q531394,Hotell Triangeln,skyscrapers,http://commons.wikimedia.org/wiki/Special:FilePath/Hilton%20Malm%C3%B6%20City.jpg,Sweden,,55.59638889,13.00138889,skyscraper
Q307327,Östra bron,bridges,http://commons.wikimedia.org/wiki/Special:FilePath/East%20bridge%20karlstad%2020061022%20002.jpg,Sweden,,59.38458905,13.51326942,
Q580518,Västerbron,bridges,http://commons.wikimedia.org/wiki/Special:FilePath/Vasterbron%202008a.jpg,Sweden,https://en.wikipedia.org/wiki/V%C3%A4sterbron,59.32444444,18.02722222,"road bridge between Södermalm and Kungsholmen in Stockholm, Sweden"
Q436444,Q436444,bridges,http://commons.wikimedia.org/wiki/Special:FilePath/Ahus%20%C3%84spetbr%C3%BCcke.JPG,Sweden,,55.920576,14.29361,architectural structure
Q253430,Tyresö Palace,castles,http://commons.wikimedia.org/wiki/Special:FilePath/Tyreso%20slott%20view1.jpg,Sweden,https://en.wikipedia.org/wiki/Tyres%C3%B6_Palace,59.23527778,18.30472222,palace started in the 1620s and completed in 1636 by the Lord High Steward Gabriel Oxenstierna
Q147009,Tre Kronor Castle,castles,http://commons.wikimedia.org/wiki/Special:FilePath/Slottet%20Tre%20Kronor%201661.jpg,Sweden,https://en.wikipedia.org/wiki/Tre_Kronor_(castle),59.325833333,18.071388888,"stronghold in Stockholm, later rebuilt into a castle and royal residence"
Q340350,Visborg,castles,http://commons.wikimedia.org/wiki/Special:FilePath/Suecia%203-035%20%3B%20Visborg%201679.jpg,Sweden,https://en.wikipedia.org/wiki/Visborg,57.635416666,18.286111111,"fortress in Visby, Gotland"
Q366672,Löfstad Castle,castles,http://commons.wikimedia.org/wiki/Special:FilePath/L%C3%B6fstads%20slott%2C%20den%2010%20december%202008%2C%20bild%2016.JPG,Sweden,https://en.wikipedia.org/wiki/L%C3%B6vstad_Castle,58.55047222,16.04069444,was built 1630-1660 for the Field Marshal and Count Axel Lillie and his wife Christina Mörner.
Q366683,Rydboholm Castle,castles,http://commons.wikimedia.org/wiki/Special:FilePath/Rydboholm%20maj%202010.jpg,Sweden,https://en.wikipedia.org/wiki/Rydboholm_Castle,59.440277777,18.185555555,"building in Österåker Municipality, Stockholm County, Sweden"
Q501184,Stadsparksvallen,stadiums,http://commons.wikimedia.org/wiki/Special:FilePath/Stadsparksvallen.jpg,Sweden,https://en.wikipedia.org/wiki/Stadsparksvallen,57.783333333,14.141944444,"Sports ground in Jönköping, Sweden"
Q501603,Värendsvallen,stadiums,http://commons.wikimedia.org/wiki/Special:FilePath/120603%20V%C3%A4rendsvallen%204589.jpg,Sweden,https://en.wikipedia.org/wiki/V%C3%A4rendsvallen,56.881111111,14.771944444,playing field
Q571624,Idrottsparken,stadiums,http://commons.wikimedia.org/wiki/Special:FilePath/Nyaparken.jpg,Sweden,https://en.wikipedia.org/wiki/Idrottsparken_(Norrk%C3%B6ping),58.584166666,16.173055555,Swedish sports ground in Norrköping
Q175960,Malmö stadion,stadiums,http://commons.wikimedia.org/wiki/Special:FilePath/Sweden%20malm%C3%B6%20stadion%20sweden.jpg,Sweden,https://en.wikipedia.org/wiki/Malm%C3%B6_Stadion,55.586111111,12.989166666,"multi-purpose stadium in Malmö, Sweden"
Q297924,Örjans Vall,stadiums,http://commons.wikimedia.org/wiki/Special:FilePath/%C3%96rjans%20vall.jpg,Sweden,https://en.wikipedia.org/wiki/%C3%96rjans_Vall,56.684166666,12.866388888,"sports ground in Halmstad, Sweden"
Q371522,University of Gothenburg,universities,http://commons.wikimedia.org/wiki/Special:FilePath/G%C3%B6teborgs%20universitet%20-%20huvudbyggnaden.jpg,Sweden,https://en.wikipedia.org/wiki/University_of_Gothenburg,57.698333333,11.971666666,"university in Gothenburg, Sweden"
Q307336,Östra Södermanlands Järnväg,museums,http://commons.wikimedia.org/wiki/Special:FilePath/Mariefreds%20j%C3%A4rnv%C3%A4gsstation%2C%20juli%202019a.jpg,Sweden,https://en.wikipedia.org/wiki/%C3%96stra_S%C3%B6dermanlands_J%C3%A4rnv%C3%A4g,59.2592,17.218267,heritage railway
Q801977,Limeworks Museum of Bläse,museums,http://commons.wikimedia.org/wiki/Special:FilePath/Bl%C3%A4se%20kalkmuseum%2001.jpg,Sweden,,57.8946,18.839333,"working life museum in Gotland Municipality, Sweden"
Q1019618,Böda Skogsjärnväg,museums,http://commons.wikimedia.org/wiki/Special:FilePath/Stationshus%20vid%20B%C3%B6da%20Skogsj%C3%A4rnv%C3%A4g.JPG,Sweden,,57.312583,17.110183,heritage railway
Q1714824,Jädraås-Tallås Järnväg,museums,http://commons.wikimedia.org/wiki/Special:FilePath/J%C3%A4dra%C3%A5s%20station.JPG,Sweden,,60.84235,16.46915,"working life museum in Ockelbo Municipality, Sweden"
Q1765857,Skara–Lundsbrunns railways,museums,http://commons.wikimedia.org/wiki/Special:FilePath/Ralsbuss%20pa%20Lundsbrunns%20station%2020020811.JPG,Sweden,,58.383433,13.450033,"working life museum in Skara Municipality, Sweden"
Q798569,Backåkra,museums,http://commons.wikimedia.org/wiki/Special:FilePath/Back%C3%A5kra.jpg,Sweden,https://en.wikipedia.org/wiki/Back%C3%A5kra,55.389,14.13,farm
Q612476,Anundshög,history_and_mysteries,http://commons.wikimedia.org/wiki/Special:FilePath/Anundsh%C3%B6g%2C%20V%C3%A4ster%C3%A5s1004.jpg,Sweden,https://en.wikipedia.org/wiki/Anundsh%C3%B6g,59.63055556,16.64472222,"tumulus in Västmanland, Sweden"
Q15114,Zurich Airport,airports,http://commons.wikimedia.org/wiki/Special:FilePath/Zurich%20airport%20img%203324.jpg,Switzerland,https://en.wikipedia.org/wiki/Zurich_Airport,47.458055555,8.548055555,"international airport serving Zurich, Switzerland"
Q16943,Kleine Emme,rivers,http://commons.wikimedia.org/wiki/Special:FilePath/Wolhusen-Ponto%20trans%20Eta%20Emme%20en%20Bad%20205.jpg,Switzerland,https://en.wikipedia.org/wiki/Kleine_Emme,46.801388888,8.066666666,river in Switzerland
Q16944,Wigger,rivers,http://commons.wikimedia.org/wiki/Special:FilePath/Wigger1.jpg,Switzerland,https://en.wikipedia.org/wiki/Wigger_(river),47.3153,7.8925,river in Switzerland
Q16945,Suhre,rivers,http://commons.wikimedia.org/wiki/Special:FilePath/Suhre%20inter%20Muhen%20kaj%20Hirschthal%20090.jpg,Switzerland,https://en.wikipedia.org/wiki/Suhre,47.380277777,8.083888888,river in Switzerland
Q196793,Zervreilasee,lakes,http://commons.wikimedia.org/wiki/Special:FilePath/Zerfreila.JPG,Switzerland,https://en.wikipedia.org/wiki/Zervreilasee,46.565833333,9.097777777,"reservoir located south-west of Vals in the canton of Graubünden, Switzerland"
Q222022,Grimselsee,lakes,http://commons.wikimedia.org/wiki/Special:FilePath/Grimselpass.jpg,Switzerland,https://en.wikipedia.org/wiki/Grimselsee,46.5675,8.3075,"reservoir near Grimsel pass in Guttannen iin the canton of Berne, Switzerland"
Q366275,Engstlensee,lakes,http://commons.wikimedia.org/wiki/Special:FilePath/Engstlensee.jpg,Switzerland,https://en.wikipedia.org/wiki/Engstlensee,46.772777777,8.356944444,"natural lake used as a reservoir in the municipality of Innertkirchen, Bernese Oberland, Switzerland"
Q375992,Lago del Narèt,lakes,http://commons.wikimedia.org/wiki/Special:FilePath/Naret.jpg,Switzerland,https://en.wikipedia.org/wiki/Lago_del_Nar%C3%A8t,46.477222222,8.568888888,"lake in Val Sambuco, Ticino, Switzerland"
Q376008,Lac de Tseuzier,lakes,http://commons.wikimedia.org/wiki/Special:FilePath/Bisse%20d%27Ayent%20Tseuzier.jpg,Switzerland,https://en.wikipedia.org/wiki/Lac_de_Tseuzier,46.350833333,7.430555555,reservoir in Switzerland
Q376077,Lac du Vieux Émosson,lakes,http://commons.wikimedia.org/wiki/Special:FilePath/Lac%20du%20Vieux%20%C3%89mosson%20%40%20Cheval%20Blanc%2001.jpg,Switzerland,https://en.wikipedia.org/wiki/Lac_du_Vieux_%C3%89mosson,46.061451,6.88955,reservoir
Q382479,Lago di Lucendro,lakes,http://commons.wikimedia.org/wiki/Special:FilePath/Picswiss%20TI-15-13.jpg,Switzerland,https://en.wikipedia.org/wiki/Lago_di_Lucendro,46.561944444,8.541944444,reservoir
Q671274,Lac de Moron,lakes,http://commons.wikimedia.org/wiki/Special:FilePath/Lac%20de%20Moron.jpg,Switzerland,https://en.wikipedia.org/wiki/Lac_de_Moron,47.091388888,6.740833333,reservoir
Q14472,Lac de Joux,lakes,http://commons.wikimedia.org/wiki/Special:FilePath/Vallee%20de%20joux.jpg,Switzerland,https://en.wikipedia.org/wiki/Lac_de_Joux,46.639444444,6.285833333,"lake in the Vallée de Joux in the Canton of Vaud, Switzerland"
Q14482,Lac Brenet,lakes,http://commons.wikimedia.org/wiki/Special:FilePath/Lac%20Brenet%20in%20winter%2C%20Vall%C3%A9e%20de%20Joux%2C%20Vaud%2C%20Switzerland.jpg,Switzerland,https://en.wikipedia.org/wiki/Lac_Brenet,46.673055555,6.323333333,lake in Switzerland
Q14527,Lungerersee,lakes,http://commons.wikimedia.org/wiki/Special:FilePath/Aerial%20image%20of%20Lake%20Lungern%20%28view%20from%20the%20southwest%29.jpg,Switzerland,https://en.wikipedia.org/wiki/Lake_Lungern,46.8025,8.163333333,lake in Switzerland
Q371034,Urnersee,lakes,http://commons.wikimedia.org/wiki/Special:FilePath/Vierwaldst%C3%A4ttersee.jpg,Switzerland,,46.95,8.6,"lake in Schwyz, Central Switzerland, Switzerland"
Q372407,Lago di Luzzone,lakes,http://commons.wikimedia.org/wiki/Special:FilePath/Tessin%20Lago%20di%20Luzzone.jpg,Switzerland,https://en.wikipedia.org/wiki/Lago_di_Luzzone,46.5675,8.976944444,"reservoir in Ticino, Switzerland"
Q375961,Lago dei Cavagnöö,lakes,http://commons.wikimedia.org/wiki/Special:FilePath/Lago%20dei%20Cavagnoo%20Mauer.jpg,Switzerland,https://en.wikipedia.org/wiki/Lago_dei_Cavagn%C3%B6%C3%B6,46.454722222,8.501111111,reservoir
Q382503,Alplersee,lakes,http://commons.wikimedia.org/wiki/Special:FilePath/Alplersee%20mit%20Holzerstock%20im%20Hintergrund%2C%202011-10-28.jpg,Switzerland,https://en.wikipedia.org/wiki/Alplersee,46.935555555,8.653888888,"lake in Uri, Central Switzerland, Switzerland"
Q382519,Griessee,lakes,http://commons.wikimedia.org/wiki/Special:FilePath/Griessee.jpg,Switzerland,https://en.wikipedia.org/wiki/Griessee,46.4575,8.37,reservoir
Q382528,Lai da Nalps,lakes,http://commons.wikimedia.org/wiki/Special:FilePath/ETH-BIB-Sedrun%2C%20Nalps%2C%20Stausee%2C%20Blick%20von%20Norden-LBS%20H1-029217.tif,Switzerland,https://en.wikipedia.org/wiki/Lai_da_Nalps,46.6325,8.763333333,reservoir
Q383633,Heidsee,lakes,http://commons.wikimedia.org/wiki/Special:FilePath/Lenzerheide%20Hochtal.jpg,Switzerland,https://en.wikipedia.org/wiki/Heidsee,46.739722222,9.550555555,"lake in Graubünden, Switzerland"
Q390449,lake Arnen,lakes,http://commons.wikimedia.org/wiki/Special:FilePath/Arnensee.jpg,Switzerland,https://en.wikipedia.org/wiki/Arnensee,46.388205555,7.216777777,"reservoir in Gsteig bei Gstaad in the Bernese Alps, Switzerland"
Q390468,Lac de Pérolles,lakes,http://commons.wikimedia.org/wiki/Special:FilePath/Perolles-see.jpg,Switzerland,https://en.wikipedia.org/wiki/Lac_de_P%C3%A9rolles,46.795916666,7.162597222,"lake formed by Maigrauge Dam, a reservoir on the Saane/Sarine river at Fribourg, Switzerland"
Q183395,Reichenbach Falls,waterfalls,http://commons.wikimedia.org/wiki/Special:FilePath/Schattenhalb%20Reichenbachfall%207-05-2024%2010-56-28.jpg,Switzerland,https://en.wikipedia.org/wiki/Reichenbach_Falls,46.713611111,8.183055555,waterfall in Switzerland that is famous for featuring in the fictitious life of Sherlock Holmes
Q214924,Rhine Falls,waterfalls,http://commons.wikimedia.org/wiki/Special:FilePath/Chutes%20du%20Rhin%20-%20Octobre%202021.jpg,Switzerland,https://en.wikipedia.org/wiki/Rhine_Falls,47.677222222,8.615833333,waterfall on the Rhein River in Switzerland
Q3389250,Pissevache,waterfalls,http://commons.wikimedia.org/wiki/Special:FilePath/La%20Pissevache.jpg,Switzerland,,46.1399,7.01662,waterfall in the canton of Valais
Q665880,Île de la Harpe,islands,http://commons.wikimedia.org/wiki/Special:FilePath/%C3%8Ele%20de%20la%20Harpe.jpg,Switzerland,https://en.wikipedia.org/wiki/%C3%8Ele_de_la_Harpe,46.45551,6.3394,"island in Lake Geneva and part of the municipality of Rolle in the canton of Vaud, Switzerland"
Q811859,Bauschänzli,islands,http://commons.wikimedia.org/wiki/Special:FilePath/Bausch%C3%A4nzli%20-%20Stadthausquai%20-%20Limmat%20-%20Grossm%C3%BCnster%20-%20Limmatquai%20-%20Quaibr%C3%BCcke%202012-07-30%2009-01-26.JPG,Switzerland,https://en.wikipedia.org/wiki/Bausch%C3%A4nzli,47.3677,8.54241,square
Q292529,Île d'Ogoz,islands,http://commons.wikimedia.org/wiki/Special:FilePath/Lac-gruyere.jpg,Switzerland,https://en.wikipedia.org/wiki/%C3%8Ele_d%27Ogoz,46.6983,7.1,island in Switzerland
Q303431,Ufenau,islands,http://commons.wikimedia.org/wiki/Special:FilePath/Insel%20Ufnau.JPG,Switzerland,https://en.wikipedia.org/wiki/Ufenau,47.218055555,8.781666666,largest Swiss island in Lake Zurich on the territory of Freienbach in the canton of Schwyz
Q3108364,Glacier des Martinets,glaciers,http://commons.wikimedia.org/wiki/Special:FilePath/Glacier%20des%20Martinets%20%2815155817946%29.jpg,Switzerland,,46.202,7.079,"glacier in Vaud Alps, Switzerland"
Q82359,Moiry Glacier,glaciers,http://commons.wikimedia.org/wiki/Special:FilePath/Glacier-moiry1.JPG,Switzerland,https://en.wikipedia.org/wiki/Moiry_Glacier,46.078333333,7.598611111,glacier in Switzerland
Q204258,Zinal Glacier,glaciers,http://commons.wikimedia.org/wiki/Special:FilePath/Dent%20blanche.jpg,Switzerland,https://en.wikipedia.org/wiki/Zinal_Glacier,46.053611111,7.651944444,glacier in Switzerland
Q303215,Porchabella Glacier,glaciers,http://commons.wikimedia.org/wiki/Special:FilePath/Piz%20Kesch%20HQ.jpg,Switzerland,https://en.wikipedia.org/wiki/Porchabella_Glacier,46.629444444,9.880555555,glacier in Switzerland
Q358367,Adlergletscher,glaciers,http://commons.wikimedia.org/wiki/Special:FilePath/Allalinhorn%2C%20Rimpfischhorn%20und%20Strahlhorn.JPG,Switzerland,,46.01111,7.873716,glacier in Switzerland
Q382712,Ferpècle Glacier,glaciers,http://commons.wikimedia.org/wiki/Special:FilePath/Moraine%20glacier%20ferpecle.jpg,Switzerland,https://en.wikipedia.org/wiki/Ferp%C3%A8cle_Glacier,46.0275,7.571388888,glacier in Switzerland
Q386202,Ried Glacier,glaciers,http://commons.wikimedia.org/wiki/Special:FilePath/Riedgletscher.jpg,Switzerland,https://en.wikipedia.org/wiki/Ried_Glacier,46.130833333,7.857777777,glacier in Switzerland
Q429243,Plateau Rosa,glaciers,http://commons.wikimedia.org/wiki/Special:FilePath/Plateau%20Ros%C3%A0%20001.JPG,Switzerland,https://en.wikipedia.org/wiki/Plateau_Rosa,45.965,7.7,glacier in Switzerland
Q83397,Swiss National Park,national_parks,http://commons.wikimedia.org/wiki/Special:FilePath/Swiss%20National%20Park%20045.JPG,Switzerland,https://en.wikipedia.org/wiki/Swiss_National_Park,46.7,10.095,national park in Switzerland
Q1341754,Q1341754,cities,http://commons.wikimedia.org/wiki/Special:FilePath/Engehalbinsel%20R%C3%B6mertheater%20von%20oben.jpg,Switzerland,,46.975,7.453333333,Peninsula-like area and archaeological site in a bend of the Aare river in the north of the city of Bern
Q1494290,Mont-Terri (prehistoric settlement/medieval castle),cities,http://commons.wikimedia.org/wiki/Special:FilePath/Mont%20Terri.JPG,Switzerland,https://en.wikipedia.org/wiki/Mont-Terri_Castle,47.39157,7.16106,"archaeological site with oppidium at Cornol in the canton of Jura, Switzerland"
Q2027149,Oppidum Üetliberg,cities,http://commons.wikimedia.org/wiki/Special:FilePath/Z%C3%BCrich%20-%20Uetliberg%20Reste%20innerer%20%26%20%C3%A4usserer%20Wall.jpg,Switzerland,https://en.wikipedia.org/wiki/Oppidum_Uetliberg,47.3494,8.49083,la Tène era oppidium
Q2027152,Oppidum Mont Vully,cities,http://commons.wikimedia.org/wiki/Special:FilePath/Mont%20Vully%20Helvetian%20Fortification%20Aug%202011.jpg,Switzerland,,46.963966,7.093995,"archaeological site in Bas-Vully in the canton of Fribourg, Switzerland"
Q1483252,Fürstengrabhügel Sonnenbühl,landmarks,http://commons.wikimedia.org/wiki/Special:FilePath/Sonnenbuehl01.JPG,Switzerland,,47.354167,8.482222,cemetery
Q3527590,Roman Theatre of Augusta Raurica,landmarks,http://commons.wikimedia.org/wiki/Special:FilePath/Augustaraurica%20theater1.jpg,Switzerland,,47.5332,7.72207,"ancient Roman theatre in Augst, Switzerland"
Q683345,Prime Tower,skyscrapers,http://commons.wikimedia.org/wiki/Special:FilePath/Industriequartier%20-%20Prime%20Tower%202011-08-08%2013-44-40.JPG,Switzerland,https://en.wikipedia.org/wiki/Prime_Tower,47.3859,8.51689,skyscraper in Zürich
Q113645,Landwasser Viaduct,bridges,http://commons.wikimedia.org/wiki/Special:FilePath/G%204-5%20107%20Albula%20Landwasser%20normal.jpg,Switzerland,https://en.wikipedia.org/wiki/Landwasser_Viaduct,46.680833333,9.675833333,"curved six-arched RhB railway viaduct on the Albula line, opened 1902 spanning Landwasser River between Schmitten and Filisur, in Graubünden, Switzerland"
Q247323,Pont de Zaehringen,bridges,http://commons.wikimedia.org/wiki/Special:FilePath/Pont%20de%20Zaehringen%2C%20Fribourg%2C%20depuis%20le%20clocher%20de%20la%20cath%C3%A9drale.jpg,Switzerland,,46.80627778,7.16636111,
Q355556,Wiesen Viaduct,bridges,http://commons.wikimedia.org/wiki/Special:FilePath/Wiesener%20Viadukt%20RhB%2002%2008.jpg,Switzerland,https://en.wikipedia.org/wiki/Wiesen_Viaduct,46.694444444,9.712777777,"stone arched RhB railway viaduct on the Davos-Filisur line, opened 1906 spanning Landwasser river near Wiesen in the canton of Grisons in eastern Switzerland"
Q449659,Mittlere Brücke,bridges,http://commons.wikimedia.org/wiki/Special:FilePath/1%20Rheinbr%C3%BCcke%20in%20Basel.jpg,Switzerland,"https://en.wikipedia.org/wiki/Middle_Bridge,_Basel",47.56,7.589722222,"Rhine bridge in Basel, Switzerland"
Q458115,Nydeggbrücke,bridges,http://commons.wikimedia.org/wiki/Special:FilePath/Nydeggbruecke%20Untertorbruecke%20Bern.jpg,Switzerland,https://en.wikipedia.org/wiki/Nydeggbr%C3%BCcke,46.948333333,7.458888888,"bridge over the Aare in the city of Bern, Switzerland"
Q580046,Salginatobel Bridge,bridges,http://commons.wikimedia.org/wiki/Special:FilePath/Salginatobel%20Bridge%20mg%204077.jpg,Switzerland,https://en.wikipedia.org/wiki/Salginatobel_Bridge,46.981666666,9.718333333,"reinforced concrete arch bridge near Schiers, Switzerland, designed by renowned Swiss civil engineer Robert Maillart"
Q657639,Langwieser Viaduct,bridges,http://commons.wikimedia.org/wiki/Special:FilePath/RhB%20ABe%208-12%20Langwieser%20Viadukt.jpg,Switzerland,https://en.wikipedia.org/wiki/Langwieser_Viaduct,46.8175,9.705,"single-track railway bridge of the Rhaetian Railway (RhB) near Langwies, municipality of Arosa in the canton of of the Grisons, Switzerland"
Q678499,Bridge over the Trient,bridges,http://commons.wikimedia.org/wiki/Special:FilePath/Pont%20de%20Gueuroz%20west.jpg,Switzerland,https://en.wikipedia.org/wiki/Gueuroz_Bridge,46.128978,7.040018,"concrete bridge over the Trient in Vernayaz in the canton of Valais, Switzerland"
Q681123,Gründjitobel Viaduct,bridges,http://commons.wikimedia.org/wiki/Special:FilePath/Gr%C3%BCndjiviadukt4.jpg,Switzerland,https://en.wikipedia.org/wiki/Gr%C3%BCndjitobel_Viaduct,46.824761111,9.691572222,arch bridge
Q682024,Grand Pont,bridges,http://commons.wikimedia.org/wiki/Special:FilePath/Grand%20Pont%20Lausanne%202.JPG,Switzerland,,46.520468,6.63135,"bridge in Lausanne, Switzerland"
Q682049,Pont Chauderon,bridges,http://commons.wikimedia.org/wiki/Special:FilePath/Pont%20Chauderon%201.JPG,Switzerland,,46.5224451,6.6240317,"bridge in Lausanne in the canton of Vaud, Switzerland"
Q684408,Solis Viaduct,bridges,http://commons.wikimedia.org/wiki/Special:FilePath/Soliser%20Viadukt%2001%2009.jpg,Switzerland,https://en.wikipedia.org/wiki/Solis_Viaduct,46.67889,9.53078,arch bridge
Q688397,covered wooden bridge over the river Limmat,bridges,http://commons.wikimedia.org/wiki/Special:FilePath/Gedeckte%20Holzbr%C3%BCcke%20%C3%BCber%20die%20Limmat%2C%20Wettingen%20AG%20-%20Neuenhof%20AG%2020180910-jag9889.jpg,Switzerland,,47.45549,8.31831,"bridge in Wettingen – Neuenhof (ZH), Switzerland"
Q665373,Untertorbrücke,bridges,http://commons.wikimedia.org/wiki/Special:FilePath/Untertorbruecke%20Bern.jpg,Switzerland,https://en.wikipedia.org/wiki/Untertorbr%C3%BCcke,46.94936,7.45845,"bridge over the Aare in the city of Bern, Switzerland"
Q175411,Herblingen Castle,castles,http://commons.wikimedia.org/wiki/Special:FilePath/Picswiss%20SH-02-29.jpg,Switzerland,https://en.wikipedia.org/wiki/Herblingen_Castle,47.733685,8.6612,"castle in Stetten in the canton of Schaffhausen,Switzerland"
Q186586,Zug Castle,castles,http://commons.wikimedia.org/wiki/Special:FilePath/Zug%20Burg%20Zug%206.jpg,Switzerland,https://en.wikipedia.org/wiki/Zug_Castle,47.1652,8.51671,"castle in the city of Zug, Switzerland"
Q225551,Auenstein Castle,castles,http://commons.wikimedia.org/wiki/Special:FilePath/Auenstein%20Schloss.jpg,Switzerland,https://en.wikipedia.org/wiki/Auenstein_Castle,47.4154,8.13977,"castle in Auenstein in the canton of Aargau, Switzerland"
Q251766,Strassberg Castle,castles,http://commons.wikimedia.org/wiki/Special:FilePath/Strassberg%202010.jpg,Switzerland,https://en.wikipedia.org/wiki/Strassberg_Castle,46.8064,9.53375,"ruined castle in Churwalden, Graubünden, Switzerland"
Q254290,Nidau Castle,castles,http://commons.wikimedia.org/wiki/Special:FilePath/Schloss%20Nidau%20Schlosspark.jpg,Switzerland,https://en.wikipedia.org/wiki/Nidau_Castle,47.127777777,7.24,"castle building in Nidau in the canton of Bern, Switzerland"
Q265890,Aarwangen Castle,castles,http://commons.wikimedia.org/wiki/Special:FilePath/B-Aarwangen-Schloss.jpg,Switzerland,https://en.wikipedia.org/wiki/Aarwangen_Castle,47.2457074,7.763381419,"castle in Aarwangen in the canton of Bern, Switzerland"
Q114510,Grynau Tower,castles,http://commons.wikimedia.org/wiki/Special:FilePath/Grynau%20-%20Turm%20-%20Landgasthof%202015-11-10%2013-56-22.JPG,Switzerland,,47.21648,8.97015,castle tower in the municipality of Tuggen in the canton of Schwyz in Switzerland
Q194479,Stadion Wankdorf,stadiums,http://commons.wikimedia.org/wiki/Special:FilePath/Stadedesuiss2.jpg,Switzerland,https://en.wikipedia.org/wiki/Stadion_Wankdorf,46.962778,7.465,"association football stadium in Bern, Switzerland"
Q207623,Letzigrund,stadiums,http://commons.wikimedia.org/wiki/Special:FilePath/Letzigrund%202024%202.jpg,Switzerland,https://en.wikipedia.org/wiki/Letzigrund,47.382791,8.503801,"sports stadium in Zürich, Switzerland"
Q215295,Stade de Genève,stadiums,http://commons.wikimedia.org/wiki/Special:FilePath/The%20Stade%20de%20Gen%C3%A8ve%20during%20a%20UEFA%20Europa%20Conference%20League%20match%20between%20Servette%20and%20Viktoria%20Pilsen.%20%282023%29.jpg,Switzerland,https://en.wikipedia.org/wiki/Stade_de_Gen%C3%A8ve,46.177778,6.1275,"football stadium in Lancy, Canton of Geneva"
Q11942,ETH Zurich,universities,http://commons.wikimedia.org/wiki/Special:FilePath/ETH%20Zurich%20from%20Polyterrace.jpg,Switzerland,https://en.wikipedia.org/wiki/ETH_Zurich,47.37645,8.54785,public research university in Zurich
Q351031,Riffelalp decauville,museums,http://commons.wikimedia.org/wiki/Special:FilePath/Trams%20du%20Riffelalp%20%28Suisse%29.jpg,Switzerland,https://en.wikipedia.org/wiki/Riffelalp_tram,46.002,7.75094,mountain decauville in the Swiss canton of Valais
Q502025,Blonay–Chamby Museum Railway,museums,http://commons.wikimedia.org/wiki/Special:FilePath/Blonay-Chamby%20Chantemerle%20-%2003.jpg,Switzerland,https://en.wikipedia.org/wiki/Blonay%E2%80%93Chamby_Museum_Railway,46.46563,6.895804,"heritage railway in Blonay in the canton of Vaud, Switzerland"
Q666898,Furka Cogwheel Steam Railway,museums,http://commons.wikimedia.org/wiki/Special:FilePath/Furka-Bergstrecke%20Steinstafel%202006.JPG,Switzerland,https://en.wikipedia.org/wiki/Furka_Steam_Railway,46.561389,8.361944,railway line in Switzerland
Q1158760,Dampfbahn-Verein Zürcher Oberland,museums,http://commons.wikimedia.org/wiki/Special:FilePath/StatioBaumaVI.png,Switzerland,https://en.wikipedia.org/wiki/Dampfbahn-Verein_Z%C3%BCrcher_Oberland,47.368561,8.8805,"heritage railway association based in the Swiss canton of Zurich, and operator of the preserved rail line from Hinwil to Bauma"
Q1255420,Heimwehfluhbahn,museums,http://commons.wikimedia.org/wiki/Special:FilePath/Heimwehfluh%20Postcard.jpg,Switzerland,https://en.wikipedia.org/wiki/Heimwehfluhbahn,46.6771,7.85122,funicular railway in Switzerland
Q1725173,Swiss Customs Museum,museums,http://commons.wikimedia.org/wiki/Special:FilePath/Swiss%20Customs%20Museum.jpg,Switzerland,https://en.wikipedia.org/wiki/Swiss_Customs_Museum,45.999354,9.021088,"museum in Gandria in the canton of Ticino, Switzerland"
Q74516,New Museum Biel,museums,http://commons.wikimedia.org/wiki/Special:FilePath/Neues%20Museum%20Biel%2C%20Eingang.jpg,Switzerland,,47.139064,7.242137,"museum in Bienne in the canton of Bern, Switzerland"
Q125748,Frog Museum,museums,http://commons.wikimedia.org/wiki/Special:FilePath/Froschmuseum%20%28M%C3%BCnchenstein%29.jpg,Switzerland,https://en.wikipedia.org/wiki/Frog_Museum_(M%C3%BCnchenstein),47.5225,7.60486,museum in Switzerland
Q813938,Bedretto-Fenster,space,http://commons.wikimedia.org/wiki/Special:FilePath/Eingang%20Stollen%20Bedretto%20Fenster%20von%20Nufenen%20Passstrasse%20aus%20gesehen.jpg,Switzerland,,46.4975,8.49472222,
Q502421,Vontobel Liquidity Extender,markets,http://commons.wikimedia.org/wiki/Special:FilePath/Vontobel%2C%20St.%20Gallen%20%281Y7A2297%29.jpg,Switzerland,https://en.wikipedia.org/wiki/Vontobel,47.3651,8.5347,Internal market
Q661834,Swiss Stock Exchange,markets,http://commons.wikimedia.org/wiki/Special:FilePath/Zuerich%20Boerse.jpg,Switzerland,https://en.wikipedia.org/wiki/SIX_Swiss_Exchange,47.37114,8.53183,Switzerland's main stock exchange
Q1516125,ICMA,markets,http://commons.wikimedia.org/wiki/Special:FilePath/Zuerich%20Boerse.jpg,Switzerland,https://en.wikipedia.org/wiki/International_Capital_Market_Association,47.367539722,8.537639722,company
Q164912,Castrum Vitudurum,history_and_mysteries,http://commons.wikimedia.org/wiki/Special:FilePath/Vitudurum%20-%20Oberwinterthur%2C%20r%C3%B6mischer%20Vicus%20in%20Winterthur%20-%20Mauerreste%20bei%20der%20Reformierten%20Kirche%20St.%20Arbogast%202011-09-10%2014-09-12.JPG,Switzerland,https://en.wikipedia.org/wiki/Vitudurum,47.50279,8.75571,castrum
Q570873,Damascus International Airport,airports,http://commons.wikimedia.org/wiki/Special:FilePath/Damascus%20International%20Airport%20Karakas-1.jpg,Syria,https://en.wikipedia.org/wiki/Damascus_International_Airport,33.411522222,36.515558333,"international airport serving Damascus, Syria"
Q191369,Ugarit,history_and_mysteries,http://commons.wikimedia.org/wiki/Special:FilePath/Ugarit%20Corbel.jpg,Syria,https://en.wikipedia.org/wiki/Ugarit,35.601944,35.785556,ancient port city in northern Syria
Q377802,Arwad,islands,http://commons.wikimedia.org/wiki/Special:FilePath/Ruad%20large.jpg,Syria,https://en.wikipedia.org/wiki/Arwad,34.856111111,35.858333333,island in Syria
Q3766,Damascus,cities,http://commons.wikimedia.org/wiki/Special:FilePath/Damascus%2C%20Syria%2C%20Panorama%20at%20sunset.jpg,Syria,https://en.wikipedia.org/wiki/Damascus,33.513,36.292,capital and largest city of Syria
Q5743,Ebla,landmarks,http://commons.wikimedia.org/wiki/Special:FilePath/Ebla.jpg,Syria,https://en.wikipedia.org/wiki/Ebla,35.798056,36.798611,ancient city
Q5747,Palmyra,landmarks,http://commons.wikimedia.org/wiki/Special:FilePath/Palmira%20al%20capvespre%20%282495033007%29.jpg,Syria,https://en.wikipedia.org/wiki/Palmyra,34.56,38.267222,"ancient city in Homs Governorate, Syria"
Q3056297,Roman Theatre at Bosra,landmarks,http://commons.wikimedia.org/wiki/Special:FilePath/Syria%20bosra%20theater.jpg,Syria,https://en.wikipedia.org/wiki/Roman_Theatre_at_Bosra,32.51773,36.48157,"ancient Roman theatre in Bosra, Syria"
Q206231,Citadel of Aleppo,castles,http://commons.wikimedia.org/wiki/Special:FilePath/Citadel%20of%20Aleppo.jpg,Syria,https://en.wikipedia.org/wiki/Citadel_of_Aleppo,36.199166666,37.1625,castle in Syria
Q206246,Citadel of Damascus,castles,http://commons.wikimedia.org/wiki/Special:FilePath/Damaskus4.jpg,Syria,https://en.wikipedia.org/wiki/Citadel_of_Damascus,33.511667,36.301944,"castle in Damascus, Syria"
Q277531,Citadel of Salah Ed-Din,castles,http://commons.wikimedia.org/wiki/Special:FilePath/Saone.jpg,Syria,https://en.wikipedia.org/wiki/Sahyun_Castle,35.595833,36.057222,medieval castle in northwestern Syria
Q130160,Hama Castle,castles,http://commons.wikimedia.org/wiki/Special:FilePath/Hama16.JPG,Syria,https://en.wikipedia.org/wiki/Hama_Castle,35.1365,36.75,castle
Q365170,Bourzey Castle,castles,http://commons.wikimedia.org/wiki/Special:FilePath/Bourzey.jpg,Syria,https://en.wikipedia.org/wiki/Bourzey_castle,35.65,36.25,"castle ruin in Shathah District, Syria"
Q108355868,Palmyra Agora,markets,http://commons.wikimedia.org/wiki/Special:FilePath/Palmyra%20Agora%200107.jpg,Syria,,34.550502,38.267151,marketplace of Palmyra
Q44856,Taoyuan International Airport,airports,http://commons.wikimedia.org/wiki/Special:FilePath/Control%20tower%20at%20Taiwan%20Taoyuan%20International%20Airport%2C%202023.jpg,Taiwan,https://en.wikipedia.org/wiki/Taoyuan_International_Airport,25.076388888,121.223888888,"international airport serving Taipei, Taiwan"
Q16810,Kaohsiung International Airport,airports,http://commons.wikimedia.org/wiki/Special:FilePath/%E9%AB%98%E9%9B%84%E5%9C%8B%E9%9A%9B%E6%A9%9F%E5%A0%B4.JPG,Taiwan,https://en.wikipedia.org/wiki/Kaohsiung_International_Airport,22.576944444,120.35,"airport in Kaohsiung City, Taiwan"
Q575665,Tatun Volcano Group,peaks,http://commons.wikimedia.org/wiki/Special:FilePath/Mount%20Qixing%20under%20clear%20sky%20on%2013th%20February%202016.jpg,Taiwan,https://en.wikipedia.org/wiki/Tatun_Volcanic_Group,25.17139,121.555,mountain range
Q701698,Kinmen National Park,national_parks,http://commons.wikimedia.org/wiki/Special:FilePath/Kinmen%20National%20Park%2020140830.JPG,Taiwan,https://en.wikipedia.org/wiki/Kinmen_National_Park,24.4477,118.364,"national park in Kinmen County, Taiwan"
Q707427,Taroko National Park,national_parks,http://commons.wikimedia.org/wiki/Special:FilePath/Eternal%20Spring%20Shrine%20in%20Taroko.JPG,Taiwan,https://en.wikipedia.org/wiki/Taroko_National_Park,24.166667,121.333333,national park in Taiwan
Q707982,Kenting National Park,national_parks,http://commons.wikimedia.org/wiki/Special:FilePath/Maobitou%20Cape%2001.jpg,Taiwan,https://en.wikipedia.org/wiki/Kenting_National_Park,21.98,120.79694444,"national park of Hengchun Township, Pintong County, Taiwan"
Q707996,Shei-Pa National Park,national_parks,http://commons.wikimedia.org/wiki/Special:FilePath/Hsuehshan%20CueiChih%20TheGreenJadePond.jpg,Taiwan,https://en.wikipedia.org/wiki/Shei-Pa_National_Park,24.414722222,121.287222222,national park in Taiwan
Q709029,Yangmingshan National Park,national_parks,http://commons.wikimedia.org/wiki/Special:FilePath/Yangmingshan%20National%20Park%20-%20Chien%20Ying%20Lee%20-%2001.jpg,Taiwan,https://en.wikipedia.org/wiki/Yangmingshan,25.1775,121.5475,national park in northern Taiwan
Q1867,Taipei,cities,http://commons.wikimedia.org/wiki/Special:FilePath/20260204%20Taipei%2C%20Taiwan%20Skyline.jpg,Taiwan,https://en.wikipedia.org/wiki/Taipei,25.0375,121.5625,special municipality and capital city of Taiwan
Q337631,Tuntex Sky Tower,skyscrapers,http://commons.wikimedia.org/wiki/Special:FilePath/Kaohsiung%2085%20Sky%20Tower%2001.jpg,Taiwan,https://en.wikipedia.org/wiki/85_Sky_Tower,22.611666666,120.3,architectural structure
Q83101,Taipei 101,skyscrapers,http://commons.wikimedia.org/wiki/Special:FilePath/101.portrait.altonthompson.jpg,Taiwan,https://en.wikipedia.org/wiki/Taipei_101,25.033611111,121.564722222,"skyscraper located in Xinyi District, Taipei, Taiwan"
Q81301,Chungcheng Stadium,stadiums,http://commons.wikimedia.org/wiki/Special:FilePath/Chungcheng%20Stadium.JPG,Taiwan,https://en.wikipedia.org/wiki/Chungcheng_Stadium,22.62540833,120.33483611,stadium in Taiwas
Q197911,Zhongshan Soccer Stadium,stadiums,http://commons.wikimedia.org/wiki/Special:FilePath/Inside%20the%20Zhongshan%20Soccer%20Stadium.jpg,Taiwan,https://en.wikipedia.org/wiki/Zhongshan_Soccer_Stadium,25.0695,121.521056,"football venue that once existed in Zhongshan district, Taipei"
Q708937,Alishan Forest Railway,museums,http://commons.wikimedia.org/wiki/Special:FilePath/Jhushan%20Station%2C%20Taiwan%2001.jpg,Taiwan,https://en.wikipedia.org/wiki/Alishan_Forest_Railway,23.510092,120.804239,"narrow-gauge railway in Alishan, Chiayi County, Taiwan"
Q11110687,Lisong Hot Spring,natural,http://commons.wikimedia.org/wiki/Special:FilePath/Lisong%20Hot%20Spring.jpg,Taiwan,https://en.wikipedia.org/wiki/Lisong_Hot_Spring,23.1979087,121.0371977,"Hot spring in Taitung County, Taiwan"
Q7208797,Xinhai Tunnel,space,http://commons.wikimedia.org/wiki/Special:FilePath/Xin%20Hai%20Tunnel%20%28West%29.JPG,Taiwan,,25.01158889,121.55545833,
Q10908524,South Tunnel,space,http://commons.wikimedia.org/wiki/Special:FilePath/IMAG4264.jpg,Taiwan,,24.564325,121.84275833,
Q10936522,Dahu Tunnel,space,http://commons.wikimedia.org/wiki/Special:FilePath/Da%20Hu%20Tunnel%20%28Northwest%29.jpg,Taiwan,,25.07955556,121.61066667,
Q10946954,Antai Tunnel,space,http://commons.wikimedia.org/wiki/Special:FilePath/AnTai%20Tunnel%20%28West%29.jpg,Taiwan,,25.07830556,121.61613889,
Q11063922,Kangle Tunnel,space,http://commons.wikimedia.org/wiki/Special:FilePath/Kangle%20Tunnel%20%28Southeast%29.jpg,Taiwan,,25.07933333,121.61947222,
Q11074310,Huai En Tunnel,space,http://commons.wikimedia.org/wiki/Special:FilePath/%E6%87%B7%E6%81%A9%E9%9A%A7%E9%81%93%E5%8D%97%E7%88%BF%E7%9A%84%E5%87%BA%E5%85%A5%E5%8F%A3.JPG,Taiwan,,24.99166667,121.55161111,"road tunnel in Wenshan District, Taipei, Taiwan"
Q11077907,Saoba Tunnel,space,http://commons.wikimedia.org/wiki/Special:FilePath/%E6%8E%83%E5%8F%AD%E9%9A%A7%E9%81%93%E5%8C%97%E5%8F%A3.JPG,Taiwan,,23.46683333,121.34894444,
Q11129168,Q11129168,space,http://commons.wikimedia.org/wiki/Special:FilePath/Taipei%20Minquan%20Tunnel.JPG,Taiwan,,25.06836111,121.60230556,
Q11173847,Fongbi Tunnel,space,http://commons.wikimedia.org/wiki/Special:FilePath/Fongbi%20Tunnel.jpg,Taiwan,,24.8875,120.9575,
Q697118,Shilin Night Market,markets,http://commons.wikimedia.org/wiki/Special:FilePath/ShiLin.jpg,Taiwan,https://en.wikipedia.org/wiki/Shilin_Night_Market,25.0866,121.5254,night market in Taipei
Q707622,Raohe Street Night Market,markets,http://commons.wikimedia.org/wiki/Special:FilePath/East%20Entrance%20of%20Raohe%20Street%20Night%20Market%2020060118%20night.jpg,Taiwan,https://en.wikipedia.org/wiki/Raohe_Street_Night_Market,25.05016667,121.57263889,night market in Taipei
Q392790,Mwanza Airport,airports,http://commons.wikimedia.org/wiki/Special:FilePath/Mwanza%20Airport.png,Tanzania,https://en.wikipedia.org/wiki/Mwanza_Airport,-2.444444444,32.9325,airport
Q1283494,Mawenzi,peaks,http://commons.wikimedia.org/wiki/Special:FilePath/Mawenzi-from-Kibohut%20800600.jpg,Tanzania,https://en.wikipedia.org/wiki/Mawenzi,-3.09543611,37.45506111,mountain in Tanzania
Q1394606,Mount Kibo,peaks,http://commons.wikimedia.org/wiki/Special:FilePath/Glacier%20at%20summit%20of%20Mt%20Kilimanjaro%20001.JPG,Tanzania,,-3.06505278,37.35903056,highest mountain in the Kilimanjaro massif
Q373323,Ukerewe Island,islands,http://commons.wikimedia.org/wiki/Special:FilePath/32.87423E%201.jpg,Tanzania,https://en.wikipedia.org/wiki/Ukerewe_Island,-2.0325,33.0075,island in Tanzania
Q856665,Gombe National Park,national_parks,http://commons.wikimedia.org/wiki/Special:FilePath/Gombe%20Stream%20NP%20Mutter%20und%20Kind.jpg,Tanzania,https://en.wikipedia.org/wiki/Gombe_National_Park,-4.666666666,29.633333333,national park in Tanzania
Q607533,Lake Manyara National Park,national_parks,http://commons.wikimedia.org/wiki/Special:FilePath/Lake%20Manyara%20Wildlife.jpg,Tanzania,https://en.wikipedia.org/wiki/Lake_Manyara_National_Park,-3.5,35.833333333,national park in Tanzania
Q656363,Ruaha National Park,national_parks,http://commons.wikimedia.org/wiki/Special:FilePath/Ruaha%20River%2C%20Ruaha%20National%20Park%20%289%29%20%2829028717505%29.jpg,Tanzania,https://en.wikipedia.org/wiki/Ruaha_National_Park,-7.53111111,34.63694444,national park in Tanzania
Q716801,Arusha National Park,national_parks,http://commons.wikimedia.org/wiki/Special:FilePath/Giraffes%20Arusha%20Tanzania.jpg,Tanzania,https://en.wikipedia.org/wiki/Arusha_National_Park,-3.25,36.833333333,national park in Tanzania
Q1960,Dar es Salaam,cities,http://commons.wikimedia.org/wiki/Special:FilePath/Dar%20es%20Salaam%20before%20dusk.jpg,Tanzania,https://en.wikipedia.org/wiki/Dar_es_Salaam,-6.816111111,39.280277777,largest city in Tanzania and capital of Dar es Salaam Region
Q194316,Suvarnabhumi Airport,airports,http://commons.wikimedia.org/wiki/Special:FilePath/Bangkok%20-%20Suvarnabhumi%20International%20%28BKK%20-%20VTBS%29%20AN1822384.jpg,Thailand,https://en.wikipedia.org/wiki/Suvarnabhumi_Airport,13.681111,100.747222,"international airport in Bangkok, Thailand"
Q37818,Kaeng Sopha waterfall,waterfalls,http://commons.wikimedia.org/wiki/Special:FilePath/KaengSophaSign.jpg,Thailand,https://en.wikipedia.org/wiki/Namtok_Kaeng_Sopha,16.871111111,100.835277777,waterfall
Q498252,Ko Lipe,islands,http://commons.wikimedia.org/wiki/Special:FilePath/Koh%20Lipe%20island%20coast.jpg,Thailand,https://en.wikipedia.org/wiki/Ko_Lipe,6.49,99.3,island in the Andaman Sea
Q170919,Pattaya,cities,http://commons.wikimedia.org/wiki/Special:FilePath/Pattaya%20beach%20from%20view%20point.jpg,Thailand,https://en.wikipedia.org/wiki/Pattaya,12.949565,100.893004,"city in Chon Buri province, Thailand"
Q1861,Bangkok,cities,http://commons.wikimedia.org/wiki/Special:FilePath/Temple%20of%20the%20Emerald%20of%20buddha%20or%20Wat%20Phra%20Kaew%20%28cropped%29.jpg,Thailand,https://en.wikipedia.org/wiki/Bangkok,13.75,100.516666666,capital of Thailand
Q120546,Empire Tower,skyscrapers,http://commons.wikimedia.org/wiki/Special:FilePath/Empire%20Tower%20at%20sunset.jpg,Thailand,https://en.wikipedia.org/wiki/Empire_Tower_(Bangkok),13.720277777,100.530277777,Bangkok skyscraper
Q1047745,Srinakharinwirot University,universities,http://commons.wikimedia.org/wiki/Special:FilePath/Srinakharinwirot%20University%20Bangkok%20Thailand%20April%202021.jpg,Thailand,https://en.wikipedia.org/wiki/Srinakharinwirot_University,13.745,100.565,university in Thailand
Q1330208,Stock Exchange of Thailand,markets,http://commons.wikimedia.org/wiki/Special:FilePath/An%20office%20building%20of%20Stock%20Exchange%20of%20Thailand.jpg,Thailand,https://en.wikipedia.org/wiki/Stock_Exchange_of_Thailand,13.763927,100.567708,"national stock exchange of Thailand, located in Bangkok"
Q341919,Acklins,islands,http://commons.wikimedia.org/wiki/Special:FilePath/Acklins.JPG,The Bahamas,https://en.wikipedia.org/wiki/Acklins,22.45,-73.95,district-island of the Bahamas
Q2467,Nassau,cities,http://commons.wikimedia.org/wiki/Special:FilePath/BHA%20Nassau%2C%20Paradise%20Island%2C%20Atlantis%20Bridge%20001.jpg,The Bahamas,"https://en.wikipedia.org/wiki/Nassau,_Bahamas",25.078055555,-77.338611111,capital and largest city of the Bahamas
Q492185,River Gambia National Park,national_parks,http://commons.wikimedia.org/wiki/Special:FilePath/Riugambia-baboon.jpg,The Gambia,https://en.wikipedia.org/wiki/River_Gambia_National_Park,13.63888889,-14.95944444,national park
Q3726,Banjul,cities,http://commons.wikimedia.org/wiki/Special:FilePath/Banjul%20Gambia%20skyline.jpg,The Gambia,https://en.wikipedia.org/wiki/Banjul,13.453055555,-16.5775,capital of The Gambia
Q597030,University of the Gambia,universities,http://commons.wikimedia.org/wiki/Special:FilePath/Universit%C3%A4t%20von%20Gambia%200001.jpg,The Gambia,https://en.wikipedia.org/wiki/University_of_the_Gambia,13.45722222,-16.68555556,"public university in Kanifing, The Gambia"
Q325000,Albert Market,markets,http://commons.wikimedia.org/wiki/Special:FilePath/1014046-Banjul%20Albert%20Market-The%20Gambia.jpg,The Gambia,https://en.wikipedia.org/wiki/Albert_Market,13.45430451,-16.57194549,"street market in Banjul, Gambia"
Q144029,Fazao Mafakassa National Park,national_parks,http://commons.wikimedia.org/wiki/Special:FilePath/Vue%20de%20la%20montagne%20%C3%A0%20Fazao.jpg,Togo,https://en.wikipedia.org/wiki/Fazao_Malfakassa_National_Park,9.0,1.0,National park
Q246121,Kéran National Park,national_parks,http://commons.wikimedia.org/wiki/Special:FilePath/Keran%20National%20Park%20%2831294475930%29.jpg,Togo,https://en.wikipedia.org/wiki/K%C3%A9ran_National_Park,10.2001046,0.6279782,national park in Togo
Q3792,Lomé,cities,http://commons.wikimedia.org/wiki/Special:FilePath/Monuments%20de%20l%27ind%C3%A9pendance%20et%20Palais%20des%20congr%C3%A8s%20de%20Lom%C3%A9.jpg,Togo,https://en.wikipedia.org/wiki/Lom%C3%A9,6.13,1.215833333,capital city of Togo
Q1520405,Kao,peaks,http://commons.wikimedia.org/wiki/Special:FilePath/Tofua%20and%20Kao%20islands%2C%20Tonga%201994-10-09.jpg,Tonga,https://en.wikipedia.org/wiki/Kao_(island),-19.666666666,-175.016666666,island in Tonga
Q1427939,Fonualei,volcanoes,http://commons.wikimedia.org/wiki/Special:FilePath/Fonualei.jpg,Tonga,https://en.wikipedia.org/wiki/Fonualei,-18.024,-174.325,island in Tonga
Q373994,Pilau,islands,http://commons.wikimedia.org/wiki/Special:FilePath/Tunisie%20ile%20pilau.jpg,Tunisia,,37.20152778,10.23875,Tunisian island
Q2670896,Ksar Ouled Soltane,cities,http://commons.wikimedia.org/wiki/Special:FilePath/Ksar%20Ouled%20Soltane%2001.jpg,Tunisia,https://en.wikipedia.org/wiki/Ksar_Ouled_Soltane,32.788533,10.514567,Ksar in Tunisia
Q6343,Carthage,landmarks,http://commons.wikimedia.org/wiki/Special:FilePath/Tunisie%20Carthage%20Ruines%2008.JPG,Tunisia,https://en.wikipedia.org/wiki/Carthage,36.847009,10.312944,historical city in Tunisia
Q2291068,Theatre of Dougga,landmarks,http://commons.wikimedia.org/wiki/Special:FilePath/Roman%20Theatre%20Dougga.jpg,Tunisia,https://en.wikipedia.org/wiki/Roman_theatre_of_Dougga,36.42379,9.2203,ancient Roman theatre of Dougga
Q232615,Sardis,history_and_mysteries,http://commons.wikimedia.org/wiki/Special:FilePath/The%20Bath-Gymnasium%20complex%20at%20Sardis%2C%20late%202nd%20-%20early%203rd%20century%20AD%2C%20Sardis%2C%20Turkey%20%2817098680002%29.jpg,Turkey,https://en.wikipedia.org/wiki/Sardis,38.488314,28.040286,"ancient city in Anatolia, today an archaeological site at Sart, Turkey"
Q430490,Ankara Esenboğa Airport,airports,http://commons.wikimedia.org/wiki/Special:FilePath/Esenboga%20International%20Airport%20Ankara%20Turkey.jpg,Turkey,https://en.wikipedia.org/wiki/Ankara_Esenbo%C4%9Fa_Airport,40.128055555,32.995,"international airport in northeast Ankara, Turkey"
Q504382,İzmir Adnan Menderes Airport,airports,http://commons.wikimedia.org/wiki/Special:FilePath/Adnan%20Menderes%20Airport%20International%20Terminal.jpg,Turkey,https://en.wikipedia.org/wiki/%C4%B0zmir_Adnan_Menderes_Airport,38.289166666,27.155,"international airport in İzmir, Turkey"
Q1302768,Mount Hasan,peaks,http://commons.wikimedia.org/wiki/Special:FilePath/Vulkan%20Hasan%20Bagi.jpg,Turkey,https://en.wikipedia.org/wiki/Mount_Hasan,38.12652,34.16511,volcano in Turkey
Q1433508,Mount Süphan,peaks,http://commons.wikimedia.org/wiki/Special:FilePath/Suphan%2001.jpg,Turkey,https://en.wikipedia.org/wiki/Mount_S%C3%BCphan,38.92983,42.82959,volcano in Turkey
Q72303,Mount Ararat,peaks,http://commons.wikimedia.org/wiki/Special:FilePath/NEO%20ararat%20big.jpg,Turkey,https://en.wikipedia.org/wiki/Mount_Ararat,39.701944444,44.298333333,highest peak in Turkey
Q126804,Mount Erciyes,peaks,http://commons.wikimedia.org/wiki/Special:FilePath/Turkey.Mount%20Erciyes01.jpg,Turkey,https://en.wikipedia.org/wiki/Mount_Erciyes,38.531666666,35.45,"volcano in Kayseri, Turkey"
Q1125445,Mount Tendürek,volcanoes,http://commons.wikimedia.org/wiki/Special:FilePath/The%20Structure%20Claimed%20to%20be%20the%20Noah%27s%20Ark%20near%20the%20Mount%20Ararat%20in%20Turkey.jpg,Turkey,https://en.wikipedia.org/wiki/Mount_Tend%C3%BCrek,39.35486,43.86703,mountain in Turkey
Q186373,Oenoanda,history_and_mysteries,http://commons.wikimedia.org/wiki/Special:FilePath/Oinoanda%203.JPG,Turkey,https://en.wikipedia.org/wiki/Oenoanda,36.809628,29.550004,archeological site in Turkey
Q194810,Atarneus,history_and_mysteries,http://commons.wikimedia.org/wiki/Special:FilePath/Atarna%28Atarneus%29%20Dikili%20Turkey.jpg,Turkey,https://en.wikipedia.org/wiki/Atarneus,39.091358,26.92131,"ancient city of Ionia, in modern-day Turkey"
Q196987,Zeugma,history_and_mysteries,http://commons.wikimedia.org/wiki/Special:FilePath/Zeugma.jpg,Turkey,https://en.wikipedia.org/wiki/Zeugma_(Commagene),37.05861111,37.86583333,"ancient city of Commagene, in modern-day Turkey"
Q200441,Antioch,history_and_mysteries,http://commons.wikimedia.org/wiki/Special:FilePath/Antiochia%20su%20Oronte.PNG,Turkey,https://en.wikipedia.org/wiki/Antioch,36.2,36.15,ancient Greek city in southern Turkey
Q70970,Çoruh River,rivers,http://commons.wikimedia.org/wiki/Special:FilePath/Choruh%2002.jpg,Turkey,https://en.wikipedia.org/wiki/%C3%87oruh,40.3074,40.9997,river in Georgia and Turkey
Q369923,Lake Beyşehir,lakes,http://commons.wikimedia.org/wiki/Special:FilePath/Lake%20Beysehir%20NASA.jpg,Turkey,https://en.wikipedia.org/wiki/Lake_Bey%C5%9Fehir,37.782,31.5076,lake in Turkey
Q209349,Nicomedia,history_and_mysteries,http://commons.wikimedia.org/wiki/Special:FilePath/Karte%20Nikomedia.png,Turkey,https://en.wikipedia.org/wiki/Nicomedia,40.7625,29.9175,ancient city of Bithynia in modern-day Turkey
Q61071745,Amazon Island,islands,http://commons.wikimedia.org/wiki/Special:FilePath/Amazon%20Heykeli%20ve%20aslanlar%20%282%29.JPG,Turkey,,41.323777777,36.324944444,"artificial island in Samsun, Turkey"
Q343902,İmralı,islands,http://commons.wikimedia.org/wiki/Special:FilePath/%C4%B0mral%C4%B1%20Adas%C4%B1%20%28cropped%29.jpeg,Turkey,https://en.wikipedia.org/wiki/%C4%B0mral%C4%B1,40.5375,28.535,island off the northwestern coast of Turkey
Q219525,Anazarbus,history_and_mysteries,http://commons.wikimedia.org/wiki/Special:FilePath/Anazarbus%20klikya%20city%20south%20gate.jpg,Turkey,https://en.wikipedia.org/wiki/Anazarbus,37.256404,35.898549,ancient city of Cilicia in modern-day Turkey
Q233121,Patara,history_and_mysteries,http://commons.wikimedia.org/wiki/Special:FilePath/Patara%20ruins.jpg,Turkey,https://en.wikipedia.org/wiki/Patara_(Lycia),36.260565,29.313364,Lycian settlement on the Mediterranean coast of Turkey
Q79753,Saklıkent Canyon,national_parks,http://commons.wikimedia.org/wiki/Special:FilePath/Sakl%C4%B1kent%20Kanyonu%20%282%29.jpg,Turkey,https://en.wikipedia.org/wiki/Sakl%C4%B1kent_National_Park,36.4687843,29.4034195,national park in Turkey
Q3620,Sapinuwa,cities,http://commons.wikimedia.org/wiki/Special:FilePath/Sapinuwa3.jpg,Turkey,https://en.wikipedia.org/wiki/Sapinuwa,40.25277778,35.2375,Bronze Age Hittite city
Q3640,Ankara,cities,http://commons.wikimedia.org/wiki/Special:FilePath/Ankara%20%2816290014657%29.jpg,Turkey,https://en.wikipedia.org/wiki/Ankara,39.93576,32.83869,capital of Turkey
Q170967,Denizli,cities,http://commons.wikimedia.org/wiki/Special:FilePath/TR%20Denizli%20asv2020-02%20img11%20view%20from%20Teleferik%20viewpoint.jpg,Turkey,https://en.wikipedia.org/wiki/Denizli,37.783333333,29.096388888,city in Turkey
Q171031,Isparta,cities,http://commons.wikimedia.org/wiki/Special:FilePath/DaglardanIsparta.jpg,Turkey,https://en.wikipedia.org/wiki/Isparta,37.766666666,30.55,"central district and city in Isparta Province, Turkey"
Q206891,Kırıkkale,cities,http://commons.wikimedia.org/wiki/Special:FilePath/K%C4%B1r%C4%B1kkale.jpg,Turkey,https://en.wikipedia.org/wiki/K%C4%B1r%C4%B1kkale,39.841666666,33.513888888,"central district and city in Kırıkkale Province, Turkey"
Q206895,Hakkâri,cities,http://commons.wikimedia.org/wiki/Special:FilePath/Hakkari.jpg,Turkey,https://en.wikipedia.org/wiki/Hakk%C3%A2ri_(city),37.574444444,43.740833333,"central district and city in Hakkâri Province, Turkey"
Q206900,Çorum,cities,http://commons.wikimedia.org/wiki/Special:FilePath/CorumMuseum1.jpg,Turkey,https://en.wikipedia.org/wiki/%C3%87orum,40.548888888,34.953333333,"central district and city in Çorum Province, Turkey"
Q16869,Constantinople,landmarks,http://commons.wikimedia.org/wiki/Special:FilePath/Byzantine%20Constantinople-en.png,Turkey,https://en.wikipedia.org/wiki/Constantinople,41.01224,28.976018,"capital of the Eastern Roman, Latin and Ottoman Empires, currently Istanbul, Turkey"
Q17586,Teos,landmarks,http://commons.wikimedia.org/wiki/Special:FilePath/Teos%2C%20S%C4%B1%C4%9Fac%C4%B1k.jpg,Turkey,https://en.wikipedia.org/wiki/Teos,38.177222222,26.785,maritime city of Ionia
Q18986,Pergamon,landmarks,http://commons.wikimedia.org/wiki/Special:FilePath/Temple%20of%20Trajan%2C%20Pergamon%2001.jpg,Turkey,https://en.wikipedia.org/wiki/Pergamon,39.116667,27.183333,ancient city of Ionia in modern-day Turkey and UNESCO World Heritage Site
Q1171924,Dascylium,landmarks,http://commons.wikimedia.org/wiki/Special:FilePath/Manyas1.JPG,Turkey,https://en.wikipedia.org/wiki/Dascylium,40.132194444,28.052166666,ancient city of Mysia in modern-day Turkey
Q1190403,Edessa,landmarks,http://commons.wikimedia.org/wiki/Special:FilePath/Urfa%20Castle%2001.jpg,Turkey,https://en.wikipedia.org/wiki/Edessa,37.145655555,38.783961111,"ancient city in upper Mesopotamia, modern day Urfa, Southeast Turkey"
Q1195800,Myus,landmarks,http://commons.wikimedia.org/wiki/Special:FilePath/Myus1.jpg,Turkey,https://en.wikipedia.org/wiki/Myus,37.59444444,27.42777778,ancient city of Caria in modern-day Turkey
Q1229422,Lampsacus,landmarks,http://commons.wikimedia.org/wiki/Special:FilePath/Stater%20Zeus%20Lampsacus%20CdM.jpg,Turkey,https://en.wikipedia.org/wiki/Lampsacus,40.343889,26.683611,ancient city of Troas in modern-day Turkey
Q1250866,Dorylaeum,landmarks,http://commons.wikimedia.org/wiki/Special:FilePath/Stele%20Zeus%20Chryseos%20Louvre%20Ma4289.jpg,Turkey,https://en.wikipedia.org/wiki/Dorylaeum,39.77489,30.51684,ancient city of Phrygia in modern-day Turkey
Q1301195,Hadrianopolis in Paphlagonia,landmarks,http://commons.wikimedia.org/wiki/Special:FilePath/Hadrianapolis%20Dec%202025%2002.jpg,Turkey,https://en.wikipedia.org/wiki/Hadrianopolis_in_Paphlagonia,40.92577778,32.49133333,ancient city of Paphlagonia in modern-day Turkey
Q1318876,Pinara,landmarks,http://commons.wikimedia.org/wiki/Special:FilePath/Pinara%20Amphitheatre%20Fethiye%20Mugla%20Turkiye.JPG,Turkey,https://en.wikipedia.org/wiki/Pinara,36.489655,29.256891,large ancient city of Lycia
Q1324870,Elaiussa Sebaste,landmarks,http://commons.wikimedia.org/wiki/Special:FilePath/Elaiussa%20Sebaste%2C%20Cilicia%2C%20Turkey%20%2839344774672%29.jpg,Turkey,https://en.wikipedia.org/wiki/Elaiussa_Sebaste,36.483624,34.173725,human settlement
Q1325973,Tlos,landmarks,http://commons.wikimedia.org/wiki/Special:FilePath/Tlos.jpg,Turkey,https://en.wikipedia.org/wiki/Tlos,36.553889,29.420789,Lycian ruins in Turkey
Q166882,Istanbul Sapphire,skyscrapers,http://commons.wikimedia.org/wiki/Special:FilePath/Istanbul%20Sapphire%2002.jpg,Turkey,https://en.wikipedia.org/wiki/Istanbul_Sapphire,41.085,29.005833333,"skyscraper in İstanbul, Turkey"
Q195876,"Silk Road Bridge, Ani",bridges,http://commons.wikimedia.org/wiki/Special:FilePath/Ani%20-%20bridge.jpg,Turkey,,40.5044,43.5728,bridge
Q996022,Bridge near Kemer,bridges,http://commons.wikimedia.org/wiki/Special:FilePath/Bridge%20near%20Kemer%2C%20Lycia%2C%20Turkey.%20Pic%2015.jpg,Turkey,https://en.wikipedia.org/wiki/Bridge_near_Kemer,36.69339,29.36194,"bridge in Lycia, Turkey"
Q206225,Ankara Castle,castles,http://commons.wikimedia.org/wiki/Special:FilePath/Ankara%20Castle.jpg,Turkey,https://en.wikipedia.org/wiki/Ankara_Castle,39.94166667,32.865,"castle in Ankara, Turkey"
Q81593,Alanya Castle,castles,http://commons.wikimedia.org/wiki/Special:FilePath/Alanya%20kale.jpg,Turkey,https://en.wikipedia.org/wiki/Alanya_Castle,36.533333333,31.993333333,castle
Q90801,Rumeli Hisarı,castles,http://commons.wikimedia.org/wiki/Special:FilePath/Twierdza%20Rumeli%20Istambu%C5%82%20RB1.jpg,Turkey,https://en.wikipedia.org/wiki/Rumelihisar%C4%B1,41.084722222,29.056111111,Ottoman castle in Istanbul
Q81650,Anadoluhisarı,museums,http://commons.wikimedia.org/wiki/Special:FilePath/Anadolu%20Hisar%C4%B1%20in%202024%20%28cropped%29.jpg,Turkey,https://en.wikipedia.org/wiki/Anadoluhisar%C4%B1,41.082138888,29.067027777,"fortress in Istanbul, Turkey"
Q91274,Galata Tower,museums,http://commons.wikimedia.org/wiki/Special:FilePath/Istanbul%20asv2020-02%20img48%20Galata%20Tower.jpg,Turkey,https://en.wikipedia.org/wiki/Galata_Tower,41.025632324,28.97415319,historical tower in İstanbul
Q94668,Alahan Monastery,museums,http://commons.wikimedia.org/wiki/Special:FilePath/Alahan%20Monastery%2C%20Mersin%20Province.jpg,Turkey,https://en.wikipedia.org/wiki/Alahan_Monastery,36.77944444,33.36555556,"Tentative UNESCO World Heritage Site in Mut, Mersin, Turkey"
Q2827071,Agora of Smyrna,markets,http://commons.wikimedia.org/wiki/Special:FilePath/Agora%20of%20Smyrna.jpg,Turkey,https://en.wikipedia.org/wiki/Agora_of_Smyrna,38.418888888,27.137777777,Square in the classical-era city of Smyrna
Q77071353,Tetragonos Agora (Ephesus),markets,http://commons.wikimedia.org/wiki/Special:FilePath/The%20Commercial%20Agora%20%2813975446283%29.jpg,Turkey,,37.940042296,27.341100613,main commercial square in Ephesus
Q77071662,State Agora of Ephesus,markets,http://commons.wikimedia.org/wiki/Special:FilePath/Ephesus%20State%20Agora%201981.jpg,Turkey,,37.936552958,27.344373715,ancient square in Ephesus
Q78212304,South Agora of Miletus,markets,http://commons.wikimedia.org/wiki/Special:FilePath/Market%20Gate%20of%20Miletus%20in%20the%20Pergamon%20Museum.jpg,Turkey,,37.528333333,27.279166666,ancient Greek Agora
Q78229063,North Agora of Miletus,markets,http://commons.wikimedia.org/wiki/Special:FilePath/Miletus%20Northern%20Agora.JPG,Turkey,,37.529722222,27.279722222,ancient Greek Agora
Q115466378,Agora of Aspendos,markets,http://commons.wikimedia.org/wiki/Special:FilePath/Aspendos%20Ruins%20-%202014.10%20-%20panoramio.jpg,Turkey,,36.9398761,31.1687814,ancient square in Antalya
Q116671557,Agora of Hierapolis,markets,http://commons.wikimedia.org/wiki/Special:FilePath/The%20eastern%20basilica-stoa%20of%20the%20Agora%20built%20in%20the%202nd%20century%20AD%2C%20it%20was%20a%20two-story%20structure%20and%20had%20a%20Ionic%20facade%20with%20Corinthian%20columns%20in%20its%20interior%2C%20Hierapolis%2C%20Phrygia%2C%20Turkey%20%2832332382206%29.jpg,Turkey,,37.931277777,29.124194444,ancient square in Denizli
Q116671607,Agora of Iasos,markets,http://commons.wikimedia.org/wiki/Special:FilePath/The%20Agora%2C%20reconstructed%20mainly%20during%20Hadrian%E2%80%99s%20time%2C%20its%20initial%20building%20must%20have%20started%20in%20the%204th%20century%20BC%2C%20Iassos%2C%20Caria%2C%20Turkey%20%2820806588152%29.jpg,Turkey,,37.279777777,27.585083333,ancient square in Muğla
Q116671649,Agora of Side,markets,http://commons.wikimedia.org/wiki/Special:FilePath/Side%20Commercial%20agora%20in%202015%206162.jpg,Turkey,,36.7685,31.391527777,ancient square in Antalya
Q116671660,Central Agora,markets,http://commons.wikimedia.org/wiki/Special:FilePath/Laodicea%20Central-Agora%2020240929%20094815.jpg,Turkey,,37.8359637,29.1084895,"ancient square in Laodicea on the Lycus, Denizli"
Q116671676,Agora of Pergamon,markets,http://commons.wikimedia.org/wiki/Special:FilePath/Agora%20of%20Pergamon%20%281%29.JPG,Turkey,,39.132694444,27.183305555,ancient square in İzmir
Q116671699,State Agora of Side,markets,http://commons.wikimedia.org/wiki/Special:FilePath/Side%20State%20Agora%20in%202015%206080.jpg,Turkey,,36.767,31.393,"ancient square in Side, Antalya, Turkey"
Q124807486,Agora of Priene,markets,http://commons.wikimedia.org/wiki/Special:FilePath/Agora%20of%20Priene.jpg,Turkey,,37.6586316,27.2977521,The agora of the ancient city of Priene
Q505954,Grand Bazaar,markets,http://commons.wikimedia.org/wiki/Special:FilePath/%D0%92%D0%BE%D1%80%D0%BE%D1%82%D0%B0%20Beyaz%C4%B1t%20.jpg,Turkey,"https://en.wikipedia.org/wiki/Grand_Bazaar,_Istanbul",41.010580555,28.967933333,"bazaar in Istanbul, Turkey"
Q668641,Spice Bazaar,markets,http://commons.wikimedia.org/wiki/Special:FilePath/Spice%20Bazaar%20Istanbul%20Feb%202020%2C%20img%202.jpg,Turkey,https://en.wikipedia.org/wiki/Spice_Bazaar,41.016389,28.970556,"food market in Istanbul, Turkey"
Q157816,Olba,history_and_mysteries,http://commons.wikimedia.org/wiki/Special:FilePath/UzuncaburcZeus.jpg,Turkey,https://en.wikipedia.org/wiki/Olba_(ancient_city),36.58083333,33.92527778,ancient city in Turkey
Q174270,Amorium,history_and_mysteries,http://commons.wikimedia.org/wiki/Special:FilePath/Amorion%2C%20Unterstadt.jpg,Turkey,https://en.wikipedia.org/wiki/Amorium,39.026452,31.266575,"ancient city, today in Turkey"
Q172702,Karakum Desert,deserts,http://commons.wikimedia.org/wiki/Special:FilePath/MAKarakum6.jpg,Turkmenistan,https://en.wikipedia.org/wiki/Karakum_Desert,39.0,60.0,desert in Turkmenistan
Q193325,Merv,history_and_mysteries,http://commons.wikimedia.org/wiki/Special:FilePath/Merv%20City%20Walls%20%2810%29%20%2844747325714%29.jpg,Turkmenistan,https://en.wikipedia.org/wiki/Merv,37.662777777,62.1925,archaeological site in Turkmenistan
Q302702,Ambergris Cay,islands,http://commons.wikimedia.org/wiki/Special:FilePath/Turks%20and%20Caicos%20Islands%20-%20Big%20Ambergris%20Cay.PNG,Turks and Caicos Islands,https://en.wikipedia.org/wiki/Ambergris_Cay,21.30146389,-71.63156944,island in the Turks and Caicos Islands
Q367027,Nanumanga,islands,http://commons.wikimedia.org/wiki/Special:FilePath/Nanumanga.png,Tuvalu,https://en.wikipedia.org/wiki/Nanumanga,-6.333333333,176.416666666,reef island of Tuvalu
Q182636,Tuvalu Sports Ground,stadiums,http://commons.wikimedia.org/wiki/Special:FilePath/Vaiaku-stadion%2002.jpg,Tuvalu,https://en.wikipedia.org/wiki/Tuvalu_Sports_Ground,-8.523889,179.198611,stadium
Q586065,Entebbe International Airport,airports,http://commons.wikimedia.org/wiki/Special:FilePath/Fly540%20ATR42%20at%20Entebbe.jpg,Uganda,https://en.wikipedia.org/wiki/Entebbe_International_Airport,0.044722222,32.443055555,airport serving Entebbe in Uganda
Q487912,Ripon Falls,waterfalls,http://commons.wikimedia.org/wiki/Special:FilePath/Ripon%20Falls.jpg,Uganda,https://en.wikipedia.org/wiki/Ripon_Falls,0.433913888,33.193522222,former waterfall at Lake Victoria in Uganda
Q495475,Murchison Falls,waterfalls,http://commons.wikimedia.org/wiki/Special:FilePath/Murchison%20Falls%20573x430.jpg,Uganda,https://en.wikipedia.org/wiki/Murchison_Falls,2.277313888,31.683347222,waterfall on the Nile in Uganda
Q477677,Boryspil International Airport,airports,http://commons.wikimedia.org/wiki/Special:FilePath/%D0%90%D1%8D%D1%80%D0%BE%D0%BF%D1%80%D1%82%20%D0%91%D0%BE%D1%80%D0%B8%D1%81%D0%BF%D0%BE%D0%BB%D1%8C%20%D1%81%D1%82%D0%BE%D1%8F%D0%BD%D0%BA%D0%B8%20%D1%81%D0%B0%D0%BC%D0%BE%D0%BB%D0%B5%D1%82%D0%BE%D0%B2.%20%D0%A4%D0%BE%D1%82%D0%BE%20%D0%92%D0%B8%D0%BA%D1%82%D0%BE%D1%80%D0%B0%20%D0%91%D0%B5%D0%BB%D0%BE%D1%83%D1%81%D0%BE%D0%B2%D0%B0%20-%20panoramio%20%281%29.jpg,Ukraine,https://en.wikipedia.org/wiki/Boryspil_International_Airport,50.344722222,30.893333333,"international airport serving Kyiv, Ukraine"
Q111590504,Kokhannia Island,islands,http://commons.wikimedia.org/wiki/Special:FilePath/%D0%A2%D0%B5%D1%80%D0%BD%D0%BE%D0%BF%D1%96%D0%BB%D1%8C.%D0%9E%D1%81%D1%82%D1%80%D1%96%D0%B2%D0%B5%D1%86%D1%8C.JPG,Ukraine,,49.556944444,25.585277777,"small artificial island in Ternopil Pond in Ternopil, Ukraine"
Q997359,Zhydachiv,cities,http://commons.wikimedia.org/wiki/Special:FilePath/Church%20of%20the%20martyrs%20of%20Boris%20and%20Hlib.%20Zhydachiv.%20Lviv%20region..JPG,Ukraine,https://en.wikipedia.org/wiki/Zhydachiv,49.383333333,24.133333333,city in Ukraine
Q997381,Kopychyntsi,cities,http://commons.wikimedia.org/wiki/Special:FilePath/%D0%A6%D0%B5%D1%80%D0%BA%D0%B2%D0%B0%20%D0%92%D0%BE%D0%B7%D0%B4%D0%B2%D0%B8%D0%B6%D0%B5%D0%BD%D0%BD%D1%8F%20%D0%A7%D0%B5%D1%81%D0%BD%D0%BE%D0%B3%D0%BE%20%D0%A5%D1%80%D0%B5%D1%81%D1%82%D0%B0%20%D0%B2%20%D0%BC.%D0%9A%D0%BE%D0%BF%D0%B8%D1%87%D0%B8%D0%BD%D1%86%D1%96.JPG,Ukraine,https://en.wikipedia.org/wiki/Kopychyntsi,49.108674442,25.911870939,city of Ukraine
Q997392,Yavoriv,cities,http://commons.wikimedia.org/wiki/Special:FilePath/Javoriv-ratusha-7.jpg,Ukraine,https://en.wikipedia.org/wiki/Yavoriv,49.946944444,23.393055555,city of Ukraine
Q997398,Korets,cities,http://commons.wikimedia.org/wiki/Special:FilePath/%D0%A6%D0%B5%D0%BD%D1%82%D1%80%D0%B0%D0%BB%D1%8C%D0%BD%D0%B0%20%D0%BF%D0%BB%D0%BE%D1%89%D0%B0%20%D0%9A%D0%BE%D1%80%D1%86%D1%8F.jpg,Ukraine,https://en.wikipedia.org/wiki/Korets,50.616666666,27.166666666,city of district significance in Rivne Oblast in Ukraine
Q997404,Khodoriv,cities,http://commons.wikimedia.org/wiki/Special:FilePath/Khodoriv.png,Ukraine,https://en.wikipedia.org/wiki/Khodoriv,49.41,24.309444444,city of Ukraine
Q997412,Vynnyky,cities,http://commons.wikimedia.org/wiki/Special:FilePath/Panorama%20of%20Vynnyky.jpg,Ukraine,https://en.wikipedia.org/wiki/Vynnyky,49.815555555,24.129722222,"city in Lviv Raion, Lviv Oblast (region) of Ukraine"
Q997421,Vasylkiv,cities,http://commons.wikimedia.org/wiki/Special:FilePath/%D0%9C%D0%B8%D0%BA%D0%BE%D0%BB%D0%B0%D1%97%D0%B2%D1%81%D1%8C%D0%BA%D0%B0%20%D1%86%D0%B5%D1%80%D0%BA%D0%B2%D0%B0.JPG,Ukraine,https://en.wikipedia.org/wiki/Vasylkiv,50.1775,30.321666666,town in Ukraine
Q997434,Yahotyn,cities,http://commons.wikimedia.org/wiki/Special:FilePath/Train%20station%20in%20Yahotyn2.jpg,Ukraine,https://en.wikipedia.org/wiki/Yahotyn,50.256944444,31.781666666,town in Ukraine
Q997440,Vyshneve,cities,http://commons.wikimedia.org/wiki/Special:FilePath/%D0%92%D0%B8%D1%88%D0%BD%D0%B5%D0%B2%D0%BE%D0%B5.jpg,Ukraine,"https://en.wikipedia.org/wiki/Vyshneve,_Kyiv_Oblast",50.383333333,30.366666666,city of Ukraine
Q997462,Peremyshliany,cities,http://commons.wikimedia.org/wiki/Special:FilePath/Peremyshliany.png,Ukraine,https://en.wikipedia.org/wiki/Peremyshliany,49.67,24.559444444,city of Ukraine
Q997478,Novomyrhorod,cities,http://commons.wikimedia.org/wiki/Special:FilePath/Entering%20Novomyrhorod.jpg,Ukraine,https://en.wikipedia.org/wiki/Novomyrhorod,48.783333333,31.65,"city of Kirovohrad Oblast, Ukraine"
Q997502,Hlyniany,cities,http://commons.wikimedia.org/wiki/Special:FilePath/%D0%93%D0%BB%D0%B8%D0%BD%D1%8F%D0%BD%D0%B8.%20%D0%A6%D0%B5%D1%80%D0%BA%D0%B2%D0%B0%20%D0%A3%D0%A1%D0%9F%D0%86%D0%9D%D0%9D%D0%AF%20%D0%9F%D0%A0.%20%D0%91%D0%9E%D0%93%D0%9E%D0%A0%D0%9E%D0%94%D0%98%D0%A6%D0%86.jpg,Ukraine,https://en.wikipedia.org/wiki/Hlyniany,49.823333333,24.516666666,city of Ukraine
Q997512,Sarny,cities,http://commons.wikimedia.org/wiki/Special:FilePath/%D0%94%D0%BE%D1%89%20%D0%BF%D1%80%D0%BE%D0%B9%D1%88%D0%BE%D0%B2%D1%81%D1%8F%20%D0%BF%D0%BE%20%D0%B2%D1%83%D0%BB%D0%B8%D1%86%D1%8F%D1%85%20%D0%A1%D0%B0%D1%80%D0%BD.jpg,Ukraine,https://en.wikipedia.org/wiki/Sarny,51.326944444,26.633055555,"town in Rivne Oblast, Ukraine"
Q997533,Dubliany,cities,http://commons.wikimedia.org/wiki/Special:FilePath/120603%205DM2%2001001.jpg,Ukraine,https://en.wikipedia.org/wiki/Dubliany,49.896111111,24.0925,"town northern of Lviv in Lviv Oblast, Ukraine"
Q997549,Lypovets,cities,http://commons.wikimedia.org/wiki/Special:FilePath/Lypovets%2028.jpg,Ukraine,https://en.wikipedia.org/wiki/Lypovets,49.216111111,29.056111111,city of Ukraine
Q997568,Tulchyn,cities,http://commons.wikimedia.org/wiki/Special:FilePath/Tulchyn.png,Ukraine,https://en.wikipedia.org/wiki/Tulchyn,48.674444444,28.849722222,city of Ukraine
Q1000446,Pokrovsk,cities,http://commons.wikimedia.org/wiki/Special:FilePath/Chervonoarmijsk%20city%20center%20%283%29.JPG,Ukraine,https://en.wikipedia.org/wiki/Pokrovsk,48.283333333,37.183333333,"city in Pokrovsk Raion, Donetsk Oblast, Ukraine"
Q1000461,Kamin-Kashyrskyi,cities,http://commons.wikimedia.org/wiki/Special:FilePath/%D0%9A%D0%9A%D0%B0%D0%B4%D0%BC%D1%96%D0%BD%D1%96%D1%81%D1%82%D1%80%D0%B0%D1%86%D1%96%D1%8F.jpg,Ukraine,https://en.wikipedia.org/wiki/Kamin-Kashyrskyi,51.624166666,24.960555555,city of district significance of Ukraine
Q1000927,Sokal,cities,http://commons.wikimedia.org/wiki/Special:FilePath/2015%20Sokal%2C%20Kamienice%20na%20placu%20w%20centrum%20miasta.JPG,Ukraine,https://en.wikipedia.org/wiki/Sokal,50.483333333,24.283333333,"city of Ukraine, in northern Galicia on the Bug River near border with Volhynia"
Q1003757,Khartsyzk,cities,http://commons.wikimedia.org/wiki/Special:FilePath/Ab%20foto%202005%20harcizsk%2001.jpg,Ukraine,https://en.wikipedia.org/wiki/Khartsyzk,48.033333333,38.15,"city in Donetsk oblast, Ukraine"
Q1004257,Vyshhorod,cities,http://commons.wikimedia.org/wiki/Special:FilePath/%D0%92%D0%B8%D1%88%D0%B3%D0%BE%D1%80%D0%BE%D0%B4%20%28Vyshhorod%29%20-%20%D0%86%D1%81%D1%82%D0%BE%D1%80%D0%B8%D1%87%D0%BD%D0%B8%D0%B9%20%D0%BB%D0%B0%D0%BD%D0%B4%D1%88%D0%B0%D1%84%D1%82%20%D0%92%D0%B8%D1%88%D0%B3%D0%BE%D1%80%D0%BE%D0%B4%D0%B0%20%28%D0%BF%D0%B2%D0%B4.%20%D0%B2%D0%B0%D0%BB%29.jpg,Ukraine,https://en.wikipedia.org/wiki/Vyshhorod,50.583277777,30.485333333,town in Ukraine
Q1004265,Komarno,cities,http://commons.wikimedia.org/wiki/Special:FilePath/Komarno.png,Ukraine,"https://en.wikipedia.org/wiki/Komarno,_Ukraine",49.633333333,23.7,city of Ukraine
Q1004740,Hirske,cities,http://commons.wikimedia.org/wiki/Special:FilePath/44-238-0003%2C%20%D0%91%D1%80%D0%B0%D1%82%D1%81%D1%8C%D0%BA%D0%B0%20%D0%BC%D0%BE%D0%B3%D0%B8%D0%BB%D0%B0%20%D1%80%D0%B0%D0%B4%D1%8F%D0%BD%D1%81%D1%8C%D0%BA%D0%B8%D1%85%20%D0%B2%D0%BE%D1%97%D0%BD%D1%96%D0%B2%2C%20%D0%BC.%D0%93%D1%96%D1%80%D1%81%D1%8C%D0%BA%D0%B5%20%281%29.jpg,Ukraine,https://en.wikipedia.org/wiki/Hirske,48.742058333,38.493791666,"city in Luhansk Oblast, Ukraine"
Q1006629,Molochansk,cities,http://commons.wikimedia.org/wiki/Special:FilePath/Molochans%27k%20Nimets%27ka%20Shkola%2003%20Shevchenka%20%28YDS%208689%29.JPG,Ukraine,https://en.wikipedia.org/wiki/Molochansk,47.203786227,35.598546504,"city in Zaporizhia Oblast, Ukraine"
Q1011310,Khmilnyk,cities,http://commons.wikimedia.org/wiki/Special:FilePath/%D0%92%D1%96%D0%BD%D0%BD%D0%B8%D1%86%D1%8C%D0%BA%D0%B0%20%D0%BE%D0%B1%D0%BB%D0%B0%D1%81%D1%82%D1%8C.%20%D0%A5%D0%BC%D1%96%D0%BB%D1%8C%D0%BD%D0%B8%D0%BA%20DSC%208066.jpg,Ukraine,https://en.wikipedia.org/wiki/Khmilnyk,49.55,27.966666666,city of Ukraine
Q1011435,Svitlovodsk,cities,http://commons.wikimedia.org/wiki/Special:FilePath/Svitlovodsk1.jpg,Ukraine,https://en.wikipedia.org/wiki/Svitlovodsk,49.083333333,33.25,city of Ukraine
Q1012631,Rovenky,cities,http://commons.wikimedia.org/wiki/Special:FilePath/%D0%9C%D1%96%D1%81%D1%82%20%D0%A0%D0%BE%D0%B2%D0%B5%D0%BD%D1%8C%D0%BA%D0%B8.jpg,Ukraine,https://en.wikipedia.org/wiki/Rovenky,48.083333333,39.366666666,"city in Luhansk Oblast, Ukraine"
Q1013471,Okhtyrka,cities,http://commons.wikimedia.org/wiki/Special:FilePath/Panoramio%20-%20V%26A%20Dudush%20-%20Pokrovskiy%20cathedral%20%D0%9F%D0%BE%D0%BA%D1%80%D0%BE%D0%B2%D1%81%D0%BA%D0%B8%D0%B9%20%D1%85%D1%80%D0%B0%D0%BC.jpg,Ukraine,https://en.wikipedia.org/wiki/Okhtyrka,50.307431827,34.901558718,city of Ukraine
Q1013568,Pivdennoukrainsk,cities,http://commons.wikimedia.org/wiki/Special:FilePath/%D0%9F%D0%A3%D0%90%D0%95%D0%A1.jpg,Ukraine,https://en.wikipedia.org/wiki/Pivdennoukrainsk,47.821666666,31.175,city in Mykolaiv Oblast (province) of Ukraine
Q1019408,Merefa,cities,http://commons.wikimedia.org/wiki/Special:FilePath/%D0%9C%D0%B5%D1%80%D0%B5%D1%84%D0%B0.jpg,Ukraine,https://en.wikipedia.org/wiki/Merefa,49.819722222,36.068611111,"city in Kharkiv Oblast, of Ukraine"
Q1019815,Oster,cities,http://commons.wikimedia.org/wiki/Special:FilePath/%D0%9E%D1%81%D1%82%D0%B5%D1%80%D1%81%D1%8C%D0%BA%D0%B0%20%D0%BC%D1%96%D1%81%D1%8C%D0%BA%D0%B0%20%D1%80%D0%B0%D0%B4%D0%B0.jpg,Ukraine,https://en.wikipedia.org/wiki/Oster,50.948611111,30.881111111,city in Ukraine
Q1019852,Pustomyty,cities,http://commons.wikimedia.org/wiki/Special:FilePath/Pustomyty%20St%20Nicholas%20Church%201.jpg,Ukraine,https://en.wikipedia.org/wiki/Pustomyty,49.713888888,23.910833333,city of Ukraine
Q1019899,Zbarazh,cities,http://commons.wikimedia.org/wiki/Special:FilePath/61-224-0001%20Zbarazh%20Castle%20RB.jpg,Ukraine,https://en.wikipedia.org/wiki/Zbarazh,49.664574286,25.775386058,city of Ukraine
Q1020055,Sosnivka,cities,http://commons.wikimedia.org/wiki/Special:FilePath/Sosnivka.fw.png,Ukraine,https://en.wikipedia.org/wiki/Sosnivka,50.2946,24.2525,city of Ukraine
Q1020058,Horodnia,cities,http://commons.wikimedia.org/wiki/Special:FilePath/Horodnia%20welcome%20sign%20%281%29.jpg,Ukraine,https://en.wikipedia.org/wiki/Horodnia,51.892444444,31.595361111,"urban locality in Chernihiv Oblast, Ukraine"
Q1020069,Radyvyliv,cities,http://commons.wikimedia.org/wiki/Special:FilePath/Radyvyliv%202007.jpg,Ukraine,https://en.wikipedia.org/wiki/Radyvyliv,50.133333333,25.25,city of district significance of Ukraine
Q1020077,Yasynuvata,cities,http://commons.wikimedia.org/wiki/Special:FilePath/%D0%92%D0%BE%D0%BA%D0%B7%D0%B0%D0%BB%20%D1%81%D1%82%D0%B0%D0%BD%D1%86%D1%96%D1%97%20%D0%AF%D1%81%D0%B8%D0%BD%D1%83%D0%B2%D0%B0%D1%82%D0%B0-%D0%9F%D0%B0%D1%81%D0%B0%D0%B6%D0%B8%D1%80%D1%81%D1%8C%D0%BA%D0%B0.jpg,Ukraine,https://en.wikipedia.org/wiki/Yasynuvata,48.116666666,37.833333333,"city in Donetsk Raion, Donetsk Oblast of Ukraine"
Q1020083,Ladyzhyn,cities,http://commons.wikimedia.org/wiki/Special:FilePath/%D0%9B%D0%B0%D0%B4%D0%B8%D0%B6%D0%B8%D0%BD%20%D1%83%20%D0%BD%D0%BE%D1%87%D1%96.jpg,Ukraine,https://en.wikipedia.org/wiki/Ladyzhyn,48.689722222,29.241666666,city of Ukraine
Q1020087,Sviatohirsk,cities,http://commons.wikimedia.org/wiki/Special:FilePath/%D0%A1%D0%B2%D1%8F%D1%82%D0%BE%D0%B3%D0%BE%D1%80%D1%8C%D0%B5-01.jpg,Ukraine,https://en.wikipedia.org/wiki/Sviatohirsk,49.035833333,37.565833333,city of Ukraine
Q1020091,Terebovlia,cities,http://commons.wikimedia.org/wiki/Special:FilePath/%D0%92%D0%B8%D0%B3%D0%BB%D1%8F%D0%B4%20%D0%BD%D0%B0%20%D0%A2%D0%B5%D1%80%D0%B5%D0%B1%D0%BE%D0%B2%D0%BB%D1%8F%D0%BD%D1%81%D1%8C%D0%BA%D0%B8%D0%B9%20%D0%B7%D0%B0%D0%BC%D0%BE%D0%BA%20%D0%B7%20%D0%B2%D0%B8%D1%81%D0%BE%D1%82%D0%B8.jpg,Ukraine,https://en.wikipedia.org/wiki/Terebovlia,49.3,25.7,city of Ukraine
Q1020096,Krasyliv,cities,http://commons.wikimedia.org/wiki/Special:FilePath/Hospital%20in%20Krasyliv.jpg,Ukraine,https://en.wikipedia.org/wiki/Krasyliv,49.65,26.966666666,city of Ukraine
Q1020103,Blahovishchenske,cities,http://commons.wikimedia.org/wiki/Special:FilePath/%D0%A6%D0%B5%D1%80%D0%BA%D0%B2%D0%B0%2C%20%D0%91%D0%BB%D0%B0%D0%B3%D0%BE%D0%B2%D1%96%D1%89%D0%B5%D0%BD%D1%81%D1%8C%D0%BA%D0%B5.jpg,Ukraine,https://en.wikipedia.org/wiki/Blahovishchenske,48.3197,30.2353,"city in Kirovohrad Oblast, Ukraine"
Q1020108,Mostyska,cities,http://commons.wikimedia.org/wiki/Special:FilePath/Mostyska%20montage.png,Ukraine,https://en.wikipedia.org/wiki/Mostyska,49.794166666,23.1525,city of Ukraine
Q1020112,Nosivka,cities,http://commons.wikimedia.org/wiki/Special:FilePath/%D0%9D%D0%BE%D1%81%D1%96%D0%B2%D0%BA%D0%B0%2C%20%D1%86%D0%B5%D0%BD%D1%82%D1%80.jpg,Ukraine,https://en.wikipedia.org/wiki/Nosivka,50.93,31.58,city of Ukraine
Q1020122,Kalynivka,cities,http://commons.wikimedia.org/wiki/Special:FilePath/%D0%9A%D0%B0%D0%BB%D0%B8%D0%BD%D1%96%D0%B2%D0%BA%D0%B0%20%D0%9F%D0%B0%D0%BC%27%D1%8F%D1%82%D0%BD%D0%B8%D0%BA%20%D0%A1.%D0%A0%D1%83%D0%B4%D0%B0%D0%BD%D1%81%D1%8C%D0%BA%D0%BE%D0%BC%D1%83%201.jpg,Ukraine,"https://en.wikipedia.org/wiki/Kalynivka,_Vinnytsia_Oblast",49.447222222,28.523055555,town in Vinnytsia Oblast
Q1020128,Khyriv,cities,http://commons.wikimedia.org/wiki/Special:FilePath/Khyriv%20montage.png,Ukraine,https://en.wikipedia.org/wiki/Khyriv,49.535555555,22.854444444,city of Ukraine
Q1020330,Kamianka-Buzka,cities,http://commons.wikimedia.org/wiki/Special:FilePath/120603%205DM2%2001101.jpg,Ukraine,https://en.wikipedia.org/wiki/Kamianka-Buzka,50.108055555,24.345555555,city of Ukraine
Q1022503,Monastyryska,cities,http://commons.wikimedia.org/wiki/Special:FilePath/%D0%A3%20%D1%86%D0%B5%D0%BD%D1%82%D1%80%D1%96%20%D0%9C%D0%BE%D0%BD%D0%B0%D1%81%D1%82%D0%B8%D1%80%D0%B8%D1%81%D1%8C%D0%BA.jpg,Ukraine,https://en.wikipedia.org/wiki/Monastyryska,49.088888888,25.169444444,city of Ukraine
Q1023513,Kurakhove,cities,http://commons.wikimedia.org/wiki/Special:FilePath/Panoramio%20-%20V%26A%20Dudush%20-%20%D0%A1%D1%82%D1%80%D0%BE%D0%B8%D1%82%D0%B5%D0%BB%D1%8C%D1%81%D1%82%D0%B2%D0%BE%20%D1%85%D1%80%D0%B0%D0%BC%D0%B0.jpg,Ukraine,https://en.wikipedia.org/wiki/Kurakhove,47.985194444,37.275947222,"city in Pokrovsk Raion, Donetsk Oblast, Ukraine"
Q1025181,Pervomaisk,cities,http://commons.wikimedia.org/wiki/Special:FilePath/%D0%9F%D0%B5%D1%80%D0%B2%D0%BE%D0%BC%D0%B0%D0%B9%D1%81%D1%8C%D0%BA.%20%D0%9C%D0%B8%D0%BA%D0%BE%D0%BB%D0%B0%D1%97%D0%B2%D1%81%D1%8C%D0%BA%D0%B0%20%D0%BE%D0%B1%D0%BB.%20%D0%91.%D0%BA%D1%83%D0%BB%D1%8C%D1%82%D1%83%D1%80%D0%B8%20%D1%96%D0%BC.%20%D0%84.%D0%97%D0%B0%D1%80%D0%BD%D0%B8%D1%86%D1%8C%D0%BA%D0%BE%D1%97%2C%201905.JPG,Ukraine,"https://en.wikipedia.org/wiki/Pervomaisk,_Mykolaiv_Oblast",48.05,30.85,"city in Mykolaiv Oblast, Ukraine"
Q1025478,Vuhlehirsk,cities,http://commons.wikimedia.org/wiki/Special:FilePath/Wuhlehirsk-06.jpg,Ukraine,https://en.wikipedia.org/wiki/Vuhlehirsk,48.31275,38.260527777,"city in Horlivka Raion, Donetsk Oblast, Ukraine"
Q1025487,Kalmiuske,cities,http://commons.wikimedia.org/wiki/Special:FilePath/Koms%205%20school.jpeg,Ukraine,https://en.wikipedia.org/wiki/Kalmiuske,47.666666666,38.066666666,city in Donetsk Oblast
Q1025844,Staryi Sambir,cities,http://commons.wikimedia.org/wiki/Special:FilePath/%D0%A1%D1%82%D0%B0%D1%80%D1%8B%D0%B9%D0%A1%D0%B0%D0%BC%D0%B1%D0%BE%D1%80.jpg,Ukraine,https://en.wikipedia.org/wiki/Staryi_Sambir,49.433333333,23.0,city of Ukraine
Q1025851,Novoiavorivsk,cities,http://commons.wikimedia.org/wiki/Special:FilePath/%D0%9F%D0%B0%D0%BB%D0%B0%D1%86%20%D0%BA%D1%83%D0%BB%D1%8C%D1%82%D1%83%D1%80%D0%B8%20%C2%AB%D0%9A%D1%80%D0%B8%D1%81%D1%82%D0%B0%D0%BB%C2%BB%20%D0%B2%20%D0%BC.%20%D0%9D%D0%BE%D0%B2%D0%BE%D1%8F%D0%B2%D0%BE%D1%80%D1%96%D0%B2%D1%81%D1%8C%D0%BA.jpg,Ukraine,https://en.wikipedia.org/wiki/Novoiavorivsk,49.931111111,23.573055555,"city in Lviv Oblast, Ukraine"
Q1026911,Sudova Vyshnia,cities,http://commons.wikimedia.org/wiki/Special:FilePath/7.%20%D0%A1%D1%83%D0%B4%D0%BE%D0%B2%D0%B0%20%D0%92%D0%B8%D1%88%D0%BD%D1%8F%20%D0%91%D1%83%D0%B4%D0%B8%D0%BD%D0%BE%D0%BA%2C%20%D0%B2%20%D1%8F%D0%BA%D0%BE%D0%BC%D1%83%20%D0%B2%D0%B8%D1%81%D1%82%D1%83%D0%BF%D0%B0%D0%B2%20%D0%A4%D1%80%D0%B0%D0%BD%D0%BA%D0%BE%20%D0%86.%D0%AF.jpg,Ukraine,https://en.wikipedia.org/wiki/Sudova_Vyshnia,49.789166666,23.372222222,city of Ukraine
Q1050383,Olyka,cities,http://commons.wikimedia.org/wiki/Special:FilePath/Olyka%20collage.jpg,Ukraine,https://en.wikipedia.org/wiki/Olyka,50.716666666,25.816666666,administrative territorial entity of Ukraine
Q1075057,Putyvl,cities,http://commons.wikimedia.org/wiki/Special:FilePath/Prokudin-Gorskiy%20-%20Ukraina%2C%20Putyvl.jpg,Ukraine,https://en.wikipedia.org/wiki/Putyvl,51.334703448,33.868636146,city of Ukraine
Q1104739,Berestyn,cities,http://commons.wikimedia.org/wiki/Special:FilePath/Krasnohrad1.jpg,Ukraine,https://en.wikipedia.org/wiki/Berestyn,49.371944444,35.456944444,city in Ukraine
Q1104747,Valky,cities,http://commons.wikimedia.org/wiki/Special:FilePath/The%20house%20where%20the%20doctor%20Danilo%20Ivanov%20lived%20in%20Valky%20%285%29.jpg,Ukraine,https://en.wikipedia.org/wiki/Valky,49.838611111,35.621666666,city of Ukraine
Q1104773,Vovchansk,cities,http://commons.wikimedia.org/wiki/Special:FilePath/%D0%9B%D0%B5%D0%BD%D1%96%D0%BD%D0%B0%2C%2075.%D0%92%D0%BE%D0%B2%D1%87%D0%B0%D0%BD%D1%81%D1%8C%D0%BA.JPG,Ukraine,https://en.wikipedia.org/wiki/Vovchansk,50.288055555,36.946111111,"city in Kharkiv Oblast, Ukraine"
Q1106097,Zmiiv,cities,http://commons.wikimedia.org/wiki/Special:FilePath/%D0%97%D0%BC%D1%96%D1%97%D0%B2%20-%2007.JPG,Ukraine,https://en.wikipedia.org/wiki/Zmiiv,49.687777777,36.355833333,"city in Kharkiv oblast, Ukraine"
Q1106109,Derhachi,cities,http://commons.wikimedia.org/wiki/Special:FilePath/Landscape%20of%20the%20town%20of%20Derhachi%20%28Ukraine%29.jpg,Ukraine,https://en.wikipedia.org/wiki/Derhachi,50.111388888,36.121944444,city of Ukraine
Q1633740,Zymohiria,cities,http://commons.wikimedia.org/wiki/Special:FilePath/Zimogorye.jpg,Ukraine,https://en.wikipedia.org/wiki/Zymohiria,48.583333333,38.933333333,"city in Luhansk Oblast, Ukraine"
Q1686835,Yenakiieve,cities,http://commons.wikimedia.org/wiki/Special:FilePath/Yenakievo%20sq%20lenin.jpg,Ukraine,https://en.wikipedia.org/wiki/Yenakiieve,48.231111111,38.205277777,"city in Horlivka Raion, Donetsk Oblast, Ukraine. administrative center of Yenakiieve urban hromada"
Q1749424,Snizhne,cities,http://commons.wikimedia.org/wiki/Special:FilePath/Snezhnoe%20011.jpg,Ukraine,https://en.wikipedia.org/wiki/Snizhne,48.016666666,38.766666666,"city in Horlivka Raion, Donetsk Oblast, Ukraine"
Q1844446,Sokolohirsk,cities,http://commons.wikimedia.org/wiki/Special:FilePath/%D0%9F%D0%B5%D1%80%D0%B2%D0%BE%D0%BC%D0%B0%D0%B9%D1%81%D0%BA%20%D1%83%D0%BB.%D0%A2%D1%80%D1%83%D0%B4%D0%BE%D0%B2%D0%B0%D1%8F%20%281%29.jpg,Ukraine,"https://en.wikipedia.org/wiki/Pervomaisk,_Luhansk_Oblast",48.629722222,38.561944444,"city in Luhansk Oblast, Ukraine"
Q1936339,Bohuslav,cities,http://commons.wikimedia.org/wiki/Special:FilePath/%D0%91%D0%BE%D0%B3%D1%83%D1%81%D0%BB%D0%B0%D0%B2%20%D1%96%D0%B7%20%D0%BF%D1%80%D0%B0%D0%B2%D0%BE%D0%B3%D0%BE%20%D0%B1%D0%B5%D1%80%D0%B5%D0%B3%D0%B0%20%D0%A0%D0%BE%D1%81%D1%96.%20%D0%A4%D0%BE%D1%82%D0%BE%20%D0%A0%D0%BE%D0%BC%D0%B0%D0%BD%D0%B0%20%D0%9C%D0%B0%D0%BB%D0%B5%D0%BD%D0%BA%D0%BE%D0%B2%D0%B0.jpg,Ukraine,https://en.wikipedia.org/wiki/Bohuslav,49.55,30.883333333,town in Ukraine
Q1937296,Zalizne,cities,http://commons.wikimedia.org/wiki/Special:FilePath/2013%20-%20panoramio%20%28192%29.jpg,Ukraine,https://en.wikipedia.org/wiki/Zalizne,48.371855555,37.881811111,"city in Donetsk oblast, Ukraine"
Q1940853,Siversk,cities,http://commons.wikimedia.org/wiki/Special:FilePath/%D0%A1%D1%96%D0%B2%D0%B5%D1%80%D1%81%D1%8C%D0%BA%282012-08-19%29-8.jpg,Ukraine,https://en.wikipedia.org/wiki/Siversk,48.866666666,38.083333333,"City in Bakhmut Raion of Donetsk Oblast, Ukraine"
Q1945882,Oleksandrivsk,cities,http://commons.wikimedia.org/wiki/Special:FilePath/Oleksandrivsk%20church.jpg,Ukraine,https://en.wikipedia.org/wiki/Oleksandrivsk,48.583333333,39.183333333,city in Luhansk Oblast (province) of Ukraine
Q1947441,Kaharlyk,cities,http://commons.wikimedia.org/wiki/Special:FilePath/%D0%A6%D0%B5%D0%BD%D1%82%D1%80%20%D0%9A%D0%B0%D0%B3%D0%B0%D1%80%D0%BB%D0%B8%D0%BA%D0%B0.jpg,Ukraine,https://en.wikipedia.org/wiki/Kaharlyk,49.852222222,30.809166666,town in Ukraine
Q1996358,Amvrosiivka,cities,http://commons.wikimedia.org/wiki/Special:FilePath/%D0%A6%D0%B5%D0%BD%D1%82%D1%80%D0%B0%D0%BB%D1%8C%D0%BD%D0%B0%D1%8F%20%D0%BF%D0%BB%D0%BE%D1%89%D0%B0%D0%B4%D1%8C%20%28%D0%90%D0%BC%D0%B2%D1%80%D0%BE%D1%81%D0%B8%D0%B5%D0%B2%D0%BA%D0%B0%29%28%D1%84%D0%BE%D1%82%D0%BE%20%D0%B8%D0%B7%20%D0%B0%D1%80%D1%85%D0%B8%D0%B2%D0%B0%20%D0%AF%D1%80%D0%BE%D1%81%D0%BB%D0%B0%D0%B2%D0%B0%20%D0%9F%D0%BE%D0%BF%D0%BE%D0%B2%D0%B0%29.jpg,Ukraine,https://en.wikipedia.org/wiki/Amvrosiivka,47.795803,38.480092,"city in Donetsk Raion, Donetsk Oblast of Ukraine"
Q2234586,Almazna,cities,http://commons.wikimedia.org/wiki/Special:FilePath/%D0%97%D0%B4%D0%B0%D0%BD%D0%B8%D0%B5%20%D0%B2%D0%BE%D0%BA%D0%B7%D0%B0%D0%BB%D0%B0%20%D0%A1%D1%82%D0%B0%D1%85%D0%B0%D0%BD%D0%BE%D0%B2.jpg,Ukraine,https://en.wikipedia.org/wiki/Almazna,48.516666666,38.583333333,"city in Luhansk Oblast, Ukraine"
Q2234599,Holubivka,cities,http://commons.wikimedia.org/wiki/Special:FilePath/%D0%A1%D0%BA%D0%B2%D0%B5%D1%80%D0%B8%D0%BA%20%D0%B2%20%D1%86%D0%B5%D0%BD%D1%82%D1%80%D0%B5..JPG,Ukraine,"https://en.wikipedia.org/wiki/Kirovsk,_Luhansk_Oblast",48.6375,38.643333333,"city in Luhansk Oblast, Ukraine"
Q2234641,Lyman,cities,http://commons.wikimedia.org/wiki/Special:FilePath/%D0%97%D0%B0%D0%BB%D1%96%D0%B7%D0%BD%D0%B8%D1%87%D0%BD%D0%B8%D0%B9%20%D0%B2%D0%BE%D0%BA%D0%B7%D0%B0%D0%BB%20%D0%BC.%20%D0%9B%D0%B8%D0%BC%D0%B0%D0%BD%20%D0%BF%D1%96%D1%81%D0%BB%D1%8F%20%D1%80%D0%B5%D1%81%D1%82%D0%B0%D0%B2%D1%80%D0%B0%D1%86%D1%96%D1%97.jpg,Ukraine,"https://en.wikipedia.org/wiki/Lyman,_Ukraine",48.9861,37.8111,"city in Donetsk Oblast, Ukraine"
Q2235493,Myronivka,cities,http://commons.wikimedia.org/wiki/Special:FilePath/%D0%9C%D0%B8%D1%80%D0%BE%D0%BD%D1%96%D0%B2%D0%BA%D0%B0.jpg,Ukraine,https://en.wikipedia.org/wiki/Myronivka,49.65,30.983333333,town in Ukraine
Q2235501,Krolevets,cities,http://commons.wikimedia.org/wiki/Special:FilePath/%D0%96%D0%B5%D0%BB%D0%B5%D0%B7%D0%BD%D0%BE%D0%B4%D0%BE%D1%80%D0%BE%D0%B6%D0%BD%D1%8B%D0%B9%20%D0%B2%D0%BE%D0%BA%D0%B7%D0%B0%D0%BB%202870171.jpg,Ukraine,https://en.wikipedia.org/wiki/Krolevets,51.552868409,33.382509437,"town in Sumy oblast, Ukraine"
Q2238005,Otamanivka,cities,http://commons.wikimedia.org/wiki/Special:FilePath/%D0%94%D0%B2%D0%BE%D1%80%D0%B5%D1%86%20%D0%BA%D1%83%D0%BB%D1%8C%D1%82%D1%83%D1%80%D1%8B%20%22%D0%AE%D0%BD%D0%BE%D1%81%D1%82%D1%8C%22.jpg,Ukraine,https://en.wikipedia.org/wiki/Molodohvardiisk,48.344444444,39.658333333,"city in Luhansk Oblast, Ukraine"
Q2350295,Kreminna,cities,http://commons.wikimedia.org/wiki/Special:FilePath/%D0%9A%D1%80%D0%B5%D0%BC%D1%96%D0%BD%D0%BD%D0%B0.png,Ukraine,https://en.wikipedia.org/wiki/Kreminna,49.05,38.216666666,"city in Luhansk oblast, Ukraine"
Q2350804,Popasna,cities,http://commons.wikimedia.org/wiki/Special:FilePath/Popasna009.jpg,Ukraine,https://en.wikipedia.org/wiki/Popasna,48.633333333,38.38,"city in Luhansk Oblast, Ukraine"
Q2350829,Kypuche,cities,http://commons.wikimedia.org/wiki/Special:FilePath/%D0%9A%D0%B8%D0%BF%D1%83%D1%87%D0%B5.%20%D0%92%D0%B8%D0%B3%D0%BB%D1%8F%D0%B4%20%D0%BD%D0%B0%20%D0%91%D0%9A%20%D1%96%D0%BC%D0%B5%D0%BD%D1%96%20%D0%9B%D0%B5%D0%BD%D1%96%D0%BD%D0%B0.png,Ukraine,https://en.wikipedia.org/wiki/Kypuche,48.440277777,38.742222222,"city in Luhansk Oblast, Ukraine"
Q2351983,Bilozerske,cities,http://commons.wikimedia.org/wiki/Special:FilePath/Bilozerske%2003.JPG,Ukraine,https://en.wikipedia.org/wiki/Bilozerske,48.536666666,37.058611111,"city in Pokrovsk Raion, Donetsk Oblast, Ukraine"
Q2353496,Seredyna-Buda,cities,http://commons.wikimedia.org/wiki/Special:FilePath/%D0%9C%D0%B8%D0%BA%D0%BE%D0%BB%D0%B0%D1%97%D0%B2%D1%81%D1%8C%D0%BA%D0%B0%20%D1%86%D0%B5%D1%80%D0%BA%D0%B2%D0%B0%20%D0%A1%D0%B5%D1%80%D0%B5%D0%B4%D0%B8%D0%BD%D0%B0-%D0%91%D1%83%D0%B4%D0%B0.jpg,Ukraine,https://en.wikipedia.org/wiki/Seredyna-Buda,52.186944444,34.030833333,"city in Sumy Oblast, Ukraine"
Q2353526,Novoazovsk,cities,http://commons.wikimedia.org/wiki/Special:FilePath/Novoazovsk%2C%202007.jpg,Ukraine,https://en.wikipedia.org/wiki/Novoazovsk,47.116666666,38.083333333,"city in Donetsk Oblast, south-eastern Ukraine"
Q2354450,Zhdanivka,cities,http://commons.wikimedia.org/wiki/Special:FilePath/%D0%91%D1%80%D0%B0%D1%82%D1%81%D1%8C%D0%BA%D0%B0%20%D0%BC%D0%BE%D0%B3%D0%B8%D0%BB%D0%B0%2C%20%D0%B2%20%D1%8F%D0%BA%D1%96%D0%B9%20%D0%BF%D0%BE%D1%85%D0%BE%D0%B2%D0%B0%D0%BD%D1%96%20%D0%BC%D0%BE%D0%BB%D0%BE%D0%B4%D1%88%D0%B8%D0%B9%20%D1%81%D0%B5%D1%80%D0%B6%D0%B0%D0%BD%D1%82%20%D0%9E%D0%BB%D0%B5%D0%BA%D1%81%D0%B0%D0%BD%D0%B4%D1%80%20%D0%86%D0%B2%D0%B0%D0%BD%D0%BE%D0%B2%D0%B8%D1%87%20%D0%94%D0%B5%D0%B4%D1%8E%D1%85%D1%96%D0%BD%2C%20%D0%BC%D0%BE%D0%BB%D0%BE%D0%B4%D1%88%D0%B8%D0%B9%20%D0%BB%D0%B5%D0%B9%D1%82%D0%B5%D0%BD%D0%B0%D0%BD%D1%82%20%D0%86%D0%BB%D0%BB%D1%8F%20%D0%97%D0%B0%D1%85%D0%B0%D1%80%D0%BE%D0%B2%D0%B8%D1%87%20%D0%9C%D0%B0%D0%BD%D0%B4%D1%80%D0%B8%D0%B3%D1%96%D0%BD%20%D1%82%D0%B0%20%D0%B4%D0%B2.jpg,Ukraine,https://en.wikipedia.org/wiki/Zhdanivka,48.15,38.25,"city in Horlivka Raion, Donetsk Oblast, Ukraine"
Q2354462,Bokovo-Khrustalne,cities,http://commons.wikimedia.org/wiki/Special:FilePath/%D0%9C%D0%BE%D0%B3%D0%B8%D0%BB%D0%B0%20%D0%B1%D1%80%D0%B0%D1%82%D1%81%D1%8C%D0%BA%D0%B0%20%D1%80%D0%B0%D0%B4%D1%8F%D0%BD%D1%81%D1%8C%D0%BA%D0%B8%D1%85%20%D0%B2%D0%BE%D1%97%D0%BD%D1%96%D0%B24.JPG,Ukraine,https://en.wikipedia.org/wiki/Vakhrusheve,48.160555555,38.838888888,city in Luhansk Oblast (province) of Ukraine
Q2354470,Sukhodilsk,cities,http://commons.wikimedia.org/wiki/Special:FilePath/%D0%A8%D0%BA%D0%BE%D0%BB%D0%B0%20%E2%84%9617%20-%20panoramio.jpg,Ukraine,https://en.wikipedia.org/wiki/Sukhodilsk,48.35,39.7167,"city in Luhansk Oblast, Ukraine"
Q2354480,Bilytske,cities,http://commons.wikimedia.org/wiki/Special:FilePath/%D0%9C%D0%B5%D0%BC%D0%BE%D1%80%D1%96%D0%B0%D0%BB%20%D0%BD%D0%B0%20%D1%87%D0%B5%D1%81%D1%82%D1%8C%20%D1%80%D0%B0%D0%B4%D1%8F%D0%BD%D1%81%D1%8C%D0%BA%D0%B8%D1%85%20%D0%B2%D0%BE%D1%97%D0%BD%D1%96%D0%B2%20%D0%9F%D1%96%D0%B2%D0%B4%D0%B5%D0%BD%D0%BD%D0%BE-%D0%97%D0%B0%D1%85%D1%96%D0%B4%D0%BD%D0%BE%D0%B3%D0%BE%20%D1%84%D1%80%D0%BE%D0%BD%D1%82%D1%83%20%D1%96%20%D0%B2%D0%BE%D1%97%D0%BD%D1%96%D0%B2-%D0%B7%D0%B5%D0%BC%D0%BB%D1%8F%D0%BA%D1%96%D0%B2.jpg,Ukraine,https://en.wikipedia.org/wiki/Bilytske,48.408583333,37.179638888,"city in Donetsk Oblast, Ukraine"
Q2354490,Perevalsk,cities,http://commons.wikimedia.org/wiki/Special:FilePath/City%20administration%20of%20Pereval%27sk.JPG,Ukraine,https://en.wikipedia.org/wiki/Perevalsk,48.433333333,38.816666666,"city in Luhansk Oblast, Ukraine"
Q2399843,Soledar,cities,http://commons.wikimedia.org/wiki/Special:FilePath/Railway%20station%20Sil%20back.jpg,Ukraine,https://en.wikipedia.org/wiki/Soledar,48.695277777,38.0675,"city in Donetsk Oblast, Ukraine"
Q2414508,Irmino,cities,http://commons.wikimedia.org/wiki/Special:FilePath/Irmino%20mine%27s%20terricone%20-%20panoramio.jpg,Ukraine,https://en.wikipedia.org/wiki/Irmino,48.6,38.6,city in Stakhanov Municipality of Luhansk Oblast in eastern Ukraine
Q2414524,Svatove,cities,http://commons.wikimedia.org/wiki/Special:FilePath/%D0%90%D0%BD%D0%B4%D1%80%D1%96%D1%97%D0%B2%D1%81%D1%8C%D0%BA%D0%B0%20%D1%86%D0%B5%D1%80%D0%BA%D0%B2%D0%B0%202.jpg,Ukraine,https://en.wikipedia.org/wiki/Svatove,49.415,38.155,"city in Luhansk Oblast, Ukraine"
Q2415287,Miusynsk,cities,http://commons.wikimedia.org/wiki/Special:FilePath/%D0%9C%D1%96%D1%83%D1%81%D0%B8%D0%BD%D1%81%D1%8C%D0%BA%D0%B8%D0%B9%20%D0%B7%D0%B0%D0%BA%D0%B0%D0%B7%D0%BD%D0%B8%D0%BA.jpg,Ukraine,https://en.wikipedia.org/wiki/Miusynsk,48.072733333,38.9002,"city in Luhansk Oblast, Ukraine"
Q2415307,Petrovo-Krasnosillia,cities,http://commons.wikimedia.org/wiki/Special:FilePath/Center%20of%20Petrovo-Krasnosillia%20-%20panoramio.jpg,Ukraine,https://en.wikipedia.org/wiki/Petrovske,48.3,38.878055555,"city in Luhansk Oblast, Ukraine"
Q2415316,Novodruzhesk,cities,http://commons.wikimedia.org/wiki/Special:FilePath/%D0%9D%D0%BE%D0%B2%D0%BE%D0%B4%D1%80%D1%83%D0%B6%D0%B5%D1%81%D1%8C%D0%BA%2020210108.jpg,Ukraine,https://en.wikipedia.org/wiki/Novodruzhesk,48.966666666,38.35,city in Luhansk Oblast (province) of Ukraine
Q2415330,Chasiv Yar,cities,http://commons.wikimedia.org/wiki/Special:FilePath/Chasiv%20Yar%20Avanhard%20Stadium%205.jpg,Ukraine,https://en.wikipedia.org/wiki/Chasiv_Yar,48.566666666,37.833333333,"city and hromada in Bakhmut raion, Donetsk Oblast, Ukraine"
Q2415345,Ilovaisk,cities,http://commons.wikimedia.org/wiki/Special:FilePath/Kamen%20Ilovaysk.JPG,Ukraine,https://en.wikipedia.org/wiki/Ilovaisk,47.925,38.195,"city in Donetsk Raion, Donetsk Oblast of Ukraine"
Q1874,Odesa,cities,http://commons.wikimedia.org/wiki/Special:FilePath/Odesa-Montage-2016.png,Ukraine,https://en.wikipedia.org/wiki/Odesa,46.47747,30.73262,"city in southwestern Ukraine, administrative center of Odesa Oblast and Odesa Raion"
Q1899,Kyiv,cities,http://commons.wikimedia.org/wiki/Special:FilePath/Kyiv%20%28234807751%29.jpeg,Ukraine,https://en.wikipedia.org/wiki/Kyiv,50.45,30.523611111,capital and largest city of Ukraine
Q27039,Ovruch,cities,http://commons.wikimedia.org/wiki/Special:FilePath/%D0%A1%D0%B2%D1%8F%D1%82%D0%BE-%D0%92%D0%B0%D1%81%D0%B8%D0%BB%D1%96%D0%B2%D1%81%D1%8C%D0%BA%D0%B8%D0%B9%20%D1%86%D0%B5%D1%80%D0%BA%D0%B2%D0%B0%20%D1%96%20%D0%B6%D1%96%D0%BD%D0%BE%D1%87%D0%B8%D0%B9%20%D0%BC%D0%BE%D0%BD%D0%B0%D1%81%D1%82%D0%B8%D1%80.jpg,Ukraine,https://en.wikipedia.org/wiki/Ovruch,51.324444444,28.808055555,"city in the Zhytomyr Oblast, Ukraine"
Q29756,Shakhtarsk,cities,http://commons.wikimedia.org/wiki/Special:FilePath/%D0%91%D1%80%D0%B0%D1%82%D1%81%D1%8C%D0%BA%D0%B0%20%D0%BC%D0%BE%D0%B3%D0%B8%D0%BB%D0%B0%20%D1%80%D0%B0%D0%B4%D1%8F%D0%BD%D1%81%D1%8C%D0%BA%D0%B8%D1%85%20%D0%B2%D0%BE%D1%97%D0%BD%D1%96%D0%B2%20%D0%9F%D1%96%D0%B2%D0%B4%D0%B5%D0%BD%D0%BD%D0%BE%D0%B3%D0%BE%20%D1%84%D1%80%D0%BE%D0%BD%D1%82%D1%83%201.JPG,Ukraine,https://en.wikipedia.org/wiki/Shakhtarsk,48.033333333,38.483333333,"city in Horlivka Raion, Donetsk Oblast, Ukraine"
Q122281190,Orlova Mohyla kurgan,landmarks,http://commons.wikimedia.org/wiki/Special:FilePath/%D0%A1%D0%B5%D0%BD%D1%82%D1%8F%D0%B1%D1%80%D1%8C%202014%20%D1%83%20%22%D0%9E%D1%81%D1%82%D1%80%D0%BE%D0%B9%20%D0%BC%D0%BE%D0%B3%D0%B8%D0%BB%D1%8B%22%20-%20panoramio.jpg,Ukraine,,47.892608,34.475334,
Q122281189,Kurgan of Glory near Sholokhove,landmarks,http://commons.wikimedia.org/wiki/Special:FilePath/%D0%9A%D1%83%D1%80%D0%B3%D0%B0%D0%BD%20%D0%A1%D0%BB%D0%B0%D0%B2%D0%B8%20%D0%B1%D1%96%D0%BB%D1%8F%20%D1%81.%20%D0%A8%D0%BE%D0%BB%D0%BE%D1%85%D0%BE%D0%B2%D0%B5..JPG,Ukraine,,47.69045,34.035618,
Q122281608,Kurgan in Berestove,landmarks,http://commons.wikimedia.org/wiki/Special:FilePath/%D0%91%D0%B5%D1%80%D0%B5%D1%81%D1%82%D0%BE%D0%B2%D0%BE%D0%B5.%20%D0%9A%D1%83%D1%80%D0%B3%D0%B0%D0%BD%20%D0%B2%D0%BE%D0%B7%D0%BB%D0%B5%20%D0%96%D0%94.jpg,Ukraine,,48.738056,38.268889,
Q122281618,"Kurgan I, Ivanivske",landmarks,http://commons.wikimedia.org/wiki/Special:FilePath/%D0%9C%D1%96%D1%81%D1%86%D0%B5%20%D0%B4%D0%B5%20%D0%B1%D1%83%D0%BB%D0%B0%20%D0%BA%D1%83%D1%80%D0%B3%D0%B0%D0%BD%D0%BD%D0%B0%20%D0%B3%D1%80%D1%83%D0%BF%D0%B0.%20%D0%9A%D1%83%D1%80%D0%B3%D0%B0%D0%BD%201.jpg,Ukraine,,48.566944,37.963611,
Q122281617,"Kurgan Baba, Ivanivske",landmarks,http://commons.wikimedia.org/wiki/Special:FilePath/%D0%93%D0%BE%D1%80%D0%B0%20%D0%91%D0%B0%D0%B1%D0%B0%20%D1%81.%20%D0%86%D0%B2%D0%B0%D0%BD%D1%96%D0%B2%D1%81%D1%8C%D0%BA%D0%B5.jpg,Ukraine,,48.582839,37.914162,
Q122281634,"Kurgan Vysoka Mohyla, Serebrianka",landmarks,http://commons.wikimedia.org/wiki/Special:FilePath/%D0%92%D0%B8%D0%B4%20%D0%BD%D0%B0%20%D1%81%D1%82%D0%B5%D0%BF%20%D0%B7%20%D0%BA%D1%83%D1%80%D0%B3%D0%B0%D0%BD%D1%83%20%C2%AB%D0%92%D0%B8%D1%81%D0%BE%D0%BA%D0%B0%20%D0%BC%D0%BE%D0%B3%D0%B8%D0%BB%D0%B0%C2%BB.jpg,Ukraine,,48.903028,38.172472,
Q122281636,"Kurgan II, to south-east from Serebrianka",landmarks,http://commons.wikimedia.org/wiki/Special:FilePath/%D0%93%D1%80%D1%83%D0%BF%D0%BF%D0%B0%20%D0%BA%D1%83%D1%80%D0%B3%D0%B0%D0%BD%D0%BE%D0%B2%20%D0%A1%D0%B5%D1%80%D0%B5%D0%B1%D1%80%D1%8F%D0%BD%D0%BA%D0%B0.jpg,Ukraine,,48.903,38.173361,
Q122281637,"Kurgan III, to south-east from Serebrianka",landmarks,http://commons.wikimedia.org/wiki/Special:FilePath/%D0%9A%D1%83%D1%80%D0%B3%D0%B0%D0%BD%D0%BD%D0%B0%D1%8F%20%D0%B3%D1%80%D1%83%D0%BF%D0%BF%D0%B0%20%D0%A1%D0%B5%D1%80%D0%B5%D0%B1%D1%80%D1%8F%D0%BD%D0%BA%D0%B0.%20%28%D0%BF%D1%80%D0%B0%D0%B2%D0%B8%D0%B9%20%D0%BA%D1%83%D1%80%D0%B3%D0%B0%D0%BD%29.jpg,Ukraine,,48.902972,38.17425,
Q122281957,"Kurgan of Immortality, Malyn",landmarks,http://commons.wikimedia.org/wiki/Special:FilePath/%D0%9A%D1%83%D1%80%D0%B3%D0%B0%D0%BD%20%D0%B1%D0%B5%D0%B7%D1%81%D0%BC%D0%B5%D1%80%D1%82%D1%8F%2C%20%D0%9C%D0%B0%D0%BB%D0%B8%D0%BD.JPG,Ukraine,,50.769237,29.253314,
Q122282366,Kurgan in Radoshyn,landmarks,http://commons.wikimedia.org/wiki/Special:FilePath/Radoshyn%20Kovelskyi%20Volynska-mound-west%20view.jpg,Ukraine,,51.15315,24.98745,
Q122283042,"Halychyna Mohyla kurgan, Krylos",landmarks,http://commons.wikimedia.org/wiki/Special:FilePath/%D0%93%D0%B0%D0%BB%D0%B8%D1%87%D0%B8%D0%BD%D0%B0%20%D0%BC%D0%BE%D0%B3%D0%B8%D0%BB%D0%B0%2C%20%D0%9A%D1%80%D0%B8%D0%BB%D0%BE%D1%81.jpg,Ukraine,,49.083402,24.696461,
Q122283209,Kurgan stele in Staryi Merchyk,landmarks,http://commons.wikimedia.org/wiki/Special:FilePath/%D0%9F%D0%BE%D0%BB%D0%BE%D0%B2%D0%B5%D1%86%D1%8C%D0%BA%D0%B0%20%D0%BA%D0%B0%D0%BC%27%D1%8F%D0%BD%D0%B0.jpg,Ukraine,,49.9816541,35.7596236,
Q122283275,Kurgan in Dnipro,landmarks,http://commons.wikimedia.org/wiki/Special:FilePath/%D0%9A%D1%83%D1%80%D0%B3%D0%B0%D0%BD%20145220.jpg,Ukraine,,48.530236,34.955124,
Q122283281,Kurgan in Stara Ihren,landmarks,http://commons.wikimedia.org/wiki/Special:FilePath/%D0%9A%D1%83%D1%80%D0%B3%D0%B0%D0%BD%200796.jpg,Ukraine,,48.442983,35.113567,
Q122283288,"Kurgan on Hrushevskoho Street, Kamianske",landmarks,http://commons.wikimedia.org/wiki/Special:FilePath/%D0%9A%D1%83%D1%80%D0%B3%D0%B0%D0%BD%20%E2%80%94%20%D0%BF%D0%B0%D0%BC%D1%8F%D1%82%D0%BD%D0%B8%D0%BA%20%D0%B0%D1%80%D1%85%D0%B5%D0%BE%D0%BB%D0%BE%D0%B3%D0%B8%D0%B8.%20%D0%B3.%20%D0%9A%D0%B0%D0%BC%D0%B5%D0%BD%D1%81%D0%BA%D0%BE%D0%B5%2C%20%D0%A3%D0%BA%D1%80%D0%B0%D0%B8%D0%BD%D0%B0.jpg,Ukraine,,48.495743,34.567245,
Q122283289,"Kurgan on Popova Street, Kamianske",landmarks,http://commons.wikimedia.org/wiki/Special:FilePath/%D0%9A%D1%83%D1%80%D0%B3%D0%B0%D0%BD%200146.jpg,Ukraine,,48.500725,34.580519,
Q122283392,Maidan kurgan in Pidhorodne,landmarks,http://commons.wikimedia.org/wiki/Special:FilePath/%D0%9A%D1%83%D1%80%D0%B3%D0%B0%D0%BD%20%C2%AB%D0%9C%D0%B0%D0%B9%D0%B4%D0%B0%D0%BD%C2%BB%20111414.jpg,Ukraine,,48.600708,35.118485,
Q122283393,Burial ground with 2 kurgans in Pidhorodne,landmarks,http://commons.wikimedia.org/wiki/Special:FilePath/%D0%9C%D0%BE%D0%B3%D0%B8%D0%BB%D1%8C%D0%BD%D0%B8%D0%BA%20%D0%BA%D1%83%D1%80%D0%B3%D0%B0%D0%BD%D0%BD%D0%B8%D0%B9%20101949.jpg,Ukraine,,48.603333,35.090833,
Q122283414,Mohyla Vyhliadna kurgan,landmarks,http://commons.wikimedia.org/wiki/Special:FilePath/%D0%9C%D0%BE%D0%B3%D0%B8%D0%BB%D0%B0%20%D0%92%D0%B8%D0%B3%D0%BB%D1%8F%D0%B4%D0%BD%D0%B0.jpg,Ukraine,,47.983308,36.216828,
Q122283418,"Burial mound with 7 kurgans, Bohodarivka",landmarks,http://commons.wikimedia.org/wiki/Special:FilePath/%D0%94%D1%80%D1%83%D0%B3%D0%B8%D0%B9%20%D0%BA%D1%83%D1%80%D0%B3%D0%B0%D0%BD%20%D0%B7%207%20%281%29.jpg,Ukraine,,47.945255,36.20995,
Q122283419,"Barynia kurgan, Bohodarivka",landmarks,http://commons.wikimedia.org/wiki/Special:FilePath/%D0%92%D0%B8%D0%B4%20%D0%BD%D0%B0%20%D0%BA%D1%83%D1%80%D0%B3%D0%B0%D0%BD%20%22%D0%91%D0%B0%D1%80%D0%B8%D0%BD%D1%8F%22.%20%D0%9C%D0%BE%D0%B3%D0%B8%D0%BB%D0%B0%20%D0%BB%D0%B5%D0%B4%D1%8C-%D0%BB%D0%B5%D0%B4%D1%8C%20%D0%BF%D0%BE%D0%BC%D1%96%D1%82%D0%BD%D0%B0%20%D0%B7%20%D0%B4%D0%BE%D1%80%D0%BE%D0%B3%D0%B8.jpg,Ukraine,,47.948754,36.201239,
Q122283417,"Kurgan No 8435, Andriivka",landmarks,http://commons.wikimedia.org/wiki/Special:FilePath/%D0%9A%D1%83%D1%80%D0%B3%D0%B0%D0%BD%20%D0%B2%20%D1%81.%20%D0%90%D0%BD%D0%B4%D1%80%D1%96%D1%97%D0%B2%D0%BA%D0%B0%20%281%29.jpg,Ukraine,,47.922778,36.186944,
Q122283423,"Burial ground with 2 kurgans, Bratske",landmarks,http://commons.wikimedia.org/wiki/Special:FilePath/%D0%9A%D1%83%D1%80%D0%B3%D0%B0%D0%BD%20%D0%BF%D0%BE%D1%80%D0%BE%D1%81%D0%BB%D0%B8%D0%B9%20%D1%82%D0%B5%D1%80%D0%BD%D0%BE%D0%BC.jpg,Ukraine,,47.899667,36.153056,
Q122283424,"Burial ground with 3 kurgans, Vidradne",landmarks,http://commons.wikimedia.org/wiki/Special:FilePath/%D0%9E%D0%B4%D0%B8%D0%BD%20%D0%B7%20%D0%BA%D1%83%D1%80%D0%B3%D0%B0%D0%BD%D1%96%D0%B2%20%D0%BD%D0%B5%D0%BF%D0%BE%D0%B4%D0%B0%D0%BB%D1%96%D0%BA%20%D1%81.%20%D0%92%D1%96%D0%B4%D1%80%D0%B0%D0%B4%D0%BD%D0%B5.jpg,Ukraine,,47.932195,36.246718,
Q122283435,Kurgan in Danylivka,landmarks,http://commons.wikimedia.org/wiki/Special:FilePath/%D0%9A%D1%83%D1%80%D0%B3%D0%B0%D0%BD.%20%D1%81.%20%D0%94%D0%B0%D0%BD%D0%B8%D0%BB%D1%96%D0%B2%D0%BA%D0%B0.jpg,Ukraine,,47.870722,36.230778,
Q122283432,Kurgan in Herasymivka,landmarks,http://commons.wikimedia.org/wiki/Special:FilePath/%D0%9A%D1%83%D1%80%D0%B3%D0%B0%D0%BD%20%D0%B1%D1%96%D0%BB%D1%8F%20%D1%81.%20%D0%93%D0%B5%D1%80%D0%B0%D1%81%D0%B8%D0%BC%D1%96%D0%B2%D0%BA%D0%B0.jpg,Ukraine,,47.890278,36.169639,
Q122283442,Kurgan in Pischane,landmarks,http://commons.wikimedia.org/wiki/Special:FilePath/%D0%9A%D1%83%D1%80%D0%B3%D0%B0%D0%BD%20%D0%BD%D0%B0%20%D1%82%D0%B5%D1%80%D0%B8%D1%82%D0%BE%D1%80%D1%96%D1%97%20%D0%BA%D0%BB%D0%B0%D0%B4%D0%BE%D0%B2%D0%B8%D1%89%D0%B0%20%D1%81.%20%D0%9F%D1%96%D1%89%D0%B0%D0%BD%D0%B5.jpg,Ukraine,,47.868675,36.171488,
Q122283441,"Burial ground with 2 kurgans, Nechaivka",landmarks,http://commons.wikimedia.org/wiki/Special:FilePath/%D0%9E%D0%B4%D0%B8%D0%BD%20%D0%B7%20%D0%BA%D1%83%D1%80%D0%B3%D0%B0%D0%BD%D1%96%D0%B2%20%D0%B1%D1%96%D0%BB%D1%8F%20%D1%81.%20%D0%9D%D0%B5%D1%87%D0%B0%D1%97%D0%B2%D0%BA%D0%B0.jpg,Ukraine,,47.869467,36.201024,
Q122283444,Padysheva Mohyla kurgan,landmarks,http://commons.wikimedia.org/wiki/Special:FilePath/%D0%9A%D1%83%D1%80%D0%B3%D0%B0%D0%BD%20%C2%AB%D0%9F%D0%B0%D0%B4%D0%B8%D1%88%D0%B5%D0%B2%D0%B0%20%D0%BC%D0%BE%D0%B3%D0%B8%D0%BB%D0%B0%C2%BB.jpg,Ukraine,,48.280794,34.696369,
Q122283478,"Rozryta Mohyla kurgan, Berezan",landmarks,http://commons.wikimedia.org/wiki/Special:FilePath/%D0%9A%D1%83%D1%80%D0%B3%D0%B0%D0%BD%20%C2%AB%D0%A0%D0%BE%D0%B7%D1%80%D0%B8%D1%82%D0%B0%20%D0%BC%D0%BE%D0%B3%D0%B8%D0%BB%D0%B0%C2%BB%20%D0%B7%20%D0%BF%D0%B0%D0%BC%E2%80%99%D1%8F%D1%82%D0%BD%D0%B8%D0%BC%20%D0%B7%D0%BD%D0%B0%D0%BA%D0%BE%D0%BC.jpg,Ukraine,,50.300097,31.570147,
Q122283857,Hlushevska Mohyla kurgan,landmarks,http://commons.wikimedia.org/wiki/Special:FilePath/%D0%93%D0%BB%D1%83%D1%88%D0%B5%D0%B2%D1%81%D1%8C%D0%BA%D0%B0%20%D0%9C%D0%BE%D0%B3%D0%B8%D0%BB%D0%B0%20360%20PANO%2020191108%20161111%200.jpg,Ukraine,,50.273248,31.189102,
Q122284805,Kurgan burial ground in Vilnohirsk,landmarks,http://commons.wikimedia.org/wiki/Special:FilePath/%D0%9A%D1%83%D1%80%D0%B3%D0%B0%D0%BD%D0%BD%D0%B8%D0%B9%20%D0%BC%D0%BE%D0%B3%D0%B8%D0%BB%D1%8C%D0%BD%D0%B8%D0%BA%20132532.jpg,Ukraine,,48.462478,34.010818,
Q122284816,Kurgan No 6136 on Marhanets cemetery,landmarks,http://commons.wikimedia.org/wiki/Special:FilePath/%D0%9A%D1%83%D1%80%D0%B3%D0%B0%D0%BD%20%D0%9F%D0%B0%D1%80%D1%85%D0%BE%D0%BC%D0%B5%D0%BD%D0%BA%D0%B0%20130104.jpg,Ukraine,,47.669444,34.652222,
Q122284830,"Kurgan No 6034, Novooleksandrivka",landmarks,http://commons.wikimedia.org/wiki/Special:FilePath/%D0%9A%D1%83%D1%80%D0%B3%D0%B0%D0%BD%2012-214-0130%200725%20064356%280%29.jpg,Ukraine,,48.354167,34.975833,
Q122284834,"Burial ground with 5 kurgans No 6046, Novooleksandrivka",landmarks,http://commons.wikimedia.org/wiki/Special:FilePath/%D0%9A%D1%83%D1%80%D0%B3%D0%B0%D0%BD%D1%8B%20133111.jpg,Ukraine,,48.323333,35.032222,
Q122284835,"Kurgan No 6048, Novooleksandrivka",landmarks,http://commons.wikimedia.org/wiki/Special:FilePath/%D0%9A%D1%83%D1%80%D0%B3%D0%B0%D0%BD%20124619.jpg,Ukraine,,48.346552,35.019136,
Q122284833,"Burial ground with 3 kurgans No 6044, Novooleksandrivka",landmarks,http://commons.wikimedia.org/wiki/Special:FilePath/%D0%9A%D1%83%D1%80%D0%B3%D0%B0%D0%BD%D0%B8%20131924.jpg,Ukraine,,48.31455,35.019987,
Q122284838,"Kurgan No 8626, Novooleksandrivka",landmarks,http://commons.wikimedia.org/wiki/Special:FilePath/%D0%9A%D1%83%D1%80%D0%B3%D0%B0%D0%BD%20121530.jpg,Ukraine,,48.361627,35.032218,
Q122284836,Q122284836,landmarks,http://commons.wikimedia.org/wiki/Special:FilePath/%D0%9A%D1%83%D1%80%D0%B3%D0%B0%D0%BD%2012-214-0137%200725%20065847.jpg,Ukraine,,48.34842,34.96443,
Q122284840,"Burial ground with 2 kurgans, Doslidne",landmarks,http://commons.wikimedia.org/wiki/Special:FilePath/%D0%9A%D1%83%D1%80%D0%B3%D0%B0%D0%BD%20120351.jpg,Ukraine,,48.37175,35.031116,
Q122284846,"Burial ground with 5 kurgans, Berezove",landmarks,http://commons.wikimedia.org/wiki/Special:FilePath/%D0%9C%D0%BE%D0%B3%D0%B8%D0%BB%D1%8C%D0%BD%D0%B8%D0%BA%20%D0%BA%D1%83%D1%80%D0%B3%D0%B0%D0%BD%D0%BD%D0%B8%D0%B9%20%285%20%D0%BA%D1%83%D1%80%D0%B3%D0%B0%D0%BD%D1%96%D0%B2%29%2C%20%D1%81.%20%D0%91%D0%B5%D1%80%D0%B5%D0%B7%D0%BE%D0%B2%D0%B5%2C%20%D0%9F%D0%BE%D0%BA%D1%80%D0%BE%D0%B2%D1%81%D1%8C%D0%BA%D0%B8%D0%B9%20%D1%80%D0%B0%D0%B9%D0%BE%D0%BD%2C%201%2C25%20%D0%BA%D0%BC%20%D0%BD%D0%B0%20%D0%BF%D1%96%D0%B2%D0%BD%D1%96%D1%87%D0%BD%D0%B8%D0%B9%20%D1%81%D1%85%D1%96%D0%B4%20%D0%B2%D1%96%D0%B4%20%D1%86%D0%B5%D0%BD%D1%82%D1%80%D1%83%20%D1%81%D0%B5%D0%BB%D0%B0.jpg,Ukraine,,47.882034,36.503184,
Q122284851,"Burial ground with 3 kurgans, Hai",landmarks,http://commons.wikimedia.org/wiki/Special:FilePath/%D0%9C%D0%BE%D0%B3%D0%B8%D0%BB%D1%8C%D0%BD%D0%B8%D0%BA%20%D0%BA%D1%83%D1%80%D0%B3%D0%B0%D0%BD%D0%BD%D0%B8%D0%B9%20%283%20%D0%BA%D1%83%D1%80%D0%B3%D0%B0%D0%BD%D0%B8%29%20%28%D1%81%D0%B0%D0%BC%D0%B8%D0%B9%20%D0%BD%D0%B0%D0%B9%D0%B1%D1%96%D0%BB%D1%8C%D1%88%D0%B8%D0%B9%20%D0%B7%20%D0%B3%D1%80%D1%83%D0%BF%D0%B8%29%2C%20%D1%80%D0%BE%D0%B7%D1%80%D0%B8%D1%82%D0%B8%D0%B9%2C%20%D1%81.%20%D0%93%D0%B0%D0%B9%2C%20%D0%9F%D0%BE%D0%BA%D1%80%D0%BE%D0%B2%D1%81%D1%8C%D0%BA%D0%B8%D0%B9%20%D1%80%D0%B0%D0%B9%D0%BE%D0%BD.jpg,Ukraine,,47.903359,36.290631,
Q122284848,"Burial ground with 4 kurgans No 3530, Velykomykhailivka",landmarks,http://commons.wikimedia.org/wiki/Special:FilePath/%D0%9D%D0%B0%D1%81%D0%B8%D0%BF%20%E2%80%94%20%D0%B1%D1%96%D0%BB%D1%8F%20%D0%B4%D0%BE%D1%80%D0%BE%D0%B3%D0%B8.%20%D0%9C%D0%BE%D0%B3%D0%B8%D0%BB%D1%8C%D0%BD%D0%B8%D0%BA%20%D0%BA%D1%83%D1%80%D0%B3%D0%B0%D0%BD%D0%BD%D0%B8%D0%B9%20%284%20%D0%BA%D1%83%D1%80%D0%B3%D0%B0%D0%BD%D0%B8%29%28%20%D0%B2%D0%B8%D0%B4%D0%BD%D0%BE%202%20%D0%BA%D1%83%D1%80%D0%B3%D0%B0%D0%BD%D0%B8%20%D1%96%20%D0%BD%D0%B0%D1%81%D0%B8%D0%BF%29%2C%20%D0%92%D0%B5%D0%BB%D0%B8%D0%BA%D0%BE%D0%BC%D0%B8%D1%85%D0%B0%D0%B9%D0%BB%D1%96%D0%B2%D0%BA%D0%B0%2C%20%D0%9F%D0%BE%D0%BA%D1%80%D0%BE%D0%B2%D1%81%D1%8C%D0%BA%D0%B8%D0%B9%20%D1%80%D0%B0%D0%B9%D0%BE%D0%BD.jpg,Ukraine,,47.949695,36.502855,
Q122284856,"Burial ground with 2 kurgans No 3488, Kolomiytsi",landmarks,http://commons.wikimedia.org/wiki/Special:FilePath/%D0%9C%D0%BE%D0%B3%D0%B8%D0%BB%D1%8C%D0%BD%D0%B8%D0%BA%20%D0%BA%D1%83%D1%80%D0%B3%D0%B0%D0%BD%D0%BD%D0%B8%D0%B9%20%282%20%D0%BA%D1%83%D1%80%D0%B3%D0%B0%D0%BD%D0%B8%29%2C%20%D1%81.%20%D0%9A%D0%BE%D0%BB%D0%BE%D0%BC%D1%96%D0%B9%D1%86%D1%96%2C%202%20%D0%BA%D0%BC%20%D0%BD%D0%B0%20%D0%BF%D1%96%D0%B2%D0%BD%D1%96%D1%87%D0%BD%D0%B8%D0%B9%20%D0%B7%D0%B0%D1%85%D1%96%D0%B4%20%D0%B2%D1%96%D0%B4%20%D1%86%D0%B5%D0%BD%D1%82%D1%80%D1%83%20%D1%81%D0%B5%D0%BB%D0%B0%20%2C1-%20%D0%B9%20%D0%BA%D1%83%D1%80%D0%B3%D0%B0%D0%BD%20%D0%B7%D1%96%20%D1%81%D1%82%D0%BE%D1%80%D0%BE%D0%BD%D0%B8%20%D1%81.%20%D0%9A%D0%BE%D0%BB%D0%BE%D0%BC%D1%96%D0%B9%D1%86%D1%96.jpg,Ukraine,,47.969346,36.32106,
Q122284864,"Kurgan No 3554, Novooleksandrivka",landmarks,http://commons.wikimedia.org/wiki/Special:FilePath/%D0%9A%D1%83%D1%80%D0%B3%D0%B0%D0%BD%20%28h%3D3%2C5%20%D0%BC%2C%20d%3D80%20%D0%BC%29%2C%20%D1%81.%20%D0%9D%D0%BE%D0%B2%D0%BE%D0%BE%D0%BB%D0%B5%D0%BA%D1%81%D0%B0%D0%BD%D0%B4%D1%80%D1%96%D0%B2%D0%BA%D0%B0%20%2C%D0%9F%D0%BE%D0%BA%D1%80%D0%BE%D0%B2%D1%81%D1%8C%D0%BA%D0%B8%D0%B9%20%D1%80%D0%B0%D0%B9%D0%BE%D0%BD%2C%201%2C75%20%D0%BA%D0%BC%20%D0%BD%D0%B0%20%D0%BF%D1%96%D0%B2%D0%B4%D0%B5%D0%BD%D1%8C%E2%80%94%D0%BF%D1%96%D0%B2%D0%B4%D0%B5%D0%BD%D0%BD%D0%B8%D0%B9%20%D1%81%D1%85%D1%96%D0%B4%20%D0%B2%D1%96%D0%B4%20%D1%86%D0%B5%D0%BD%D1%82%D1%80%D1%83%20%D1%81%D0%B5%D0%BB%D0%B0.jpg,Ukraine,,47.899589,36.330438,
Q122284865,"Kurgan No 3555, Novooleksandrivka",landmarks,http://commons.wikimedia.org/wiki/Special:FilePath/%D0%9A%D1%83%D1%80%D0%B3%D0%B0%D0%BD%20%28h%3D4%2C5%20%D0%BC%2C%20d%3D80%20%D0%BC%29%2C%20%D1%81.%20%D0%9D%D0%BE%D0%B2%D0%BE%D0%BE%D0%BB%D0%B5%D0%BA%D1%81%D0%B0%D0%BD%D0%B4%D1%80%D1%96%D0%B2%D0%BA%D0%B0%2C%20%D0%9F%D0%BE%D0%BA%D1%80%D0%BE%D0%B2%D1%81%D1%8C%D0%BA%D0%B8%D0%B9%20%D1%80%D0%B0%D0%B9%D0%BE%D0%BD%2C%202%2C1%20%D0%BA%D0%BC%20%D0%BD%D0%B0%20%D0%BF%D1%96%D0%B2%D0%B4%D0%B5%D0%BD%D0%BD%D0%B8%D0%B9%20%D1%81%D1%85%D1%96%D0%B4%20%D0%B2%D1%96%D0%B4%20%D1%86%D0%B5%D0%BD%D1%82%D1%80%D1%83%20%D1%81%D0%B5%D0%BB%D0%B0%2C%20%D0%BF%D0%BE%D1%80%D1%8F%D0%B4%20%D0%B7%20%D1%81%D0%BE%D0%BB%D0%BE%D0%BD%D1%87%D0%B0%D0%BA%D0%B0%D0%BC%D0%B8.jpg,Ukraine,,47.898683,36.33753,
Q122284870,"Burial ground with 3 kurgans No 3531, Orestopil",landmarks,http://commons.wikimedia.org/wiki/Special:FilePath/%D0%9C%D0%BE%D0%B3%D0%B8%D0%BB%D1%8C%D0%BD%D0%B8%D0%BA%20%D0%BA%D1%83%D1%80%D0%B3%D0%B0%D0%BD%D0%BD%D0%B8%D0%B9%20%283%20%D0%BA%D1%83%D1%80%D0%B3%D0%B0%D0%BD%D0%B8%2C%202%20%D1%80%D0%BE%D0%B7%D0%BE%D1%80%D0%B5%D0%BD%D1%96%29%2C%20%D0%9E%D1%80%D0%B5%D1%81%D1%82%D0%BE%D0%BF%D1%96%D0%BB%D1%8C%2C%201%2C6%20%D0%BA%D0%BC%20%D0%BD%D0%B0%20%D0%BF%D1%96%D0%B2%D0%B4%D0%B5%D0%BD%D0%BD%D0%B8%D0%B9%20%D0%B7%D0%B0%D1%85%D1%96%D0%B4%20%D0%B2%D1%96%D0%B4%20%D1%86%D0%B5%D0%BD%D1%82%D1%80%D1%83%20%D1%81%D0%B5%D0%BB%D0%B0%3B%200%2C5%20%D0%BA%D0%BC%20%D0%BD%D0%B0%20%D0%B7%D0%B0%D1%85%D1%96%D0%B4%20%D0%B2%D1%96%D0%B4%20%D1%80.%20%D0%92%D0%BE%D1%80%D0%BE%D0%BD%D0%B0.jpg,Ukraine,,47.946147,36.455561,
Q122284871,"Kurgan No 3515, Sosnivka",landmarks,http://commons.wikimedia.org/wiki/Special:FilePath/%D0%9A%D1%83%D1%80%D0%B3%D0%B0%D0%BD%20%28h%3D0%2C2%20%D0%BC%2C%20d%3D12%20%D0%BC%29%2C%20%D1%81.%20%D0%A1%D0%BE%D1%81%D0%BD%D1%96%D0%B2%D0%BA%D0%B0%2C%20%D0%9F%D0%BE%D0%BA%D1%80%D0%BE%D0%B2%D1%81%D1%8C%D0%BA%D0%B8%D0%B9%20%D1%80%D0%B0%D0%B9%D0%BE%D0%BD%2C1%2C2%20%D0%BA%D0%BC%20%D0%BD%D0%B0%20%D0%BF%D1%96%D0%B2%D0%BD%D1%96%D1%87%20%D0%B2%D1%96%D0%B4%20%D1%86%D0%B5%D0%BD%D1%82%D1%80%D1%83%20%D1%81%D0%B5%D0%BB%D0%B0%2C%200%2C3%20%D0%BA%D0%BC%20%D0%BD%D0%B0%20%D0%BF%D1%96%D0%B2%D0%BD%D1%96%D1%87%20%D0%B2%D1%96%D0%B4%20%D1%80.%20%D0%92%D0%BE%D1%80%D0%BE%D0%BD%D0%B0.jpg,Ukraine,,47.939922,36.505783,
Q122284884,"Burial ground with 2 kurgans No 5168, Bashmachka",landmarks,http://commons.wikimedia.org/wiki/Special:FilePath/%D0%9F%D0%B0%D0%BD%D0%BE%D1%80%D0%B0%D0%BC%D0%B0%20%D0%B2%D1%96%D0%B4%D0%BD%D0%BE%D0%B2%D0%BB%D0%B5%D0%BD%D0%BE%D1%97%20%28%D1%80%D0%B0%D0%BD%D1%96%D1%88%D0%B5%20%D0%BF%D0%BE%D0%B2%D0%BD%D1%96%D1%81%D1%82%D1%8E%20%D1%80%D0%BE%D0%B7%D0%BE%D1%80%D0%B0%D0%BD%D0%BE%D1%97%29%20%D0%B3%D1%80%D1%83%D0%BF%D0%B8%20%D0%BC%D0%BE%D0%B3%D0%B8%D0%BB.jpg,Ukraine,,48.169793,34.962084,
Q122284898,"Kurgan No 5132, Apollonivka",landmarks,http://commons.wikimedia.org/wiki/Special:FilePath/%D0%9A%D1%83%D1%80%D0%B3%D0%B0%D0%BD%20%D1%81%20%D0%90%D0%BF%D0%BE%D0%BB%D0%BE%D0%BD%D1%96%D0%B2%D0%BA%D0%B0.jpg,Ukraine,,48.220039,34.777188,
Q122284915,"Burial ground with 11 kurgans, Shyroke",landmarks,http://commons.wikimedia.org/wiki/Special:FilePath/%D0%9A%D1%83%D1%80%D0%B3%D0%B0%D0%BD%D0%BD%D0%B8%D0%B9%20%D0%BC%D0%BE%D0%B3%D0%B8%D0%BB%D1%8C%D0%BD%D0%B8%D0%BA%20%D0%BD%D0%B0%20%D0%BF%D1%96%D0%B2%D0%B4%D0%B5%D0%BD%D1%8C%20%D0%B2%D1%96%D0%B4%20%D0%A8%D0%B5%D1%81%D1%82%D1%96%D1%80%D0%BD%D1%96%20%28%D0%BD%D0%B0%D0%BF%D0%B8%D1%81%29.jpg,Ukraine,,47.660185,33.256216,
Q122284949,Group of kurgans in Voroneve,landmarks,http://commons.wikimedia.org/wiki/Special:FilePath/%D0%9A%D1%83%D1%80%D0%B3%D0%B0%D0%BD%D0%BD%D0%B0%20%D0%B3%D1%80%D1%83%D0%BF%D0%B0%20%283%29%2C%20%D1%81.%20%D0%92%D0%BE%D1%80%D0%BE%D0%BD%D0%B5%D0%B2%D0%B5%2003.jpg,Ukraine,,50.998056,28.702222,
Q122284973,Kurgan in Khlupliany,landmarks,http://commons.wikimedia.org/wiki/Special:FilePath/%D0%9A%D1%83%D1%80%D0%B3%D0%B0%D0%BD%20%D0%BD%D0%B0%20%D0%BE%D0%BA%D0%BE%D0%BB%D0%B8%D1%86%D1%96%20%D1%81%D0%B5%D0%BB%D0%B0%2010.jpg,Ukraine,,51.353183,28.561542,
Q122285698,Kurgan in Kotliarka,landmarks,http://commons.wikimedia.org/wiki/Special:FilePath/%D0%9A%D1%83%D1%80%D0%B3%D0%B0%D0%BD%20%D0%BD%D0%B0%20%D0%BF%D0%BE%D0%BB%D1%96%20%D0%B1%D1%96%D0%BB%D1%8F%201%20%D1%81.%20%D0%9A%D0%BE%D1%82%D0%BB%D1%8F%D1%80%D0%BA%D0%B0.jpg,Ukraine,,50.032255,29.302111,
Q122285899,"Kurgan of Glory, Horishni Plavni",landmarks,http://commons.wikimedia.org/wiki/Special:FilePath/%D0%9F%D0%B0%D0%BC%E2%80%99%D1%8F%D1%82%D0%BD%D0%B5%20%D0%BC%D1%96%D1%81%D1%86%D0%B5%20%D1%84%D0%BE%D1%80%D1%81%D1%83%D0%B2%D0%B0%D0%BD%D0%BD%D1%8F%20%D1%80.%20%D0%94%D0%BD%D1%96%D0%BF%D1%80%D0%BE%201%E2%80%933%20%D0%B6%D0%BE%D0%B2%D1%82%D0%BD%D1%8F%201943%20%D1%80.jpg,Ukraine,,49.006039,33.627026,
Q122288607,Kurgan in Tokarivka,landmarks,http://commons.wikimedia.org/wiki/Special:FilePath/%D0%A2%D0%BE%D0%BA%D0%B0%D1%80%D1%96%D0%B2%D0%BA%D0%B0%20%D0%BA%D1%83%D1%80%D0%B3%D0%B0%D0%BD%D0%B8.jpg,Ukraine,,49.066606,27.895538,
Q122280955,Group of 2 kurgans in Kamiane Pole,landmarks,http://commons.wikimedia.org/wiki/Special:FilePath/12-218-0226.%D0%9A%D0%B0%D0%BC%D0%B5%D0%BD%D0%BD%D0%BE%D0%B5%20%D0%BF%D0%BE%D0%BB%D0%B5.%D0%9C%D0%BE%D0%B3%D0%B8%D0%BB%D1%8C%D0%BD%D0%B8%D0%BA.JPG,Ukraine,,48.126341,33.601427,
Q122280958,Group of 5 kurgans No 5859,landmarks,http://commons.wikimedia.org/wiki/Special:FilePath/%D0%9A%D1%83%D1%80%D0%B3%D0%B0%D0%BD%20%E2%84%965859%20%D0%B1%D1%96%D0%BB%D1%8F%20%D1%81.%D0%97%D0%BE%D0%BB%D0%BE%D1%82%D0%B0%20%D0%9F%D0%BE%D0%BB%D1%8F%D0%BD%D0%B0%2C%20%D0%BF%D0%B0%D0%BD%D0%BE%D1%80%D0%B0%D0%BC%D0%B0%20%D0%BF%D0%BE%D0%BB%D1%8F%20%D0%B7%20%D0%BA%D1%83%D1%80%D0%B3%D0%B0%D0%BD%D0%BE%D0%BC.jpg,Ukraine,,48.001151,33.554349,
Q122280962,"Kurgan No 8179, Novopillia",landmarks,http://commons.wikimedia.org/wiki/Special:FilePath/%D0%A1%D0%BA%D1%96%D1%84%D1%81%D1%8C%D0%BA%D0%B8%D0%B9%20%D0%BA%D1%83%D1%80%D0%B3%D0%B0%D0%BD%20%E2%84%968179%2004.JPG,Ukraine,,47.969468,33.479419,
Q122280963,"Kurgan No 8210, Novopillia",landmarks,http://commons.wikimedia.org/wiki/Special:FilePath/%D0%97%D0%BE%D0%BD%D0%B0%20%D1%80%D0%BE%D0%B7%D1%82%D0%B0%D1%88%D1%83%D0%B2%D0%B0%D0%BD%D0%BD%D1%8F%20%D1%81%D0%BA%D1%96%D1%84%D1%81%D1%8C%D0%BA%D0%BE%D0%B3%D0%BE%20%D0%BA%D1%83%D1%80%D0%B3%D0%B0%D0%BD%D1%83%20%E2%84%968210%2C%20%D0%BA%D0%B2%D0%B0%D0%B4%D1%80%D0%B0%D1%82%201.jpg,Ukraine,,47.949228,33.46903,
Q122280961,"Kurgan No 8162, Novopillia",landmarks,http://commons.wikimedia.org/wiki/Special:FilePath/%D0%A1%D0%BA%D1%96%D1%84%D1%81%D1%8C%D0%BA%D0%B8%D0%B9%20%D0%BA%D1%83%D1%80%D0%B3%D0%B0%D0%BD%20%E2%84%968162%2004.JPG,Ukraine,,47.968714,33.48532,
Q122280966,"Kurgan No 8171, Novoselivka",landmarks,http://commons.wikimedia.org/wiki/Special:FilePath/%D0%9A%D1%83%D1%80%D0%B3%D0%B0%D0%BD%20%D0%B1%D1%96%D0%BB%D1%8F%20%D0%BA%D0%BB%D0%B0%D0%B4%D0%BE%D0%B2%D0%B8%D1%89%D0%B0%20%D1%81.%D0%9D%D0%BE%D0%B2%D0%BE%D1%81%D0%B5%D0%BB%D1%96%D0%B2%D0%BA%D0%B0%2C%20%D0%BF%D0%B0%D0%BD%D0%BE%D1%80%D0%B0%D0%BC%D0%B0.jpg,Ukraine,,47.940841,33.603917,
Q122280965,"Group of 2 kurgans No 5890, Novopokrovka",landmarks,http://commons.wikimedia.org/wiki/Special:FilePath/%D0%9A%D1%83%D1%80%D0%B3%D0%B0%D0%BD%20%D0%B1%D1%96%D0%BB%D1%8F%20%D0%9F%D0%B8%D1%87%D1%83%D0%B3%D1%96%D0%BD%D0%BE%2C%20%D0%BF%D1%96%D0%B2%D0%BD%D1%96%D1%87%20%D0%B2%D0%B5%D1%80%D1%85.JPG,Ukraine,,48.016195,33.608959,
Q122280970,"Kurgan No 8161, Chervoni Pody",landmarks,http://commons.wikimedia.org/wiki/Special:FilePath/%D0%9A%D1%83%D1%80%D0%B3%D0%B0%D0%BD%20%D1%83%20%D1%81%D0%B5%D0%BB%D1%96%20%D0%A7%D0%B5%D1%80%D0%B2%D0%BE%D0%BD%D1%96%20%D0%9F%D0%BE%D0%B4%D0%B8%2C%20%D0%BF%D0%B0%D0%BD%D0%BE%D1%80%D0%B0%D0%BC%D0%B0%20%D0%B7%20%D0%B7%D0%B0%D1%85%D0%BE%D0%B4%D1%83.jpg,Ukraine,,47.91736,33.513806,
Q122280971,"Group of 11 kurgans No 8219, Shevchenkivske",landmarks,http://commons.wikimedia.org/wiki/Special:FilePath/12-218-0213.%D0%9E%D1%80%D0%B4%D0%B6%D0%BE%D0%BD%D0%B8%D0%BA%D0%B8%D0%B4%D0%B7%D0%B5.%D0%9C%D0%BE%D0%B3%D0%B8%D0%BB%D1%8C%D0%BD%D0%B8%D0%BA.JPG,Ukraine,,48.100983,33.619752,
Q122280968,"Kurgan No 8166, Romanivka",landmarks,http://commons.wikimedia.org/wiki/Special:FilePath/%D0%9F%D0%B0%D0%BD%D0%BE%D1%80%D0%B0%D0%BC%D0%B0%20%D0%B7%D0%BE%D0%BD%D0%B8%2C%20%D0%B4%D0%B5%20%D0%BC%D0%B0%D1%94%20%D0%B1%D1%83%D1%82%D0%B8%20%D0%BA%D1%83%D1%80%D0%B3%D0%B0%D0%BD%2C%20%D0%B1%D1%96%D0%BB%D1%8F%20%D1%81.%D0%A0%D0%BE%D0%BC%D0%B0%D0%BD%D1%96%D0%B2%D0%BA%D0%B0.jpg,Ukraine,,48.004855,33.61428,
Q122280975,"Kurgan No 8160, Stepove",landmarks,http://commons.wikimedia.org/wiki/Special:FilePath/%D0%9A%D1%83%D1%80%D0%B3%D0%B0%D0%BD%20%D0%BD%D0%B5%D0%BF%D0%BE%D0%B4%D0%B0%D0%BB%D1%96%D0%BA%20%D1%81%D1%96%D0%BB%20%D0%A7%D0%B0%D0%BF%D0%B0%D1%94%D0%B2%D0%BA%D0%B0%20%D1%82%D0%B0%20%D0%9B%D1%96%D1%81%D0%BE%D0%BF%D0%B8%D1%82%D0%BE%D0%BC%D0%BD%D0%B8%D0%BA%2002.JPG,Ukraine,,47.953087,33.570614,
Q122280972,"Group of 2 kurgans No 8220, Shevchenkivske",landmarks,http://commons.wikimedia.org/wiki/Special:FilePath/12-218-0214.%D0%9E%D1%80%D0%B4%D0%B6%D0%BE%D0%BD%D0%B8%D0%BA%D0%B8%D0%B4%D0%B7%D0%B5.%D0%9C%D0%BE%D0%B3%D0%B8%D0%BB%D1%8C%D0%BD%D0%B8%D0%BA.JPG,Ukraine,,48.091037,33.609967,
Q1143233,Olbia,landmarks,http://commons.wikimedia.org/wiki/Special:FilePath/AncientTownOlvia.jpg,Ukraine,https://en.wikipedia.org/wiki/Pontic_Olbia,46.691895,31.901597,archaeological site of an ancient Greek city in Ukraine
Q2254138,Black Grave,landmarks,http://commons.wikimedia.org/wiki/Special:FilePath/%D0%9A%D1%83%D1%80%D0%B3%D0%B0%D0%BD%20%D0%A7%D1%91%D1%80%D0%BD%D0%B0%D1%8F%20%D0%BC%D0%BE%D0%B3%D0%B8%D0%BB%D0%B0.jpg,Ukraine,https://en.wikipedia.org/wiki/Black_Grave,51.487466666,31.293966666,"Largest burial mound in Chernihiv, Ukraine"
Q1392136,Rusanivka Old Bridge,bridges,http://commons.wikimedia.org/wiki/Special:FilePath/Rusanovskiy%20Bridge%20Kiev%201910s.jpg,Ukraine,,50.448138888,30.584444444,bridge in Ukraine
Q258316,Chynadiiovo Castle,castles,http://commons.wikimedia.org/wiki/Special:FilePath/Telegdy-R%C3%A1k%C3%B3czi%20castle%20Chynadiyovo%202012%2001.jpg,Ukraine,,48.5019,22.8417,
Q265210,Castle in Kvasovo,castles,http://commons.wikimedia.org/wiki/Special:FilePath/Chateau%20de%20Kovaszo.jpg,Ukraine,,48.1874,22.7756,
Q140998,Ostroh Castle,castles,http://commons.wikimedia.org/wiki/Special:FilePath/Ukraine.Ostrog.Castle.MurovanaTower02.jpg,Ukraine,https://en.wikipedia.org/wiki/Ostroh_Castle,50.333333333,26.516666666,castle
Q141012,Khotyn Fortress,castles,http://commons.wikimedia.org/wiki/Special:FilePath/73-250-0001%20Khotyn%20Fortress%20RB%2018.jpg,Ukraine,https://en.wikipedia.org/wiki/Khotyn_Fortress,48.521944444,26.498333333,fortress
Q180479,Donbass Arena,stadiums,http://commons.wikimedia.org/wiki/Special:FilePath/Donezk%20Donbass%20Arena%2009.JPG,Ukraine,https://en.wikipedia.org/wiki/Donbas_Arena,48.020833,37.809722,"football stadium in Donetsk, Ukraine"
Q194572,Roman Shukhevych Ternopil city stadium,stadiums,http://commons.wikimedia.org/wiki/Special:FilePath/%D0%9A%D0%9F%20%22%D0%A2%D0%B5%D1%80%D0%BD%D0%BE%D0%BF%D1%96%D0%BB%D1%8C%D1%81%D1%8C%D0%BA%D0%B8%D0%B9%20%D0%BC%D1%96%D1%81%D1%8C%D0%BA%D0%B8%D0%B9%20%D1%81%D1%82%D0%B0%D0%B4%D1%96%D0%BE%D0%BD%22%202832762.jpg,Ukraine,https://en.wikipedia.org/wiki/Roman_Shukhevych_Ternopil_city_stadium,49.553056,25.609167,stadium
Q215399,Arena Lviv,stadiums,http://commons.wikimedia.org/wiki/Special:FilePath/Arena%20Lviv%205.jpg,Ukraine,https://en.wikipedia.org/wiki/Arena_Lviv,49.775278055,24.027778055,"stadium in Lviv, Ukraine"
Q195359,Ukrainian Catholic University,universities,http://commons.wikimedia.org/wiki/Special:FilePath/%D0%92%D0%BE%D0%BB%D0%BE%D0%B4%D0%B8%D0%BC%D0%B8%D1%80%20%D0%93%D1%80%D0%BE%D0%B9%D1%81%D0%BC%D0%B0%D0%BD%20%D0%B2%D1%96%D0%B4%D0%B2%D1%96%D0%B4%D0%B0%D0%B2%20%D0%A3%D0%BA%D1%80%D0%B0%D1%97%D0%BD%D1%81%D1%8C%D0%BA%D0%B8%D0%B9%20%D0%BA%D0%B0%D1%82%D0%BE%D0%BB%D0%B8%D1%86%D1%8C%D0%BA%D0%B8%D0%B9%20%D1%83%D0%BD%D1%96%D0%B2%D0%B5%D1%80%D1%81%D0%B8%D1%82%D0%B5%D1%82%2004.jpg,Ukraine,https://en.wikipedia.org/wiki/Ukrainian_Catholic_University,49.822999,24.037496,"University in Lviv, Ukraine"
Q348791,Admiral Makarov National University of Shipbuilding,universities,http://commons.wikimedia.org/wiki/Special:FilePath/View%20from%205floor.JPG,Ukraine,https://en.wikipedia.org/wiki/Admiral_Makarov_National_University_of_Shipbuilding,46.987908,32.002316,university
Q117974,Hutsulshchyna National Nature Park,natural,http://commons.wikimedia.org/wiki/Special:FilePath/%D0%9E%D1%81%D1%96%D0%BD%D1%8C%20%D0%B2%20%D0%A3%D1%81%D1%82%D0%B5%D1%80%D1%96%D0%BA%D0%B0%D1%85.JPG,Ukraine,https://en.wikipedia.org/wiki/Hutsulshchyna_National_Nature_Park,48.3007,25.0907,"national nature park in Ivano-Frankivsk Oblast, Ukraine"
Q129755,Vyzhnytsia National Nature Park,natural,http://commons.wikimedia.org/wiki/Special:FilePath/NPP%20Wyzhnytsky%2002.jpg,Ukraine,https://en.wikipedia.org/wiki/Vyzhnytsia_National_Nature_Park,48.1639,25.259,"national nature park in Chernivtsi Oblast, Ukraine"
Q154678,Tuzly Lagoons National Nature Park,natural,http://commons.wikimedia.org/wiki/Special:FilePath/Alibey%20Lagoon.jpg,Ukraine,https://en.wikipedia.org/wiki/Tuzly_Lagoons_National_Nature_Park,45.783333,30.0,"national nature park in Odesa Oblast, Ukraine"
Q797693,Dzharylhach National Nature Park,natural,http://commons.wikimedia.org/wiki/Special:FilePath/%D0%94%D0%B6%D0%B0%D1%80%D0%B8%D0%BB%D0%B3%D0%B0%D1%87%20%D0%B7%20%D0%BD%D0%B5%D0%B1%D0%B0.jpg,Ukraine,https://en.wikipedia.org/wiki/Dzharylhach_National_Nature_Park,46.016666666,32.933333333,"national nature park in Kherson Oblast, Ukraine"
Q193439,Dubai International Airport,airports,http://commons.wikimedia.org/wiki/Special:FilePath/Dubai%20Airport.jpg,United Arab Emirates,https://en.wikipedia.org/wiki/Dubai_International_Airport,25.252777777,55.364444444,"international airport in Dubai, United Arab Emirates"
Q277294,Palm Jumeirah,islands,http://commons.wikimedia.org/wiki/Special:FilePath/Artificial%20Archipelagos%2C%20Dubai%2C%20United%20Arab%20Emirates%20ISS022-E-024940%20lrg%20%28cropped%29.jpg,United Arab Emirates,https://en.wikipedia.org/wiki/Palm_Jumeirah,25.117222222,55.134444444,"artificial archipelago in Dubai, United Arab Emirates"
Q1519,Abu Dhabi,cities,http://commons.wikimedia.org/wiki/Special:FilePath/%D0%90%D0%B1%D1%83-%D0%94%D0%B0%D0%B1%D0%B8%20%28Abu%20Dhabi%29%20-%20panoramio%20%281%29.jpg,United Arab Emirates,https://en.wikipedia.org/wiki/Abu_Dhabi,24.451111111,54.396944444,capital city of the United Arab Emirates
Q216264,23 Marina,skyscrapers,http://commons.wikimedia.org/wiki/Special:FilePath/Mage%202024-05-14%20at%2019.29.21.jpg,United Arab Emirates,https://en.wikipedia.org/wiki/23_Marina,25.089806,55.150611,Dubai skyscraper
Q369338,Dubai World Trade Centre,skyscrapers,http://commons.wikimedia.org/wiki/Special:FilePath/Dubai%20World%20Trade%20Centre%20on%2028%20December%202007.jpg,United Arab Emirates,https://en.wikipedia.org/wiki/Dubai_World_Trade_Centre,25.225583333,55.288769444,architectural structure
Q391648,Cayan Tower,skyscrapers,http://commons.wikimedia.org/wiki/Special:FilePath/Infinity%20Tower%20during%20construction%2C%202010-03-06.jpg,United Arab Emirates,https://en.wikipedia.org/wiki/Cayan_Tower,25.086889,55.145222,"skyscraper in Dubai, United Arab Emirates"
Q134124,Ocean Heights,skyscrapers,http://commons.wikimedia.org/wiki/Special:FilePath/Ocean%20Heights%20Dubai%20Marina.jpg,United Arab Emirates,https://en.wikipedia.org/wiki/Ocean_Heights_(Dubai),25.090914,55.149989,Residential skyscraper in Dubai
Q167831,Zayed Sports City Stadium,stadiums,http://commons.wikimedia.org/wiki/Special:FilePath/Gulf%20Cup%20%2836%29.jpg,United Arab Emirates,https://en.wikipedia.org/wiki/Zayed_Sports_City_Stadium,24.416088888,54.453591666,"multi-purpose stadium in Abu Dhabi, United Arab Emirates"
Q283849,Mohammed Bin Zayed Stadium,stadiums,http://commons.wikimedia.org/wiki/Special:FilePath/IRN-YMN%2020190107%20Asian%20Cup%204.jpg,United Arab Emirates,https://en.wikipedia.org/wiki/Mohammed_bin_Zayed_Stadium,24.452764,54.392019,stadium
Q580409,Bournemouth Airport,airports,http://commons.wikimedia.org/wiki/Special:FilePath/Bournemouth%20Airport%20control%20tower%20geograph.org.uk%20130727%201e343629-by-Pierre-Terre.jpg,United Kingdom,https://en.wikipedia.org/wiki/Bournemouth_Airport,50.78,-1.8425,airport in the United Kingdom
Q8691,London Heathrow Airport,airports,http://commons.wikimedia.org/wiki/Special:FilePath/London%20-%20Heathrow%20%28LHR%20-%20EGLL%29%20AN1572653.jpg,United Kingdom,https://en.wikipedia.org/wiki/Heathrow_Airport,51.4775,-0.461389,"main airport serving London, England, United Kingdom"
Q8694,Manchester Airport,airports,http://commons.wikimedia.org/wiki/Special:FilePath/Manchester%20Airport.jpg,United Kingdom,https://en.wikipedia.org/wiki/Manchester_Airport,53.353889,-2.275,"international airport in Manchester, England"
Q8699,Leeds Bradford Airport,airports,http://commons.wikimedia.org/wiki/Special:FilePath/LBIA%20Airside%202.jpg,United Kingdom,https://en.wikipedia.org/wiki/Leeds_Bradford_Airport,53.865833333,-1.660555555,"international airport in West Yorkshire, England"
Q8703,London Gatwick Airport,airports,http://commons.wikimedia.org/wiki/Special:FilePath/Gatwick%20Airport%20%2850850159593%29.jpg,United Kingdom,https://en.wikipedia.org/wiki/Gatwick_Airport,51.147222222,-0.190277777,"international airport in West Sussex, England"
Q8709,London Stansted Airport,airports,http://commons.wikimedia.org/wiki/Special:FilePath/Stansted%20Airport%20-%20geograph.org.uk%20-%201710808.jpg,United Kingdom,https://en.wikipedia.org/wiki/London_Stansted_Airport,51.885,0.235,"passenger airport at Stansted Mountfitchet, Essex, England"
Q8712,London Luton Airport,airports,http://commons.wikimedia.org/wiki/Special:FilePath/Luton%20Airport%20from%20the%20air%20%28geograph%207106190%29.jpg,United Kingdom,https://en.wikipedia.org/wiki/Luton_Airport,51.874722,-0.368333,"international airport in Luton, Bedfordshire, England"
Q8719,Birmingham Airport,airports,http://commons.wikimedia.org/wiki/Special:FilePath/Birmingham%20Airport%2C%20England%2C%20Feb.%202008.jpg,United Kingdom,https://en.wikipedia.org/wiki/Birmingham_Airport,52.453888888,-1.748055555,"airport in Bickenhill, West Midlands, England"
Q8716,Edinburgh Airport,airports,http://commons.wikimedia.org/wiki/Special:FilePath/Edinburgh%20Airport%201.jpg,United Kingdom,https://en.wikipedia.org/wiki/Edinburgh_Airport,55.95,-3.3725,"international airport in the City of Edinburgh, Scotland, UK"
Q8721,Glasgow Airport,airports,http://commons.wikimedia.org/wiki/Special:FilePath/GlasgowAirportFromAir.jpg,United Kingdom,https://en.wikipedia.org/wiki/Glasgow_Airport,55.871944444,-4.433055555,"international airport in Scotland, UK"
Q8727,Liverpool John Lennon Airport,airports,http://commons.wikimedia.org/wiki/Special:FilePath/John%20Lennon%20Airport%20Lpool.jpg,United Kingdom,https://en.wikipedia.org/wiki/Liverpool_John_Lennon_Airport,53.333611111,-2.849722222,"airport in Liverpool, England"
Q8725,Bristol Airport,airports,http://commons.wikimedia.org/wiki/Special:FilePath/N%20Side%20Road%2C%20Bristol%20Airport%20-%20geograph.org.uk%20-%203737093.jpg,United Kingdom,https://en.wikipedia.org/wiki/Bristol_Airport,51.382778,-2.719167,"commercial airport serving the city of Bristol, England"
Q8975,Newcastle International Airport,airports,http://commons.wikimedia.org/wiki/Special:FilePath/Newcastle%20International%20Airport%20-%20geograph.org.uk%20-%20308047.jpg,United Kingdom,https://en.wikipedia.org/wiki/Newcastle_International_Airport,55.0375,-1.691666666,"airport in Newcastle upon Tyne, England"
Q8979,Belfast International Airport,airports,http://commons.wikimedia.org/wiki/Special:FilePath/Belfast%20International%20Airport%20-%20geograph.org.uk%20-%20119152.jpg,United Kingdom,https://en.wikipedia.org/wiki/Belfast_International_Airport,54.6575,-6.215833,airport in Northern Ireland
Q8977,East Midlands Airport,airports,http://commons.wikimedia.org/wiki/Special:FilePath/East%20Midlands2.JPG,United Kingdom,https://en.wikipedia.org/wiki/East_Midlands_Airport,52.830555555,-1.327777777,international airport in the East Midlands of England
Q8982,London City Airport,airports,http://commons.wikimedia.org/wiki/Special:FilePath/London%20City%20Airport%20Zwart.jpg,United Kingdom,https://en.wikipedia.org/wiki/London_City_Airport,51.505278,0.055278,"international airport in London, England"
Q8981,Aberdeen Airport,airports,http://commons.wikimedia.org/wiki/Special:FilePath/Aberdeen%20Airport%20-%20geograph.org.uk%20-%201470090.jpg,United Kingdom,https://en.wikipedia.org/wiki/Aberdeen_Airport,57.201944,-2.197778,"international airport in Aberdeen, Scotland, UK"
Q8987,George Best Belfast City Airport,airports,http://commons.wikimedia.org/wiki/Special:FilePath/George%20Best%20Belfast%20City%20Airport%20-%20geograph.org.uk%20-%20714574.jpg,United Kingdom,https://en.wikipedia.org/wiki/Belfast_City_Airport,54.615486,-5.871233,"airport in Belfast, County Antrim, Northern Ireland"
Q8988,Southampton Airport,airports,http://commons.wikimedia.org/wiki/Special:FilePath/Southampton%20Airport%20Control%20Tower%20-%20geograph.org.uk%20-%2028103.jpg,United Kingdom,https://en.wikipedia.org/wiki/Southampton_Airport,50.950277777,-1.356666666,"airport in Southampton, England"
Q8994,Cardiff Airport,airports,http://commons.wikimedia.org/wiki/Special:FilePath/CardiffInternationalAirport.jpg,United Kingdom,https://en.wikipedia.org/wiki/Cardiff_Airport,51.396666666,-3.343333333,airport in Wales
Q8992,Glasgow Prestwick Airport,airports,http://commons.wikimedia.org/wiki/Special:FilePath/GPAirport.jpg,United Kingdom,https://en.wikipedia.org/wiki/Glasgow_Prestwick_Airport,55.509444444,-4.594444444,"airport in South Ayrshire, Scotland, UK"
Q8999,Exeter Airport,airports,http://commons.wikimedia.org/wiki/Special:FilePath/ExeterAirportUK.jpg,United Kingdom,https://en.wikipedia.org/wiki/Exeter_Airport,50.734444444,-3.413888888,"airport in Devon, South West England"
Q8996,Doncaster Sheffield Airport,airports,http://commons.wikimedia.org/wiki/Special:FilePath/Robin%20Hood%20Airport%202006-04-02.jpg,United Kingdom,https://en.wikipedia.org/wiki/Doncaster_Sheffield_Airport,53.475277777,-1.004166666,"airport serving the cities of Doncaster and Sheffield, located in Finningley, England"
Q501083,Gibraltar International Airport,airports,http://commons.wikimedia.org/wiki/Special:FilePath/Gibraltar%20airport.JPG,United Kingdom,https://en.wikipedia.org/wiki/Gibraltar_International_Airport,36.151111111,-5.349722222,British airport in Gibraltar
Q166972,Zavodovski Island,peaks,http://commons.wikimedia.org/wiki/Special:FilePath/Zavodovski%20Island%20oblique.jpg,United Kingdom,https://en.wikipedia.org/wiki/Zavodovski_Island,-56.3,-27.58,island in South Sandwich Islands
Q5762423,Inner Seas off the West Coast of Scotland,seas,http://commons.wikimedia.org/wiki/Special:FilePath/Position%20Schottische%20See.PNG,United Kingdom,https://en.wikipedia.org/wiki/Inner_Seas_off_the_West_Coast_of_Scotland,56.0,-7.0,sea in the United Kingdom
Q19682,River Severn,rivers,http://commons.wikimedia.org/wiki/Special:FilePath/SevernFromCastleCB.JPG,United Kingdom,https://en.wikipedia.org/wiki/River_Severn,52.494444444,-3.7375,river in the United Kingdom
Q19686,River Thames,rivers,http://commons.wikimedia.org/wiki/Special:FilePath/River%20thames%20oxford.jpg,United Kingdom,https://en.wikipedia.org/wiki/River_Thames,51.694444444,-2.029722222,river in southern England
Q19684,River Teme,rivers,http://commons.wikimedia.org/wiki/Special:FilePath/Ludlow%20bridge.jpg,United Kingdom,https://en.wikipedia.org/wiki/River_Teme,52.471944444,-3.324444444,tributary of the River Severn in the United Kingdom
Q19691,River Bann,rivers,http://commons.wikimedia.org/wiki/Special:FilePath/Bann%20in%20Coleraine.jpg,United Kingdom,https://en.wikipedia.org/wiki/River_Bann,55.00225,-6.57919,the longest river in Northern Ireland
Q19695,River Wye,rivers,http://commons.wikimedia.org/wiki/Special:FilePath/Tintern%20village%20and%20River%20Wye%202004-07-25.jpg,United Kingdom,https://en.wikipedia.org/wiki/River_Wye,52.469166666,-3.765,river in Wales and England
Q19699,River Usk,rivers,http://commons.wikimedia.org/wiki/Special:FilePath/River%20Usk%20in%20the%20Brecon%20Beacons%20National%20Park.jpg,United Kingdom,https://en.wikipedia.org/wiki/River_Usk,51.536111111,-2.982777777,river in southern Wales
Q19703,River Avon,rivers,http://commons.wikimedia.org/wiki/Special:FilePath/Panorama%20view%20on%20Burgh%20Island%2C%20Devon%2C%20England.jpg,United Kingdom,"https://en.wikipedia.org/wiki/River_Avon,_Devon",50.28045,-3.870619444,"river in county of Devon, England"
Q19700,River Taff,rivers,http://commons.wikimedia.org/wiki/Special:FilePath/River%20Taff%20at%20Radyr.JPG,United Kingdom,https://en.wikipedia.org/wiki/River_Taff,51.4632,-3.1771,river in Wales which flows into Cardiff Bay
Q19714,River Trent,rivers,http://commons.wikimedia.org/wiki/Special:FilePath/RiverTrentNottingham.jpg,United Kingdom,https://en.wikipedia.org/wiki/River_Trent,53.7,-0.7,major river of England
Q19713,Avon Water,rivers,http://commons.wikimedia.org/wiki/Special:FilePath/Avon%20Water%20-%20geograph.org.uk%20-%2031579.jpg,United Kingdom,"https://en.wikipedia.org/wiki/Avon_Water,_Hampshire",50.794,-1.625,small river in the south of England
Q19718,River Ouse,rivers,http://commons.wikimedia.org/wiki/Special:FilePath/River%20Ouse%20in%20York.JPG,United Kingdom,"https://en.wikipedia.org/wiki/River_Ouse,_Yorkshire",53.7022,-0.696111,"river in North Yorkshire, England"
Q19719,River Tay,rivers,http://commons.wikimedia.org/wiki/Special:FilePath/St.%20Matthew%27s%20Church%20and%20Smeaton%27s%20Bridge.jpg,United Kingdom,https://en.wikipedia.org/wiki/River_Tay,56.354648,-3.291943,"river in Perth and Kinross, and Stirling, Scotland, UK, flows into the North Sea at the Firth of Tay"
Q19716,River Great Ouse,rivers,http://commons.wikimedia.org/wiki/Special:FilePath/DSCN1566-goba-mooring-after-brownshill-staunch%201200x900.jpg,United Kingdom,https://en.wikipedia.org/wiki/River_Great_Ouse,52.81,0.355,river in the United Kingdom
Q19717,River Ure,rivers,http://commons.wikimedia.org/wiki/Special:FilePath/Aysgarth%20Falls%20%28Upper%29.jpg,United Kingdom,https://en.wikipedia.org/wiki/River_Ure,54.0344,-1.275,"river in North Yorkshire, England"
Q19722,River Nene,rivers,http://commons.wikimedia.org/wiki/Special:FilePath/Fotheringhay%20nene.jpg,United Kingdom,https://en.wikipedia.org/wiki/River_Nene,52.2318,-1.2103,river in the east of England
Q19720,River Spey,rivers,http://commons.wikimedia.org/wiki/Special:FilePath/River%20spey.jpg,United Kingdom,https://en.wikipedia.org/wiki/River_Spey,57.674187,-3.098504,"river in Highland and Moray, Scotland, UK, flows into the Moray Firth at Kingston on Spey"
Q19721,River Clyde,rivers,http://commons.wikimedia.org/wiki/Special:FilePath/River%20Clyde%20in%20Glasgow%20-%20aerial%20-%202025-04-17%2001.jpg,United Kingdom,https://en.wikipedia.org/wiki/River_Clyde,55.406388888,-3.652222222,river in Scotland rising in Lanarkshire and flowing through Glasgow to the Firth of Clyde
Q2421,River Forth,rivers,http://commons.wikimedia.org/wiki/Special:FilePath/River%20Forth%20near%20Stirling.jpg,United Kingdom,https://en.wikipedia.org/wiki/River_Forth,56.0648,-3.7281,"river in Scotland, flows into the Firth of Forth"
Q338446,St Mary's Loch,lakes,http://commons.wikimedia.org/wiki/Special:FilePath/St%20Mary%27s%20Loch%20-%20geograph.org.uk%20-%20195088.jpg,United Kingdom,https://en.wikipedia.org/wiki/St_Mary%27s_Loch,55.492256,-3.191433,"lake in Scottish Borders, Scotland, UK, outflows to Yarrow Water"
Q389499,Loch Eilt,lakes,http://commons.wikimedia.org/wiki/Special:FilePath/Reflections%20on%20Loch%20Eilt.%20-%20geograph.org.uk%20-%20110966.jpg,United Kingdom,https://en.wikipedia.org/wiki/Loch_Eilt,56.879,-5.586,"lake in Highland, Scotland, UK, outflows west to River Ailort"
Q390370,Windermere,lakes,http://commons.wikimedia.org/wiki/Special:FilePath/Lake%20windermere%20in%202005.jpg,United Kingdom,https://en.wikipedia.org/wiki/Windermere,54.358333333,-2.936111111,largest natural lake in England
Q390452,Llyn Eigiau,lakes,http://commons.wikimedia.org/wiki/Special:FilePath/Llyn%20Eigiau%20view.jpg,United Kingdom,https://en.wikipedia.org/wiki/Llyn_Eigiau,53.182222222,-3.864722222,reservoir in the United Kingdom
Q177936,Styhead Tarn,lakes,http://commons.wikimedia.org/wiki/Special:FilePath/Styhead%20Tarn%20-%20geograph.org.uk%20-%201804985.jpg,United Kingdom,https://en.wikipedia.org/wiki/Styhead_Tarn,54.478055555,-3.202777777,tarn in the English Lake District
Q37779,Catrake Force,waterfalls,http://commons.wikimedia.org/wiki/Special:FilePath/Catrake%20Force%20-%20geograph.org.uk%20-%20519367.jpg,United Kingdom,https://en.wikipedia.org/wiki/Catrake_Force,54.401111111,-2.166666666,"waterfall on the river Swale in North Yorkshire, England"
Q37777,Falls of Glomach,waterfalls,http://commons.wikimedia.org/wiki/Special:FilePath/Scotland%20Falls%20of%20Glomach.jpg,United Kingdom,https://en.wikipedia.org/wiki/Falls_of_Glomach,57.2786,-5.2892,"waterfall in Highland, Scotland, UK"
Q37820,Eas a' Chùal Aluinn,waterfalls,http://commons.wikimedia.org/wiki/Special:FilePath/Eas%20a%20Chual%20Aluinn%20from%20Loch%20Beag%20-%20geograph.org.uk%20-%2029980.jpg,United Kingdom,https://en.wikipedia.org/wiki/Eas_a%27_Chual_Aluinn,58.204548,-4.9285,"waterfall in Highland, Scotland, UK"
Q37847,Mynach Falls,waterfalls,http://commons.wikimedia.org/wiki/Special:FilePath/Mynach%20Falls%2C%20Devil%27s%20Bridge%20%2820495429859%29.jpg,United Kingdom,https://en.wikipedia.org/wiki/Mynach_Falls,52.377,-3.85,"waterfall in Ceredigion, Wales, UK"
Q339843,Scale Force,waterfalls,http://commons.wikimedia.org/wiki/Special:FilePath/Scale%20Force%20-%20geograph.org.uk%20-%201176876.jpg,United Kingdom,https://en.wikipedia.org/wiki/Scale_Force,54.5432,-3.3135,"waterfall in Cumbria, England, UK"
Q572158,Pistyll Rhaeadr,waterfalls,http://commons.wikimedia.org/wiki/Special:FilePath/Pistyll%20Rhaeadr%200073.JPG,United Kingdom,https://en.wikipedia.org/wiki/Pistyll_Rhaeadr,52.852727,-3.3789414,"waterfall in Powys, Wales, UK"
Q3355636,Hardraw Force,waterfalls,http://commons.wikimedia.org/wiki/Special:FilePath/Hardraw%20Force%20Yorkshire.JPG,United Kingdom,https://en.wikipedia.org/wiki/Hardraw_Force,54.321111111,-2.202222222,"waterfall in North Yorkshire, England, UK"
Q3359372,Sgwd Henrhyd,waterfalls,http://commons.wikimedia.org/wiki/Special:FilePath/Sgwd%20Henrhyd.JPG,United Kingdom,https://en.wikipedia.org/wiki/Henrhyd_Falls,51.796669444,-3.663211111,waterfall in Wales
Q3398779,Aber Falls,waterfalls,http://commons.wikimedia.org/wiki/Special:FilePath/Aber%20Falls.jpg,United Kingdom,https://en.wikipedia.org/wiki/Aber_Falls,53.210538888,-3.994963888,"waterfall in Gwynedd, Wales, UK"
Q393946,Shag Point,islands,http://commons.wikimedia.org/wiki/Special:FilePath/Shag%20Point.jpg,United Kingdom,,-54.0333,-37.45,"point in Bay of Isles, South Georgia (British overseas territory)"
Q1866822,Llangors Crannog,islands,http://commons.wikimedia.org/wiki/Special:FilePath/Crannog%20Llangorse%20Lake%20-%20geograph.org.uk%20-%201717564.jpg,United Kingdom,,51.933711,-3.2685605,"crannog (island) at Llyn Syfaddan (Llangorse Lake), Wales, United Kingdom"
Q1867235,Loch Glashan Crannóg,islands,http://commons.wikimedia.org/wiki/Special:FilePath/The%20Loch%20Glashan%20Logboat%2C%20Kelvingrove%20Museum%2C%20Glasgow%20-%20DSC06239.JPG,United Kingdom,,56.07971,-5.350634,"crannog in Argyll and Bute, Scotland, UK"
Q5320406,Dùn Anlaimh,islands,http://commons.wikimedia.org/wiki/Special:FilePath/D%C3%B9n%20Anlaimh%20%28photo%2C%201905%29.jpeg,United Kingdom,https://en.wikipedia.org/wiki/D%C3%B9n_Anlaimh,56.6189,-6.58493,"crannog in Loch nan Cinneachan, Argyll and Bute, Scotland, UK"
Q27835248,Buiston crannog,islands,http://commons.wikimedia.org/wiki/Special:FilePath/Buiston%20Crannog%20excavations%201881.jpg,United Kingdom,,55.659,-4.520083,"crannog in North Ayrshire, Scotland, UK"
Q29015459,"Eriska,crannog on S shore of",islands,http://commons.wikimedia.org/wiki/Special:FilePath/Crannog%2C%20Eriska%20-%20geograph.org.uk%20-%20345574.jpg,United Kingdom,,56.526564,-5.414333,"crannog in Argyll and Bute, Scotland, UK"
Q47011897,Black Loch Crannog,islands,http://commons.wikimedia.org/wiki/Special:FilePath/Heron%20Isle%20in%20Loch%20Crindil%20-%20panoramio.jpg,United Kingdom,,54.909625,-4.9436589,"crannog in Dumfries and Galloway, Scotland, UK"
Q56667355,"Crannog on Cherry Island, Inchnacardoch Bay, Loch Ness",islands,http://commons.wikimedia.org/wiki/Special:FilePath/Cherry%20Island%2C%20Loch%20Ness.jpg,United Kingdom,,57.154909,-4.6699325,"architectural structure in Highland, Scotland, UK"
Q66022746,Loch Bhorgastail crannog,islands,http://commons.wikimedia.org/wiki/Special:FilePath/Crannog%20Loch%20Bhorgastail.jpg,United Kingdom,,58.268528,-6.757167,"crannog in Outer Hebrides, Scotland, UK"
Q490810,Caldey Island,islands,http://commons.wikimedia.org/wiki/Special:FilePath/South%20Coast%20of%20Caldey%20Island.%20-%20geograph.org.uk%20-%20113045.jpg,United Kingdom,https://en.wikipedia.org/wiki/Caldey_Island,51.637222222,-4.685555555,"small island in Pembrokeshire, Wales, UK"
Q494853,Walney Island,islands,http://commons.wikimedia.org/wiki/Special:FilePath/Jubilee.JPG,United Kingdom,https://en.wikipedia.org/wiki/Walney_Island,54.1039,-3.25,"island in Cumbria, England, UK"
Q496364,Great Bernera,islands,http://commons.wikimedia.org/wiki/Special:FilePath/Lobsterponds.jpg,United Kingdom,https://en.wikipedia.org/wiki/Great_Bernera,58.23,-6.85,"island off the Isle of Lewis, Scotland"
Q496415,Ulva,islands,http://commons.wikimedia.org/wiki/Special:FilePath/Basaltcliffsulva.jpg,United Kingdom,https://en.wikipedia.org/wiki/Ulva,56.480277777,-6.205,island in the Inner Hebrides of Scotland
Q501187,Isay,islands,http://commons.wikimedia.org/wiki/Special:FilePath/Isay.jpg,United Kingdom,https://en.wikipedia.org/wiki/Isay,57.516666666,-6.65,"island in Highland, Scotland, UK"
Q501193,Pabay,islands,http://commons.wikimedia.org/wiki/Special:FilePath/Pabay%20from%20Beinn%20na%20Cro.jpg,United Kingdom,https://en.wikipedia.org/wiki/Pabay,57.275,-5.86,"island in Inner Hebrides, Scotland, United Kingdom"
Q501198,Kerrera,islands,http://commons.wikimedia.org/wiki/Special:FilePath/Gylen%20Castle%2C%20Kerrera.jpg,United Kingdom,https://en.wikipedia.org/wiki/Kerrera,56.4,-5.533333333,"island in the Scottish Inner Hebrides, close to the town of Oban"
Q501210,Scalpay,islands,http://commons.wikimedia.org/wiki/Special:FilePath/Scalpay%2C%20Inner%20Hebrides.jpg,United Kingdom,"https://en.wikipedia.org/wiki/Scalpay,_Inner_Hebrides",57.311666666,-5.976666666,"island of the Inner Hebrides in Highland, Scotland, UK"
Q501215,Muck,islands,http://commons.wikimedia.org/wiki/Special:FilePath/Port%20Mor%2C%20Muck.jpg,United Kingdom,"https://en.wikipedia.org/wiki/Muck,_Scotland",56.834166666,-6.248888888,"island of the Small Isles, in Scotland, United Kingdom"
Q501220,Rona,islands,http://commons.wikimedia.org/wiki/Special:FilePath/Lighthouse%20on%20Rona%20-%20geograph.org.uk%20-%20538456.jpg,United Kingdom,https://en.wikipedia.org/wiki/South_Rona,57.534444444,-5.978611111,island in the Scottish Inner Hebrides
Q501227,Longay,islands,http://commons.wikimedia.org/wiki/Special:FilePath/Longay.jpg,United Kingdom,https://en.wikipedia.org/wiki/Longay,57.31,-5.89,small uninhabited Scottish island
Q505935,Gough Island,islands,http://commons.wikimedia.org/wiki/Special:FilePath/Gough%20island%20top%20view.png,United Kingdom,https://en.wikipedia.org/wiki/Gough_Island,-40.32,-9.94,island in the South Atlantic
Q506284,Isle of Gigha,islands,http://commons.wikimedia.org/wiki/Special:FilePath/Blaeu%20-%20Atlas%20of%20Scotland%201654%20-%20CANTYRA%20-%20Kintyre.jpg,United Kingdom,https://en.wikipedia.org/wiki/Gigha,55.683333333,-5.75,"island off the west coast of Kintyre, Argyll and Bute, Scotland, UK"
Q511539,Colonsay,islands,http://commons.wikimedia.org/wiki/Special:FilePath/Kiloran%20Bay%20from%20Carnan%20Eoin%20-%20geograph.org.uk%20-%2024801.jpg,United Kingdom,https://en.wikipedia.org/wiki/Colonsay,56.066666666,-6.216666666,"island in the Inner Hebrides of Scotland, located north of Islay and south of Mull"
Q511617,Tiree,islands,http://commons.wikimedia.org/wiki/Special:FilePath/Tiree%2C%20Balephuil%20Bay.jpg,United Kingdom,https://en.wikipedia.org/wiki/Tiree,56.505585,-6.878122,most westerly island in the Inner Hebrides of Scotland
Q513423,Eilean Chaluim Chille,islands,http://commons.wikimedia.org/wiki/Special:FilePath/Chaluim%20Chille%20Causeway.jpg,United Kingdom,https://en.wikipedia.org/wiki/Eilean_Chaluim_Chille,58.105,-6.43833,"island in Outer Hebrides, Scotland, UK"
Q514481,Eigg,islands,http://commons.wikimedia.org/wiki/Special:FilePath/Eilean%20Chathastail%2C%20lighthouse%20-%20geograph.org.uk%20-%20916403.jpg,United Kingdom,https://en.wikipedia.org/wiki/Eigg,56.9,-6.166666666,"one of the Small Isles in the Inner Hebrides, Scotland, UK"
Q516133,Cayman Brac,islands,http://commons.wikimedia.org/wiki/Special:FilePath/Beach%20on%20the%20south%20shore%20at%20Cayman%20Brac.jpg,United Kingdom,https://en.wikipedia.org/wiki/Cayman_Brac,19.713888888,-79.808333333,"caribbean island, part of the Cayman Islands"
Q632738,Darwin Mounds,islands,http://commons.wikimedia.org/wiki/Special:FilePath/Acropora%20coral%20ffs.jpg,United Kingdom,https://en.wikipedia.org/wiki/Darwin_Mounds,59.75,-7.216666666,large field of undersea sand mounds off the north west coast of Scotland
Q662158,North Uist,islands,http://commons.wikimedia.org/wiki/Special:FilePath/North%20Uist%20near%20Solas.jpg,United Kingdom,https://en.wikipedia.org/wiki/North_Uist,57.6,-7.333333333,"island and community in the Outer Hebrides of Scotland, UK"
Q666116,Holm of Faray,islands,http://commons.wikimedia.org/wiki/Special:FilePath/Natural%20arch%20through%20North%20end%20of%20Holm%20of%20Faray%20-%20geograph.org.uk%20-%201433812.jpg,United Kingdom,https://en.wikipedia.org/wiki/Holm_of_Faray,59.2339,-2.82917,"island in Orkney Islands, Scotland, UK"
Q324812,Lundy,islands,http://commons.wikimedia.org/wiki/Special:FilePath/The%20Jetty%2C%20Lundy.jpg,United Kingdom,https://en.wikipedia.org/wiki/Lundy,51.18,-4.67,largest island in the Bristol Channel
Q339539,Vatersay,islands,http://commons.wikimedia.org/wiki/Special:FilePath/Vatersay%20Fae057.jpg,United Kingdom,https://en.wikipedia.org/wiki/Vatersay,56.930555555,-7.539444444,"island in Outer Hebrides, Scotland, UK"
Q363778,Lewis and Harris,islands,http://commons.wikimedia.org/wiki/Special:FilePath/Lewis%20and%20Harris%20by%20Sentinel-2.jpg,United Kingdom,https://en.wikipedia.org/wiki/Lewis_and_Harris,58.25,-6.666666666,"largest island in Scotland, part of the Outer Hebrides"
Q371167,Eilean nan Ròn,islands,http://commons.wikimedia.org/wiki/Special:FilePath/Eilean%20Nan%20Ron%20-%20geograph.org.uk%20-%20226556.jpg,United Kingdom,https://en.wikipedia.org/wiki/Eilean_nan_R%C3%B2n,58.5575,-4.340833333,"island in Highland, Scotland, UK"
Q376068,Yell,islands,http://commons.wikimedia.org/wiki/Special:FilePath/Bouster.jpg,United Kingdom,"https://en.wikipedia.org/wiki/Yell,_Shetland",60.622777777,-1.1,"island of the Shetland Islands, Scotland, UK"
Q379759,Henderson Island,islands,http://commons.wikimedia.org/wiki/Special:FilePath/Henderson.JPG,United Kingdom,https://en.wikipedia.org/wiki/Henderson_Island_(Pitcairn_Islands),-24.375,-128.325,"atoll in the Pitcairn Islands, British Overseas Territories"
Q385306,Flotta,islands,http://commons.wikimedia.org/wiki/Special:FilePath/Flotta%202007%2C%20aerial%20%28geograph%203147704%29.jpg,United Kingdom,https://en.wikipedia.org/wiki/Flotta,58.833333333,-3.116666666,"small island in Orkney, Scotland, UK, lying in Scapa Flow"
Q10686,Belfast,cities,http://commons.wikimedia.org/wiki/Special:FilePath/Wikibelfast1.jpg,United Kingdom,https://en.wikipedia.org/wiki/Belfast,54.596666666,-5.93,capital city of Northern Ireland
Q10690,Cardiff,cities,http://commons.wikimedia.org/wiki/Special:FilePath/Cardiffmontage3.jpg,United Kingdom,https://en.wikipedia.org/wiki/Cardiff,51.481666666,-3.179166666,"capital city of Wales, United Kingdom"
Q2256,Birmingham,cities,http://commons.wikimedia.org/wiki/Special:FilePath/Birmingham-Skyline-from-Edgbaston-crop.jpg,United Kingdom,https://en.wikipedia.org/wiki/Birmingham,52.48,-1.9025,"city in the West Midlands, England"
Q1027253,Calleva Atrebatum,cities,http://commons.wikimedia.org/wiki/Special:FilePath/Silchester%20Roman%20city%20walls%2021.jpg,United Kingdom,https://en.wikipedia.org/wiki/Calleva_Atrebatum,51.3573,-1.0829,"Romano-British town at Silchester, United Kingdom"
Q29303,Canterbury,cities,http://commons.wikimedia.org/wiki/Special:FilePath/Westgate%20Gardens%205.JPG,United Kingdom,https://en.wikipedia.org/wiki/Canterbury,51.278333333,1.0775,"cathedral city in Kent, England"
Q13125532,Ty'n y Berllan,landmarks,http://commons.wikimedia.org/wiki/Special:FilePath/Ty-tan-y-berllan%20-%20geograph.org.uk%20-%20181911.jpg,United Kingdom,,52.933256,-4.08367,"hut settlement in Gwynedd, Wales"
Q19772324,Cromlech Cors-y-Gedol,landmarks,http://commons.wikimedia.org/wiki/Special:FilePath/Cors-y-gedol%20burial%20chamber.jpg,United Kingdom,,52.784822,-4.0724917,"archaeological site in Gwynedd, Wales, UK"
Q20591274,Dolwilym,landmarks,http://commons.wikimedia.org/wiki/Special:FilePath/Gwal%20y%20Filiast.jpg,United Kingdom,,51.8988,-4.6598,"chambered long barrow in Carmarthenshire, Wales"
Q20758243,Q20758243,landmarks,http://commons.wikimedia.org/wiki/Special:FilePath/Megalithic%20tomb%20at%20Clontygora%20-%20geograph.org.uk%20-%201788205.jpg,United Kingdom,,54.11220551,-6.32090616,
Q20758248,Q20758248,landmarks,http://commons.wikimedia.org/wiki/Special:FilePath/Ervey%20Co.%20Derry.jpg,United Kingdom,,54.9582386,-7.1949645,
Q20758255,Q20758255,landmarks,http://commons.wikimedia.org/wiki/Special:FilePath/Chambered%20grave%20at%20Moneydig%20-%20geograph.org.uk%20-%20838803.jpg,United Kingdom,,54.988517,-6.611276,
Q20758264,Q20758264,landmarks,http://commons.wikimedia.org/wiki/Special:FilePath/Chambered%20grave%20at%20Tamlaght%2C%20Coagh%20-%20geograph.org.uk%20-%20165936.jpg,United Kingdom,,54.651801,-6.628164,
Q19861,Verulamium,landmarks,http://commons.wikimedia.org/wiki/Special:FilePath/Verulamium%20Roman%20Theatre%202.jpg,United Kingdom,https://en.wikipedia.org/wiki/Verulamium,51.75275,-0.35519833,ancient town in Roman Britain in St. Albans
Q2153128,Rillaton Barrow,landmarks,http://commons.wikimedia.org/wiki/Special:FilePath/Rillaton%20Cup.jpg,United Kingdom,https://en.wikipedia.org/wiki/Rillaton_Barrow,50.5211,-4.45566,Barrow in England
Q2436195,Tirnony Dolmen,landmarks,http://commons.wikimedia.org/wiki/Special:FilePath/Tirnony%20Dolmen%20-%20geograph.org.uk%20-%20587263.jpg,United Kingdom,,54.857998,-6.689601,
Q212834,20 Fenchurch Street,skyscrapers,http://commons.wikimedia.org/wiki/Special:FilePath/Walkie-Talkie%2C%20Londres%2C%20Inglaterra%2C%202014-08-11%2C%20DD%20098.JPG,United Kingdom,https://en.wikipedia.org/wiki/20_Fenchurch_Street,51.511277777,-0.083527777,"skyscraper in London, England"
Q138755,40 Bank Street,skyscrapers,http://commons.wikimedia.org/wiki/Special:FilePath/40%20Bank%20Street%20Heron%20Quay%20London.jpg,United Kingdom,https://en.wikipedia.org/wiki/40_Bank_Street,51.5025,-0.019444444,building in London
Q138752,25 Bank Street,skyscrapers,http://commons.wikimedia.org/wiki/Special:FilePath/25%20Bank%20Street%202012.JPG,United Kingdom,https://en.wikipedia.org/wiki/25_Bank_Street,51.502972222,-0.021027777,building in London
Q138760,10 Upper Bank Street,skyscrapers,http://commons.wikimedia.org/wiki/Special:FilePath/10%20Upper%20Bank%20Street%20London.jpg,United Kingdom,https://en.wikipedia.org/wiki/10_Upper_Bank_Street,51.502777777,-0.016388888,"skyscraper in London, England"
Q138768,One Churchill Place,skyscrapers,http://commons.wikimedia.org/wiki/Special:FilePath/Canary%20Wharf%20-%20geograph.org.uk%20-%2023058.jpg,United Kingdom,https://en.wikipedia.org/wiki/One_Churchill_Place,51.505277777,-0.014444444,"skyscraper in London, England"
Q138778,10 Holloway Circus,skyscrapers,http://commons.wikimedia.org/wiki/Special:FilePath/Holloway%20Circus%20Tower%20Birmingham%20%28cropped%29.JPG,United Kingdom,https://en.wikipedia.org/wiki/10_Holloway_Circus,52.4754,-1.90016,"skyscraper in Birmingham, England"
Q191161,30 St Mary Axe,skyscrapers,http://commons.wikimedia.org/wiki/Special:FilePath/30%20St%20Mary%20Axe%20from%20Leadenhall%20Street.jpg,United Kingdom,https://en.wikipedia.org/wiki/The_Gherkin,51.514444444,-0.080277777,"skyscraper in London, England"
Q500732,Bridgewater Place,skyscrapers,http://commons.wikimedia.org/wiki/Special:FilePath/Bridgewater%20Place%20Sideview.JPG,United Kingdom,https://en.wikipedia.org/wiki/Bridgewater_Place,53.792,-1.5479,"building in Leeds, West Yorkshire, UK"
Q503477,One Canada Square,skyscrapers,http://commons.wikimedia.org/wiki/Special:FilePath/1%20Canada%20Square%20From%20Cabot%20Square.jpg,United Kingdom,https://en.wikipedia.org/wiki/One_Canada_Square,51.505,-0.02,"skyscraper in Canary Wharf, London"
Q130206,London Bridge,bridges,http://commons.wikimedia.org/wiki/Special:FilePath/London%20Bridge%20from%20South%20bank.jpg,United Kingdom,https://en.wikipedia.org/wiki/London_Bridge,51.508055555,-0.087777777,"road bridge across River Thames in London, opened in 1973"
Q371906,Kew Bridge,bridges,http://commons.wikimedia.org/wiki/Special:FilePath/Kew%20Bridge%20in%20London%202007%20Sept%2021.jpg,United Kingdom,https://en.wikipedia.org/wiki/Kew_Bridge,51.486944444,-0.2875,"bridge in London, England, UK"
Q448856,Clachan Bridge,bridges,http://commons.wikimedia.org/wiki/Special:FilePath/Clachan%20Bridge%20-%20geograph.org.uk%20-%205681.jpg,United Kingdom,https://en.wikipedia.org/wiki/Clachan_Bridge,56.317721672,-5.582813754,"bridge in Argyll, Scotland"
Q456960,Westminster Bridge,bridges,http://commons.wikimedia.org/wiki/Special:FilePath/Westminster%2C%20London%20%287660306446%29.jpg,United Kingdom,https://en.wikipedia.org/wiki/Westminster_Bridge,51.500833333,-0.121944444,bridge over the River Thames in London
Q475971,Putney Bridge,bridges,http://commons.wikimedia.org/wiki/Special:FilePath/Putney%20Bridge.jpg,United Kingdom,https://en.wikipedia.org/wiki/Putney_Bridge,51.466563,-0.21339,grade II listed road bridge in London Boroughs of Wandsworth and Hammersmith and Fulham
Q507367,Battersea Railway Bridge,bridges,http://commons.wikimedia.org/wiki/Special:FilePath/Battersea%20Railway%20Bridge%2C%20London%2004.JPG,United Kingdom,https://en.wikipedia.org/wiki/Battersea_Railway_Bridge,51.4734,-0.179901,bridge across the River Thames in London
Q541166,Richmond Lock and Footbridge,bridges,http://commons.wikimedia.org/wiki/Special:FilePath/Richmond%20Lock%20from%20Isleworth%2CMiddx%20looking%20SE.jpg,United Kingdom,https://en.wikipedia.org/wiki/Richmond_Lock_and_Footbridge,51.462222222,-0.317222222,"lock and pedestrian bridge, situated on the River Thames in south west London"
Q626784,Aray Bridge,bridges,http://commons.wikimedia.org/wiki/Special:FilePath/Aray%20Bridge%20-%20geograph.org.uk%20-%201511323.jpg,United Kingdom,https://en.wikipedia.org/wiki/Aray_Bridge,56.2358,-5.07016,"road bridge in Argyll and Bute, Scotland"
Q693731,Grosvenor Bridge,bridges,http://commons.wikimedia.org/wiki/Special:FilePath/Grosvenor%20Bridge%2C%20London.jpg,United Kingdom,https://en.wikipedia.org/wiki/Grosvenor_Bridge,51.484722222,-0.1475,railway bridge over the River Thames in London
Q158822,Pontcysyllte Aqueduct,bridges,http://commons.wikimedia.org/wiki/Special:FilePath/Pontcysyllte%20aqueduct%20arp.jpg,United Kingdom,https://en.wikipedia.org/wiki/Pontcysyllte_Aqueduct,52.9702,-3.08782,navigable aqueduct in Wales
Q204635,Widnes-Runcorn Transporter Bridge,bridges,http://commons.wikimedia.org/wiki/Special:FilePath/Runcorn%20transporter%20bridge%20%28Wonder%20Book%20of%20Engineering%20Wonders%2C%201931%29.jpg,United Kingdom,https://en.wikipedia.org/wiki/Widnes%E2%80%93Runcorn_Transporter_Bridge,53.3466,-2.7363,bridge
Q250115,Monnow Bridge,bridges,http://commons.wikimedia.org/wiki/Special:FilePath/Monmouth%20-%20Monnow%20Bridge.jpg,United Kingdom,https://en.wikipedia.org/wiki/Monnow_Bridge,51.808973,-2.7200449,"Bridge in Monmouth, Wales"
Q487356,Richmond Bridge,bridges,http://commons.wikimedia.org/wiki/Special:FilePath/Richmond%20018%20Richmond%20Bridge%20TT%20panorama.JPG,United Kingdom,"https://en.wikipedia.org/wiki/Richmond_Bridge,_London",51.45725,-0.307319444,"18th-century bridge in London, England"
Q808457,Barnes Railway Bridge,bridges,http://commons.wikimedia.org/wiki/Special:FilePath/BarnesRailwayBridgeUpstream.jpg,United Kingdom,https://en.wikipedia.org/wiki/Barnes_Railway_Bridge,51.472777777,-0.253888888,"railway bridge and footbridge in London, England, UK"
Q809555,Barton Swing Aqueduct,bridges,http://commons.wikimedia.org/wiki/Special:FilePath/Barton%20Swing%20Aqueduct%20and%20canal.jpg,United Kingdom,https://en.wikipedia.org/wiki/Barton_Swing_Aqueduct,53.4748,-2.3521,navigable aqueduct
Q1273965,Warrington Transporter Bridge,bridges,http://commons.wikimedia.org/wiki/Special:FilePath/Wartranny.jpg,United Kingdom,https://en.wikipedia.org/wiki/Warrington_Transporter_Bridge,53.3838,-2.6075,steel bridge
Q168089,Saddell Castle,castles,http://commons.wikimedia.org/wiki/Special:FilePath/Saddell%20Castle%2C%202012.JPG,United Kingdom,https://en.wikipedia.org/wiki/Saddell_Castle,55.527417708,-5.504621973,"castle in Argyll and Bute, Scotland, UK"
Q168342,Old Lachlan Castle,castles,http://commons.wikimedia.org/wiki/Special:FilePath/Lachlan%20Castle%2001.jpg,United Kingdom,https://en.wikipedia.org/wiki/Old_Castle_Lachlan,56.1085,-5.2095,"castle in Argyll and Bute, Scotland, UK"
Q178522,Dunstaffnage Castle,castles,http://commons.wikimedia.org/wiki/Special:FilePath/Dunstaffnage%20Castle.jpg,United Kingdom,https://en.wikipedia.org/wiki/Dunstaffnage_Castle,56.454652777,-5.436936111,"castle in Argyll and Bute, Scotland, UK"
Q194538,Sanquhar Castle,castles,http://commons.wikimedia.org/wiki/Special:FilePath/Ruined%20Sanquhar%20Castle%20-%20geograph.org.uk%20-%201472910.jpg,United Kingdom,https://en.wikipedia.org/wiki/Sanquhar_Castle,55.3622,-3.91833,"castle in Dumfries and Galloway, Scotland, UK"
Q198287,Colchester Castle,castles,http://commons.wikimedia.org/wiki/Special:FilePath/Colchester-castle.jpg,United Kingdom,https://en.wikipedia.org/wiki/Colchester_Castle,51.890589,0.903047,"Norman castle in Colchester, United Kingdom"
Q212065,Edinburgh Castle,castles,http://commons.wikimedia.org/wiki/Special:FilePath/Edinburgh%20Castle%20from%20the%20Grassmarket.jpg,United Kingdom,https://en.wikipedia.org/wiki/Edinburgh_Castle,55.9487,-3.20073,"castle in Edinburgh, Scotland, UK"
Q217058,Castle Stalker,castles,http://commons.wikimedia.org/wiki/Special:FilePath/Castle%20Stalker%20Scotland.jpg,United Kingdom,https://en.wikipedia.org/wiki/Castle_Stalker,56.57153905,-5.386192104,tower house or keep on a tidal islet on Loch Laich
Q249047,Moorish Castle,castles,http://commons.wikimedia.org/wiki/Special:FilePath/The%20Moorish%20Castle.jpg,United Kingdom,https://en.wikipedia.org/wiki/Moorish_Castle,36.14389,-5.35,medieval fortification in Gibraltar
Q255574,Peveril Castle,castles,http://commons.wikimedia.org/wiki/Special:FilePath/Peveril%20Castle%20keep%2C%202009.jpg,United Kingdom,https://en.wikipedia.org/wiki/Peveril_Castle,53.3402,-1.7772,"castle in Castleton, Derbyshire, England, UK"
Q275128,Caernarfon Castle,castles,http://commons.wikimedia.org/wiki/Special:FilePath/Castell%20Caernarfon%20yn%20y%20cyfnos%20yn%202023%20-%20Castell%20Caernarfon%2C%20Gwynedd%2C%20Wales%20at%20Dusk%20-%202023%2010.png,United Kingdom,https://en.wikipedia.org/wiki/Caernarfon_Castle,53.139306,-4.276889,"castle in Caernarfon, North Wales"
Q281623,Enniskillen Castle,castles,http://commons.wikimedia.org/wiki/Special:FilePath/Enniskillen%20Castle.jpg,United Kingdom,https://en.wikipedia.org/wiki/Enniskillen_Castle,54.346111111,-7.645,castle
Q79160,Kisimul Castle,castles,http://commons.wikimedia.org/wiki/Special:FilePath/Kisimul%20Castle%2020090609.jpg,United Kingdom,https://en.wikipedia.org/wiki/Kisimul_Castle,56.952,-7.487,"castle on a small island near Castlebay, Scotland"
Q80637,York Castle,castles,http://commons.wikimedia.org/wiki/Special:FilePath/York%20Castle%20in%201699.jpg,United Kingdom,https://en.wikipedia.org/wiki/York_Castle,53.955833333,-1.08,"castle in York, North Yorkshire, England, UK"
Q129446,Wester Kames Castle,castles,http://commons.wikimedia.org/wiki/Special:FilePath/Wester%20Kames%20Castle%20%2835530661293%29.jpg,United Kingdom,https://en.wikipedia.org/wiki/Wester_Kames_Castle,55.8666,-5.09925,"castle in Argyll and Bute, Scotland, UK"
Q129460,Moy Castle,castles,http://commons.wikimedia.org/wiki/Special:FilePath/Moy%20Castle%20on%20Mull%20-%20geograph.org.uk%20-%2033674.jpg,United Kingdom,https://en.wikipedia.org/wiki/Moy_Castle,56.354745,-5.859091,"castle in Argyll and Bute, Scotland, UK"
Q139629,Guildford Castle,castles,http://commons.wikimedia.org/wiki/Special:FilePath/Guildford%20castle%201.jpg,United Kingdom,https://en.wikipedia.org/wiki/Guildford_Castle,51.2339,-0.572659,"castle in Guildford, Surrey, England, UK"
Q142121,Finlarig Castle,castles,http://commons.wikimedia.org/wiki/Special:FilePath/Finlarig%20Castle.jpg,United Kingdom,https://en.wikipedia.org/wiki/Finlarig_Castle,56.475,-4.31506,castle in Perthshire
Q319583,Abergeldie Castle,castles,http://commons.wikimedia.org/wiki/Special:FilePath/Abergeldie%20Castle%20-%20geograph.org.uk%20-%20253475.jpg,United Kingdom,https://en.wikipedia.org/wiki/Abergeldie_Castle,57.0433,-3.17647,"four-floor tower house located near Crathie, Aberdeenshire, Scotland, UK"
Q319745,Aberystwyth Castle,castles,http://commons.wikimedia.org/wiki/Special:FilePath/Arfordir%20Aberystwyth%2C%20Ceredigion%20-%20Aberystwyth%20SAC%20Special%20Areas%20of%20Conservation%2C%20West%20Wales%20Marine%2043.jpg,United Kingdom,https://en.wikipedia.org/wiki/Aberystwyth_Castle,52.413277777,-4.089503888,"Grade I listed castle in Ceredigion, Wales"
Q328595,Carisbrooke Castle,castles,http://commons.wikimedia.org/wiki/Special:FilePath/Carisbrooke%20Castle%20gatehouse.jpg,United Kingdom,https://en.wikipedia.org/wiki/Carisbrooke_Castle,50.6875,-1.31389,"motte and bailey castle and museum on the Isle of Wight, England, UK"
Q354820,Dinas Emrys,castles,http://commons.wikimedia.org/wiki/Special:FilePath/Dinas%20Emrys%20Spring%202016.jpg,United Kingdom,https://en.wikipedia.org/wiki/Dinas_Emrys,53.022,-4.079,Iron Age hillfort and castle probably erected by Prince Llewelyn II to guard the road to the mountain pass of Snowdon
Q548439,Leeds Road,stadiums,http://commons.wikimedia.org/wiki/Special:FilePath/Htownground029.JPG,United Kingdom,https://en.wikipedia.org/wiki/Leeds_Road,53.657864,-1.767792,"football stadium in Huddersfield, England"
Q580480,Liberty Stadium,stadiums,http://commons.wikimedia.org/wiki/Special:FilePath/New%20Morfa%20Stadium%20-%20geograph.org.uk%20-%2032243.jpg,United Kingdom,https://en.wikipedia.org/wiki/Swansea.com_Stadium,51.6422,-3.9351,Stadium in Wales
Q615561,Dens Park,stadiums,http://commons.wikimedia.org/wiki/Special:FilePath/Dundee%20v%20St.%20Johnstone.jpg,United Kingdom,https://en.wikipedia.org/wiki/Dens_Park,56.475264,-2.973194,"football stadium in Dundee, Scotland, UK"
Q618923,The New Lawn,stadiums,http://commons.wikimedia.org/wiki/Special:FilePath/LawnFGR2006STS20062007.jpg,United Kingdom,https://en.wikipedia.org/wiki/The_New_Lawn,51.6984,-2.233233,sports venue
Q618950,Horsfall Stadium,stadiums,http://commons.wikimedia.org/wiki/Special:FilePath/Horsfall%20Stadium%20-%20geograph-1731642.jpg,United Kingdom,https://en.wikipedia.org/wiki/Horsfall_Stadium,53.758856,-1.776203,"stadium in Bradford, West Yorkshire, England, UK"
Q77118,Don Valley Stadium,stadiums,http://commons.wikimedia.org/wiki/Special:FilePath/DonValleyStadium.jpg,United Kingdom,https://en.wikipedia.org/wiki/Don_Valley_Stadium,53.3961,-1.4258,football stadium
Q123017,Carrow Road,stadiums,http://commons.wikimedia.org/wiki/Special:FilePath/NCFC%20Geoffrey%20Watling%20City%20Stand%20Apr07.JPG,United Kingdom,https://en.wikipedia.org/wiki/Carrow_Road,52.622222222,1.309166666,football stadium
Q128468,Wembley Stadium,stadiums,http://commons.wikimedia.org/wiki/Special:FilePath/London%20Wembley.jpg,United Kingdom,https://en.wikipedia.org/wiki/Wembley_Stadium,51.555555555,-0.279444444,"stadium in London, England"
Q193651,Hampden Park,stadiums,http://commons.wikimedia.org/wiki/Special:FilePath/Hampden%20Park%20%28Glasgow%29%20aerial%20view%20cropped.jpg,United Kingdom,https://en.wikipedia.org/wiki/Hampden_Park,55.825863888,-4.252002777,"association football stadium in Glasgow, Scotland, UK"
Q201612,Pride Park Stadium,stadiums,http://commons.wikimedia.org/wiki/Special:FilePath/Derby%20pride%20park%20stadium%20derby%20county.jpg,United Kingdom,https://en.wikipedia.org/wiki/Pride_Park_Stadium,52.915,-1.447222222,football stadium
Q204496,Millennium Stadium,stadiums,http://commons.wikimedia.org/wiki/Special:FilePath/Principality%20Stadium%20May%203%2C%202016.jpg,United Kingdom,https://en.wikipedia.org/wiki/Millennium_Stadium,51.478055555,-3.1825,national stadium of Wales
Q208709,Ibrox Stadium,stadiums,http://commons.wikimedia.org/wiki/Special:FilePath/Ibrox%20Inside.jpg,United Kingdom,https://en.wikipedia.org/wiki/Ibrox_Stadium,55.853055555,-4.309166666,"football stadium in Glasgow, Scotland, UK"
Q209725,Twickenham Stadium,stadiums,http://commons.wikimedia.org/wiki/Special:FilePath/Twickenham%20Stadium%20aerial%20view%202014.jpg,United Kingdom,https://en.wikipedia.org/wiki/Twickenham_Stadium,51.456111111,-0.341666666,rugby stadium in London
Q242772,Toughsheet Community Stadium,stadiums,http://commons.wikimedia.org/wiki/Special:FilePath/Reebokstadium%20inside.jpg,United Kingdom,https://en.wikipedia.org/wiki/Toughsheet_Community_Stadium,53.580555555,-2.535555555,football stadium in England
Q332342,Trinity College,universities,http://commons.wikimedia.org/wiki/Special:FilePath/Cmglee%20Cambridge%20Trinity%20College%20Great%20Court.jpg,United Kingdom,"https://en.wikipedia.org/wiki/Trinity_College,_Cambridge",52.206944444,0.116944444,constituent college of the University of Cambridge in England
Q286634,Welsh Highland Railway,museums,http://commons.wikimedia.org/wiki/Special:FilePath/138%20at%20new%20RD%20BWH16-4-06.JPG,United Kingdom,https://en.wikipedia.org/wiki/Welsh_Highland_Railway,53.051388888,-4.133611111,heritage railway in the Welsh county of Gwynedd
Q378512,Volk's Electric Railway,museums,http://commons.wikimedia.org/wiki/Special:FilePath/Volk%27s%20Electric%20Railway%20-%20geograph.org.uk%20-%20812005.jpg,United Kingdom,https://en.wikipedia.org/wiki/Volk%27s_Electric_Railway,50.8182,-0.1291,"narrow gauge heritage railway in Brighton, England"
Q643180,Bodmin and Wenford Railway,museums,http://commons.wikimedia.org/wiki/Special:FilePath/GWR%204612%20at%20Bodmin%20General.JPG,United Kingdom,https://en.wikipedia.org/wiki/Bodmin_and_Wenford_Railway,50.465397,-4.717011,"heritage railway line in Cornwall, England, UK"
Q648932,Talyllyn Railway,museums,http://commons.wikimedia.org/wiki/Special:FilePath/Edward%20Thomas%20at%20Tywyn%20Wharf%20-%202005-04-29.jpg,United Kingdom,https://en.wikipedia.org/wiki/Talyllyn_Railway,52.583666666,-4.08875,Narrow gauge railway in north Wales
Q804578,Bala Lake Railway,museums,http://commons.wikimedia.org/wiki/Special:FilePath/Bala%20Lake%20Railway%20-%202004-07-18.jpg,United Kingdom,https://en.wikipedia.org/wiki/Bala_Lake_Railway,52.88,-3.626111111,"Heritage railway line alongside Bala Lake in Gwynedd, Wales"
Q868803,Colne Valley Railway,museums,http://commons.wikimedia.org/wiki/Special:FilePath/26I06I2016%20Colne%20Valley%20Railway%20B4.jpg,United Kingdom,https://en.wikipedia.org/wiki/Colne_Valley_Railway,51.9966,0.5798,"heritage railway line in Essex, England, UK"
Q977280,Teifi Valley Railway,museums,http://commons.wikimedia.org/wiki/Special:FilePath/TVR-Diesel.jpg,United Kingdom,https://en.wikipedia.org/wiki/Teifi_Valley_Railway,52.036,-4.411,transport company
Q1099856,Epping Ongar Railway,museums,http://commons.wikimedia.org/wiki/Special:FilePath/British%20Railways%20Standard%20Four%20No%2080072%20Ongar.jpg,United Kingdom,https://en.wikipedia.org/wiki/Epping_Ongar_Railway,51.7111,0.18505,"heritage railway in Essex, England"
Q1219708,Lynton and Barnstaple Railway,museums,http://commons.wikimedia.org/wiki/Special:FilePath/Lynton%20%26%20Barnstaple%20Railway%20%28geograph%205930582%29.jpg,United Kingdom,https://en.wikipedia.org/wiki/Lynton_and_Barnstaple_Railway,51.1039,-3.9869,"Narrow gauge railway in Devon, England"
Q1393066,Fairbourne Railway,museums,http://commons.wikimedia.org/wiki/Special:FilePath/FairborneRailway18.jpg,United Kingdom,https://en.wikipedia.org/wiki/Fairbourne_Railway,52.6951,-4.05085,transport company
Q1410337,Ffestiniog Railway,museums,http://commons.wikimedia.org/wiki/Special:FilePath/Ffestiniog-Railway-07419u.jpg,United Kingdom,https://en.wikipedia.org/wiki/Ffestiniog_Railway,52.92405,-4.12664,"Heritage narrow gauge railway in Wales, United Kingdom"
Q1415097,London Post Office Railway,museums,http://commons.wikimedia.org/wiki/Special:FilePath/Into%20the%20tunnel%20%2813267799644%29.jpg,United Kingdom,https://en.wikipedia.org/wiki/London_Post_Office_Railway,51.524,-0.1126,Closed railway system in London
Q1604583,Helston Railway,museums,http://commons.wikimedia.org/wiki/Special:FilePath/Trevarno%20railway%20station%20on%20the%20Helston%20Branch.jpg,United Kingdom,https://en.wikipedia.org/wiki/Helston_Railway,50.125,-5.301,"heritage railway in Cornwall, United Kingdom"
Q1734523,North Yorkshire Moors Railway,museums,http://commons.wikimedia.org/wiki/Special:FilePath/Goathland%20station.jpg,United Kingdom,https://en.wikipedia.org/wiki/North_Yorkshire_Moors_Railway,54.251,-0.7773,"heritage railway in England, United Kingdom"
Q1807647,Launceston Steam Railway,museums,http://commons.wikimedia.org/wiki/Special:FilePath/Steam%20Engine%20at%20Newmills%20-%20geograph.org.uk%20-%201193294.jpg,United Kingdom,https://en.wikipedia.org/wiki/Launceston_Steam_Railway,50.641,-4.365,"narrow gauge railway operating from the town of Launceston, Cornwall"
Q74136,Blaenavon Ironworks,museums,http://commons.wikimedia.org/wiki/Special:FilePath/Blaenafon%20Ironworks-24May2008.jpg,United Kingdom,https://en.wikipedia.org/wiki/Blaenavon_Ironworks,51.776983,-3.089177,"former ironworks transformed into a museum, in Blaenavon, Wales"
Q82108,Sarehole Mill,museums,http://commons.wikimedia.org/wiki/Special:FilePath/Sarehole%20Mill.jpg,United Kingdom,https://en.wikipedia.org/wiki/Sarehole_Mill,52.4341,-1.85581,"water mill on the River Cole in Hall Green, Birmingham, West Midlands, England, UK"
Q82257,RRS Discovery,museums,http://commons.wikimedia.org/wiki/Special:FilePath/Discoveryboat.jpg,United Kingdom,https://en.wikipedia.org/wiki/RRS_Discovery,56.456944444,-2.966666666,1901 survey vessel
Q163519,HMS Trincomalee,museums,http://commons.wikimedia.org/wiki/Special:FilePath/HMS%20Trincomalee.jpg,United Kingdom,https://en.wikipedia.org/wiki/HMS_Trincomalee,54.6903,-1.20667,1817 Leda-class fifth-rate frigate
Q171255,Cutty Sark,museums,http://commons.wikimedia.org/wiki/Special:FilePath/Cutty%20Sark%20%2816719233476%29.jpg,United Kingdom,https://en.wikipedia.org/wiki/Cutty_Sark,51.482778,-0.009722,British clipper ship
Q213958,HMS Victory,museums,http://commons.wikimedia.org/wiki/Special:FilePath/Victory%20-%20geograph.org.uk%20-%204093018.jpg,United Kingdom,https://en.wikipedia.org/wiki/HMS_Victory,50.801756,-1.1096,1765 first-rate ship of the line
Q744086,SS Great Britain,museums,http://commons.wikimedia.org/wiki/Special:FilePath/SS%20Great%20Britain%20%286726649319%29.jpg,United Kingdom,https://en.wikipedia.org/wiki/SS_Great_Britain,51.4492,-2.6084,"1843 passenger steamship and museum in Bristol, United Kingdom"
Q757178,HMS Belfast,museums,http://commons.wikimedia.org/wiki/Special:FilePath/HMS%20Belfast%20%28C35%29%20%289899954683%29.jpg,United Kingdom,https://en.wikipedia.org/wiki/HMS_Belfast,51.506666666,-0.081388888,1938 Edinburgh-class light cruiser
Q7618317,Stodhart Tunnel,space,http://commons.wikimedia.org/wiki/Special:FilePath/Stodhart%20Tunnel.jpg,United Kingdom,https://en.wikipedia.org/wiki/Stodhart_Tunnel,53.332,-1.917,"tunnel in Derbyshire, England, UK"
Q7685001,Tar Tunnel,space,http://commons.wikimedia.org/wiki/Special:FilePath/Tar%20Tunnel%20-%20geograph.org.uk%20-%20292355.jpg,United Kingdom,https://en.wikipedia.org/wiki/Tar_Tunnel,52.62,-2.4525,"tunnel containing a natural bitumen spring at Coalport, England"
Q7709949,Thames Water Ring Main,space,http://commons.wikimedia.org/wiki/Special:FilePath/Shaft%20and%20pump%20house%2C%20London%20Water%20Ring%20Main%20%28geograph%205546519%29.jpg,United Kingdom,https://en.wikipedia.org/wiki/Thames_Water_Ring_Main,51.4125,-0.45,London water supply infrastructure
Q7853290,Tunnel Railway,space,http://commons.wikimedia.org/wiki/Special:FilePath/Ramsgate%20Tunnel.jpg,United Kingdom,https://en.wikipedia.org/wiki/Tunnel_Railway,51.334,1.418,"narrow-gauge railway in Ramsgate, Kent, England, UK"
Q7853335,Tunnels of Nottingham,space,http://commons.wikimedia.org/wiki/Special:FilePath/Park%20Tunnel%20viewed%20from%20The%20Park.jpg,United Kingdom,https://en.wikipedia.org/wiki/Tunnels_of_Nottingham,52.9513,-1.1461,"transportation tunnels in Nottingham, UK"
Q8021246,Williamson's Tunnels,space,http://commons.wikimedia.org/wiki/Special:FilePath/Williamson%27s%20Tunnels.jpg,United Kingdom,https://en.wikipedia.org/wiki/Williamson_Tunnels,53.4037,-2.95525,"labyrinth of tunnels in the Edge Hill area of Liverpool, England"
Q197905,Williams Way,space,http://commons.wikimedia.org/wiki/Special:FilePath/William%27s%20Way%202.JPG,United Kingdom,"https://en.wikipedia.org/wiki/Williams_Way,_Gibraltar",36.14333,-5.34083,tunnel in Gibraltar
Q171240,London Stock Exchange,markets,http://commons.wikimedia.org/wiki/Special:FilePath/Paternoster%20Square%20%281%29.jpg,United Kingdom,https://en.wikipedia.org/wiki/London_Stock_Exchange,51.515277777,-0.099166666,stock exchange in the City of London
Q157341,King's Lynn,markets,http://commons.wikimedia.org/wiki/Special:FilePath/Kings-lynn-customs-house.JPG,United Kingdom,https://en.wikipedia.org/wiki/King%27s_Lynn,52.7543,0.3976,"market town in the county of Norfolk, England"
Q445923,Steelyard,markets,http://commons.wikimedia.org/wiki/Special:FilePath/Drake%20House%20Lonsdale%20House%2C%20Dowgate%20Hill%20EC4%20%282%29.jpg,United Kingdom,https://en.wikipedia.org/wiki/Steelyard,51.5114,-0.0905556,mediaeval trading post of the Hanseatic League in London
Q807965,Barclodiad y Gawres,history_and_mysteries,http://commons.wikimedia.org/wiki/Special:FilePath/BarclodiadyGawres.JPG,United Kingdom,https://en.wikipedia.org/wiki/Barclodiad_y_Gawres,53.207,-4.50352,"neolithic burial chamber in Anglesey, Wales, UK"
Q1025963,Cnoc Freiceadain Long Cairns,history_and_mysteries,http://commons.wikimedia.org/wiki/Special:FilePath/Cnoc%20Freiceadain%20Long%20Cairns%206.jpg,United Kingdom,,58.565161,-3.698471,"tumulus in Highland, Scotland, UK"
Q1095021,Clandon Barrow,history_and_mysteries,http://commons.wikimedia.org/wiki/Special:FilePath/Clandon.jpg,United Kingdom,https://en.wikipedia.org/wiki/Clandon_Barrow,50.6996,-2.48805,"bowl barrow in Winterborne St Martin, Dorset, England, UK"
Q591971,Bangor International Airport,airports,http://commons.wikimedia.org/wiki/Special:FilePath/BGRAcrossField.jpg,United States,https://en.wikipedia.org/wiki/Bangor_International_Airport,44.807222222,-68.828055555,"airport in Bangor, Maine, USA"
Q592206,Alexandria International Airport,airports,http://commons.wikimedia.org/wiki/Special:FilePath/Englandafb-mar83.jpg,United States,https://en.wikipedia.org/wiki/Alexandria_International_Airport_(Louisiana),31.3275,-92.5486,"commercial airport in Louisiana, United States"
Q597139,Reno–Tahoe International Airport,airports,http://commons.wikimedia.org/wiki/Special:FilePath/RNO%20-%20FAA%20airport%20diagram.gif,United States,https://en.wikipedia.org/wiki/Reno%E2%80%93Tahoe_International_Airport,39.499166666,-119.768055555,"airport near Reno, Nevada, United States"
Q597396,Bishop International Airport,airports,http://commons.wikimedia.org/wiki/Special:FilePath/Bishop%20International%20Airport%20Air%20Traffic%20Control%20Tower.JPG,United States,https://en.wikipedia.org/wiki/Bishop_International_Airport,42.965555555,-83.743611111,"airport in Flint, Michigan, United States"
Q929859,Orlando International Airport,airports,http://commons.wikimedia.org/wiki/Special:FilePath/Orlando%20International%20Airport%20terminal%20from%20arriving%20airplane.jpg,United States,https://en.wikipedia.org/wiki/Orlando_International_Airport,28.429444,-81.308889,"airport in Orlando, Florida, United States"
Q8685,John F. Kennedy International Airport,airports,http://commons.wikimedia.org/wiki/Special:FilePath/JFK%20Aerial%20Nov%2014%202018.jpg,United States,https://en.wikipedia.org/wiki/John_F._Kennedy_International_Airport,40.64,-73.78,"international airport in New York, United States"
Q8688,San Francisco International Airport,airports,http://commons.wikimedia.org/wiki/Special:FilePath/Aerial%20view%20of%20San%20Francisco%20International%20Airport%202010.jpg,United States,https://en.wikipedia.org/wiki/San_Francisco_International_Airport,37.618888888,-122.375,"international airport near San Francisco, California, U.S."
Q8731,Los Angeles International Airport,airports,http://commons.wikimedia.org/wiki/Special:FilePath/LAX%20LA.jpg,United States,https://en.wikipedia.org/wiki/Los_Angeles_International_Airport,33.9425,-118.408056,airport serving the Greater Los Angeles Area
Q14295,Seattle–Tacoma International Airport,airports,http://commons.wikimedia.org/wiki/Special:FilePath/Seattle%E2%80%93Tacoma%20International%20Airport%2C%20Washington%2C%20October%207%2C%202023.jpg,United States,https://en.wikipedia.org/wiki/Seattle%E2%80%93Tacoma_International_Airport,47.448889,-122.309444,"airport in SeaTac, Washington, USA"
Q94895,Baltimore/Washington International Thurgood Marshall Airport,airports,http://commons.wikimedia.org/wiki/Special:FilePath/BWI%20aerial2.jpg,United States,https://en.wikipedia.org/wiki/Baltimore/Washington_International_Airport,39.1782209,-76.6675418,"airport near Baltimore, Maryland, United States"
Q127530,Miami International Airport,airports,http://commons.wikimedia.org/wiki/Special:FilePath/1%20-%20A%C3%A9roport%20de%20Miami%20-%20Ao%C3%BBt%202008.jpg,United States,https://en.wikipedia.org/wiki/Miami_International_Airport,25.793333333,-80.290555555,"the primary airport serving the South Florida, United States area"
Q130864,New York Stewart International Airport,airports,http://commons.wikimedia.org/wiki/Special:FilePath/Port%20Authority%20Stewart%20Airport%20sign.jpg,United States,https://en.wikipedia.org/wiki/Stewart_International_Airport,41.504166666,-74.104722222,"airport near Newburgh, New York, U.S."
Q151121,Cincinnati/Northern Kentucky International Airport,airports,http://commons.wikimedia.org/wiki/Special:FilePath/Ariel%20View%20of%20CVG%20from%20East.jpg,United States,https://en.wikipedia.org/wiki/Cincinnati/Northern_Kentucky_International_Airport,39.048888888,-84.667777777,"airport in Hebron, Kentucky serving Greater Cincinnati in the United States"
Q175028,Syracuse Hancock International Airport,airports,http://commons.wikimedia.org/wiki/Special:FilePath/SYR%20Airport%20Diagram.gif,United States,https://en.wikipedia.org/wiki/Syracuse_Hancock_International_Airport,43.111111111,-76.106388888,airport
Q459096,Dallas/Fort Worth International Airport,airports,http://commons.wikimedia.org/wiki/Special:FilePath/DFWAirportOverview.jpg,United States,https://en.wikipedia.org/wiki/Dallas_Fort_Worth_International_Airport,32.896944444,-97.038055555,"airport in Irving serving the Dallas-Fort Worth metro area in Texas, United States"
Q466786,Newark Liberty International Airport,airports,http://commons.wikimedia.org/wiki/Special:FilePath/Newark%20Liberty%20International%20Airport%20from%20the%20Air.jpg,United States,https://en.wikipedia.org/wiki/Newark_Liberty_International_Airport,40.6925,-74.1686,"international airport in Newark, New Jersey"
Q466835,Washington Dulles International Airport,airports,http://commons.wikimedia.org/wiki/Special:FilePath/2020%20Dulles%20International%20Airport%2003.jpg,United States,https://en.wikipedia.org/wiki/Dulles_International_Airport,38.944444,-77.455833,"airport in Dulles, Virginia serving the Washington Metropolitan Area in the United States"
Q512128,Philadelphia International Airport,airports,http://commons.wikimedia.org/wiki/Special:FilePath/Philadelphia%20International%20Airport.jpg,United States,https://en.wikipedia.org/wiki/Philadelphia_International_Airport,39.871944,-75.241111,"airport in Philadelphia and Tinicum Township, Pennsylvania, United States"
Q515522,Tulsa International Airport,airports,http://commons.wikimedia.org/wiki/Special:FilePath/Tulsa%20International%20Airport%20entrance.jpg,United States,https://en.wikipedia.org/wiki/Tulsa_International_Airport,36.198333333,-95.888055555,"airport in Tulsa, Oklahoma, United States"
Q526488,Salt Lake City International Airport,airports,http://commons.wikimedia.org/wiki/Special:FilePath/Salt%20Lake%20City%20International%20Airport%20SLC.jpg,United States,https://en.wikipedia.org/wiki/Salt_Lake_City_International_Airport,40.788333333,-111.977777777,"international airport in Salt Lake City, Utah, United States"
Q531178,Daniel K. Inouye International Airport,airports,http://commons.wikimedia.org/wiki/Special:FilePath/Hawaiian%20Airlines%20pushback%20%285712614606%29.jpg,United States,https://en.wikipedia.org/wiki/Daniel_K._Inouye_International_Airport,21.318611,-157.9225,"airport in Honolulu, Hawaii, USA"
Q537950,Milwaukee Mitchell International Airport,airports,http://commons.wikimedia.org/wiki/Special:FilePath/Mke-airport.jpg,United States,https://en.wikipedia.org/wiki/Milwaukee_Mitchell_International_Airport,42.947222222,-87.896666666,"airport in Milwaukee, Wisconsin, USA"
Q571536,Tampa International Airport,airports,http://commons.wikimedia.org/wiki/Special:FilePath/American%20737%20at%20Tampa%20Airport.jpg,United States,https://en.wikipedia.org/wiki/Tampa_International_Airport,27.9798184,-82.534845,"airport in Tampa, Florida, United States"
Q597590,Capital Region International Airport,airports,http://commons.wikimedia.org/wiki/Special:FilePath/Capital%20Region%20International%20Airport%20USGS%2008-Mar-2010.png,United States,https://en.wikipedia.org/wiki/Capital_Region_International_Airport,42.778639,-84.586194,"airport near Lansing, Michigan"
Q597631,Orlando Sanford International Airport,airports,http://commons.wikimedia.org/wiki/Special:FilePath/Orlando%20Sanford%20International%20Airport.jpg,United States,https://en.wikipedia.org/wiki/Orlando_Sanford_International_Airport,28.777777777,-81.2375,airport
Q597649,Charlotte Douglas International Airport,airports,http://commons.wikimedia.org/wiki/Special:FilePath/CLT%20Atrium.jpg,United States,https://en.wikipedia.org/wiki/Charlotte_Douglas_International_Airport,35.213888888,-80.943055555,"international airport in Charlotte, North Carolina, United States"
Q597986,Buffalo Niagara International Airport,airports,http://commons.wikimedia.org/wiki/Special:FilePath/Buffalo%20Niagara%20Airport%20terminal%20NY%202025-09-03%2008-27-36%201.jpg,United States,https://en.wikipedia.org/wiki/Buffalo_Niagara_International_Airport,42.940555555,-78.732222222,"airport near Buffalo, New York, USA"
Q598269,Billings Logan International Airport,airports,http://commons.wikimedia.org/wiki/Special:FilePath/Billings%20Logan%20Intl%20Airport%20tower.jpg,United States,https://en.wikipedia.org/wiki/Billings_Logan_International_Airport,45.807777777,-108.542777777,"airport in Billings, Montana, United States"
Q1053435,Mount Katmai,peaks,http://commons.wikimedia.org/wiki/Special:FilePath/Katmai%20Crater%201980.jpg,United States,https://en.wikipedia.org/wiki/Mount_Katmai,58.279,-154.9533,mountain
Q1058508,Makushin Volcano,peaks,http://commons.wikimedia.org/wiki/Special:FilePath/Unalaska%200.02.jpg,United States,https://en.wikipedia.org/wiki/Makushin_Volcano,53.886318,-166.91112041,mountain
Q1950362,Mount Akutan,peaks,http://commons.wikimedia.org/wiki/Special:FilePath/MountAkutan.jpg,United States,https://en.wikipedia.org/wiki/Mount_Akutan,54.133055555,-165.985555555,mountain in United States of America
Q1950549,Mount Iliamna,peaks,http://commons.wikimedia.org/wiki/Special:FilePath/Mount%20Iliamna.jpg,United States,https://en.wikipedia.org/wiki/Mount_Iliamna,60.031727777,-153.091166666,"stratovolcano in Alaska, United States"
Q131230,Mauna Kea,peaks,http://commons.wikimedia.org/wiki/Special:FilePath/Mauna%20Kea10.jpg,United States,https://en.wikipedia.org/wiki/Mauna_Kea,19.820555555,-155.468055555,Hawaiian volcano
Q176093,Yunaska Island,peaks,http://commons.wikimedia.org/wiki/Special:FilePath/Yunaska%20-%20cropped.JPG,United States,https://en.wikipedia.org/wiki/Yunaska_Island,52.6313889,-170.6969444,"volcanic island in Aleutians West Census Area, Alaska, United States"
Q185847,Mount Wrangell,peaks,http://commons.wikimedia.org/wiki/Special:FilePath/MountWrangell.jpg,United States,https://en.wikipedia.org/wiki/Mount_Wrangell,62.006944444,-144.015833333,"volcano in Alaska, United States"
Q194057,Mount Rainier,peaks,http://commons.wikimedia.org/wiki/Special:FilePath/Mount%20Rainier%205917s.JPG,United States,https://en.wikipedia.org/wiki/Mount_Rainier,46.851666666,-121.760277777,stratovolcano in the U.S. state of Washington
Q267646,Mount Adams,peaks,http://commons.wikimedia.org/wiki/Special:FilePath/Mount%20Adams.jpg,United States,https://en.wikipedia.org/wiki/Mount_Adams_(Washington),46.202411111,-121.490894444,Southern Washington stratovolcano in the Cascade Volcanic Arc
Q275662,Mount Hood,peaks,http://commons.wikimedia.org/wiki/Special:FilePath/Mount%20Hood%20reflected%20in%20Mirror%20Lake%2C%20Oregon.jpg,United States,https://en.wikipedia.org/wiki/Mount_Hood,45.373611111,-121.695833333,"stratovolcano in the Cascade Volcanic Arc in Oregon, United States"
Q280645,Mount Dutton,peaks,http://commons.wikimedia.org/wiki/Special:FilePath/MountDutton.jpg,United States,https://en.wikipedia.org/wiki/Mount_Dutton,55.186297,-162.27473974,mountain in Alaska
Q288383,Mount Edgecumbe,peaks,http://commons.wikimedia.org/wiki/Special:FilePath/EdgecumbeAK.jpg,United States,https://en.wikipedia.org/wiki/Mount_Edgecumbe_(Alaska),57.05,-135.75,"mountain in Alaska, United States"
Q576906,Mount Mageik,peaks,http://commons.wikimedia.org/wiki/Special:FilePath/MountMageik.jpg,United States,https://en.wikipedia.org/wiki/Mount_Mageik,58.195,-155.253,mountain
Q594387,Mount Baker,peaks,http://commons.wikimedia.org/wiki/Special:FilePath/Mount%20Baker%2022101.JPG,United States,https://en.wikipedia.org/wiki/Mount_Baker,48.7773426,-121.8132008,"stratovolcano in Washington State, United States"
Q653780,Mount Moffett,peaks,http://commons.wikimedia.org/wiki/Special:FilePath/Mount%20Moffett.jpg,United States,https://en.wikipedia.org/wiki/Mount_Moffett,51.9333,-176.742,mountain
Q687491,Mount Pavlof,peaks,http://commons.wikimedia.org/wiki/Special:FilePath/Pavlof%20Volcano%20Alaska%20Peninsula%20NWR.jpg,United States,https://en.wikipedia.org/wiki/Mount_Pavlof,55.419444444,-161.895,mountain
Q748355,Mount Shasta,peaks,http://commons.wikimedia.org/wiki/Special:FilePath/North%20face%20of%20Mount%20Shasta%20at%20sunset-2175.jpg,United States,https://en.wikipedia.org/wiki/Mount_Shasta,41.409197222,-122.194888888,"stratovolcano in Siskiyou County, California, United States"
Q1139121,Gareloi Volcano,volcanoes,http://commons.wikimedia.org/wiki/Special:FilePath/Gareloi.jpg,United States,https://en.wikipedia.org/wiki/Mount_Gareloi,51.786666666,-178.803055555,mountain
Q1146751,Ugashik-Peulik,volcanoes,http://commons.wikimedia.org/wiki/Special:FilePath/Peulik%20volcano%20Alaska.jpg,United States,https://en.wikipedia.org/wiki/Ugashik-Peulik,57.751,-156.368,mountain
Q1189330,Mount Spurr,volcanoes,http://commons.wikimedia.org/wiki/Special:FilePath/Mount%20Spurr.jpg,United States,https://en.wikipedia.org/wiki/Mount_Spurr,61.299722222,-152.251388888,"volcano in Alaska, United States"
Q1193964,Augustine Volcano,volcanoes,http://commons.wikimedia.org/wiki/Special:FilePath/Augustine%20Volcano%20Jan%2012%202006.jpg,United States,https://en.wikipedia.org/wiki/Augustine_Volcano,59.363333333,-153.433333333,stratovolcano in Alaska
Q1513847,Mount Recheshnoi,volcanoes,http://commons.wikimedia.org/wiki/Special:FilePath/MountRecheshnoi.jpg,United States,https://en.wikipedia.org/wiki/Mount_Recheshnoi,53.157,-168.539,"mountain in Alaska, United States"
Q481441,Mount Amukta,volcanoes,http://commons.wikimedia.org/wiki/Special:FilePath/MountAmukta.jpg,United States,https://en.wikipedia.org/wiki/Mount_Amukta,52.497777777,-171.254722222,"volcano on Amutka Island in Alaska, United States"
Q118388,Death Valley,deserts,http://commons.wikimedia.org/wiki/Special:FilePath/Badwater%20Desolation.jpg,United States,https://en.wikipedia.org/wiki/Death_Valley,36.456938888,-116.865280555,"desert basin in Inyo and San Bernadino counties in California, United States"
Q184355,Mojave Desert,deserts,http://commons.wikimedia.org/wiki/Special:FilePath/Calico%20basin%20red%20rock%20cumulus%20mediocris.jpg,United States,https://en.wikipedia.org/wiki/Mojave_Desert,35.008333333,-115.475,desert in southwestern United States
Q189429,Sonoran Desert,deserts,http://commons.wikimedia.org/wiki/Special:FilePath/AguaFriaNM%20%28cropped%29.jpeg,United States,https://en.wikipedia.org/wiki/Sonoran_Desert,32.26,-112.926111111,desert in northwestern Mexico and the southwestern United States
Q267267,Colorado Desert,deserts,http://commons.wikimedia.org/wiki/Special:FilePath/Coloradodesert.jpg,United States,https://en.wikipedia.org/wiki/Colorado_Desert,32.83,-115.27,"desert in California, United States"
Q273446,Great Basin Desert,deserts,http://commons.wikimedia.org/wiki/Special:FilePath/Great%20Basin%20Desert%203%20by%20Earth%27s%20beauty%20site.jpg,United States,https://en.wikipedia.org/wiki/Great_Basin_Desert,39.0058,-114.2197,desert in the United States
Q449583,Alvord Desert,deserts,http://commons.wikimedia.org/wiki/Special:FilePath/Alvord%20Desert%20Sep%202005.JPG,United States,https://en.wikipedia.org/wiki/Alvord_Desert,42.53545,-118.45601,"dry lake bed and desert in Harney County, Oregon, United States"
Q614098,Anza-Borrego Desert,deserts,http://commons.wikimedia.org/wiki/Special:FilePath/Fontspoint02262006.JPG,United States,,33.103621,-116.300583,desert in California
Q3140,Hudson River,rivers,http://commons.wikimedia.org/wiki/Special:FilePath/Hudson%20river%20sailboat.jpg,United States,https://en.wikipedia.org/wiki/Hudson_River,40.6001,-74.042,"river in New York State, United States"
Q176598,Flaming Gorge Reservoir,lakes,http://commons.wikimedia.org/wiki/Special:FilePath/Flaming%20Gorge%20%28Utah%29%2023-9-2014%2012-49-13.JPG,United States,https://en.wikipedia.org/wiki/Flaming_Gorge_Reservoir,41.161388888,-109.551111111,"reservoir in Sweetwater County, Wyoming and Daggett County, Utah in the United States"
Q178970,Cherokee Lake,lakes,http://commons.wikimedia.org/wiki/Special:FilePath/Cherokee%20Lake%20from%20space.jpg,United States,https://en.wikipedia.org/wiki/Cherokee_Lake,36.2149,-83.435,"lake in Tennessee, United States"
Q180509,Petenwell Lake,lakes,http://commons.wikimedia.org/wiki/Special:FilePath/Petenwell%20Dam.jpg,United States,https://en.wikipedia.org/wiki/Petenwell_Lake,44.134969,-89.971062,"lake in Juneau County, Wisconsin, United States of America"
Q268701,Cle Elum Lake,lakes,http://commons.wikimedia.org/wiki/Special:FilePath/Cle%20Elum%20Lake%20%28533523210%29.jpg,United States,https://en.wikipedia.org/wiki/Cle_Elum_Lake,47.282,-121.107,"reservoir in Kittitas County, Washington state, United States of America"
Q282920,White Rock Lake,lakes,http://commons.wikimedia.org/wiki/Special:FilePath/White%20Rock%20Lake%202014.JPG,United States,https://en.wikipedia.org/wiki/White_Rock_Lake,32.834166666,-96.722777777,"lake in Dallas, Texas, United States"
Q127091,Pearl Harbor,lakes,http://commons.wikimedia.org/wiki/Special:FilePath/Aerial%20view%20of%20Pearl%20Harbor%20on%201%20June%201986%20%286422248%29.jpg,United States,https://en.wikipedia.org/wiki/Pearl_Harbor,21.361944,-157.953611,"harbor on the island of Oahu, Hawaii, USA"
Q329266,Crater Lake,lakes,http://commons.wikimedia.org/wiki/Special:FilePath/Day%20181%20-%20Crater%20Lake%2C%20Oregon%20%2818695528363%29.jpg,United States,https://en.wikipedia.org/wiki/Crater_Lake,42.943611111,-122.106666666,caldera lake in south-central Oregon and main feature of Crater Lake National Park
Q383500,Lake Drummond,lakes,http://commons.wikimedia.org/wiki/Special:FilePath/Dismal%20Swamp01.jpg,United States,https://en.wikipedia.org/wiki/Lake_Drummond,36.6023,-76.4703,"lake in Virginia, United States"
Q385888,Two Ocean Lake,lakes,http://commons.wikimedia.org/wiki/Special:FilePath/Two%20Ocean%20Lake%20S.%20Zenner.jpg,United States,https://en.wikipedia.org/wiki/Two_Ocean_Lake,43.909444444,-110.523611111,"lake in Teton County, Wyoming, USA"
Q37634,Linville Falls,waterfalls,http://commons.wikimedia.org/wiki/Special:FilePath/Linville%20Falls-27527-4.jpg,United States,https://en.wikipedia.org/wiki/Linville_Falls,35.949572222,-81.926777777,"waterfall in the Blue Ridge Mountains, North Carolina"
Q37687,Mitchell Falls,waterfalls,http://commons.wikimedia.org/wiki/Special:FilePath/Colormitchellfalls.jpg,United States,https://en.wikipedia.org/wiki/Mitchell_Falls,35.773944444,-82.283652777,waterfall in the USA
Q37689,Lewis Falls,waterfalls,http://commons.wikimedia.org/wiki/Special:FilePath/Lewis%20Falls.jpg,United States,https://en.wikipedia.org/wiki/Lewis_Falls,44.2674,-110.6357,"waterfall located on the Lewis River in Yellowstone National Park, Wyoming, United States"
Q37696,Caledonia Cascade,waterfalls,http://commons.wikimedia.org/wiki/Special:FilePath/Part%20of%20Caledonia%20Cascade.JPG,United States,https://en.wikipedia.org/wiki/Caledonia_Cascade,34.745,-83.388611111,waterfall
Q37709,Smith Falls,waterfalls,http://commons.wikimedia.org/wiki/Special:FilePath/SmithFallsNE.jpg,United States,https://en.wikipedia.org/wiki/Smith_Falls,42.886938888,-100.3177,waterfall in Nebraska
Q37747,Laughing Whitefish Falls Scenic Site,waterfalls,http://commons.wikimedia.org/wiki/Special:FilePath/Laughingwhitefish013.jpg,United States,https://en.wikipedia.org/wiki/Laughing_Whitefish_Falls_State_Park,46.389722222,-87.066194444,waterfall
Q37751,Fish Creek Falls,waterfalls,http://commons.wikimedia.org/wiki/Special:FilePath/Fish%20Creek%20Falls%2C%20Routt%20County%20Colorado.JPG,United States,https://en.wikipedia.org/wiki/Fish_Creek_Falls,40.481644444,-106.771158333,waterfall
Q37752,Tip Toe Falls,waterfalls,http://commons.wikimedia.org/wiki/Special:FilePath/TipToeFalls.jpg,United States,https://en.wikipedia.org/wiki/Tip_Toe_Falls,37.248055555,-122.220277777,waterfall
Q37774,Great Falls,waterfalls,http://commons.wikimedia.org/wiki/Special:FilePath/Great%20falls%20of%20missouri%20river.jpg,United States,https://en.wikipedia.org/wiki/Great_Falls_(Missouri_River),47.57,-111.123,series of falls along the Missouri River in Montana
Q37781,Cascade Falls,waterfalls,http://commons.wikimedia.org/wiki/Special:FilePath/Thecascadesonbrp.jpg,United States,https://en.wikipedia.org/wiki/Cascade_Falls_(Falls_Creek),36.2493,-81.4543,"waterfall in North Carolina, United States"
Q37807,Toms Creek Falls,waterfalls,http://commons.wikimedia.org/wiki/Special:FilePath/Toms%20creek%20falls.jpg,United States,https://en.wikipedia.org/wiki/Toms_Creek_Falls,35.777575,-82.062419444,waterfall
Q37809,Becky Branch Falls,waterfalls,http://commons.wikimedia.org/wiki/Special:FilePath/Becky%20Branch%20Falls.jpg,United States,https://en.wikipedia.org/wiki/Becky_Branch_Falls,34.883333333,-83.35,waterfall
Q37822,Log Hollow Falls,waterfalls,http://commons.wikimedia.org/wiki/Special:FilePath/Log%20in%20log%20hollow%20falls.jpg,United States,https://en.wikipedia.org/wiki/Log_Hollow_Falls,35.323661111,-82.808119444,"waterfall in Transylvania County, North Carolina"
Q37839,Setrock Creek Falls,waterfalls,http://commons.wikimedia.org/wiki/Special:FilePath/Setrock%20creek%20falls%20black%20mountain%20campground.jpg,United States,https://en.wikipedia.org/wiki/Setrock_Creek_Falls,35.749466666,-82.227536111,waterfall
Q37837,High Shoals Creek Falls,waterfalls,http://commons.wikimedia.org/wiki/Special:FilePath/High%20Shoals%20Creek%20Falls.JPG,United States,https://en.wikipedia.org/wiki/High_Shoals_Creek_Falls,34.822916666,-83.722277777,waterfall
Q37843,Ada-Hi Falls,waterfalls,http://commons.wikimedia.org/wiki/Special:FilePath/Ada-Hi%20Falls.JPG,United States,https://en.wikipedia.org/wiki/Ada-Hi_Falls,34.9107,-83.4116,waterfall
Q37858,Cullasaja Falls,waterfalls,http://commons.wikimedia.org/wiki/Special:FilePath/Cullasaja.jpg,United States,https://en.wikipedia.org/wiki/Cullasaja_Falls,35.116397222,-83.269527777,"waterfall on the Cullasaja River in North Carolina, United States"
Q37857,Bull Cove Falls,waterfalls,http://commons.wikimedia.org/wiki/Special:FilePath/Bull%20cove%20falls%20southern%20nantahala%20wilderness.jpg,United States,https://en.wikipedia.org/wiki/Bull_Cove_Falls,35.002969444,-83.543558333,waterfall
Q37863,Lake Trahlyta Spillway,waterfalls,http://commons.wikimedia.org/wiki/Special:FilePath/Lake%20Trahlyta%20Spillway.JPG,United States,https://en.wikipedia.org/wiki/Lake_Trahlyta_Spillway,34.7698,-83.9168,waterfall
Q37882,Rainbow Falls,waterfalls,http://commons.wikimedia.org/wiki/Special:FilePath/Rainbowfalls%20horsepasture.jpg,United States,https://en.wikipedia.org/wiki/Rainbow_Falls_(Horsepasture_River),35.0907,-82.9661,"waterfall on Horsepasture River, North Carolina, United States"
Q37887,Hemlock Falls,waterfalls,http://commons.wikimedia.org/wiki/Special:FilePath/Hemlock%20Falls.png,United States,https://en.wikipedia.org/wiki/Hemlock_Falls,34.852516666,-83.610916666,"waterfall in Rabun County, Georgia"
Q37885,Connestee Falls and Batson Creek Falls,waterfalls,http://commons.wikimedia.org/wiki/Special:FilePath/Connesteefalls.jpg,United States,https://en.wikipedia.org/wiki/Connestee_Falls_and_Batson_Creek_Falls,35.163844444,-82.731427777,waterfall
Q37898,Hiilawe Waterfall,waterfalls,http://commons.wikimedia.org/wiki/Special:FilePath/Waipio%20waterfall.jpg,United States,https://en.wikipedia.org/wiki/Hi%CA%BBilawe_Waterfall,20.097777777,-155.599166666,"waterfall in Hawaii, United States"
Q377832,Tower Fall,waterfalls,http://commons.wikimedia.org/wiki/Special:FilePath/Base%20of%20Tower%20Fall%20with%20rainbow.JPG,United States,https://en.wikipedia.org/wiki/Tower_Fall,44.8938315,-110.3871827,waterfall
Q491677,Yosemite Falls,waterfalls,http://commons.wikimedia.org/wiki/Special:FilePath/Yosemite%20Falls%20Trail%20May%202011%20003.jpg,United States,https://en.wikipedia.org/wiki/Yosemite_Falls,37.755018,-119.597297,Highest waterfall in Yosemite National Park
Q511247,Bridal Veil Falls,waterfalls,http://commons.wikimedia.org/wiki/Special:FilePath/Bridal%20Veil%20Falls%20below.png,United States,https://en.wikipedia.org/wiki/Bridal_Veil_Falls_(Niagara_Falls),43.0835,-79.0707,waterfall of the Niagara Falls
Q3567061,Weeping Wall,waterfalls,http://commons.wikimedia.org/wiki/Special:FilePath/Weeping%20Wall.jpg,United States,https://en.wikipedia.org/wiki/Weeping_Wall_(Montana),48.7269,-113.728,"cliff in Flathead County, Montana, United States of America"
Q49643703,Island Grissom,islands,http://commons.wikimedia.org/wiki/Special:FilePath/Island%20Grissom%20of%20the%20THUMS%20Islands%20in%20Long%20Beach%20California.jpg,United States,,33.759183333,-118.181455555,"island in Los Angeles County, California, United States"
Q49643863,Island White,islands,http://commons.wikimedia.org/wiki/Special:FilePath/THUMS%20Island%20White.jpg,United States,,33.752794444,-118.159233333,"island in Los Angeles County, California, United States"
Q106910658,Little Island @Pier55,islands,http://commons.wikimedia.org/wiki/Special:FilePath/Little%20Island%20Panorama%20%2850236511951%29.jpg,United States,https://en.wikipedia.org/wiki/Little_Island_at_Pier_55,40.741944444,-74.010277777,"artificial island park in the Hudson River, in New York City"
Q130895,Kingman Reef,islands,http://commons.wikimedia.org/wiki/Special:FilePath/Aerial%20view%20of%20the%20Southeast%20Part%20of%20Kingman%20Reef.png,United States,https://en.wikipedia.org/wiki/Kingman_Reef,6.383333333,-162.416666666,reef and unincorporated U.S. territory in the Pacific Ocean
Q265328,Swinburne Island,islands,http://commons.wikimedia.org/wiki/Special:FilePath/New%20York%20Bay%20Islands.jpg,United States,https://en.wikipedia.org/wiki/Swinburne_Island,40.5656609,-74.0501405,"island in Staten Island, New York, United States"
Q386154,Virgin Islands Coral Reef National Monument,islands,http://commons.wikimedia.org/wiki/Special:FilePath/VICR%20hurricane%20hole.jpg,United States,https://en.wikipedia.org/wiki/Virgin_Islands_Coral_Reef_National_Monument,18.3061,-64.7269,national monument in the United States
Q485860,Anangula Island,islands,http://commons.wikimedia.org/wiki/Special:FilePath/Anangula%20Site.jpg,United States,https://en.wikipedia.org/wiki/Anangula_Island,53.00055556,-168.91111111,island in the United States of America
Q487319,Anatahan,islands,http://commons.wikimedia.org/wiki/Special:FilePath/Anatahan%20aerial.jpg,United States,https://en.wikipedia.org/wiki/Anatahan,16.3577778,145.6661111,island in the Northern Mariana Islands in the Pacific Ocean
Q498899,Guguan,islands,http://commons.wikimedia.org/wiki/Special:FilePath/Guguan%20island.jpg,United States,https://en.wikipedia.org/wiki/Guguan,17.315,145.8477778,island in the Northern Mariana Islands in the Pacific Ocean
Q507388,Missouri Key,islands,http://commons.wikimedia.org/wiki/Special:FilePath/NASA%20Ohio%20Missouri%20Littleduck%20Keys.png,United States,https://en.wikipedia.org/wiki/Missouri_Key,24.6776428,-81.2381324,"island in Monroe County, Florida, United States"
Q517212,Anclote Key,islands,http://commons.wikimedia.org/wiki/Special:FilePath/AncloteSM.jpg,United States,https://en.wikipedia.org/wiki/Anclote_Key,28.1833449,-82.8487155,"island in Pasco and Pinellas counties, Florida, United States"
Q933185,U Thant Island,islands,http://commons.wikimedia.org/wiki/Special:FilePath/U%20Thant%20Island%20from%20West.jpg,United States,https://en.wikipedia.org/wiki/U_Thant_Island,40.746597222,-73.964386111,"islet on East River in Manhattan, New York, United States"
Q1104366,Coast Guard Island,islands,http://commons.wikimedia.org/wiki/Special:FilePath/Coast%20Guard%20Island%20May%202009.jpg,United States,https://en.wikipedia.org/wiki/Coast_Guard_Island,37.7821505,-122.249969,"artificial island in Alameda County, California, United States"
Q1540159,Hoffman Island,islands,http://commons.wikimedia.org/wiki/Special:FilePath/Hoffman%20Island.jpg,United States,https://en.wikipedia.org/wiki/Hoffman_Island,40.5787161,-74.0537517,"island in Staten Island, New York, United States"
Q319821,Liberty Island,islands,http://commons.wikimedia.org/wiki/Special:FilePath/Liberty%20Island%20photo%20Don%20Ramey%20Logan.jpg,United States,https://en.wikipedia.org/wiki/Liberty_Island,40.69,-74.045,"island in the Upper New York Bay, United States"
Q325652,Tinian,islands,http://commons.wikimedia.org/wiki/Special:FilePath/Saipan%20Tinian%20aerial%20map.jpg,United States,"https://en.wikipedia.org/wiki/Tinian,_Northern_Mariana_Islands",15.0,145.633333333,"Pacific island, part of the Northern Mariana Islands, United States"
Q359266,Admiralty Island,islands,http://commons.wikimedia.org/wiki/Special:FilePath/Adis%20windfall%20harbor.jpg,United States,https://en.wikipedia.org/wiki/Admiralty_Island,57.6666667,-134.3333333,"island in Hoonah–Angoon Census Area, Alaska, United States"
Q360141,Whidbey Island,islands,http://commons.wikimedia.org/wiki/Special:FilePath/Whidbey%20Island.jpg,United States,https://en.wikipedia.org/wiki/Whidbey_Island,48.136388888,-122.5825,"island in the Salish Sea in Washington, United States"
Q375615,Unimak Island,islands,http://commons.wikimedia.org/wiki/Special:FilePath/Shishaldin%20Isanotski.jpg,United States,https://en.wikipedia.org/wiki/Unimak_Island,54.7683333,-164.1866667,"island in Aleutians East Borough, Alaska, United States"
Q383556,San Clemente Island,islands,http://commons.wikimedia.org/wiki/Special:FilePath/San%20Clemente%20Island%20by%20Sentinel-2%2C%202019-03-30.jpg,United States,https://en.wikipedia.org/wiki/San_Clemente_Island,32.9000357,-118.5009115,"island in Los Angeles County, California, United States, southernmost of the Channel Islands of California"
Q385294,Valcour Island,islands,http://commons.wikimedia.org/wiki/Special:FilePath/Bluff%20Point%20Light%20on%20Valcour%20Island.jpg,United States,https://en.wikipedia.org/wiki/Valcour_Island,44.6189341,-73.4168002,"island in Lake Champlain in Clinton County, New York, United States"
Q3157423,Jackson Glacier,glaciers,http://commons.wikimedia.org/wiki/Special:FilePath/Jackson%20Glacier%20terminus.jpg,United States,https://en.wikipedia.org/wiki/Jackson_Glacier,48.598611111,-113.701111111,"glacier in Montana, United States"
Q3406241,Dome Glacier,glaciers,http://commons.wikimedia.org/wiki/Special:FilePath/Dome%20Glacier.jpg,United States,https://en.wikipedia.org/wiki/Dome_Glacier,48.3056,-121.039,glacier in the United States
Q116999,Bagley Icefield,glaciers,http://commons.wikimedia.org/wiki/Special:FilePath/Bagley%20Icefield.jpg,United States,https://en.wikipedia.org/wiki/Bagley_Icefield,60.483611111,-141.583611111,"glacier in Alaska, United States"
Q403389,Aialik Glacier,glaciers,http://commons.wikimedia.org/wiki/Special:FilePath/Aialik%20glacier%20pano%202.jpg,United States,https://en.wikipedia.org/wiki/Aialik_Glacier,59.9681,-149.8,"glacier in Alaska, United States"
Q836264,Kobuk Valley National Park,national_parks,http://commons.wikimedia.org/wiki/Special:FilePath/Near%20the%20mouth%20of%20the%20Kobuk%20River%20%288029761460%29.jpg,United States,https://en.wikipedia.org/wiki/Kobuk_Valley_National_Park,67.35336,-159.19889,"national park in northwestern Alaska, USA"
Q841503,Kenai Fjords National Park,national_parks,http://commons.wikimedia.org/wiki/Special:FilePath/Kenai%20Fjords%20National%20Park.jpg,United States,https://en.wikipedia.org/wiki/Kenai_Fjords_National_Park,59.917777777,-149.9875,United States national park in Alaska
Q843075,National Park of American Samoa,national_parks,http://commons.wikimedia.org/wiki/Special:FilePath/AmSamoa%20Tutuila%20491.jpg,United States,https://en.wikipedia.org/wiki/National_Park_of_American_Samoa,-14.25833333,-170.68333333,United States national park in American Samoa
Q866080,Biscayne National Park,national_parks,http://commons.wikimedia.org/wiki/Special:FilePath/Biscayne%20NP%20snorkeling.jpg,United States,https://en.wikipedia.org/wiki/Biscayne_National_Park,25.50185493,-80.18096924,"180,000 acres of mostly waterways, in Florida (US), managed by the National Park Service"
Q129902,Capitol Reef National Park,national_parks,http://commons.wikimedia.org/wiki/Special:FilePath/Capitol%20Reef%20-%20Cathedral%20Valley.jpg,United States,https://en.wikipedia.org/wiki/Capitol_Reef_National_Park,38.2,-111.167,"national park in Wayne and Garfield counties in Utah, United State"
Q152660,Sequoia National Park,national_parks,http://commons.wikimedia.org/wiki/Special:FilePath/Sequoia%20National%20Park%2C%20California%20%282011%29.jpg,United States,https://en.wikipedia.org/wiki/Sequoia_National_Park,36.564722222,-118.772777777,"national park in the Sierra Nevada mountains, California, U.S."
Q152820,Cuyahoga Valley National Park,national_parks,http://commons.wikimedia.org/wiki/Special:FilePath/Cuyahoga%20River.jpg,United States,https://en.wikipedia.org/wiki/Cuyahoga_Valley_National_Park,41.241666666,-81.549722222,"national park in Ohio, United States"
Q163515,Isle Royale National Park,national_parks,http://commons.wikimedia.org/wiki/Special:FilePath/Lake%20Superior%20Shore%20at%20Isle%20Royale%20National%20Park%20%2849051653101%29.jpg,United States,https://en.wikipedia.org/wiki/Isle_Royale_National_Park,47.9958654,-88.9092899,United States National Park on Isle Royale in the Upper Peninsula of Michigan
Q175688,Congaree National Park,national_parks,http://commons.wikimedia.org/wiki/Special:FilePath/Congaree%20swamp.jpg,United States,https://en.wikipedia.org/wiki/Congaree_National_Park,33.783333333,-80.783333333,national park located in South Carolina
Q180402,Yosemite National Park,national_parks,http://commons.wikimedia.org/wiki/Special:FilePath/Half%20Dome%20with%20Eastern%20Yosemite%20Valley%20%2850MP%29.jpg,United States,https://en.wikipedia.org/wiki/Yosemite_National_Park,37.7425,-119.5375,"national park in California, United States"
Q191824,Redwood National and State Parks,national_parks,http://commons.wikimedia.org/wiki/Special:FilePath/.00%200561%20Coast%20redwood%20%28Sequoia%20sempervirens%29.jpg,United States,https://en.wikipedia.org/wiki/Redwood_National_Park,41.529167,-124.058333,U.S. national park in California
Q205325,Zion National Park,national_parks,http://commons.wikimedia.org/wiki/Special:FilePath/Zion%20angels%20landing%20view.jpg,United States,https://en.wikipedia.org/wiki/Zion_National_Park,37.202619444,-112.98785,"national park in Washington, Iron, and Kane counties in Utah, United States"
Q205952,Hawaiʻi Volcanoes National Park,national_parks,http://commons.wikimedia.org/wiki/Special:FilePath/Lava-streaming-into-ocean.jpg,United States,https://en.wikipedia.org/wiki/Hawai%CA%BBi_Volcanoes_National_Park,19.40083,-155.12361,national park of the United States
Q219562,Bryce Canyon National Park,national_parks,http://commons.wikimedia.org/wiki/Special:FilePath/USA%2010654%20Bryce%20Canyon%20Luca%20Galuzzi%202007.jpg,United States,https://en.wikipedia.org/wiki/Bryce_Canyon_National_Park,37.64,-112.17,"national park in Garfield and Kane counties in Utah, United States"
Q220289,Grand Canyon National Park,national_parks,http://commons.wikimedia.org/wiki/Special:FilePath/10%20Grand%20Canyon%20Navajo%20Point%20viewpoint%20terrace%2C%20Grand%20Canyon%20National%20Park%2C%20USA%20-%20American%20nature.jpg,United States,https://en.wikipedia.org/wiki/Grand_Canyon_National_Park,36.0553,-112.122,"national park in Coconino and Mohave counties in Arizona, United States"
Q222695,Grand Teton National Park,national_parks,http://commons.wikimedia.org/wiki/Special:FilePath/Barns%20grand%20tetons.jpg,United States,https://en.wikipedia.org/wiki/Grand_Teton_National_Park,43.833333333,-110.700833333,United States National Park in northwestern Wyoming
Q223969,Arches National Park,national_parks,http://commons.wikimedia.org/wiki/Special:FilePath/Delicate%20Arch%20-%20Arches%20National%20Park%20%2828744386992%29.jpg,United States,https://en.wikipedia.org/wiki/Arches_National_Park,38.728055555,-109.54,"national park in Grand County, Utah, United States"
Q237128,Mesa Verde National Park,national_parks,http://commons.wikimedia.org/wiki/Special:FilePath/Mesa%20Verde.jpg,United States,https://en.wikipedia.org/wiki/Mesa_Verde_National_Park,37.260375,-108.494444,U.S. national park in Colorado
Q242681,Mammoth Cave National Park,national_parks,http://commons.wikimedia.org/wiki/Special:FilePath/Mammoth%20Cave%20Rotunda%20%28USGS%20Lwt02830%29.jpg,United States,https://en.wikipedia.org/wiki/Mammoth_Cave_National_Park,37.186944444,-86.101111111,U.S. national park in Kentucky
Q261577,Glacier Bay National Park and Preserve,national_parks,http://commons.wikimedia.org/wiki/Special:FilePath/GlacierBay3.jpg,United States,https://en.wikipedia.org/wiki/Glacier_Bay_National_Park_and_Preserve,58.7,-137.0,national park of the United States
Q491005,Virgin Islands National Park,national_parks,http://commons.wikimedia.org/wiki/Special:FilePath/Virgin%20Islands%20National%20Park.jpg,United States,https://en.wikipedia.org/wiki/Virgin_Islands_National_Park,18.328055555,-64.933333333,"14,700 acres in St. John, Virgin Islands (US) managed by the National Park Service"
Q541856,Canyonlands National Park,national_parks,http://commons.wikimedia.org/wiki/Special:FilePath/CanyonlandsNP%20GreenRiverOverlook.jpg,United States,https://en.wikipedia.org/wiki/Canyonlands_National_Park,38.1669,-109.76,U.S. National Park located in southeastern Utah near the town of Moab
Q609902,Katmai National Park and Preserve,national_parks,http://commons.wikimedia.org/wiki/Special:FilePath/Katmai%20Crater%201980.jpg,United States,https://en.wikipedia.org/wiki/Katmai_National_Park_and_Preserve,58.5,-155.0,United States National Park and Preserve in southern Alaska
Q683705,New York metropolitan area,cities,http://commons.wikimedia.org/wiki/Special:FilePath/A%20view%20of%20New%20York%20City%20with%20the%20Empire%20State%20Building%20and%20One%20World%20Trade%20Center%20from%20the%20Rockefeller%20Center.jpg,United States,https://en.wikipedia.org/wiki/New_York_metropolitan_area,40.808611111,-74.020277777,most populous metropolitan area in the United States
Q3485388,Crystal River Archaeological State Park,landmarks,http://commons.wikimedia.org/wiki/Special:FilePath/Crystal%20River%20Arch%20Park%20TM01.jpg,United States,https://en.wikipedia.org/wiki/Crystal_River_Archaeological_State_Park,28.916944,-82.609167,place in Florida listed on National Register of Historic Places
Q212831,20 Exchange Place,skyscrapers,http://commons.wikimedia.org/wiki/Special:FilePath/20%20Exchange%20Place%20Tower%20111.JPG,United States,https://en.wikipedia.org/wiki/20_Exchange_Place,40.705555555,-74.009722222,skyscraper in New York City
Q216865,Transamerica Pyramid,skyscrapers,http://commons.wikimedia.org/wiki/Special:FilePath/SF%20Transamerica%20full%20CA.jpg,United States,https://en.wikipedia.org/wiki/Transamerica_Pyramid,37.795135,-122.402748,"distinctive tower in San Francisco, California, USA"
Q217652,Woolworth Building,skyscrapers,http://commons.wikimedia.org/wiki/Special:FilePath/Woolworth%20bldg%20nov2005c.jpg,United States,https://en.wikipedia.org/wiki/Woolworth_Building,40.7124,-74.00822,"skyscraper in Manhattan, New York City, United States"
Q217727,875 North Michigan Avenue,skyscrapers,http://commons.wikimedia.org/wiki/Special:FilePath/Hancock%20from%20Navy%20Pier.jpg,United States,https://en.wikipedia.org/wiki/875_North_Michigan_Avenue,41.898889,-87.623056,"skyscraper in Chicago, Illinois, United States"
Q217827,250 East 57th Street,skyscrapers,http://commons.wikimedia.org/wiki/Special:FilePath/252-East-57th-Street.jpg,United States,https://en.wikipedia.org/wiki/252_East_57th_Street,40.7593,-73.9664,skyscraper in New York City
Q218305,40 Wall Street,skyscrapers,http://commons.wikimedia.org/wiki/Special:FilePath/40%20Wall%20Street.jpg,United States,https://en.wikipedia.org/wiki/40_Wall_Street,40.706944444,-74.009722222,"Office skyscraper in Manhattan, New York"
Q219984,277 Park Avenue,skyscrapers,http://commons.wikimedia.org/wiki/Special:FilePath/277parkave.jpg,United States,https://en.wikipedia.org/wiki/277_Park_Avenue,40.755292,-73.974769,skyscraper
Q223788,300 North LaSalle,skyscrapers,http://commons.wikimedia.org/wiki/Special:FilePath/300%20North%20LaSalle%20in%202011.JPG,United States,https://en.wikipedia.org/wiki/300_North_LaSalle,41.8882,-87.6331,architectural structure
Q224126,30 Park Place,skyscrapers,http://commons.wikimedia.org/wiki/Special:FilePath/30%20Park%20Place.jpg,United States,https://en.wikipedia.org/wiki/Four_Seasons_Hotel_New_York_Downtown,40.712778,-74.009167,skyscraper in New York City
Q224563,311 South Wacker Drive,skyscrapers,http://commons.wikimedia.org/wiki/Special:FilePath/311%20South%20Wacker%20Drive%20060528.jpg,United States,https://en.wikipedia.org/wiki/311_South_Wacker_Drive,41.877777777,-87.635555555,Tower Block
Q225835,333 Wacker Drive,skyscrapers,http://commons.wikimedia.org/wiki/Special:FilePath/333%20Wacker%20Drive%20Chicago.jpg,United States,https://en.wikipedia.org/wiki/333_Wacker_Drive,41.8861,-87.6358,architectural structure
Q227873,375 Pearl Street,skyscrapers,http://commons.wikimedia.org/wiki/Special:FilePath/375%20Pearl%20Street.jpg,United States,https://en.wikipedia.org/wiki/375_Pearl_Street,40.7108,-74.0012,skyscraper in New York City
Q228242,383 Madison Avenue,skyscrapers,http://commons.wikimedia.org/wiki/Special:FilePath/383%20Madison%20Ave%20Bear%20Stearns%20C%20R%20Flickr%203.jpg,United States,https://en.wikipedia.org/wiki/383_Madison_Avenue,40.755555555,-73.976944444,"office skyscraper in Manhattan, New York"
Q229605,3 Hudson Boulevard,skyscrapers,http://commons.wikimedia.org/wiki/Special:FilePath/3%20Hudson%20Blvd%20June%2027%2016.jpg,United States,https://en.wikipedia.org/wiki/3_Hudson_Boulevard,40.755646,-74.001638,"supertall skyscraper proposed for construction in New York City's Hell's Kitchen, Manhattan neighborhood"
Q233940,432 Park Avenue,skyscrapers,http://commons.wikimedia.org/wiki/Special:FilePath/432%20Park%20Avenue%2C%20NY%20%28cropped%29.jpg,United States,https://en.wikipedia.org/wiki/432_Park_Avenue,40.761666666,-73.971944444,"skyscraper in Manhattan, New York, United States of America"
Q234368,MiMA,skyscrapers,http://commons.wikimedia.org/wiki/Special:FilePath/YOtel%20W42%2010Av%20jeh.jpg,United States,https://en.wikipedia.org/wiki/MiMA_(building),40.7593,-73.995,skyscraper in New York City
Q243921,555 California Street,skyscrapers,http://commons.wikimedia.org/wiki/Special:FilePath/Bank%20of%20America%20Tower%20San%20Francisco.jpg,United States,https://en.wikipedia.org/wiki/555_California_Street,37.792081,-122.403764,skyscraper
Q244114,55 Water Street,skyscrapers,http://commons.wikimedia.org/wiki/Special:FilePath/55%20Water%20Street%20and%20north%20wing.jpg,United States,https://en.wikipedia.org/wiki/55_Water_Street,40.70306,-74.00925,skyscraper in New York City
Q244358,56 Leonard Street,skyscrapers,http://commons.wikimedia.org/wiki/Special:FilePath/56%20Leonard%20St%20New%20York%2028-02-2016%2011-28-31.JPG,United States,https://en.wikipedia.org/wiki/56_Leonard_Street,40.7177,-74.0064,skyscraper in New York City
Q244391,General Electric Building,skyscrapers,http://commons.wikimedia.org/wiki/Special:FilePath/General%20Electric%20Building%20570%20Lexington.jpg,United States,https://en.wikipedia.org/wiki/General_Electric_Building,40.757222222,-73.9725,"Office skyscraper in Manhattan, New York"
Q245308,599 Lexington Avenue,skyscrapers,http://commons.wikimedia.org/wiki/Special:FilePath/Citigroup%20center.jpg,United States,https://en.wikipedia.org/wiki/599_Lexington_Avenue,40.75784,-73.97073,skyscraper in New York City
Q247887,60 Wall Street,skyscrapers,http://commons.wikimedia.org/wiki/Special:FilePath/60%20Wall%20Street%20building.jpg,United States,https://en.wikipedia.org/wiki/60_Wall_Street,40.70626,-74.0085,"Office skyscraper in Manhattan, New York"
Q252160,McKesson Plaza,skyscrapers,http://commons.wikimedia.org/wiki/Special:FilePath/McKesson%20HQ.jpg,United States,https://en.wikipedia.org/wiki/McKesson_Plaza,37.7887,-122.403,office building in San Francisco
Q262041,70 Pine Street,skyscrapers,http://commons.wikimedia.org/wiki/Special:FilePath/American%20International%20Building3.JPG,United States,https://en.wikipedia.org/wiki/70_Pine_Street,40.706388888,-74.0075,"residential skyscraper in Manhattan, New York"
Q264203,Vegas World,skyscrapers,http://commons.wikimedia.org/wiki/Special:FilePath/Las%20Vegas.%20Veduta%20del%20Vegas%20World%20dalla%20strada.jpg,United States,https://en.wikipedia.org/wiki/Vegas_World,36.148293,-115.155137,Las Vegas hotel and casino
Q264439,225 Liberty Street,skyscrapers,http://commons.wikimedia.org/wiki/Special:FilePath/Two%20World%20Financial%20Center.jpg,United States,https://en.wikipedia.org/wiki/225_Liberty_Street,40.7125,-74.015277777,skyscraper in New York City
Q264858,M Resort,skyscrapers,http://commons.wikimedia.org/wiki/Special:FilePath/M%20Resort.jpg,United States,https://en.wikipedia.org/wiki/M_Resort,35.9648,-115.168,"casino hotel in Las Vegas, Nevada"
Q268559,77 West Wacker Drive,skyscrapers,http://commons.wikimedia.org/wiki/Special:FilePath/UnitedAirlinesBuildingChicagoIL.jpg,United States,https://en.wikipedia.org/wiki/77_West_Wacker_Drive,41.8865,-87.6305,"office building in Chicago, Illinois, United States"
Q270066,7 World Trade Center,skyscrapers,http://commons.wikimedia.org/wiki/Special:FilePath/7%20World%20Trade%20Center.jpg,United States,https://en.wikipedia.org/wiki/7_World_Trade_Center,40.7133,-74.012,"building in Lower Manhattan, New York City"
Q271695,Aon Center,skyscrapers,http://commons.wikimedia.org/wiki/Special:FilePath/2006-06-07%20840x1500%20chicago%20aon%20building.jpg,United States,https://en.wikipedia.org/wiki/Aon_Center_(Chicago),41.885277777,-87.621388888,"skyscraper in the Chicago Loop, Chicago, Illinois, United States"
Q273155,860–880 Lake Shore Drive Apartments,skyscrapers,http://commons.wikimedia.org/wiki/Special:FilePath/860-880%20Lake%20Shore%20Drive.jpg,United States,https://en.wikipedia.org/wiki/860%E2%80%93880_Lake_Shore_Drive,41.898611,-87.618611,architectural structure
Q274916,8 Spruce Street,skyscrapers,http://commons.wikimedia.org/wiki/Special:FilePath/8%20Spruce%20Street%20%2801030p%29.jpg,United States,https://en.wikipedia.org/wiki/8_Spruce,40.710922,-74.005686,"Residential skyscraper in Manhattan, New York"
Q278380,Fontainebleau Las Vegas,skyscrapers,http://commons.wikimedia.org/wiki/Special:FilePath/South%20end%20of%20Fontainebleau%20Las%20Vegas%20%282024%29.png,United States,https://en.wikipedia.org/wiki/Fontainebleau_Las_Vegas,36.1375,-115.158889,"luxury hotel and casino resort located on the Las Vegas Strip in Paradise, Nevada"
Q280339,Tropicana Las Vegas,skyscrapers,http://commons.wikimedia.org/wiki/Special:FilePath/Las%20Vegas%20Tropicana%20P4230726.jpg,United States,https://en.wikipedia.org/wiki/Tropicana_Las_Vegas,36.09968,-115.17192,"casino resort in Las Vegas, Nevada"
Q280910,Vdara,skyscrapers,http://commons.wikimedia.org/wiki/Special:FilePath/Vdara%20-%20South%20-%202010-03-06.JPG,United States,https://en.wikipedia.org/wiki/Vdara,36.10943,-115.17808,"resort in Las Vegas, Nevada"
Q290724,995 Fifth Avenue,skyscrapers,http://commons.wikimedia.org/wiki/Special:FilePath/WTM3%20Chenumuri%200019.jpg,United States,https://en.wikipedia.org/wiki/995_Fifth_Avenue,40.777778,-73.9625,skyscraper
Q300254,AXA Equitable Center,skyscrapers,http://commons.wikimedia.org/wiki/Special:FilePath/AXA%20Center%20from%20GE%20Building%2C%20cropped.jpg,United States,https://en.wikipedia.org/wiki/Axa_Equitable_Center,40.7617,-73.9818,"Office skyscraper in Manhattan, New York"
Q328505,Bank of America Tower,skyscrapers,http://commons.wikimedia.org/wiki/Special:FilePath/OBP%20-%20Ext%20-%2042nd%20East.jpg,United States,https://en.wikipedia.org/wiki/Bank_of_America_Tower_(Manhattan),40.755278,-73.984167,"skyscraper in Midtown Manhattan, New York City, United States"
Q351892,Adams Express Building,skyscrapers,http://commons.wikimedia.org/wiki/Special:FilePath/Adams%20Express%20Company%20Building%2C%20New%20York%20City.jpg,United States,https://en.wikipedia.org/wiki/Adams_Express_Building,40.707,-74.0127,skyscraper in New York City
Q366005,Adolphus Hotel,skyscrapers,http://commons.wikimedia.org/wiki/Special:FilePath/Adolphus01.jpg,United States,https://en.wikipedia.org/wiki/Adolphus_Hotel,32.779981,-96.799658,"historic place in Dallas, Dallas County, Texas"
Q368489,Los Angeles City Hall,skyscrapers,http://commons.wikimedia.org/wiki/Special:FilePath/Los%20Angeles%20City%20Hall%20%28color%29%20edit1.jpg,United States,https://en.wikipedia.org/wiki/Los_Angeles_City_Hall,34.0536,-118.243,"1928 building housing the government of the city of Los Angeles, California"
Q376658,The Heritage at Millennium Park,skyscrapers,http://commons.wikimedia.org/wiki/Special:FilePath/20071007%20Harris%20Theater%20and%20Heritage.JPG,United States,https://en.wikipedia.org/wiki/The_Heritage_at_Millennium_Park,41.884019,-87.625597,skyscraper
Q391243,Citigroup Center,skyscrapers,http://commons.wikimedia.org/wiki/Special:FilePath/Citigroup%20Center%202015%20%28cropped%29.jpg,United States,https://en.wikipedia.org/wiki/Citigroup_Center,40.758611111,-73.970277777,"office skyscraper in Manhattan, New York"
Q429236,One Dag Hammarskjöld Plaza,skyscrapers,http://commons.wikimedia.org/wiki/Special:FilePath/1-dag.jpg,United States,https://en.wikipedia.org/wiki/One_Dag_Hammarskj%C3%B6ld_Plaza,40.7535,-73.97,skyscraper in New York City
Q440082,Deutsche Bank Building,skyscrapers,http://commons.wikimedia.org/wiki/Special:FilePath/DeutscheBank.jpg,United States,https://en.wikipedia.org/wiki/Deutsche_Bank_Building,40.7097,-74.0133,former skyscraper in New York City
Q463677,American Center,skyscrapers,http://commons.wikimedia.org/wiki/Special:FilePath/AmericanCenter2.jpg,United States,https://en.wikipedia.org/wiki/American_Center,42.49,-83.298888888,building in Southfield
Q464482,MetLife Building,skyscrapers,http://commons.wikimedia.org/wiki/Special:FilePath/Metlife%20building%20from%20empire%20state%20building.jpg,United States,https://en.wikipedia.org/wiki/MetLife_Building,40.753333333,-73.976666666,"Office skyscraper in Manhattan, New York"
Q466979,American Radiator Building,skyscrapers,http://commons.wikimedia.org/wiki/Special:FilePath/NYC%20-%20American%20Radiator%20Building.jpg,United States,https://en.wikipedia.org/wiki/American_Radiator_Building,40.752805555,-73.983777777,skyscraper in New York City
Q467043,American Surety Building,skyscrapers,http://commons.wikimedia.org/wiki/Special:FilePath/100%20Broadway%20IMG%209055.JPG,United States,https://en.wikipedia.org/wiki/American_Surety_Building,40.70793,-74.01112,skyscraper in New York City
Q467467,Americas Tower,skyscrapers,http://commons.wikimedia.org/wiki/Special:FilePath/Americas-tower.jpg,United States,https://en.wikipedia.org/wiki/Americas_Tower,40.7572,-73.9827,skyscraper in New York City
Q470245,Ames Building,skyscrapers,http://commons.wikimedia.org/wiki/Special:FilePath/Ames%20Building%2C%20Boston%2C%20Massachusetts.jpg,United States,https://en.wikipedia.org/wiki/Ames_Building,42.3589,-71.05786,"first skyscraper in Boston, Massachusetts"
Q680614,30 Rockefeller Plaza,skyscrapers,http://commons.wikimedia.org/wiki/Special:FilePath/30%20Rockefeller%20Plaza%20viewed%20from%205th%20Avenue%2C%20August%2029%2C%202024%20%28cropped%29.jpg,United States,https://en.wikipedia.org/wiki/30_Rockefeller_Plaza,40.75897222,-73.97938889,"Art Deco skyscraper at the Rockefeller Center in Midtown Manhattan, New York City"
Q680905,345 California Center,skyscrapers,http://commons.wikimedia.org/wiki/Special:FilePath/345%20California%20Street.JPG,United States,https://en.wikipedia.org/wiki/345_California_Center,37.792536,-122.400431,skyscraper
Q116002,200 West Street,skyscrapers,http://commons.wikimedia.org/wiki/Special:FilePath/200%20West%20Street%20-%20Lower%20Manhattan.jpg,United States,https://en.wikipedia.org/wiki/200_West_Street,40.7147,-74.0144,skyscraper in New York City
Q133599,500 Fifth Avenue,skyscrapers,http://commons.wikimedia.org/wiki/Special:FilePath/500%20Fifth%20Avenue%20Panorama.jpg,United States,https://en.wikipedia.org/wiki/500_Fifth_Avenue,40.7538,-73.9813,skyscraper in New York City
Q152129,Carew Tower,skyscrapers,http://commons.wikimedia.org/wiki/Special:FilePath/Carew%20Tower%2C%20Cincinnati%2C%20Ohio.jpg,United States,https://en.wikipedia.org/wiki/Carew_Tower,39.10083,-84.5132,"skyscraper in Cincinnati, Ohio, United States"
Q167870,Boardwalk Hotel and Casino,skyscrapers,http://commons.wikimedia.org/wiki/Special:FilePath/Boarwalkhotellv.jpg,United States,https://en.wikipedia.org/wiki/Boardwalk_Hotel_and_Casino,36.106666666,-115.174166666,"skyscraper on the Las Vegas Strip in Nevada, United States"
Q170442,111 South Wacker Drive,skyscrapers,http://commons.wikimedia.org/wiki/Special:FilePath/111%20south%20wacker%20chicago.jpg,United States,https://en.wikipedia.org/wiki/111_South_Wacker_Drive,41.8803,-87.6375,"high-rise office building located in Chicago, Illinois"
Q170441,111 Huntington Avenue,skyscrapers,http://commons.wikimedia.org/wiki/Special:FilePath/111HuntingtonBoston.jpg,United States,https://en.wikipedia.org/wiki/111_Huntington_Avenue,42.3468,-71.0814,Skyscraper in Boston (USA)
Q172408,120 Wall Street,skyscrapers,http://commons.wikimedia.org/wiki/Special:FilePath/120%20Wall%20Street%202.jpg,United States,https://en.wikipedia.org/wiki/120_Wall_Street,40.70476,-74.00597,skyscraper in New York City
Q172811,1221 Avenue of the Americas,skyscrapers,http://commons.wikimedia.org/wiki/Special:FilePath/McGraw-Hill%20Building%20Rock%20Center%20by%20David%20Shankbone.jpg,United States,https://en.wikipedia.org/wiki/1221_Avenue_of_the_Americas,40.759166666,-73.981666666,"skyscraper in Manhattan, New York City, USA"
Q173498,Exxon Building,skyscrapers,http://commons.wikimedia.org/wiki/Special:FilePath/1251%20Avenue%20of%20the%20Americas.JPG,United States,https://en.wikipedia.org/wiki/1251_Avenue_of_the_Americas,40.76,-73.9814,skyscraper in New York City
Q175182,Frick Building,skyscrapers,http://commons.wikimedia.org/wiki/Special:FilePath/FrickBuildingPittsburgh.jpg,United States,https://en.wikipedia.org/wiki/Frick_Building,40.439166666,-79.9975,"skyscraper in Pittsburgh, Pennsylvania, United States of America"
Q192680,New York Times Building,skyscrapers,http://commons.wikimedia.org/wiki/Special:FilePath/The%20New%20York%20Times%20Building%20at%20sunset%2C%202021-09-30.jpg,United States,https://en.wikipedia.org/wiki/The_New_York_Times_Building,40.756111111,-73.99,"office skyscraper in Manhattan, New York"
Q194347,15 Penn Plaza,skyscrapers,http://commons.wikimedia.org/wiki/Special:FilePath/15%20Penn%20Plaza%20Photomontage.jpg,United States,https://en.wikipedia.org/wiki/15_Penn_Plaza,40.7497,-73.9906,proposed skyscraper
Q198238,1717 Broadway,skyscrapers,http://commons.wikimedia.org/wiki/Special:FilePath/1717%20Broadway%20Feb%202017.png,United States,https://en.wikipedia.org/wiki/1717_Broadway,40.7644,-73.9826,skyscraper in New York City
Q200780,181 West Madison Street,skyscrapers,http://commons.wikimedia.org/wiki/Special:FilePath/181%20West%20Madison%20Street%2008.JPG,United States,https://en.wikipedia.org/wiki/181_West_Madison_Street,41.881528,-87.633636,multi-storey urban building
Q202599,Stardust Resort and Casino,skyscrapers,http://commons.wikimedia.org/wiki/Special:FilePath/Stardust%20Hotel%20And%20Casino.jpg,United States,https://en.wikipedia.org/wiki/Stardust_Resort_and_Casino,36.133611111,-115.165833333,"former casino hotel in Las Vegas, Nevada"
Q209017,1 Wall Street,skyscrapers,http://commons.wikimedia.org/wiki/Special:FilePath/1%20Wall%20Street%20panoramic.jpg,United States,https://en.wikipedia.org/wiki/1_Wall_Street,40.707222222,-74.011666666,"residential skyscraper in Manhattan, New York"
Q499486,Bank of America Plaza,skyscrapers,http://commons.wikimedia.org/wiki/Special:FilePath/Bankofamerica-atlanta.jpg,United States,https://en.wikipedia.org/wiki/Bank_of_America_Plaza_(Atlanta),33.770833333,-84.386111111,"skyscraper located in the SoNo district of Atlanta, Georgia"
Q510272,Olympic Tower,skyscrapers,http://commons.wikimedia.org/wiki/Special:FilePath/Olympic%20Tower%20NY%20by%20David%20Shankbone.JPG,United States,https://en.wikipedia.org/wiki/Olympic_Tower,40.759166666,-73.976111111,"Skyscraper in Manhattan, New York"
Q525790,Cadillac Place,skyscrapers,http://commons.wikimedia.org/wiki/Special:FilePath/General%20Motors%20building%20089833pv.jpg,United States,https://en.wikipedia.org/wiki/Cadillac_Place,42.3686,-83.0756,"high-rise office complex in the New Center area of Detroit, Michigan"
Q531752,CenterPoint Energy Plaza,skyscrapers,http://commons.wikimedia.org/wiki/Special:FilePath/Centerpoint%20energy%20plaza.jpg,United States,https://en.wikipedia.org/wiki/CenterPoint_Energy_Plaza,29.757214,-95.367962,skyscraper in the United States
Q538076,Liberty Tower,skyscrapers,http://commons.wikimedia.org/wiki/Special:FilePath/Liberty%20Tower%20from%20west.jpg,United States,https://en.wikipedia.org/wiki/Liberty_Tower_(Manhattan),40.70884,-74.00938,skyscraper in New York City
Q540000,Two Logan Square,skyscrapers,http://commons.wikimedia.org/wiki/Special:FilePath/Two%20Logan%20Square.jpg,United States,https://en.wikipedia.org/wiki/Two_Logan_Square,39.9556,-75.1699,tower block
Q546221,Trump International Hotel and Tower,skyscrapers,http://commons.wikimedia.org/wiki/Special:FilePath/20090518%20Trump%20International%20Hotel%20and%20Tower%2C%20Chicago.jpg,United States,https://en.wikipedia.org/wiki/Trump_International_Hotel_and_Tower_(Chicago),41.8891,-87.626672222,"skyscraper condo-hotel in downtown Chicago, Illinois"
Q424605,12 Mile Road–Kalamazoo River Bridge,bridges,http://commons.wikimedia.org/wiki/Special:FilePath/12%20Mile%20Road%20Bridge%20Ceresco.jpg,United States,https://en.wikipedia.org/wiki/12_Mile_Road%E2%80%93Kalamazoo_River_Bridge,42.27,-85.0614,NRHP-listed bridge in Michigan
Q491639,Anderson Memorial Bridge,bridges,http://commons.wikimedia.org/wiki/Special:FilePath/Anderson%20Bridge%20Cambridge.jpg,United States,https://en.wikipedia.org/wiki/Anderson_Memorial_Bridge,42.369,-71.1231,"bridge in Massachusetts, United States"
Q606796,Pulaski Bridge,bridges,http://commons.wikimedia.org/wiki/Special:FilePath/Pulaski%20Bridge%20from%20west%20jeh.JPG,United States,https://en.wikipedia.org/wiki/Pulaski_Bridge,40.739166666,-73.9525,"bridge between Brooklyn and Queens, New York City, USA"
Q817292,Benicia–Martinez Bridge,bridges,http://commons.wikimedia.org/wiki/Special:FilePath/BeniciaMartinezbridge.jpg,United States,https://en.wikipedia.org/wiki/Benicia%E2%80%93Martinez_Bridge,38.04181744,-122.122578599,Californian series of road & rail bridges on the Carquinez Strait
Q821292,Iway,bridges,http://commons.wikimedia.org/wiki/Special:FilePath/Downtown%20Providence%2C%20Rhode%20Island.jpg,United States,https://en.wikipedia.org/wiki/Iway,41.815607,-71.401213,highway construction project in Rhode Island
Q1035131,Hell Gate Bridge,bridges,http://commons.wikimedia.org/wiki/Special:FilePath/Hell%20Gate%20Bridge%20%2884459%29p.jpg,United States,https://en.wikipedia.org/wiki/Hell_Gate_Bridge,40.7825,-73.921944444,through arch bridge connecting the Bronx and Queens in New York City
Q1263271,Dubuque–Wisconsin Bridge,bridges,http://commons.wikimedia.org/wiki/Special:FilePath/Mississippi%20River%20Dubuque-Wisconsin%20Bridge.jpg,United States,https://en.wikipedia.org/wiki/Dubuque%E2%80%93Wisconsin_Bridge,42.515555555,-90.635555555,bridge across Mississippi
Q1394523,Fallasburg Bridge,bridges,http://commons.wikimedia.org/wiki/Special:FilePath/FallasburgBridge%20Overall%20DownstreamApproachDSCN9984.JPG,United States,https://en.wikipedia.org/wiki/Fallasburg_Bridge,42.980833,-85.327222,"covered bridge in Michigan, USA"
Q517268,Kroger Field,stadiums,http://commons.wikimedia.org/wiki/Special:FilePath/Commonwealth%20Stadium%20of%20Kentucky%20-%20Kentucky%20Wildcats%20v.s.%20Georgia%20Bulldogs%20-%20SEC%20football%2C%20October%202012%20%282012-10-20%20by%20Navin75%29.jpg,United States,https://en.wikipedia.org/wiki/Kroger_Field,38.022777777,-84.505277777,stadium at the University of Kentucky
Q517545,Nationals Park,stadiums,http://commons.wikimedia.org/wiki/Special:FilePath/Nationals%20Park%20Panorama%202011.05.02%20-%20Washington%20Nationals%20v%20San%20Francisco%20Giants.jpg,United States,https://en.wikipedia.org/wiki/Nationals_Park,38.8725,-77.007777777,"baseball park in Washington, D.C., United States"
Q531897,Angel Stadium of Anaheim,stadiums,http://commons.wikimedia.org/wiki/Special:FilePath/Angel%20Stadium%20of%20Anaheim.jpg,United States,https://en.wikipedia.org/wiki/Angel_Stadium,33.800277777,-117.882777777,"baseball stadium in Anaheim, California, U.S."
Q543579,"Memorial Stadium, Clemson",stadiums,http://commons.wikimedia.org/wiki/Special:FilePath/MemorialStadiumSept2006.jpg,United States,https://en.wikipedia.org/wiki/Memorial_Stadium_(Clemson),34.678611111,-82.843055555,American football stadium
Q560209,Superior Dome,stadiums,http://commons.wikimedia.org/wiki/Special:FilePath/2009-0618-Marquette-SuperiorDome.jpg,United States,https://en.wikipedia.org/wiki/Superior_Dome,46.56,-87.393611111,"stadium on the campus of Northern Michigan University in Marquette, Michigan, United States"
Q573848,Colorado Convention Center,stadiums,http://commons.wikimedia.org/wiki/Special:FilePath/Coloradoconventioncenter01.JPG,United States,https://en.wikipedia.org/wiki/Colorado_Convention_Center,39.7419,-104.996,stadium
Q574140,Sacramento Convention Center Complex,stadiums,http://commons.wikimedia.org/wiki/Special:FilePath/Convention%20Center%20Theatre.jpg,United States,https://en.wikipedia.org/wiki/Sacramento_Convention_Center_Complex,38.5783,-121.489,stadium
Q583085,Northwest Stadium,stadiums,http://commons.wikimedia.org/wiki/Special:FilePath/Commanders%20vs%20Giants%20%2853345178211%29.jpg,United States,https://en.wikipedia.org/wiki/Northwest_Stadium,38.907777777,-76.864444444,"stadium located in Maryland, U.S."
Q583581,Valley Children's Stadium,stadiums,http://commons.wikimedia.org/wiki/Special:FilePath/Fresno%20State%20Jim%20Sweeny%20Field%20%28%20Bulldog%20Stadium%29.jpg,United States,https://en.wikipedia.org/wiki/Valley_Children%27s_Stadium,36.8144,-119.758,"outdoor football stadium in Fresno, California, USA"
Q589875,Principal Park,stadiums,http://commons.wikimedia.org/wiki/Special:FilePath/PrincipalPark.jpg,United States,https://en.wikipedia.org/wiki/Principal_Park,41.580277777,-93.615833333,stadium
Q598070,Alumni Stadium,stadiums,http://commons.wikimedia.org/wiki/Special:FilePath/Inside%20of%20Alumni%20Stadium%20Boston%20College%202023%20%28Quintin%20Soloviev%29.png,United States,https://en.wikipedia.org/wiki/Alumni_Stadium,42.335,-71.166388888,"stadium in Boston, MA"
Q601596,Texas Stadium,stadiums,http://commons.wikimedia.org/wiki/Special:FilePath/Texas%20Stadium.jpeg,United States,https://en.wikipedia.org/wiki/Texas_Stadium,32.839769444,-96.910911111,"stadium in Texas, United States"
Q606901,Mississippi Veterans Memorial Stadium,stadiums,http://commons.wikimedia.org/wiki/Special:FilePath/Mississippi%20Veterans%20Memorial%20Stadium.jpg,United States,https://en.wikipedia.org/wiki/Mississippi_Veterans_Memorial_Stadium,32.329639,-90.179778,stadium
Q609551,Arthur Ashe Stadium,stadiums,http://commons.wikimedia.org/wiki/Special:FilePath/US%20OPEN%202019%20%2848667665777%29.jpg,United States,https://en.wikipedia.org/wiki/Arthur_Ashe_Stadium,40.749886111,-73.847033333,tennis stadium
Q612736,Lumen Field,stadiums,http://commons.wikimedia.org/wiki/Special:FilePath/Qwest%20Field%20North.jpg,United States,https://en.wikipedia.org/wiki/Lumen_Field,47.595277777,-122.331666666,"multi-purpose stadium in Seattle, Washington, USA"
Q128810,UPMC Park,stadiums,http://commons.wikimedia.org/wiki/Special:FilePath/UPMC%20Park.jpg,United States,https://en.wikipedia.org/wiki/UPMC_Park,42.126944,-80.08,home venue of the Erie Seawolves
Q153312,Robert F. Kennedy Memorial Stadium,stadiums,http://commons.wikimedia.org/wiki/Special:FilePath/SEDCrfk.jpg,United States,https://en.wikipedia.org/wiki/Robert_F._Kennedy_Memorial_Stadium,38.89,-76.971944444,"former stadium in Washington, D.C."
Q153824,Riverfront Stadium,stadiums,http://commons.wikimedia.org/wiki/Special:FilePath/Riverfront%20stadium.jpg,United States,https://en.wikipedia.org/wiki/Riverfront_Stadium,39.096666666,-84.508333333,"former multi-purpose stadium in Cincinnati, Ohio"
Q176460,Shell Energy Stadium,stadiums,http://commons.wikimedia.org/wiki/Special:FilePath/Shell%20Energy%20Stadium%20Geometric%20Entrance.jpg,United States,https://en.wikipedia.org/wiki/Shell_Energy_Stadium,29.7522,-95.3524,"soccer stadium in Houston, Texas, USA"
Q199359,Camping World Stadium,stadiums,http://commons.wikimedia.org/wiki/Special:FilePath/Citrus%20Bowl%20aerial%20view.jpg,United States,https://en.wikipedia.org/wiki/Camping_World_Stadium,28.539166666,-81.402777777,"stadium in Orlando, Florida, USA"
Q200684,Dignity Health Sports Park,stadiums,http://commons.wikimedia.org/wiki/Special:FilePath/LA%20Galaxy%20vs%20Houston%20Dynamo-%20Western%20Conference%20Finals%20panorama.jpg,United States,https://en.wikipedia.org/wiki/Dignity_Health_Sports_Park,33.864444444,-118.261111111,"multiple-use sports complex in Carson, California, USA"
Q211662,Pontiac Silverdome,stadiums,http://commons.wikimedia.org/wiki/Special:FilePath/Silverdome%202.jpg,United States,https://en.wikipedia.org/wiki/Pontiac_Silverdome,42.645833333,-83.255,"former stadium in Pontiac, Michigan, United States"
Q225108,Meadowlands Sports Complex,stadiums,http://commons.wikimedia.org/wiki/Special:FilePath/Meadowlands%20Sports%20Complex%20aerial%201%202018.jpg,United States,https://en.wikipedia.org/wiki/Meadowlands_Sports_Complex,40.814166666,-74.073888888,"stadium in New Jersey, US"
Q247420,Dodger Stadium,stadiums,http://commons.wikimedia.org/wiki/Special:FilePath/Dodger%20Stadium.jpg,United States,https://en.wikipedia.org/wiki/Dodger_Stadium,34.073611111,-118.24,"Baseball park in Los Angeles, US"
Q262291,Providence Park,stadiums,http://commons.wikimedia.org/wiki/Special:FilePath/Providence%20Park%20New%20Overhang.jpg,United States,https://en.wikipedia.org/wiki/Providence_Park,45.521388888,-122.691666666,"sports stadium in Portland, Oregon, United States"
Q298585,Oracle Park,stadiums,http://commons.wikimedia.org/wiki/Special:FilePath/AT%26T%20Park%20July%2024%2C%202016.jpg,United States,https://en.wikipedia.org/wiki/Oracle_Park,37.778333333,-122.389444444,"baseball stadium in San Francisco, California, USA"
Q74343,Duquesne University,universities,http://commons.wikimedia.org/wiki/Special:FilePath/DuquesneChapel.JPG,United States,https://en.wikipedia.org/wiki/Duquesne_University,40.436111111,-79.993055555,"Catholic university in Pittsburgh, Pennsylvania, USA"
Q109176,Andrews University,universities,http://commons.wikimedia.org/wiki/Special:FilePath/Andrews%20University%20Welcome%20Center.jpg,United States,https://en.wikipedia.org/wiki/Andrews_University,41.963,-86.358,"university in Berrien Springs, Michigan, United States"
Q178848,University of Notre Dame,universities,http://commons.wikimedia.org/wiki/Special:FilePath/The%20University%20of%20Notre%20Dame%20%22God%20Quad%22.JPG,United States,https://en.wikipedia.org/wiki/University_of_Notre_Dame,41.7,-86.238888888,"Catholic university located in Notre Dame, Indiana, United States"
Q179036,The Catholic University of America,universities,http://commons.wikimedia.org/wiki/Special:FilePath/CatholicUniversityAmerica.jpg,United States,https://en.wikipedia.org/wiki/Catholic_University_of_America,38.933611111,-76.998611111,"private Catholic University in Washington, D.C."
Q333886,Georgetown University,universities,http://commons.wikimedia.org/wiki/Special:FilePath/Healy%20Hall%20Georgetown%20University.jpg,United States,https://en.wikipedia.org/wiki/Georgetown_University,38.907222222,-77.072777777,"private university in Washington, D.C., United States"
Q367774,Oklahoma Baptist University,universities,http://commons.wikimedia.org/wiki/Special:FilePath/Bailey%20Business%20Center%2C%20Oklahoma%20Baptist%20University.jpg,United States,https://en.wikipedia.org/wiki/Oklahoma_Baptist_University,35.3597,-96.9308,university
Q502352,Regent University,universities,http://commons.wikimedia.org/wiki/Special:FilePath/Regent%20University%20Student%20Center.jpg,United States,https://en.wikipedia.org/wiki/Regent_University,36.8027,-76.1962,"Christian private research institution in Virginia, US"
Q513658,University of Portland,universities,http://commons.wikimedia.org/wiki/Special:FilePath/University%20of%20Portland%20entrance%20sign.JPG,United States,https://en.wikipedia.org/wiki/University_of_Portland,45.5725,-122.727222222,"private Catholic university in Portland, Oregon, USA"
Q579611,Haverford College,universities,http://commons.wikimedia.org/wiki/Special:FilePath/Haverfordfounders.jpg,United States,https://en.wikipedia.org/wiki/Haverford_College,40.009722222,-75.307222222,college in Pennsylvania
Q591426,Fort Hays State University,universities,http://commons.wikimedia.org/wiki/Special:FilePath/FHSU%20Albertson%20Hall.jpg,United States,https://en.wikipedia.org/wiki/Fort_Hays_State_University,38.873333333,-99.343333333,"public university in Hays, Kansas, United States"
Q615873,Seattle University,universities,http://commons.wikimedia.org/wiki/Special:FilePath/Seattle%20University%2C%20October%202022%20-%20206.jpg,United States,https://en.wikipedia.org/wiki/Seattle_University,47.61007,-122.319,"Jesuit university in Seattle, Washington, USA"
Q615998,Southeastern Louisiana University,universities,http://commons.wikimedia.org/wiki/Special:FilePath/McgheeHallWM.jpg,United States,https://en.wikipedia.org/wiki/Southeastern_Louisiana_University,30.513888888,-90.468333333,"Public University in Hammond, Louisiana"
Q620640,Appalachian State University,universities,http://commons.wikimedia.org/wiki/Special:FilePath/ASU%20from%20Howard%27s%20Knob.jpg,United States,https://en.wikipedia.org/wiki/Appalachian_State_University,36.213843,-81.678621,"public university in Boone, North Carolina"
Q622137,Lehigh University,universities,http://commons.wikimedia.org/wiki/Special:FilePath/Lehigh%20University%20Alumni%20Building.jpg,United States,https://en.wikipedia.org/wiki/Lehigh_University,40.607167,-75.379,"private research university in Bethlehem, Pennsylvania, United States"
Q624560,"California State Polytechnic University, Humboldt",universities,http://commons.wikimedia.org/wiki/Special:FilePath/Humboldt%20State%20University%20Founders%20Hall.jpg,United States,"https://en.wikipedia.org/wiki/California_State_Polytechnic_University,_Humboldt",40.875781,-124.07856,"public university in Arcata, California, United States"
Q624564,"California State University, Stanislaus",universities,http://commons.wikimedia.org/wiki/Special:FilePath/CSUSbookstore.JPG,United States,"https://en.wikipedia.org/wiki/California_State_University,_Stanislaus",37.525,-120.855833333,"public university in Turlock, California, United States"
Q624571,Sonoma State University,universities,http://commons.wikimedia.org/wiki/Special:FilePath/SSU%20Salazar%20Hall%204646.png,United States,https://en.wikipedia.org/wiki/Sonoma_State_University,38.339722222,-122.675277777,"public university in Rohnert Park in Sonoma County, California, United States"
Q624686,"California State University, Monterey Bay",universities,http://commons.wikimedia.org/wiki/Special:FilePath/CSU%20Monterey%20Bay%202003.jpg,United States,"https://en.wikipedia.org/wiki/California_State_University,_Monterey_Bay",36.6534,-121.796,"public university in Marina and Seaside, California, United States"
Q624691,California State University San Marcos,universities,http://commons.wikimedia.org/wiki/Special:FilePath/Cal%20State%20San%20Marcos%20library.jpg,United States,"https://en.wikipedia.org/wiki/California_State_University,_San_Marcos",33.128333333,-117.159444444,"public university in San Marcos, California, United States"
Q624959,Georgia Southern University,universities,http://commons.wikimedia.org/wiki/Special:FilePath/Zach%20s.%20henderson%20library.jpg,United States,https://en.wikipedia.org/wiki/Georgia_Southern_University,32.4194,-81.7767,"public university in Statesboro, Georgia, U.S."
Q625103,University of Missouri–St. Louis,universities,http://commons.wikimedia.org/wiki/Special:FilePath/UMSL%2001.jpg,United States,https://en.wikipedia.org/wiki/University_of_Missouri%E2%80%93St._Louis,38.7102,-90.311055,university
Q626591,Texas Southern University,universities,http://commons.wikimedia.org/wiki/Special:FilePath/TexasSouthernUniversityHouston.JPG,United States,https://en.wikipedia.org/wiki/Texas_Southern_University,29.7222,-95.3605,university
Q1026944,"California State University, San Bernardino",universities,http://commons.wikimedia.org/wiki/Special:FilePath/University%20Ave%20Entrance%2C%20CSUSB.JPG,United States,"https://en.wikipedia.org/wiki/California_State_University,_San_Bernardino",34.1831324,-117.324022,"public university in San Bernardino, California, United States"
Q1029431,Brigham Young University–Idaho,universities,http://commons.wikimedia.org/wiki/Special:FilePath/Spori%20Building.jpg,United States,https://en.wikipedia.org/wiki/Brigham_Young_University%E2%80%93Idaho,43.823055555,-111.785277777,Idaho campus of Brigham Young University
Q1030044,Quinnipiac University,universities,http://commons.wikimedia.org/wiki/Special:FilePath/Lender%20School%20of%20Business%202005.jpg,United States,https://en.wikipedia.org/wiki/Quinnipiac_University,41.420111111,-72.8945,"private university in Hamden, Connecticut, United States"
Q1033335,Canisius University,universities,http://commons.wikimedia.org/wiki/Special:FilePath/Canisius%20College%20-%20Quad%202.jpg,United States,https://en.wikipedia.org/wiki/Canisius_University,42.925277777,-78.852777777,"university in New York, United States"
Q1047293,"University of California, Santa Cruz",universities,http://commons.wikimedia.org/wiki/Special:FilePath/UCSC%20%26%20Santa%20Cruz%20Aerial%20view.jpg,United States,"https://en.wikipedia.org/wiki/University_of_California,_Santa_Cruz",36.991388888,-122.060833333,public University of California campus in Santa Cruz
Q1049687,Castleton University,universities,http://commons.wikimedia.org/wiki/Special:FilePath/Castleton%20state%20college%20Woodruff%20Hall.jpg,United States,https://en.wikipedia.org/wiki/Castleton_University,43.608022,-73.178548,"former university in Vermont, USA"
Q1050078,Western Carolina University,universities,http://commons.wikimedia.org/wiki/Special:FilePath/Ramsey%20Regional%20Activity%20Center%20in%20Cullowhee%2C%20NC.jpg,United States,https://en.wikipedia.org/wiki/Western_Carolina_University,35.311,-83.184,"coeducational public university in Cullowhee, North Carolina, United States"
Q1052614,Utah State University,universities,http://commons.wikimedia.org/wiki/Special:FilePath/Old%20Main%20Utah%20St%20Univ.jpg,United States,https://en.wikipedia.org/wiki/Utah_State_University,41.7425,-111.8125,"public university in Logan, Utah, United States"
Q1276602,University of Saint Francis,universities,http://commons.wikimedia.org/wiki/Special:FilePath/John%20H.%20Bass%20Mansion.jpg,United States,https://en.wikipedia.org/wiki/University_of_Saint_Francis_(Indiana),41.0873,-85.1761,"private Catholic university in Fort Wayne, Indiana, United States"
Q1466001,Villanova University,universities,http://commons.wikimedia.org/wiki/Special:FilePath/Villanova%20Church.jpg,United States,https://en.wikipedia.org/wiki/Villanova_University,40.03771,-75.33755,"Catholic university near Philadelphia, Pennsylvania"
Q351971,Adams State University,universities,http://commons.wikimedia.org/wiki/Special:FilePath/The%20President%27s%20House%20at%20Adams%20State%20University%2C%20founded%20in%201921%20as%20a%20%22normal%20school%22%20%28or%20teachers%27%20college%29%20in%20Alamosa%2C%20Colorado%20LCCN2015632582.tif,United States,https://en.wikipedia.org/wiki/Adams_State_University,37.471231,-105.879536,"college in Alamosa, Colorado, United States"
Q390087,Xavier University of Louisiana,universities,http://commons.wikimedia.org/wiki/Special:FilePath/Xavier%20University%20NOLA.jpg,United States,https://en.wikipedia.org/wiki/Xavier_University_of_Louisiana,29.9652,-90.107,Catholic university in the U.S state of Louisiana
Q392667,Wake Forest University,universities,http://commons.wikimedia.org/wiki/Special:FilePath/UpperQuad%20ACB.jpg,United States,https://en.wikipedia.org/wiki/Wake_Forest_University,36.135,-80.277,"university in Winston-Salem, North Carolina, United States"
Q402829,Saint Vladimir's Orthodox Theological Seminary,universities,http://commons.wikimedia.org/wiki/Special:FilePath/St.%20Vladimir%27s%20Seminary%2C%20Three%20Hierarchs%20Chapel.jpg,United States,https://en.wikipedia.org/wiki/Saint_Vladimir%27s_Orthodox_Theological_Seminary,40.9697,-73.8239,"Eastern Orthodox seminary in Yonkers, New York, United States"
Q572548,Anthology Film Archives,museums,http://commons.wikimedia.org/wiki/Special:FilePath/Anthology%20Film%20Archives.jpg,United States,https://en.wikipedia.org/wiki/Anthology_Film_Archives,40.7247,-73.9901,"film archive and cinematheque in East Village, Manhattan, New York City, United States"
Q650576,Sonoma TrainTown Railroad,museums,http://commons.wikimedia.org/wiki/Special:FilePath/TrainTown.jpg,United States,https://en.wikipedia.org/wiki/Sonoma_TrainTown_Railroad,38.2775,-122.46,"tourist railroad and 10 acre amusement park in Sonoma, California"
Q1129512,Conway Scenic Railroad,museums,http://commons.wikimedia.org/wiki/Special:FilePath/Conway%20Scenic%20locomotive%204268.JPG,United States,https://en.wikipedia.org/wiki/Conway_Scenic_Railroad,44.051667,-71.128889,transport company
Q1143763,Cumbres and Toltec Scenic Railroad,museums,http://commons.wikimedia.org/wiki/Special:FilePath/Cumbres%20%26%20Toltec%20Scenic%20Railroad%20excursion%20train%20headed%20by%20locomotive%20484%20in%202015.jpg,United States,https://en.wikipedia.org/wiki/Cumbres_and_Toltec_Scenic_Railroad,36.9,-106.583333,historic district in the United States
Q1507284,George Eastman Museum,museums,http://commons.wikimedia.org/wiki/Special:FilePath/George-Eastman-House%3DExterior.JPG,United States,https://en.wikipedia.org/wiki/George_Eastman_Museum,43.152777777,-77.580277777,"film and photography museum and archive in Rochester, New York, United States"
Q1542539,Grand Canyon Railway,museums,http://commons.wikimedia.org/wiki/Special:FilePath/10-01-05%20039xxcr%20-%20Flickr%20-%20drewj1946.jpg,United States,https://en.wikipedia.org/wiki/Grand_Canyon_Railway,35.7063,-112.2456,heritage railway in the United States
Q2916280,Berkeley Art Museum and Pacific Film Archive,museums,http://commons.wikimedia.org/wiki/Special:FilePath/Berkeley%20Art%20Museum%20and%20Pacific%20Film%20Archive.jpeg,United States,https://en.wikipedia.org/wiki/Berkeley_Art_Museum_and_Pacific_Film_Archive,37.870804,-122.26634,"art museum and archive in Berkeley, California"
Q128316,Honolulu Museum of Art,museums,http://commons.wikimedia.org/wiki/Special:FilePath/Honolulu%20Academy%20of%20Arts.jpg,United States,https://en.wikipedia.org/wiki/Honolulu_Museum_of_Art,21.303898,-157.848708,"art museum in Honolulu, Hawaii"
Q131626,Smithsonian Institution,museums,http://commons.wikimedia.org/wiki/Special:FilePath/Smithsonian%20Castle%20Aerial%20highsmith.jpg,United States,https://en.wikipedia.org/wiki/Smithsonian_Institution,38.888888888,-77.026,group of museums and research centers administered by the United States government
Q272560,USS Missouri,museums,http://commons.wikimedia.org/wiki/Special:FilePath/Missouri%20Modernized.jpg,United States,https://en.wikipedia.org/wiki/USS_Missouri_(BB-63),21.362222,-157.953333,1944 Iowa-class battleship
Q276811,Blackhawk Museum,museums,http://commons.wikimedia.org/wiki/Special:FilePath/Blackhawk%20Museum%2001.jpg,United States,https://en.wikipedia.org/wiki/Blackhawk_Museum,37.801254,-121.917555,"automobile museum in Danville, CA"
Q713932,Arts and Industries Building,museums,http://commons.wikimedia.org/wiki/Special:FilePath/20060327%20094632%201.jpg,United States,https://en.wikipedia.org/wiki/Arts_and_Industries_Building,38.888333333,-77.024444444,Smithsonian Institution building
Q7423371,Saratoga Spa State Park,natural,http://commons.wikimedia.org/wiki/Special:FilePath/Saratoga%20State%20Park%20Hall%20of%20Springs%2001Aug2008.jpg,United States,https://en.wikipedia.org/wiki/Saratoga_Spa_State_Park,43.051111,-73.803889,"State Park In Saratoga Springs,New York"
Q8000205,Wilbur Hot Springs,natural,http://commons.wikimedia.org/wiki/Special:FilePath/Wilbur%20Springs%20CA%203604.jpg,United States,https://en.wikipedia.org/wiki/Wilbur_Hot_Springs,39.0386,-122.421,Thermal springs and nature reserve in Calfornia
Q138064,White Dome Geyser,natural,http://commons.wikimedia.org/wiki/Special:FilePath/White-dome-geyser.jpg,United States,https://en.wikipedia.org/wiki/White_Dome_Geyser,44.5393,-110.803,geyser located in the Lower Geyser Basin in Yellowstone National Park in the United States
Q191218,San Andreas Fault,natural,http://commons.wikimedia.org/wiki/Special:FilePath/San%20Andreas%20Fault%20Aerial%20View.gif,United States,https://en.wikipedia.org/wiki/San_Andreas_Fault,35.1,-119.65,geological fault
Q385340,Young Hopeful Geyser,natural,http://commons.wikimedia.org/wiki/Special:FilePath/Young%20Hopeful%20Geyser%20detail.jpg,United States,https://en.wikipedia.org/wiki/Young_Hopeful_and_Grey_Bulger_Geysers,44.543967222,-110.784505555,geyser in Yellowstone National Park
Q497912,Mount Taylor,natural,http://commons.wikimedia.org/wiki/Special:FilePath/MountTaylorNM.jpg,United States,https://en.wikipedia.org/wiki/Mount_Taylor_(New_Mexico),35.238694444,-107.608527777,"stratovolcano in the San Mateo Mountains, Cibola County, New Mexico, North America"
Q523385,Hole-in-the-Ground,natural,http://commons.wikimedia.org/wiki/Special:FilePath/Hole%20in%20the%20Ground%20panorama.jpg,United States,https://en.wikipedia.org/wiki/Hole-in-the-Ground,43.4029,-121.198,maar
Q531642,Mount Aniakchak,natural,http://commons.wikimedia.org/wiki/Special:FilePath/Aniakchak-caldera%20alaska.jpg,United States,https://en.wikipedia.org/wiki/Mount_Aniakchak,56.907222222,-158.148888888,caldera in Alaska
Q543451,Grand Geyser,natural,http://commons.wikimedia.org/wiki/Special:FilePath/Grand%20Geyser%20eruption%20opening%20day%202019%20%2833792661878%29.jpg,United States,https://en.wikipedia.org/wiki/Grand_Geyser,44.4666823,-110.8369805,"geyser in Teton County, Wyoming, United States of America"
Q661687,Turban Geyser,natural,http://commons.wikimedia.org/wiki/Special:FilePath/Grand%20and%20vent%20geysers.jpg,United States,https://en.wikipedia.org/wiki/Turban_Geyser,44.466740277,-110.836985833,geyser in Yellowstone National Park
Q766490,Mount Bachelor,natural,http://commons.wikimedia.org/wiki/Special:FilePath/Mount%20Bachelor%20closeup.jpg,United States,https://en.wikipedia.org/wiki/Mount_Bachelor,43.979166666,-121.688333333,"volcano in Oregon, United States"
Q777439,Aurum Geyser,natural,http://commons.wikimedia.org/wiki/Special:FilePath/Aurum%20geyser.jpg,United States,https://en.wikipedia.org/wiki/Aurum_Geyser,44.4645813,-110.8294993,geyser in the Upper Geyser Basin of Yellowstone National Park
Q814039,Beehive Geyser,natural,http://commons.wikimedia.org/wiki/Special:FilePath/Beehive%20geyser%202.jpg,United States,https://en.wikipedia.org/wiki/Beehive_Geyser,44.4626023,-110.83,geyser
Q858794,Old Faithful,natural,http://commons.wikimedia.org/wiki/Special:FilePath/Yellowstone%20National%20Park%20%28WY%2C%20USA%29%2C%20Old%20Faithful%20Geyser%20--%202022%20--%202599.jpg,United States,https://en.wikipedia.org/wiki/Old_Faithful,44.460472222,-110.828138888,"geyser in Yellowstone National Park in Wyoming, United States"
Q1049360,Castle Geyser,natural,http://commons.wikimedia.org/wiki/Special:FilePath/Yellowstone%20Castle%20Geysir%202.jpg,United States,https://en.wikipedia.org/wiki/Castle_Geyser,44.4636631,-110.8364719,"geyser in Yellowstone National Park, Wyoming"
Q1128808,Riverside Geyser,natural,http://commons.wikimedia.org/wiki/Special:FilePath/Riverside%20geyser%20%2818842701186%29.jpg,United States,https://en.wikipedia.org/wiki/Riverside_Geyser,44.4734686,-110.8409182,"geyser in Teton County, Wyoming, United States of America"
Q1129264,Giant Geyser,natural,http://commons.wikimedia.org/wiki/Special:FilePath/GiantGeyserMarler1952.jpg,United States,https://en.wikipedia.org/wiki/Giant_Geyser,44.4706415,-110.8405486,geyser in Yellowstone National Park
Q1320722,Halemaumau Crater,natural,http://commons.wikimedia.org/wiki/Special:FilePath/Rainbow%20and%20sulfur%20dioxide%20emissions%20from%20the%20Halema%60uma%60u%20vent.jpg,United States,https://en.wikipedia.org/wiki/Halema%CA%BBuma%CA%BBu,19.41,-155.286,pit crater located within the summit caldera of Kilauea in Hawaii
Q1333175,Kīlauea Iki,natural,http://commons.wikimedia.org/wiki/Special:FilePath/Kilauea%20Iki%20crater%20hike.jpg,United States,https://en.wikipedia.org/wiki/K%C4%ABlauea_Iki,19.4139,-155.246,volcano crater
Q1438568,Steamboat Geyser,natural,http://commons.wikimedia.org/wiki/Special:FilePath/Steamboatgeyser1.jpg,United States,https://en.wikipedia.org/wiki/Steamboat_Geyser,44.7234984,-110.7030252,geyser in Yellowstone National Park
Q6683329,Los Túneles subterráneos de San Germán,space,http://commons.wikimedia.org/wiki/Special:FilePath/Tuneles%20de%20San%20German.jpg,United States,https://en.wikipedia.org/wiki/Los_T%C3%BAneles_subterr%C3%A1neos_de_San_Germ%C3%A1n,18.081531,-67.042515,"tunnels in San Germán, Puerto Rico"
Q6693191,Lowell Creek Diversion Tunnel,space,http://commons.wikimedia.org/wiki/Special:FilePath/Lowell%20Point%2C%20Alaska%20ENBLA01.jpg,United States,https://en.wikipedia.org/wiki/Lowell_Creek_Diversion_Tunnel,60.1039,-149.452,"diversion tunnel in Seward, Alaska"
Q6694161,Lowry Hill Tunnel,space,http://commons.wikimedia.org/wiki/Special:FilePath/Lowry%20Hill%20Tunnel2.jpg,United States,https://en.wikipedia.org/wiki/Lowry_Hill_Tunnel,44.9658,-93.2882,"Tunnel in Minneapolis, Minnesota"
Q6710365,Lytle Tunnel,space,http://commons.wikimedia.org/wiki/Special:FilePath/Lytle%20Tunnel%20Inside.JPG,United States,https://en.wikipedia.org/wiki/Lytle_Tunnel,39.1017,-84.5042,"vehicular tunnel that carries Interstate 71 under Lytle Park in Cincinnati, Ohio, United States, connecting Fort Washington Way to the Northeast Expressway"
Q7057709,Northbrae Tunnel,space,http://commons.wikimedia.org/wiki/Special:FilePath/Northbrae%20Tunnel.jpg,United States,https://en.wikipedia.org/wiki/Northbrae_Tunnel,37.8903,-122.273,"road tunnel in Berkeley, California, US"
Q7070712,Nu‘uanu Pali Tunnels,space,http://commons.wikimedia.org/wiki/Special:FilePath/Pali%20Tunnels.jpg,United States,https://en.wikipedia.org/wiki/Nu%CA%BBuanu_Pali_Tunnels,21.3663,-157.7935,highway tunnels in Honolulu
Q7169006,Perkasie Tunnel,space,http://commons.wikimedia.org/wiki/Special:FilePath/Perkasie%20Tunnel%20HAER%20PA1.jpg,United States,https://en.wikipedia.org/wiki/Perkasie_Tunnel,40.3803,-75.2936,"railway tunnel in Pennsylvania, U.S"
Q7231197,Port Miami Tunnel,space,http://commons.wikimedia.org/wiki/Special:FilePath/Tunnel%20exit%20to%20Port%20of%20Miami.JPG,United States,https://en.wikipedia.org/wiki/Port_Miami_Tunnel,25.784722,-80.175833,tunnel in Florida
Q7299374,Rays Hill Tunnel,space,http://commons.wikimedia.org/wiki/Special:FilePath/Rays%20Hill%20Tunnel%20at%20night%201942.jpg,United States,https://en.wikipedia.org/wiki/Rays_Hill_Tunnel,40.0181,-78.2039,Tunnel on the original Pennsylvania Turnpike
Q7628704,Stumphouse Mountain Tunnel,space,http://commons.wikimedia.org/wiki/Special:FilePath/Stumphouse%20Tunnel%20Complex.jpg,United States,https://en.wikipedia.org/wiki/Stumphouse_Mountain_Tunnel,34.810664,-83.1237,
Q7855658,Turn Hole Tunnel,space,http://commons.wikimedia.org/wiki/Special:FilePath/Turn%20Hole%20length.JPG,United States,https://en.wikipedia.org/wiki/Turn_Hole_Tunnel,40.8828,-75.7612,"abandoned railroad tunnel near Jim Thorpe, PA"
Q7961482,Walden Street Cattle Pass,space,http://commons.wikimedia.org/wiki/Special:FilePath/Walden%20Street%20Cattle%20Pass%2C%20Cambridge%2C%20MA%2006.jpg,United States,https://en.wikipedia.org/wiki/Walden_Street_Cattle_Pass,42.389417,-71.124667,
Q9090908,Cranberry Street Tunnel,space,http://commons.wikimedia.org/wiki/Special:FilePath/12.%20Previous%20Water%20Line%20at%20Cranberry%20Tube%20%288149552042%29.jpg,United States,,40.70472222,-73.99916667,
Q858785,Big Dig,space,http://commons.wikimedia.org/wiki/Special:FilePath/BigDigSupportsCentralArtery.agr.jpg,United States,https://en.wikipedia.org/wiki/Big_Dig,42.36197,-71.05562,highway project
Q937694,East Side Access,space,http://commons.wikimedia.org/wiki/Special:FilePath/East%20Side%20Access%20GCT%20cavern%20with%20work%20train.jpg,United States,https://en.wikipedia.org/wiki/East_Side_Access,40.75,-73.935,railroad public works project in New York City
Q82059,Nasdaq,markets,http://commons.wikimedia.org/wiki/Special:FilePath/CreditRich%20Nasdaq%20Tower%20NYC.jpg,United States,https://en.wikipedia.org/wiki/Nasdaq,40.7565,-73.98576,American fully electronic stock exchange
Q106816364,Cruz Trading Post,markets,http://commons.wikimedia.org/wiki/Special:FilePath/Cruz%20Trading%20Post%20%28Casa%20Grande%29%20from%20S%201.JPG,United States,https://en.wikipedia.org/wiki/Cruz_Trading_Post,32.876529551,-111.755547805,"building in Casa Grande, Arizona, USA"
Q13677,New York Stock Exchange,markets,http://commons.wikimedia.org/wiki/Special:FilePath/Nyse%202009g.JPG,United States,https://en.wikipedia.org/wiki/New_York_Stock_Exchange,40.706944444,-74.011111111,American stock exchange
Q672913,Arkansas Post,markets,http://commons.wikimedia.org/wiki/Special:FilePath/Arkansas%20Post%20National%20Memorial%20005.jpg,United States,https://en.wikipedia.org/wiki/Arkansas_Post,34.016666666,-91.345277777,"historic site in Arkansas, United States"
Q847853,Fort Okanogan,markets,http://commons.wikimedia.org/wiki/Special:FilePath/Site%20of%20Fort%20Okanogan.jpg,United States,https://en.wikipedia.org/wiki/Fort_Okanogan,48.100278,-119.718889,place in Washington listed on National Register of Historic Places
Q9064,Carrasco International Airport,airports,http://commons.wikimedia.org/wiki/Special:FilePath/Airport%20%28235599585%29.jpeg,Uruguay,https://en.wikipedia.org/wiki/Carrasco_International_Airport,-34.838333333,-56.030833333,"main airport serving Montevideo, Uruguay"
Q9071,Capitán de Corbeta Carlos A. Curbelo International Airport,airports,http://commons.wikimedia.org/wiki/Special:FilePath/Flughafen%20Punta%20del%20Este.jpg,Uruguay,https://en.wikipedia.org/wiki/Capit%C3%A1n_de_Corbeta_Carlos_A._Curbelo_International_Airport,-34.855,-55.094166666,"airport serving Punta del Este, Uruguay"
Q9074,Nueva Hespérides International Airport,airports,http://commons.wikimedia.org/wiki/Special:FilePath/Salto%20Airport.jpg,Uruguay,https://en.wikipedia.org/wiki/Nueva_Hesp%C3%A9rides_International_Airport,-31.434722222,-57.984166666,"airport serving Salto, Uruguay"
Q18278,Uruguay River,rivers,http://commons.wikimedia.org/wiki/Special:FilePath/Rio%20Uruguai.JPG,Uruguay,https://en.wikipedia.org/wiki/Uruguay_River,-33.945833333,-58.409444444,river in South America
Q498245,Estadio Centenario,stadiums,http://commons.wikimedia.org/wiki/Special:FilePath/Estadio%20Centenario%20%28vista%20a%C3%A9rea%29.jpg,Uruguay,https://en.wikipedia.org/wiki/Estadio_Centenario,-34.894444,-56.152778,"association football stadium in Montevideo, Uruguay"
Q547124,Fergana International Airport,airports,http://commons.wikimedia.org/wiki/Special:FilePath/FerganaAirport.jpg,Uzbekistan,https://en.wikipedia.org/wiki/Fergana_International_Airport,40.358888888,71.745,"airport in Fergana, Uzbekistan"
Q1189723,Mount Gharat,volcanoes,http://commons.wikimedia.org/wiki/Special:FilePath/Mount%20Gharat%20and%20Lake%20Letas.jpg,Vanuatu,https://en.wikipedia.org/wiki/Mount_Gharat,-14.2839,167.517,mountain in Vanuatu
Q1347484,Merelava,volcanoes,http://commons.wikimedia.org/wiki/Special:FilePath/Mere%20Lava%20Landsat.jpg,Vanuatu,https://en.wikipedia.org/wiki/Merelava,-14.463936111,168.038291666,island
Q392766,Mount Yasur,volcanoes,http://commons.wikimedia.org/wiki/Special:FilePath/Mount%20Yasur%20eruption%202006%2C%20Tanna%20Island%2C%20Vanuatu%2C%20VAN%200516.jpg,Vanuatu,https://en.wikipedia.org/wiki/Mount_Yasur,-19.533333333,169.441666666,mountain (volcano) in Vanuatu
Q337524,Espiritu Santo,islands,http://commons.wikimedia.org/wiki/Special:FilePath/Espiritu%20Santo.jpg,Vanuatu,https://en.wikipedia.org/wiki/Espiritu_Santo,-15.416666666,166.9,largest island in the nation of Vanuatu
Q378281,Tanna,islands,http://commons.wikimedia.org/wiki/Special:FilePath/Mt%20Yasur%2C%20active%20volcano%20%28420607153%29.jpg,Vanuatu,https://en.wikipedia.org/wiki/Tanna_(island),-19.5,169.333333333,island of Vanuatu
Q1139230,Marum,natural,http://commons.wikimedia.org/wiki/Special:FilePath/Marum%20sept%202009.jpg,Vanuatu,,-16.249616666,168.122691666,"volcano of Ambrym, Vanuatu"
Q555454,General Cipriano Castro International Airport,airports,http://commons.wikimedia.org/wiki/Special:FilePath/VIA%20AL%20AEROPUERTO%20%22SAN%20ANTONIO%22%20%282093157803%29.jpg,Venezuela,https://en.wikipedia.org/wiki/Juan_Vicente_G%C3%B3mez_International_Airport,7.84083333,-72.43972222,airport
Q80299,Angel Falls,waterfalls,http://commons.wikimedia.org/wiki/Special:FilePath/SaltoAngel4.jpg,Venezuela,https://en.wikipedia.org/wiki/Angel_Falls,5.970055555,-62.536222222,waterfall in Venezuela; highest uninterrupted waterfall in the world
Q3646538,Llovizna Falls,waterfalls,http://commons.wikimedia.org/wiki/Special:FilePath/Llovizna%20falls%20venezuela%201.jpg,Venezuela,https://en.wikipedia.org/wiki/Llovizna_Falls,8.3100421,-62.677002,waterfall in Venezuela
Q334738,Margarita Island,islands,http://commons.wikimedia.org/wiki/Special:FilePath/Panoramic%20of%20Juan%20Griego%2045.jpg,Venezuela,https://en.wikipedia.org/wiki/Margarita_Island,10.986944444,-63.935555555,"island in Nueva Esparta, Venezuela"
Q3646551,Pico Bonpland,glaciers,http://commons.wikimedia.org/wiki/Special:FilePath/Pico%20Bonpland%20visto%20desde%20el%20Pico%20Humboldt.JPG,Venezuela,https://en.wikipedia.org/wiki/Pico_Bonpland,8.5425,-71.003166666,mountain in Venezuela
Q849280,San Esteban National Park,national_parks,http://commons.wikimedia.org/wiki/Special:FilePath/San%20Esteban%20Loma%20Linda.jpg,Venezuela,https://en.wikipedia.org/wiki/San_Esteban_National_Park,10.390833,-67.980278,national park
Q1533,Caracas,cities,http://commons.wikimedia.org/wiki/Special:FilePath/Caracas%20desde%20el%20%C3%A1vila.jpg,Venezuela,https://en.wikipedia.org/wiki/Caracas,10.506111111,-66.914444444,capital and largest city of Venezuela
Q541597,Estadio José Pérez Colmenares,stadiums,http://commons.wikimedia.org/wiki/Special:FilePath/Potros%20en%20el%20Stadium%20%282005-11-19%29%20001.jpg,Venezuela,https://en.wikipedia.org/wiki/Estadio_Jos%C3%A9_P%C3%A9rez_Colmenares,10.26047,-67.611626,stadium
Q25226,Cam Ranh International Airport,airports,http://commons.wikimedia.org/wiki/Special:FilePath/Cam%20Ranh%20International%20Airport%20Terminal%202.jpg,Vietnam,https://en.wikipedia.org/wiki/Cam_Ranh_International_Airport,11.998055555,109.219444444,"Airport that serves Nha Trang, Vietnam"
Q160094,Phu Bai International Airport,airports,http://commons.wikimedia.org/wiki/Special:FilePath/Phu%20Bai%20Airport%20%282006%29.jpg,Vietnam,https://en.wikipedia.org/wiki/Phu_Bai_International_Airport,16.401666666,107.702777777,airport
Q170343,Can Tho International Airport,airports,http://commons.wikimedia.org/wiki/Special:FilePath/Nha%20Ga%20HK%20CHKQT%20Can%20Tho%202.jpg,Vietnam,https://en.wikipedia.org/wiki/Can_Tho_International_Airport,10.085277777,105.711944444,airport
Q478595,Tan Son Nhat International Airport,airports,http://commons.wikimedia.org/wiki/Special:FilePath/Tan%20Son%20Nhat%20International%20Airport%20at%20night%20%2812088245464%29.jpg,Vietnam,https://en.wikipedia.org/wiki/Tan_Son_Nhat_International_Airport,10.8188,106.652,"International airport in Ho Chi Minh City, Vietnam"
Q386184,Chàm Islands,islands,http://commons.wikimedia.org/wiki/Special:FilePath/ChamIslands1.jpg,Vietnam,https://en.wikipedia.org/wiki/Ch%C3%A0m_Islands,15.95242,108.52037,islands in Vietnam
Q125333,Mũi Cà Mau National Park,national_parks,http://commons.wikimedia.org/wiki/Special:FilePath/Mui%20Ca%20Mau%20005.JPG,Vietnam,https://en.wikipedia.org/wiki/M%C5%A9i_C%C3%A0_Mau_National_Park,8.675,104.79166667,national park in southern Vietnam
Q586985,Tram Chim National Park,national_parks,http://commons.wikimedia.org/wiki/Special:FilePath/%C4%90%E1%BB%93ng%20c%E1%BB%8F%20v%C3%A0%20chim%20n%C6%B0%E1%BB%9Bc.jpg,Vietnam,https://en.wikipedia.org/wiki/Tr%C3%A0m_Chim_National_Park,10.725,105.517,national park
Q649680,Bach Ma National Park,national_parks,http://commons.wikimedia.org/wiki/Special:FilePath/Bach%20Ma%20NP2.jpg,Vietnam,https://en.wikipedia.org/wiki/B%E1%BA%A1ch_M%C3%A3_National_Park,16.2,107.86666667,national park
Q692472,Phuoc Binh National Park,national_parks,http://commons.wikimedia.org/wiki/Special:FilePath/Phuoc%20Binh%20from%20National%20Parks%20office.jpg,Vietnam,https://en.wikipedia.org/wiki/Ph%C6%B0%E1%BB%9Bc_B%C3%ACnh_National_Park,12.07111111,108.75055556,national park
Q1854,Ho Chi Minh City,cities,http://commons.wikimedia.org/wiki/Special:FilePath/Ho%20Chi%20Minh%20City%20Skyline.jpg,Vietnam,https://en.wikipedia.org/wiki/Ho_Chi_Minh_City,10.775555555,106.701944444,largest city in Vietnam
Q610220,FPT University,universities,http://commons.wikimedia.org/wiki/Special:FilePath/Fpt02.jpg,Vietnam,https://en.wikipedia.org/wiki/FPT_University,21.013666666,105.527277777,"private university in Hanoi, Vietnam"
Q7798644,Saigon River Tunnel,space,http://commons.wikimedia.org/wiki/Special:FilePath/Thu%20Thiem%20Tunnel.jpg,Vietnam,https://en.wikipedia.org/wiki/Saigon_River_Tunnel,10.769444444,106.708055555,tunnel in Ho Chi Minh city
Q1417843,Hanish Islands,volcanoes,http://commons.wikimedia.org/wiki/Special:FilePath/Hanish.jpg,Yemen,https://en.wikipedia.org/wiki/Hanish_Islands,13.75,42.75,island group
Q229269,Rub' al Khali,deserts,http://commons.wikimedia.org/wiki/Special:FilePath/Rub%20al%20Khali%20002.JPG,Yemen,https://en.wikipedia.org/wiki/Rub%27_al_Khali,20.0,50.0,desert
Q307268,Abd al Kuri,islands,http://commons.wikimedia.org/wiki/Special:FilePath/Abd-al-Kuri%20ISS.jpg,Yemen,https://en.wikipedia.org/wiki/Abd_al_Kuri,12.183333333,52.233333333,island in the Guardafui Channel
Q2471,Sanaa,cities,http://commons.wikimedia.org/wiki/Special:FilePath/San%27a03%20flickr.jpg,Yemen,https://en.wikipedia.org/wiki/Sanaa,15.35,44.2,capital city of Yemen
Q503514,Lochinvar National Park,national_parks,http://commons.wikimedia.org/wiki/Special:FilePath/Lochinvar%20National%20Park.png,Zambia,https://en.wikipedia.org/wiki/Lochinvar_National_Park,-15.89686,27.23801,national park of Zambia
Q503518,Lower Zambezi National Park,national_parks,http://commons.wikimedia.org/wiki/Special:FilePath/Lower%20Zambezi%2C%20Zambia%20%282518067857%29.jpg,Zambia,https://en.wikipedia.org/wiki/Lower_Zambezi_National_Park,-15.75,29.33333333,national park of Zambia
Q503530,Sioma Ngwezi National Park,national_parks,http://commons.wikimedia.org/wiki/Special:FilePath/NASA%20Barotse%20Floodplain%20compressed.JPG,Zambia,https://en.wikipedia.org/wiki/Sioma_Ngwezi_National_Park,-17.0,23.5,national park of Zambia
Q201307,Independence Stadium,stadiums,http://commons.wikimedia.org/wiki/Special:FilePath/Zambiafan.jpg,Zambia,https://en.wikipedia.org/wiki/Independence_Stadium_(Zambia),-15.371064,28.269631,stadium
Q339314,Copperbelt University,universities,http://commons.wikimedia.org/wiki/Special:FilePath/ZM-Copperbelt-University.JPG,Zambia,https://en.wikipedia.org/wiki/Copperbelt_University,-12.80555556,28.24027778,"public university in Kitwe, Zambia"
Q556056,Joshua Mqabuko Nkomo International Airport,airports,http://commons.wikimedia.org/wiki/Special:FilePath/Air%20Zimbabwe%20B767-2N0ER%20%28Z-WPF%29%20at%20Joshua%20Mqabuko%20Nkomo%20International%20Airport.jpg,Zimbabwe,https://en.wikipedia.org/wiki/Joshua_Mqabuko_Nkomo_International_Airport,-20.017430555,28.617869444,airport
Q478677,Nyanga National Park,national_parks,http://commons.wikimedia.org/wiki/Special:FilePath/Central%20nyanga%20np.jpg,Zimbabwe,https://en.wikipedia.org/wiki/Nyanga_National_Park,-18.21666667,32.75,national park
Q595121,Gonarezhou National Park,national_parks,http://commons.wikimedia.org/wiki/Special:FilePath/Zimbabwe%20Gonarezhou%20Landscape%20Chilojo%20Cliffs.jpg,Zimbabwe,https://en.wikipedia.org/wiki/Gonarezhou_National_Park,-21.66666667,31.66666667,national park in Zimbabwe
Q693254,Mana Pools,national_parks,http://commons.wikimedia.org/wiki/Special:FilePath/ZmbziRvr.jpg,Zimbabwe,https://en.wikipedia.org/wiki/Mana_Pools_National_Park,-15.75,29.333333,national park
Q1571380,Hwange National Park,natural,http://commons.wikimedia.org/wiki/Special:FilePath/Down%20the%20water%20hole.jpg,Zimbabwe,https://en.wikipedia.org/wiki/Hwange_National_Park,-18.735,26.955,national park in Zimbabwe
Q188982,Mount Erebus,peaks,http://commons.wikimedia.org/wiki/Special:FilePath/Mt%20erebus.jpg,,https://en.wikipedia.org/wiki/Mount_Erebus,-77.533333333,167.283333333,"volcano on Ross Island, Antarctica"
Q586852,Ushas Mons,peaks,http://commons.wikimedia.org/wiki/Special:FilePath/Ushas%20Mons.jpg,,https://en.wikipedia.org/wiki/Ushas_Mons,-24.3,324.6,mons on Venus
Q1140202,Tvashtar Paterae,volcanoes,http://commons.wikimedia.org/wiki/Special:FilePath/Tvashtarvideo.gif,,https://en.wikipedia.org/wiki/Tvashtar_Paterae,62.76,236.47,paterae on Io
Q1143359,Culann Patera,volcanoes,http://commons.wikimedia.org/wiki/Special:FilePath/Io%20Culann%20Patera.jpg,,,-20.216666666,-160.166666666,volcano on Io
Q1320267,Pele,volcanoes,http://commons.wikimedia.org/wiki/Special:FilePath/Pele%20Voyagercolor%20mosaic.jpg,,https://en.wikipedia.org/wiki/Pele_(volcano),-18.71,255.28,volcano on Io
Q1472301,Uranius Mons,volcanoes,http://commons.wikimedia.org/wiki/Special:FilePath/Uranius%20Mons.jpg,,https://en.wikipedia.org/wiki/Uranius_Mons,26.9,267.85,Martian volcano
Q1473902,Sapas Mons,volcanoes,http://commons.wikimedia.org/wiki/Special:FilePath/Sapas%20Mons%203D.jpg,,https://en.wikipedia.org/wiki/Sapas_Mons,8.5,188.3,mons on Venus
Q1478289,Tupan Patera,volcanoes,http://commons.wikimedia.org/wiki/Special:FilePath/Io%20Tupan%20Patera.jpg,,https://en.wikipedia.org/wiki/Tupan_Patera,-18.73,141.13,patera on Io
Q380300,Mount Overlord,volcanoes,http://commons.wikimedia.org/wiki/Special:FilePath/MountOverlord.jpg,,https://en.wikipedia.org/wiki/Mount_Overlord,-73.166666666,164.6,"volcano in Victoria Land, Antarctica"
Q715269,World Ocean,oceans,http://commons.wikimedia.org/wiki/Special:FilePath/Oceanus.png,,https://en.wikipedia.org/wiki/World_Ocean,-48.867,-123.383,Earth's interconnected water system
Q788,Arctic Ocean,oceans,http://commons.wikimedia.org/wiki/Special:FilePath/Arctic%20Ocean.png,,https://en.wikipedia.org/wiki/Arctic_Ocean,90.0,0.0,"smallest, shallowest, coldest, and northernmost of the world's major oceans"
Q1239,Indian Ocean,oceans,http://commons.wikimedia.org/wiki/Special:FilePath/Indian%20Ocean-CIA%20WFB%20Map.png,,https://en.wikipedia.org/wiki/Indian_Ocean,-20.0,80.0,"ocean bounded by Africa, Asia, Australia, and Antarctica"
Q7354,Southern Ocean,oceans,http://commons.wikimedia.org/wiki/Special:FilePath/Location%20Southern%20Ocean.svg,,https://en.wikipedia.org/wiki/Southern_Ocean,-65.0,90.0,ocean around Antarctica
Q98,Pacific Ocean,oceans,http://commons.wikimedia.org/wiki/Special:FilePath/Pacific%20Ocean.png,,https://en.wikipedia.org/wiki/Pacific_Ocean,0.0,-160.0,"ocean between Asia, Australia and the Americas"
Q97,Atlantic Ocean,oceans,http://commons.wikimedia.org/wiki/Special:FilePath/Atlantic%20Ocean.png,,https://en.wikipedia.org/wiki/Atlantic_Ocean,0.0,-30.0,"ocean between Europe, Africa and the Americas"
Q72154,Amundsen Sea,seas,http://commons.wikimedia.org/wiki/Special:FilePath/Antarctic%20Sea%20Ice%20-%20Amundsen%20Sea.jpg,,https://en.wikipedia.org/wiki/Amundsen_Sea,-73.0,-112.0,part of the Southern Ocean
Q173343,Weddell Sea,seas,http://commons.wikimedia.org/wiki/Special:FilePath/NASA%27s%20DC-8%20Flying%20Over%20the%20Weddell%20Sea.jpg,,https://en.wikipedia.org/wiki/Weddell_Sea,-73.0,-45.0,part of the Southern Ocean between Coats Land and the Antarctic Peninsula
Q183455,Bellingshausen Sea,seas,http://commons.wikimedia.org/wiki/Special:FilePath/Sea%20ice%20by%20fruchtzwerg%27s%20world.jpg,,https://en.wikipedia.org/wiki/Bellingshausen_Sea,-71.0,-85.0,sea along the west side of the Antarctic Peninsula
Q470088,American Mediterranean Sea,seas,http://commons.wikimedia.org/wiki/Special:FilePath/Amerikanisches%20Mittelmeer%20NASA%20World%20Wind%20Globe.jpg,,https://en.wikipedia.org/wiki/American_Mediterranean_Sea,18.0,-80.0,basin that includes the Caribbean Sea and the Gulf of Mexico
Q2090594,Cantabrian Sea,seas,http://commons.wikimedia.org/wiki/Special:FilePath/Acantilados%20de%20Alfoz%20de%20Lloredo%20%28To%C3%B1anes%29%2C%20Camino%20del%20norte%20costero.jpg,,https://en.wikipedia.org/wiki/Cantabrian_Sea,44.0323,-4.35059,sea in the southern Bay of Biscay of the North Atlantic Ocean
Q60038397,Somali Sea,seas,http://commons.wikimedia.org/wiki/Special:FilePath/SSC-Khatumo%20blue%2C%20Somali%20sea.png,,,2.847819444,51.35965,body of water off the eastern coast of Somalia
Q169061,Lake Vida,lakes,http://commons.wikimedia.org/wiki/Special:FilePath/Lake%20Vida%202012%2001.jpg,,https://en.wikipedia.org/wiki/Lake_Vida,-77.388888888,161.927778055,lake in Antarctica
Q501337,Roosevelt Island,islands,http://commons.wikimedia.org/wiki/Special:FilePath/Roosevelt%20Island%2C%20Antarctica%20-%20satellite%20image.jpg,,"https://en.wikipedia.org/wiki/Roosevelt_Island,_Antarctica",-79.333333333,-162.0,island in Antarctica
Q353920,Adelaide Island,islands,http://commons.wikimedia.org/wiki/Special:FilePath/Rothera%20Summer.jpg,,https://en.wikipedia.org/wiki/Adelaide_Island,-67.25,-68.5,island on the north side of Marguerite Bay off the west coast of the Antarctic Peninsula
Q3108357,Astrolabe Glacier,glaciers,http://commons.wikimedia.org/wiki/Special:FilePath/Astrolabe%20Glacier.jpg,,https://en.wikipedia.org/wiki/Astrolabe_Glacier,-66.75,139.917,glacier in Antarctica
Q3358392,Shirase Glacier,glaciers,http://commons.wikimedia.org/wiki/Special:FilePath/Antarctica%2C%20Norway%20territorial%20claim%20%28Queen%20Maud%20Land%2C%202015%29.svg,,https://en.wikipedia.org/wiki/Shirase_Glacier,-70.083333333,38.75,glacier in Antarctica
Q3372454,Schytt Glacier,glaciers,http://commons.wikimedia.org/wiki/Special:FilePath/Antarctica%2C%20Norway%20territorial%20claim%20%28Queen%20Maud%20Land%2C%202015%29.svg,,https://en.wikipedia.org/wiki/Schytt_Glacier,-71.583333333,-3.666666666,glacier in Antarctica
Q3446029,Borchgrevinkisen,glaciers,http://commons.wikimedia.org/wiki/Special:FilePath/Antarctica%2C%20Norway%20territorial%20claim%20%28Queen%20Maud%20Land%2C%202015%29.svg,,https://en.wikipedia.org/wiki/Borchgrevinkisen,-72.1667,21.5,glacier in Antarctica
Q3761665,Panega Glacier,glaciers,http://commons.wikimedia.org/wiki/Special:FilePath/Panega.jpg,,https://en.wikipedia.org/wiki/Panega_Glacier,-62.5403,-60.1136,glacier in Antarctica
Q3761668,Priestley Glacier,glaciers,http://commons.wikimedia.org/wiki/Special:FilePath/Priestley%20Glacier%202018.jpg,,https://en.wikipedia.org/wiki/Priestley_Glacier,-74.33333333,163.36666667,glacier in Antarctica
Q155135,Axel Heiberg Glacier,glaciers,http://commons.wikimedia.org/wiki/Special:FilePath/Axel%20Heiberg%20Glacier%20-%20Antarctica.JPG,,https://en.wikipedia.org/wiki/Axel_Heiberg_Glacier,-85.416666666,-163.0,glacier in Antarctica
Q196495,Amundsen Glacier,glaciers,http://commons.wikimedia.org/wiki/Special:FilePath/C85150s1%20Mount%20Goodale.jpg,,https://en.wikipedia.org/wiki/Amundsen_Glacier,-85.583333333,-159.0,glacier in Antarctica
Q260322,Skelton Glacier,glaciers,http://commons.wikimedia.org/wiki/Special:FilePath/AN%20-Victoria%20Land.png,,https://en.wikipedia.org/wiki/Skelton_Glacier,-78.6935,161.642,glacier in Antarctica
Q278186,Sandhøhallet Glacier,glaciers,http://commons.wikimedia.org/wiki/Special:FilePath/Antarctica%2C%20Norway%20territorial%20claim%20%28Queen%20Maud%20Land%2C%202015%29.svg,,https://en.wikipedia.org/wiki/Sandh%C3%B8hallet_Glacier,-71.8667,9.83333,glacier in Antarctica
Q366896,Sal Glacier,glaciers,http://commons.wikimedia.org/wiki/Special:FilePath/Antarctica%2C%20Norway%20territorial%20claim%20%28Queen%20Maud%20Land%2C%202015%29.svg,,https://en.wikipedia.org/wiki/Sal_Glacier,-72.05,25.5167,glacier in Antarctica
Q718158,Chinese gunboat Chung Shan,museums,http://commons.wikimedia.org/wiki/Special:FilePath/ZhongShanJian.jpg,,https://en.wikipedia.org/wiki/Chinese_gunboat_Zhongshan,30.34833333,114.12944444,1912 Yongfeng-class coastal defense ship
Q2605054,Cape Lookout,natural,http://commons.wikimedia.org/wiki/Special:FilePath/Cape%20Lookout%20%2851995036872%29.jpg,,https://en.wikipedia.org/wiki/Cape_Lookout_(South_Shetland_Islands),-61.28018,-55.20474,southern extremity of Elephant Island in the South Shetland Islands
Q3761660,Erebus Glacier,glaciers,http://commons.wikimedia.org/wiki/Special:FilePath/Erebus%20Ice%20Tongue%20%28ASTER%29.jpg,,https://en.wikipedia.org/wiki/Erebus_Glacier,-77.6667,167.1,glacier in Antarctica
Q491496,Cheonmachong,history_and_mysteries,http://commons.wikimedia.org/wiki/Special:FilePath/%EC%B2%9C%EB%A7%88%EC%B4%9D.jpg,,https://en.wikipedia.org/wiki/Cheonmachong,35.83777778,129.2125,tumulus of the Silla kingdom in Korea
Q5119712,Cierva Point and offshore islands Important Bird Area,natural,http://commons.wikimedia.org/wiki/Special:FilePath/Cierva%20Cove%20%2811%29%20%2811125931015%29.jpg,,https://en.wikipedia.org/wiki/Cierva_Point_and_offshore_islands_Important_Bird_Area,-64.1667,-61.0167,important Bird Area of Antarctica
Q763528,Redoutable,museums,http://commons.wikimedia.org/wiki/Special:FilePath/FS%20Redoutable.jpg,,https://en.wikipedia.org/wiki/French_submarine_Redoutable_(S611),49.6479482,-1.6173224,1967 Redoutable-class submarine
Q7559821,Uruguay Island,natural,http://commons.wikimedia.org/wiki/Special:FilePath/Biologist%20of%20the%2029th%20Ukrainian%20Antarctic%20Expedition%20takes%20water%20samples%20from%20a%20freshwater%20lake%20on%20Uruguay%20Island.jpg,,https://en.wikipedia.org/wiki/Uruguay_Island,-65.2333,-64.2333,island in Antarctica
Q1208761,Diana,natural,http://commons.wikimedia.org/wiki/Special:FilePath/Lucian-Esam-Grace-Diana%20AS17-M-0306%20LTVT.JPG,,,14.29,35.65,lunar crater
Q3642744,Stock Exchange in Milano,markets,http://commons.wikimedia.org/wiki/Special:FilePath/Borsa%20di%20Milano%20Ingresso%20del%20Palazzo%20Mezzanotte.jpg,,,45.46505556,9.18319167,
Q492127,Dongdaemun Market,markets,http://commons.wikimedia.org/wiki/Special:FilePath/Korea-Seoul-Dongdaemun%20Market-01.jpg,,https://en.wikipedia.org/wiki/Dongdaemun_Market,37.57041,127.00896,"Shopping area in Seoul, South Korea"
Q1234397,East African Rift,natural,http://commons.wikimedia.org/wiki/Special:FilePath/Mount%20Moroto%20from%20the%20West%20side.JPG,,https://en.wikipedia.org/wiki/East_African_Rift,-3.0,35.5,rift
