wikidata_id,name,category,coordinates,image_url,country,wikipedia_url,sitelinks
Q478595,Tan Son Nhat International Airport,airports,Point(106.652 10.8188),http://commons.wikimedia.org/wiki/Special:FilePath/Tan%20Son%20Nhat%20International%20Airport%20at%20night%20%2812088245464%29.jpg,Vietnam,https://en.wikipedia.org/wiki/Tan_Son_Nhat_International_Airport,338
Q192733,Sheremetyevo International Airport,airports,Point(37.414722222 55.972777777),http://commons.wikimedia.org/wiki/Special:FilePath/SVO%20aerial%20view%202024.jpg,Russia,https://en.wikipedia.org/wiki/Sheremetyevo_International_Airport,234
Q773330,Da Nang International Airport,airports,Point(108.199444444 16.043888888),http://commons.wikimedia.org/wiki/Special:FilePath/DAD%20new%20terminal%202012%2002.JPG,Vietnam,https://en.wikipedia.org/wiki/Da_Nang_International_Airport,232
Q25226,Cam Ranh International Airport,airports,Point(109.219444444 11.998055555),http://commons.wikimedia.org/wiki/Special:FilePath/Cam%20Ranh%20International%20Airport%20Terminal%202.jpg,Vietnam,https://en.wikipedia.org/wiki/Cam_Ranh_International_Airport,204
Q273462,Vnukovo International Airport,airports,Point(37.2675 55.596111111),http://commons.wikimedia.org/wiki/Special:FilePath/Vnukovo%20International%20Airport%202019.jpg,Russia,https://en.wikipedia.org/wiki/Vnukovo_International_Airport,183
Q46033,Frankfurt Airport,airports,Point(8.570455555 50.033305555),http://commons.wikimedia.org/wiki/Special:FilePath/FRA%20June2013.JPG,Germany,https://en.wikipedia.org/wiki/Frankfurt_Airport,178
Q186614,Domodedovo International Airport,airports,Point(37.906111111 55.408611111),http://commons.wikimedia.org/wiki/Special:FilePath/Domodedovo%20Airport.jpg,Russia,https://en.wikipedia.org/wiki/Moscow_Domodedovo_Airport,162
Q32159,Singapore Changi Airport,airports,Point(103.989444 1.359167),http://commons.wikimedia.org/wiki/Special:FilePath/Singapore%20Airport%2C%20Jewel%20Changi%2C%2020230722%20%281%29%20%2853337065497%29.jpg,Singapore,https://en.wikipedia.org/wiki/Changi_Airport,146
Q503364,Kempegowda International Airport,airports,Point(77.705555555 13.198888888),http://commons.wikimedia.org/wiki/Special:FilePath/Bengaluru-airport.jpg,India,https://en.wikipedia.org/wiki/Kempegowda_International_Airport,144
Q204853,Tokyo International Airport,airports,Point(139.781111111 35.553333333),http://commons.wikimedia.org/wiki/Special:FilePath/Tokyo-International-Airport%20Satellite.jpg,Japan,https://en.wikipedia.org/wiki/Haneda_Airport,144
Q214861,Hartsfield–Jackson Atlanta International Airport,airports,Point(-84.428055555 33.636666666),http://commons.wikimedia.org/wiki/Special:FilePath/Atlanta%20Hartsfield-Jackson.jpg,United States,https://en.wikipedia.org/wiki/Hartsfield%E2%80%93Jackson_Atlanta_International_Airport,136
Q193682,Kansai International Airport,airports,Point(135.230277777 34.430555555),http://commons.wikimedia.org/wiki/Special:FilePath/%E9%96%A2%E8%A5%BF%E5%9B%BD%E9%9A%9B%E7%A9%BA%E6%B8%AF%E5%85%A8%E4%BD%93%E5%86%99%E7%9C%9F20220811.jpg,Japan,https://en.wikipedia.org/wiki/Kansai_International_Airport,136
Q8731,Los Angeles International Airport,airports,Point(-118.408056 33.9425),http://commons.wikimedia.org/wiki/Special:FilePath/LAX2.jpg,United States,https://en.wikipedia.org/wiki/Los_Angeles_International_Airport,136
Q500253,Kuala Lumpur International Airport,airports,Point(101.709722 2.745556),http://commons.wikimedia.org/wiki/Special:FilePath/KLIA%20MTB%26Tower.jpg,Malaysia,https://en.wikipedia.org/wiki/Kuala_Lumpur_International_Airport,134
Q213717,O'Hare International Airport,airports,Point(-87.904722222 41.978611111),http://commons.wikimedia.org/wiki/Special:FilePath/O%27Hare%20International%20Airport%20%28USGS%29.png,United States,https://en.wikipedia.org/wiki/O%27Hare_International_Airport,134
Q36454,Narita International Airport,airports,Point(140.38845 35.7649),http://commons.wikimedia.org/wiki/Special:FilePath/Narita%20International%20Air%20Port%20%28cropped%29.jpg,Japan,https://en.wikipedia.org/wiki/Narita_International_Airport,134
Q194316,Suvarnabhumi Airport,airports,Point(100.747222 13.681111),http://commons.wikimedia.org/wiki/Special:FilePath/Bangkok%20-%20Suvarnabhumi%20International%20%28BKK%20-%20VTBS%29%20AN1822384.jpg,Thailand,https://en.wikipedia.org/wiki/Suvarnabhumi_Airport,132
Q821275,Indira Gandhi International Airport,airports,Point(77.0833 28.5574),http://commons.wikimedia.org/wiki/Special:FilePath/Delhi%20airport%20terminal%203%20%28cropped%29.jpg,India,https://en.wikipedia.org/wiki/Indira_Gandhi_International_Airport,128
Q17704,Hong Kong International Airport,airports,Point(113.914444 22.308889),http://commons.wikimedia.org/wiki/Special:FilePath/Hong%20Kong%20International%20Airport%20restricted%20area%2001-12-2024%289%29.jpg,People's Republic of China,https://en.wikipedia.org/wiki/Hong_Kong_International_Airport,128
Q36420,Shanghai Pudong International Airport,airports,Point(121.805278 31.143333),http://commons.wikimedia.org/wiki/Special:FilePath/Shanghai%20Pudong%20Airport%202024%20%28cropped%29.jpg,People's Republic of China,https://en.wikipedia.org/wiki/Shanghai_Pudong_International_Airport,128
Q3661908,Istanbul Airport,airports,Point(28.742222222 41.260833333),http://commons.wikimedia.org/wiki/Special:FilePath/Istanbul%20asv2021-11%20img72%20IST%20Airport.jpg,Turkey,https://en.wikipedia.org/wiki/Istanbul_Airport,126
Q477677,Boryspil International Airport,airports,Point(30.893333333 50.344722222),http://commons.wikimedia.org/wiki/Special:FilePath/%D0%90%D1%8D%D1%80%D0%BE%D0%BF%D1%80%D1%82%20%D0%91%D0%BE%D1%80%D0%B8%D1%81%D0%BF%D0%BE%D0%BB%D1%8C%20%D1%81%D1%82%D0%BE%D1%8F%D0%BD%D0%BA%D0%B8%20%D1%81%D0%B0%D0%BC%D0%BE%D0%BB%D0%B5%D1%82%D0%BE%D0%B2.%20%D0%A4%D0%BE%D1%82%D0%BE%20%D0%92%D0%B8%D0%BA%D1%82%D0%BE%D1%80%D0%B0%20%D0%91%D0%B5%D0%BB%D0%BE%D1%83%D1%81%D0%BE%D0%B2%D0%B0%20-%20panoramio%20%281%29.jpg,Ukraine,https://en.wikipedia.org/wiki/Boryspil_International_Airport,120
Q278667,Rajiv Gandhi International Airport,airports,Point(78.4294 17.2386),http://commons.wikimedia.org/wiki/Special:FilePath/Indian%20Airlines%20VT-SCF%20at%20Rajiv%20Gandhi%20Airport%2C%20Jan%202012%20%28cropped%29.jpg,India,https://en.wikipedia.org/wiki/Rajiv_Gandhi_International_Airport,120
Q211734,"Athens International Airport ""Eleftherios Venizelos""",airports,Point(23.944444444 37.936388888),http://commons.wikimedia.org/wiki/Special:FilePath/Athens%20International%20Airport%20Eleftherios%20Venizelos%20%CE%94%CE%B9%CE%B5%CE%B8%CE%BD%CE%AE%CF%82%20%CE%91%CE%B5%CF%81%CE%BF%CE%BB%CE%B9%CE%BC%CE%AD%CE%BD%CE%B1%CF%82%20%CE%91%CE%B8%CE%B7%CE%BD%CF%8E%CE%BD%20%CE%95%CE%BB%CE%B5%CF%85%CE%B8%CE%AD%CF%81%CE%B9%CE%BF%CF%82%20%CE%92%CE%B5%CE%BD%CE%B9%CE%B6%CE%AD%CE%BB%CE%BF%CF%82%202019-12-01%20h.jpg,Greece,https://en.wikipedia.org/wiki/Athens_International_Airport,118
Q749497,Soekarno–Hatta International Airport,airports,Point(106.653833 -6.127361),http://commons.wikimedia.org/wiki/Special:FilePath/Soekarno-Hatta%20International%20Airport%20Terminal%203%20apron.jpg,Indonesia,https://en.wikipedia.org/wiki/Soekarno%E2%80%93Hatta_International_Airport,118
Q17581,Sydney Airport,airports,Point(151.1761111 -33.948333333),http://commons.wikimedia.org/wiki/Special:FilePath/Sydney%20airport%20-%20International%20terminal.jpg,Australia,https://en.wikipedia.org/wiki/Sydney_Airport,118
Q215327,Helsinki Airport,airports,Point(24.963333333 60.317222222),http://commons.wikimedia.org/wiki/Special:FilePath/Helsinki%20Airport%20%2817087444118%29.jpg,Finland,https://en.wikipedia.org/wiki/Helsinki_Airport,116
Q465071,Warsaw Chopin Airport,airports,Point(20.967222222 52.165833333),http://commons.wikimedia.org/wiki/Special:FilePath/Lotnisko%20Chopina%20w%20Warszawie%202018b.jpg,Poland,https://en.wikipedia.org/wiki/Warsaw_Chopin_Airport,114
Q242066,Toronto Pearson International Airport,airports,Point(-79.6306 43.6767),http://commons.wikimedia.org/wiki/Special:FilePath/YYZ%20Aerial%202.jpg,Canada,https://en.wikipedia.org/wiki/Toronto_Pearson_International_Airport,114
Q60910,"Milan–Malpensa ""Silvio Berlusconi"" Airport",airports,Point(8.723055555 45.63),http://commons.wikimedia.org/wiki/Special:FilePath/Aerial%20photograph%20of%20Milan%20Malpensa%20airport.jpg,Italy,https://en.wikipedia.org/wiki/Milan_Malpensa_Airport,114
Q210559,Oslo Airport,airports,Point(11.083888888 60.202777777),http://commons.wikimedia.org/wiki/Special:FilePath/Oslo%20Airport%20terminal%20night%20view.jpg,Norway,"https://en.wikipedia.org/wiki/Oslo_Airport,_Gardermoen",112
Q723622,Istanbul Sabiha Gökçen International Airport,airports,Point(29.309166666 40.898333333),http://commons.wikimedia.org/wiki/Special:FilePath/%C4%B0stanbul%20Sabiha%20G%C3%B6k%C3%A7en%20Uluslararas%C4%B1%20Havaliman%C4%B1.jpg,Turkey,https://en.wikipedia.org/wiki/Sabiha_G%C3%B6k%C3%A7en_International_Airport,112
Q127955,Belgrade Nikola Tesla Airport,airports,Point(20.306944444 44.819444444),http://commons.wikimedia.org/wiki/Special:FilePath/Belgrade%20Nikola%20Tesla%20Airport%204.jpg,Serbia,https://en.wikipedia.org/wiki/Belgrade_Nikola_Tesla_Airport,110
Q223499,Stockholm Arlanda Airport,airports,Point(17.918611111 59.651944444),http://commons.wikimedia.org/wiki/Special:FilePath/Arlanda%201%20Publish.jpg,Sweden,https://en.wikipedia.org/wiki/Stockholm_Arlanda_Airport,108
Q8694,Manchester Airport,airports,Point(-2.275 53.353889),http://commons.wikimedia.org/wiki/Special:FilePath/Manchester%20Airport.jpg,United Kingdom,https://en.wikipedia.org/wiki/Manchester_Airport,108
Q8982,London City Airport,airports,Point(0.055278 51.505278),http://commons.wikimedia.org/wiki/Special:FilePath/London%20City%20Airport%20Zwart.jpg,United Kingdom,https://en.wikipedia.org/wiki/London_City_Airport,108
Q44868,Guangzhou Baiyun International Airport,airports,Point(113.298786111 23.392436111),http://commons.wikimedia.org/wiki/Special:FilePath/Guangzhou%20Baiyun%20International%20Airport%20Terminal%202.jpg,People's Republic of China,https://en.wikipedia.org/wiki/Guangzhou_Baiyun_International_Airport,108
Q461793,Cairo International Airport,airports,Point(31.405555555 30.121944444),http://commons.wikimedia.org/wiki/Special:FilePath/Cairo%20Int.%20Airport%20-%20NASA.JPG,Egypt,https://en.wikipedia.org/wiki/Cairo_International_Airport,106
Q321224,Vancouver International Airport,airports,Point(-123.184 49.1947),http://commons.wikimedia.org/wiki/Special:FilePath/Vancouver%20Airport%20Tower.jpg,Canada,https://en.wikipedia.org/wiki/Vancouver_International_Airport,104
Q44856,Taoyuan International Airport,airports,Point(121.223888888 25.076388888),http://commons.wikimedia.org/wiki/Special:FilePath/TPE%20Terminal%202%20EVA%20Air.jpg,Taiwan,https://en.wikipedia.org/wiki/Taoyuan_International_Airport,104
Q217226,Tirana International Airport Nënë Tereza,airports,Point(19.720555555 41.414722222),http://commons.wikimedia.org/wiki/Special:FilePath/Rinas.JPG,Albania,https://en.wikipedia.org/wiki/Tirana_International_Airport_N%C3%ABn%C3%AB_Tereza,102
Q384788,Ministro Pistarini International Airport,airports,Point(-58.53583333 -34.82222222),http://commons.wikimedia.org/wiki/Special:FilePath/Aeropuerto%20Internacional%20Ezeiza.jpg,Argentina,https://en.wikipedia.org/wiki/Ezeiza_International_Airport,102
Q517873,Bergamo-Il Caravaggio,airports,Point(9.69948 45.66547),http://commons.wikimedia.org/wiki/Special:FilePath/Orio%20al%20Serio%20International%20Airport%202025.jpg,Italy,https://en.wikipedia.org/wiki/Milan_Bergamo_Airport,102
Q500945,Budapest Ferenc Liszt International Airport,airports,Point(19.261944444 47.439444444),http://commons.wikimedia.org/wiki/Special:FilePath/Budapest%20Liszt%20Ferenc%20nemzetk%C3%B6zi%20rep%C3%BCl%C5%91t%C3%A9r%2C%20l%C3%A9gifelv%C3%A9tel.jpg,Hungary,https://en.wikipedia.org/wiki/Budapest_Ferenc_Liszt_International_Airport,102
Q505421,Riga International Airport,airports,Point(23.970833333 56.920833333),http://commons.wikimedia.org/wiki/Special:FilePath/Riga%20Airport.JPG,Latvia,https://en.wikipedia.org/wiki/Riga_International_Airport,102
Q1432871,Simferopol International Airport,airports,Point(33.975277777 45.052222222),http://commons.wikimedia.org/wiki/Special:FilePath/%D0%90%D1%8D%D1%80%D0%BE%D0%BF%D0%BE%D1%80%D1%82%20%D0%A1%D0%B8%D0%BC%D1%84%D0%B5%D1%80%D0%BE%D0%BF%D0%BE%D0%BB%D1%8C.jpg,Ukraine,https://en.wikipedia.org/wiki/Simferopol_International_Airport,102
Q847711,Vilnius Airport,airports,Point(25.287777777 54.636944444),http://commons.wikimedia.org/wiki/Special:FilePath/Vilnius%20Airport%20main%20entrance.jpg,Lithuania,https://en.wikipedia.org/wiki/Vilnius_Airport,102
Q849347,Venice Marco Polo Airport,airports,Point(12.351944444 45.505277777),http://commons.wikimedia.org/wiki/Special:FilePath/Aeroporto%20di%20Venezia%20-%20vue%20aerienne.jpg,Italy,https://en.wikipedia.org/wiki/Venice_Marco_Polo_Airport,102
Q1198791,Hamad International Airport,airports,Point(51.608055555 25.273055555),http://commons.wikimedia.org/wiki/Special:FilePath/Hamad%20International%20Airport%20Qatar.jpg,Qatar,https://en.wikipedia.org/wiki/Hamad_International_Airport,102
Q27706,Hamburg Airport,airports,Point(9.988227777 53.630388888),http://commons.wikimedia.org/wiki/Special:FilePath/Hamburg%20airport%20terminals.jpg,Germany,https://en.wikipedia.org/wiki/Hamburg_Airport,102
Q153592,King Abdulaziz International Airport,airports,Point(39.173027777 21.661694444),http://commons.wikimedia.org/wiki/Special:FilePath/King%20Abdul%20Aziz%20International%20Airport-%20South%20Terminal%20and%20Terminal%201%20%282020-02-16%29.jpeg,Saudi Arabia,https://en.wikipedia.org/wiki/King_Abdulaziz_International_Airport,100
Q44877,Paro Airport,airports,Point(89.420580555 27.408819444),http://commons.wikimedia.org/wiki/Special:FilePath/Paro%20Airport.jpg,Bhutan,https://en.wikipedia.org/wiki/Paro_International_Airport,100
Q403671,Humberto Delgado Airport,airports,Point(-9.134167 38.774167),http://commons.wikimedia.org/wiki/Special:FilePath/Aeroporto%20Lisboa%20-%20panoramio.jpg,Portugal,https://en.wikipedia.org/wiki/Lisbon_Airport,98
Q156971,EuroAirport Basel-Mulhouse-Freiburg,airports,Point(7.5316 47.599696),http://commons.wikimedia.org/wiki/Special:FilePath/Euroairport%20from%20the%20air%20%287262130986%29.jpg,Germany,https://en.wikipedia.org/wiki/EuroAirport_Basel_Mulhouse_Freiburg,98
Q206349,Jomo Kenyatta International Airport,airports,Point(36.9275 -1.319167),http://commons.wikimedia.org/wiki/Special:FilePath/Jomo%20Kenyatta%20International%20Airport%20%28JKIA%29.jpg,Kenya,https://en.wikipedia.org/wiki/Jomo_Kenyatta_International_Airport,98
Q8691,London Heathrow Airport,airports,Point(-0.461389 51.4775),http://commons.wikimedia.org/wiki/Special:FilePath/London%20-%20Heathrow%20%28LHR%20-%20EGLL%29%20AN1572653.jpg,United Kingdom,https://en.wikipedia.org/wiki/Heathrow_Airport,98
Q139921,Keflavík Airport,airports,Point(-22.605555555 63.985),http://commons.wikimedia.org/wiki/Special:FilePath/SSJ100%20Keflavik%20runways%20%285160518757%29.jpg,Iceland,https://en.wikipedia.org/wiki/Keflav%C3%ADk_International_Airport,96
Q734729,Tehran Imam Khomeini International Airport,airports,Point(51.152222222 35.416111111),http://commons.wikimedia.org/wiki/Special:FilePath/IKA%20Airport%20main%20terminal%20%28cropped%29.jpg,Iran,https://en.wikipedia.org/wiki/Imam_Khomeini_International_Airport,96
Q821557,Nice Côte d'Azur Airport,airports,Point(7.215 43.665277777),http://commons.wikimedia.org/wiki/Special:FilePath/A%C3%A9roport%20Nice%20vue%20a%C3%A9rienne.jpg,France,https://en.wikipedia.org/wiki/Nice_C%C3%B4te_d%27Azur_Airport,96
Q860559,Aeropuerto Internacional Benito Juárez,airports,Point(-99.071944 19.436111),http://commons.wikimedia.org/wiki/Special:FilePath/Benitojuarezarptaerial.jpg,Mexico,https://en.wikipedia.org/wiki/Mexico_City_International_Airport,96
Q39231,Mount Fuji,volcanoes,Point(138.7275 35.360555555),http://commons.wikimedia.org/wiki/Special:FilePath/Kodaki%20fuji%20frm%20shojinko%20refurb.jpg,Japan,https://en.wikipedia.org/wiki/Mount_Fuji,290
Q524,Mount Vesuvius,volcanoes,Point(14.42919 40.82261),http://commons.wikimedia.org/wiki/Special:FilePath/Il%20cratere%20del%20Vulcano%20-%20panoramio.jpg,Italy,https://en.wikipedia.org/wiki/Mount_Vesuvius,268
Q72303,Mount Ararat,volcanoes,Point(44.298333333 39.701944444),http://commons.wikimedia.org/wiki/Special:FilePath/00%202399%20Mount%20Ararat%2C%20Turkey.jpg,Turkey,https://en.wikipedia.org/wiki/Mount_Ararat,218
Q38954,Teide,volcanoes,Point(-16.643611111 28.272638888),http://commons.wikimedia.org/wiki/Special:FilePath/Teide%20von%20Nordosten%20%28Zuschnitt%202%29.jpg,Spain,https://en.wikipedia.org/wiki/Teide,208
Q7296,Mount Kilimanjaro,volcanoes,Point(37.359166666 -3.066666666),http://commons.wikimedia.org/wiki/Special:FilePath/Mt.%20Kilimanjaro%2012.2006.jpg,Tanzania,https://en.wikipedia.org/wiki/Mount_Kilimanjaro,183
Q1018862,Bárðarbunga,volcanoes,Point(-17.527777777 64.640833333),http://commons.wikimedia.org/wiki/Special:FilePath/Vatnaj%C3%B6kull.jpeg,Iceland,https://en.wikipedia.org/wiki/B%C3%A1r%C3%B0arbunga,160
Q188698,Kīlauea,volcanoes,Point(-155.286762 19.421097),http://commons.wikimedia.org/wiki/Special:FilePath/Kilauea%20-%20Landsat%20mosaic.jpg,United States,https://en.wikipedia.org/wiki/K%C4%ABlauea,128
Q207680,Mount Kazbek,volcanoes,Point(44.518888888 42.696944444),http://commons.wikimedia.org/wiki/Special:FilePath/Mkinvarcveri.jpg,Russia,https://en.wikipedia.org/wiki/Mount_Kazbek,126
Q76309,Mount Pelée,volcanoes,Point(-61.165555555 14.813055555),http://commons.wikimedia.org/wiki/Special:FilePath/La%20Pel%C3%A9e%20vue%20du%20Carbet.jpg,France,https://en.wikipedia.org/wiki/Mount_Pel%C3%A9e,124
Q184975,Hekla,volcanoes,Point(-19.665833333 63.992222222),http://commons.wikimedia.org/wiki/Special:FilePath/2006-05-21-153901%20Iceland%20St%C3%B3rin%C3%BApur.jpg,Iceland,https://en.wikipedia.org/wiki/Hekla,124
Q194215,Île Amsterdam,volcanoes,Point(77.554722222 -37.825833333),http://commons.wikimedia.org/wiki/Special:FilePath/Amsterdam%20ASTER.jpg,France,https://en.wikipedia.org/wiki/%C3%8Ele_Amsterdam,124
Q16990,Mount Etna,volcanoes,Point(14.993220288 37.750834514),http://commons.wikimedia.org/wiki/Special:FilePath/View%20of%20Mount%20Etna%20from%20Reggio%20Calabria%20-%20Italy%20-%2010%20Feb.%202017%20-%20%281%29.jpg,Italy,https://en.wikipedia.org/wiki/Mount_Etna,124
Q214696,Mount Nyiragongo,volcanoes,Point(29.25 -1.516666666),http://commons.wikimedia.org/wiki/Special:FilePath/Lava%20Lake%20Nyiragongo%202.jpg,Democratic Republic of the Congo,https://en.wikipedia.org/wiki/Mount_Nyiragongo,114
Q231620,Parícutin,volcanoes,Point(-102.251 19.493),http://commons.wikimedia.org/wiki/Special:FilePath/Paricut%C3%ADn%20volcano.jpg,Mexico,https://en.wikipedia.org/wiki/Par%C3%ADcutin,114
Q214916,Llullaillaco,volcanoes,Point(-68.536666666 -24.719722222),http://commons.wikimedia.org/wiki/Special:FilePath/Habitat%20du%20Chinchilla%20brevicaudata%20-%20Lllullaillaco.jpg,Argentina,https://en.wikipedia.org/wiki/Llullaillaco,112
Q455963,Mount Apo,volcanoes,Point(125.270833333 6.9875),http://commons.wikimedia.org/wiki/Special:FilePath/The%20Ring%20of%20Mt.%20Apo.jpg,Philippines,https://en.wikipedia.org/wiki/Mount_Apo,108
Q242730,Mount Asama,volcanoes,Point(138.5197806 36.4070864),http://commons.wikimedia.org/wiki/Special:FilePath/Mt.Asama%20%28From%20saku%20city%29.jpg,Japan,https://en.wikipedia.org/wiki/Mount_Asama,104
Q859354,Lassen Peak,volcanoes,Point(-121.505 40.488055555),http://commons.wikimedia.org/wiki/Special:FilePath/Lassen%20Peak%20in%20June%202020.jpg,United States,https://en.wikipedia.org/wiki/Lassen_Peak,99
Q126804,Mount Erciyes,volcanoes,Point(35.45 38.531666666),http://commons.wikimedia.org/wiki/Special:FilePath/Turkey.Mount%20Erciyes01.jpg,Turkey,https://en.wikipedia.org/wiki/Mount_Erciyes,98
Q1301834,Mount Scenery,volcanoes,Point(-63.239166666 17.635),http://commons.wikimedia.org/wiki/Special:FilePath/Saba%20with%20cloud%20cover.jpg,Netherlands,https://en.wikipedia.org/wiki/Mount_Scenery,93
Q695846,Nyamuragira,volcanoes,Point(29.2 -1.408333333),http://commons.wikimedia.org/wiki/Special:FilePath/Nyamulagira%20volcano%20%2820439939664%29.jpg,Democratic Republic of the Congo,https://en.wikipedia.org/wiki/Nyamuragira,88
Q839630,Koryaksky,volcanoes,Point(158.683333333 53.316666666),http://commons.wikimedia.org/wiki/Special:FilePath/D0807I14-HarbourTour.jpg,Russia,https://en.wikipedia.org/wiki/Koryaksky,84
Q14081,Chimborazo,volcanoes,Point(-78.8175 -1.469166666),http://commons.wikimedia.org/wiki/Special:FilePath/Volc%C3%A1n%20Chimborazo%20desde%20Riobamba.jpg,Ecuador,https://en.wikipedia.org/wiki/Chimborazo,84
Q134108,Merapi,volcanoes,Point(110.446111111 -7.541388888),http://commons.wikimedia.org/wiki/Special:FilePath/Mount%20Merapi%20Not%20Just%20a%20Legend%20and%20Mythology.jpg,Indonesia,https://en.wikipedia.org/wiki/Mount_Merapi,79
Q40758,Damavand,volcanoes,Point(52.109166666 35.955277777),http://commons.wikimedia.org/wiki/Special:FilePath/981012-Damavand-South-IMG%209861-2.jpg,Iran,https://en.wikipedia.org/wiki/Mount_Damavand,79
Q107635,Baekdu Mountain,volcanoes,Point(128.077222222 41.992777777),http://commons.wikimedia.org/wiki/Special:FilePath/Baitou%20Mountain%20Tianchi.jpg,North Korea,https://en.wikipedia.org/wiki/Mount_Paektu,75
Q845239,Soufrière Hills,volcanoes,Point(-62.183333333 16.716666666),http://commons.wikimedia.org/wiki/Special:FilePath/Soufriere%20Hills.jpg,United Kingdom,https://en.wikipedia.org/wiki/Soufri%C3%A8re_Hills,74
Q168714,Tambora,volcanoes,Point(117.992777777 -8.245277777),http://commons.wikimedia.org/wiki/Special:FilePath/Caldera%20Mt%20Tambora%20Sumbawa%20Indonesia.jpg,Indonesia,https://en.wikipedia.org/wiki/Mount_Tambora,73
Q181157,Popocatépetl,volcanoes,Point(-98.623434 19.023386),http://commons.wikimedia.org/wiki/Special:FilePath/Mexico-Popocatepetl.jpg,Mexico,https://en.wikipedia.org/wiki/Popocat%C3%A9petl,72
Q14831565,Tamu Massif,volcanoes,Point(158.0 33.0),http://commons.wikimedia.org/wiki/Special:FilePath/Tamu%20Massif%2C%20the%20Earth%27s%20largest%20volcano%2C%20about%201%2C000%20Miles%20east%20of%20Japan.jpg,Unknown,https://en.wikipedia.org/wiki/Tamu_Massif,72
Q188982,Mount Erebus,volcanoes,Point(167.283333333 -77.533333333),http://commons.wikimedia.org/wiki/Special:FilePath/Mt%20erebus.jpg,Unknown,https://en.wikipedia.org/wiki/Mount_Erebus,69
Q1451,Pinatubo,volcanoes,Point(120.35 15.13),http://commons.wikimedia.org/wiki/Special:FilePath/Pinatubo%20Crater%20Lake%20%28052005%29.jpg,Philippines,https://en.wikipedia.org/wiki/Mount_Pinatubo,67
Q1026302,Calbuco,volcanoes,Point(-72.611111111 -41.332777777),http://commons.wikimedia.org/wiki/Special:FilePath/Calbuco%2011%20Feb%202010%20zoomed%20in.jpg,Chile,https://en.wikipedia.org/wiki/Calbuco_(volcano),66
Q181476,Cotopaxi volcano,volcanoes,Point(-78.437777777 -0.680555555),http://commons.wikimedia.org/wiki/Special:FilePath/V%C3%B3lcan%20Cotopaxi.jpg,Ecuador,https://en.wikipedia.org/wiki/Cotopaxi,65
Q190562,Mount Cameroon,volcanoes,Point(9.1725 4.216666666),http://commons.wikimedia.org/wiki/Special:FilePath/Le%20Char%20des%20Dieux%20-%20Fako%20Mountain%20-%20Mount%20Cameroon%20National%20Park%20-%20R%C3%A9gion%20du%20Sud-ouest.jpg,Cameroon,https://en.wikipedia.org/wiki/Mount_Cameroon,59
Q937167,Rano Raraku,volcanoes,Point(-109.288888888 -27.121944444),http://commons.wikimedia.org/wiki/Special:FilePath/Rano-Raraku-from-South.jpg,Chile,https://en.wikipedia.org/wiki/Rano_Raraku,54
Q207284,Mount Ruapehu,volcanoes,Point(175.568611111 -39.281666666),http://commons.wikimedia.org/wiki/Special:FilePath/00%201100%20Ruapehu%20volcano.jpg,New Zealand,https://en.wikipedia.org/wiki/Mount_Ruapehu,52
Q233351,Nevado del Ruiz,volcanoes,Point(-75.3225 4.895277777),http://commons.wikimedia.org/wiki/Special:FilePath/Nevado%20del%20Ruiz%201985.jpg,Colombia,https://en.wikipedia.org/wiki/Nevado_del_Ruiz,52
Q1122340,Rincón de la Vieja Volcano,volcanoes,Point(-85.323888888 10.83),http://commons.wikimedia.org/wiki/Special:FilePath/Guanacaste%20National%20Park.jpg,Costa Rica,https://en.wikipedia.org/wiki/Rinc%C3%B3n_de_la_Vieja_Volcano,50
Q152872,Ball's Pyramid,volcanoes,Point(159.251666666 -31.754166666),http://commons.wikimedia.org/wiki/Special:FilePath/Balls%20Pyramid%2C%20Lord%20Howe%20Marine%20Park%201008.jpg,Australia,https://en.wikipedia.org/wiki/Ball%27s_Pyramid,49
Q859376,Volcán de Fuego,volcanoes,Point(-90.880833333 14.474722222),http://commons.wikimedia.org/wiki/Special:FilePath/Volc%C3%A1n%20de%20Fuego%20and%20Acatenango.jpg,Guatemala,https://en.wikipedia.org/wiki/Volc%C3%A1n_de_Fuego,49
Q903,Erta Ale,volcanoes,Point(40.6634 13.603),http://commons.wikimedia.org/wiki/Special:FilePath/ET%20Afar%20asv2018-01%20img98%20way%20to%20Ertale.jpg,Ethiopia,https://en.wikipedia.org/wiki/Erta_Ale,48
Q494645,Hallasan,volcanoes,Point(126.516666666 33.35),http://commons.wikimedia.org/wiki/Special:FilePath/%ED%95%9C%EB%9D%BC%EC%82%B01.jpg,South Korea,https://en.wikipedia.org/wiki/Hallasan,46
Q1513696,Kolumbo,volcanoes,Point(25.491667 36.516667),http://commons.wikimedia.org/wiki/Special:FilePath/Kolumbo%20crater%20NOAA.jpg,Greece,https://en.wikipedia.org/wiki/Kolumbo,46
Q499108,Pico do Fogo,volcanoes,Point(-24.340369444 14.949269444),http://commons.wikimedia.org/wiki/Special:FilePath/Pico-94-117-13.jpg,Cape Verde,https://en.wikipedia.org/wiki/Pico_do_Fogo,45
Q235062,Galeras,volcanoes,Point(-77.366666666 1.216666666),http://commons.wikimedia.org/wiki/Special:FilePath/Volc%C3%A1n%20Galeras%20%28cropped%29.jpg,Colombia,https://en.wikipedia.org/wiki/Galeras,45
Q732838,Mount Elgon,volcanoes,Point(34.5265 1.1185),http://commons.wikimedia.org/wiki/Special:FilePath/Mount%20elgon%20topo.jpg,Uganda,https://en.wikipedia.org/wiki/Mount_Elgon,44
Q525281,Mount Saint Catherine,volcanoes,Point(-61.675277777 12.162222222),http://commons.wikimedia.org/wiki/Special:FilePath/Mount%20Saint%20Catherine%20Summit.jpg,Grenada,https://en.wikipedia.org/wiki/Mount_Saint_Catherine_(Grenada),44
Q914225,Inaccessible Island,volcanoes,Point(-12.674444444 -37.3025),http://commons.wikimedia.org/wiki/Special:FilePath/Inaccessible%20Island%20ASTER.jpg,United Kingdom,https://en.wikipedia.org/wiki/Inaccessible_Island,44
Q814113,Beerenberg,volcanoes,Point(-8.155880555 71.079666666),http://commons.wikimedia.org/wiki/Special:FilePath/Beerenberg%20Jan%20Mayen.JPG,Norway,https://en.wikipedia.org/wiki/Beerenberg,43
Q6583,Sahara,deserts,Point(12.612222222 23.079722222),http://commons.wikimedia.org/wiki/Special:FilePath/Sahara%20real%20color.jpg,Sudan,https://en.wikipedia.org/wiki/Sahara,221
Q36755,Sinai Peninsula,deserts,Point(34.0 29.5),http://commons.wikimedia.org/wiki/Special:FilePath/Mont%20sinai2.jpg,Egypt,https://en.wikipedia.org/wiki/Sinai_Peninsula,131
Q42070,Gobi Desert,deserts,Point(103.0 42.5),http://commons.wikimedia.org/wiki/Special:FilePath/Mongolia%20%2835427009881%29.jpg,Mongolia,https://en.wikipedia.org/wiki/Gobi_Desert,116
Q47141,Atacama Desert,deserts,Point(-69.25 -24.5),http://commons.wikimedia.org/wiki/Special:FilePath/Atacama.png,Chile,https://en.wikipedia.org/wiki/Atacama_Desert,104
Q47700,Kalahari Desert,deserts,Point(22.0 -23.0),http://commons.wikimedia.org/wiki/Special:FilePath/Kalahari.png,Namibia,https://en.wikipedia.org/wiki/Kalahari_Desert,103
Q162843,Negev,deserts,Point(34.916666666 30.5),http://commons.wikimedia.org/wiki/Special:FilePath/Negev-2005-1.JPG,Israel,https://en.wikipedia.org/wiki/Negev,96
Q132956,Taklamakan,deserts,Point(82.2 38.9),http://commons.wikimedia.org/wiki/Special:FilePath/Taklamakan-d43.jpg,People's Republic of China,https://en.wikipedia.org/wiki/Taklamakan_Desert,90
Q172702,Karakum Desert,deserts,Point(60.0 39.0),http://commons.wikimedia.org/wiki/Special:FilePath/MAKarakum6.jpg,Russian Empire,https://en.wikipedia.org/wiki/Karakum_Desert,90
Q131377,Namib,deserts,Point(15.0 -23.0),http://commons.wikimedia.org/wiki/Special:FilePath/Namib%20Desert%20surface.jpg,Namibia,https://en.wikipedia.org/wiki/Namib,89
Q172691,Thar Desert,deserts,Point(71.001666666 26.984444444),http://commons.wikimedia.org/wiki/Special:FilePath/Thar%20desert%20Rajasthan%20India.jpg,Pakistan,https://en.wikipedia.org/wiki/Thar_Desert,82
Q118388,Death Valley,deserts,Point(-116.865280555 36.456938888),http://commons.wikimedia.org/wiki/Special:FilePath/Badwater%20Desolation.jpg,United States,https://en.wikipedia.org/wiki/Death_Valley,79
Q145165,Great Victoria Desert,deserts,Point(129.259722222 -29.152222222),http://commons.wikimedia.org/wiki/Special:FilePath/Australia.A2002231.0145.250m%20NASA%20Nullarbor.jpg,Australia,https://en.wikipedia.org/wiki/Great_Victoria_Desert,77
Q208299,Arabian Desert,deserts,Point(42.368055555 18.267222222),http://commons.wikimedia.org/wiki/Special:FilePath/Arabian%20Desert%20-%20panoramio.jpg,United Arab Emirates,https://en.wikipedia.org/wiki/Arabian_Desert,73
Q184364,Kyzyl Kum,deserts,Point(63.461388888 42.441111111),http://commons.wikimedia.org/wiki/Special:FilePath/Dzhangeldy%20Uzbekistan%202008.JPG,Turkmenistan,https://en.wikipedia.org/wiki/Kyzylkum_Desert,71
Q184355,Mojave Desert,deserts,Point(-115.475 35.008333333),http://commons.wikimedia.org/wiki/Special:FilePath/Calico%20basin%20red%20rock%20cumulus%20mediocris.jpg,United States,https://en.wikipedia.org/wiki/Mojave_Desert,70
Q339162,Syrian Desert,deserts,Point(38.75 33.4),http://commons.wikimedia.org/wiki/Special:FilePath/Valley%20of%20the%20Tombs%2C%20Panoramic%20view%2C%20Palmyra%2C%20Syria.jpg,Syria,https://en.wikipedia.org/wiki/Syrian_desert,70
Q229269,Rub' al Khali,deserts,Point(50.0 20.0),http://commons.wikimedia.org/wiki/Special:FilePath/Rub%20al%20Khali%20002.JPG,United Arab Emirates,https://en.wikipedia.org/wiki/Rub%27_al_Khali,69
Q189429,Sonoran Desert,deserts,Point(-112.926111111 32.26),http://commons.wikimedia.org/wiki/Special:FilePath/AguaFriaNM%20%28cropped%29.jpeg,Mexico,https://en.wikipedia.org/wiki/Sonoran_Desert,67
Q181528,Libyan Desert,deserts,Point(25.0 24.0),http://commons.wikimedia.org/wiki/Special:FilePath/Libyan%20Desert%20-%202006.jpg,Sudan,https://en.wikipedia.org/wiki/Libyan_Desert,65
Q767128,Dasht-e Lut,deserts,Point(59.241111111 30.263888888),http://commons.wikimedia.org/wiki/Special:FilePath/Sand%20castles%20-%20Dasht-e%20Lut%20desert%20-%20Kerman.JPG,Iran,https://en.wikipedia.org/wiki/Lut_Desert,63
Q2088454,Registan Desert,deserts,Point(65.407105555 30.453408333),http://commons.wikimedia.org/wiki/Special:FilePath/Caravane%20dans%20le%20d%C3%A9sert%20du%20Registan%20%28Afghanistan%29%20en%201969.jpg,Afghanistan,https://en.wikipedia.org/wiki/Registan_Desert,58
Q326896,Great Sandy Desert,deserts,Point(125.0 -20.0),http://commons.wikimedia.org/wiki/Special:FilePath/Landsat%20art%20-%20Great%20Sandy%20Desert%2C%20Australia.jpg,Australia,https://en.wikipedia.org/wiki/Great_Sandy_Desert,54
Q272514,Dasht-e Kavir,deserts,Point(54.8271 34.737555555),http://commons.wikimedia.org/wiki/Special:FilePath/Dasht-e%20Kavir%202%2C%20Iran.JPG,Iran,https://en.wikipedia.org/wiki/Great_Salt_Desert,50
Q1537020,Grand Erg Occidental,deserts,Point(0.0 30.666666666),http://commons.wikimedia.org/wiki/Special:FilePath/Grand%20erg%20occidental.jpg,Algeria,https://en.wikipedia.org/wiki/Grand_Erg_Occidental,50
Q464909,Nubian Desert,deserts,Point(33.0 20.5),http://commons.wikimedia.org/wiki/Special:FilePath/Nubian%20Desert%20%288651154432%29.jpg,Sudan,https://en.wikipedia.org/wiki/Nubian_Desert,50
Q272577,Gibson Desert,deserts,Point(127.996666666 -23.73),http://commons.wikimedia.org/wiki/Special:FilePath/Gibson%20Desert%20and%20moon%20from%20Alfred%20%26%20Marie%20Range.jpg,Australia,https://en.wikipedia.org/wiki/Gibson_Desert,48
Q749205,An Nafud,deserts,Point(41.0 28.3),http://commons.wikimedia.org/wiki/Special:FilePath/ISS-64%20Jubba%20with%20Nefud%20Desert%2C%20Saudi%20Arabia.jpg,Saudi Arabia,https://en.wikipedia.org/wiki/Nafud_desert,48
Q280158,Aralkum,deserts,Point(60.5 45.0),http://commons.wikimedia.org/wiki/Special:FilePath/Aral%20Sea.gif,Uzbekistan,https://en.wikipedia.org/wiki/Aralkum_Desert,47
Q211839,Simpson Desert,deserts,Point(137.42 -24.57),http://commons.wikimedia.org/wiki/Special:FilePath/Simpson-Desert-2007-12-16-NASA.jpg,Australia,https://en.wikipedia.org/wiki/Simpson_Desert,47
Q2046004,Judaean Desert,deserts,Point(35.3 31.7),http://commons.wikimedia.org/wiki/Special:FilePath/JudeanDesert.jpg,Palestine,https://en.wikipedia.org/wiki/Judaean_Desert,47
Q97,Atlantic Ocean,oceans,Point(-30.0 0.0),http://commons.wikimedia.org/wiki/Special:FilePath/Atlantic%20Ocean.png,Unknown,https://en.wikipedia.org/wiki/Atlantic_Ocean,266
Q98,Pacific Ocean,oceans,Point(-160.0 0.0),http://commons.wikimedia.org/wiki/Special:FilePath/Pacific%20Ocean.png,Unknown,https://en.wikipedia.org/wiki/Pacific_Ocean,261
Q545,Baltic Sea,seas,Point(20.0 58.0),http://commons.wikimedia.org/wiki/Special:FilePath/SvetlogorskRauschen%2005-2017%20img11%20beach.jpg,Latvia,https://en.wikipedia.org/wiki/Baltic_Sea,398
Q4918,Mediterranean Sea,seas,Point(17.0 38.0),http://commons.wikimedia.org/wiki/Special:FilePath/Mediterranean%20Sea%20political%20map-en.svg,Palestine,https://en.wikipedia.org/wiki/Mediterranean_Sea,271
Q1239,Indian Ocean,seas,Point(80.0 -20.0),http://commons.wikimedia.org/wiki/Special:FilePath/Indian%20Ocean-CIA%20WFB%20Map.png,Unknown,https://en.wikipedia.org/wiki/Indian_Ocean,246
Q166,Black Sea,seas,Point(34.26 43.41),http://commons.wikimedia.org/wiki/Special:FilePath/Black%20Sea%20Nasa%20May%2025%202004.jpg,Republic of Abkhazia,https://en.wikipedia.org/wiki/Black_Sea,234
Q44133,White Sea,seas,Point(39.0 65.8),http://commons.wikimedia.org/wiki/Special:FilePath/Seagull%20in%20the%20White%20sea.jpg,Russia,https://en.wikipedia.org/wiki/White_Sea,224
Q3040,Hudson Bay,seas,Point(-85.0 60.0),http://commons.wikimedia.org/wiki/Special:FilePath/Hudson%20Bay%202008-07-21%20by%20Aqua.jpg,Canada,https://en.wikipedia.org/wiki/Hudson_Bay,204
Q5484,Caspian Sea,seas,Point(50.5 42.0),http://commons.wikimedia.org/wiki/Special:FilePath/Caspian%20Sea%20from%20orbit.jpg,Turkmenistan,https://en.wikipedia.org/wiki/Caspian_Sea,204
Q1693,North Sea,seas,Point(3.6825 56.459),http://commons.wikimedia.org/wiki/Special:FilePath/North%20Sea%2002%20ubt.jpeg,Germany,https://en.wikipedia.org/wiki/North_Sea,189
Q23406,Red Sea,seas,Point(38.0 22.0),http://commons.wikimedia.org/wiki/Special:FilePath/Red%20Sea%2037.95521E%2021.41271N.jpg,Sudan,https://en.wikipedia.org/wiki/Red_Sea,189
Q1247,Caribbean Sea,seas,Point(-75.0 15.0),http://commons.wikimedia.org/wiki/Special:FilePath/50%20Shades%20Of%20Blue%20%28187611681%29.jpeg,Puerto Rico,https://en.wikipedia.org/wiki/Caribbean_Sea,180
Q184189,Labrador Sea,seas,Point(-56.612777777 60.683888888),http://commons.wikimedia.org/wiki/Special:FilePath/HamiltonInlet%202006.PNG,Kingdom of Denmark,https://en.wikipedia.org/wiki/Labrador_Sea,168
Q34675,Persian Gulf,seas,Point(52.0 26.0),http://commons.wikimedia.org/wiki/Special:FilePath/PersianGulf%20vue%20satellite%20du%20golfe%20persique.jpg,United Arab Emirates,https://en.wikipedia.org/wiki/Persian_Gulf,158
Q34575,Aegean Sea,seas,Point(25.3 38.5),http://commons.wikimedia.org/wiki/Special:FilePath/Aegeansea.jpg,Turkey,https://en.wikipedia.org/wiki/Aegean_Sea,153
Q13924,Adriatic Sea,seas,Point(15.426111 42.775833),http://commons.wikimedia.org/wiki/Special:FilePath/Adriatic%20Sea%202003.jpg,Montenegro,https://en.wikipedia.org/wiki/Adriatic_Sea,151
Q37660,South China Sea,seas,Point(113.0 12.0),http://commons.wikimedia.org/wiki/Special:FilePath/Mar%20de%20China%20Meridional%20-%20BM%20WMS%202004.jpg,Philippines,https://en.wikipedia.org/wiki/South_China_Sea,143
Q58705,Arabian Sea,seas,Point(64.0 16.0),http://commons.wikimedia.org/wiki/Special:FilePath/Arabian%20Sea%20-%20n22e70.jpg,India,https://en.wikipedia.org/wiki/Arabian_Sea,135
Q12630,Gulf of Mexico,seas,Point(-90.0 25.0),http://commons.wikimedia.org/wiki/Special:FilePath/Golf%20von%20Mexiko%20NASA%20World%20Wind%20Globe.jpg,Cuba,https://en.wikipedia.org/wiki/Gulf_of_Mexico,134
Q35000,Sea of Azov,seas,Point(37.0 46.0),http://commons.wikimedia.org/wiki/Special:FilePath/Long%20Spit%20Sea%20of%20Azov%2C%20Yeisk%20district%2C%20Krasnodar%20region.jpg,Ukraine,https://en.wikipedia.org/wiki/Sea_of_Azov,130
Q34640,English Channel,seas,Point(-2.0 50.0),http://commons.wikimedia.org/wiki/Special:FilePath/EnglishChannel.jpg,United Kingdom,https://en.wikipedia.org/wiki/English_Channel,128
Q27092,Sea of Japan,seas,Point(135.0 40.0),http://commons.wikimedia.org/wiki/Special:FilePath/Sea%20of%20Japan%20Map%20en.png,South Korea,https://en.wikipedia.org/wiki/Sea_of_Japan,127
Q4127,Lake Constance,lakes,Point(9.316666666 47.65),http://commons.wikimedia.org/wiki/Special:FilePath/Vorfr%C3%BChling%20am%20Bodensee.jpg,Germany,https://en.wikipedia.org/wiki/Lake_Constance,400
Q35342,Titicaca,lakes,Point(-69.325 -15.825),http://commons.wikimedia.org/wiki/Special:FilePath/00%201635%20Reed%20Islands%20of%20Lake%20Titicaca.jpg,Bolivia,https://en.wikipedia.org/wiki/Lake_Titicaca,396
Q5513,Lake Baikal,lakes,Point(108.00472222 53.30277778),http://commons.wikimedia.org/wiki/Special:FilePath/Olkhon%20Island%20and%20Lake%20Baikal.jpg,Russia,https://en.wikipedia.org/wiki/Lake_Baikal,360
Q1066,Lake Superior,lakes,Point(-87.760021944 47.528816111),http://commons.wikimedia.org/wiki/Special:FilePath/Lake%20Superior%2C%20ISS.jpg,United States,https://en.wikipedia.org/wiki/Lake_Superior,333
Q23883,Dead Sea,lakes,Point(35.4845 31.5207),http://commons.wikimedia.org/wiki/Special:FilePath/Dead%20Sea%20by%20David%20Shankbone.jpg,Palestine,https://en.wikipedia.org/wiki/Dead_Sea,326
Q5505,Lake Victoria,lakes,Point(33.0 -1.0),http://commons.wikimedia.org/wiki/Special:FilePath/Getting%20out%20to%20fish%20at%20dusk.jpg,Uganda,https://en.wikipedia.org/wiki/Lake_Victoria,308
Q6383,Lake Balaton,lakes,Point(17.72 46.85),http://commons.wikimedia.org/wiki/Special:FilePath/Balatonlelle%2C%20Balaton%2C%2049.jpg,Hungary,https://en.wikipedia.org/wiki/Lake_Balaton,291
Q126307,Lake Van,lakes,Point(42.816666666 38.633333333),http://commons.wikimedia.org/wiki/Special:FilePath/Lakevanlandsat.jpeg,Turkey,https://en.wikipedia.org/wiki/Lake_Van,270
Q42191,Issyk-Kul,lakes,Point(77.25 42.416666666),http://commons.wikimedia.org/wiki/Special:FilePath/Issyk%20Kul.jpg,Kyrgyzstan,https://en.wikipedia.org/wiki/Issyk-Kul,261
Q125309,Lake Chad,lakes,Point(14.504634512 13.099263031),http://commons.wikimedia.org/wiki/Special:FilePath/LakeChadCameroonTown.jpg,Nigeria,https://en.wikipedia.org/wiki/Lake_Chad,206
Q134485,Lake Balkhash,lakes,Point(74.878888888 46.540833333),http://commons.wikimedia.org/wiki/Special:FilePath/STS039-085-00E%20Lake%20Balkhash%2C%20Kazakhstan%20April%201991.jpg,Kazakhstan,https://en.wikipedia.org/wiki/Lake_Balkhash,178
Q182719,Lake Turkana,lakes,Point(36.016666666 4.05),http://commons.wikimedia.org/wiki/Special:FilePath/LakeTurkanaSouthIsland.jpg,Ethiopia,https://en.wikipedia.org/wiki/Lake_Turkana,166
Q648902,Lake Bled,lakes,Point(14.094722222 46.364444444),http://commons.wikimedia.org/wiki/Special:FilePath/Aerial%20image%20of%20Lake%20Bled%20%28view%20from%20the%20southwest%29.jpg,Slovenia,https://en.wikipedia.org/wiki/Lake_Bled,165
Q199551,Urmia Lake,lakes,Point(45.405 37.662),http://commons.wikimedia.org/wiki/Special:FilePath/Lake%20urmia%201984.jpg,Iran,https://en.wikipedia.org/wiki/Lake_Urmia,164
Q125912,Lake Kivu,lakes,Point(29.135277777 -1.853055555),http://commons.wikimedia.org/wiki/Special:FilePath/LakeKivu%20satellite.jpg,Rwanda,https://en.wikipedia.org/wiki/Lake_Kivu,160
Q464945,Poopó Lake,lakes,Point(-67.024722222 -18.781944444),http://commons.wikimedia.org/wiki/Special:FilePath/Poopo%201991.jpg,Bolivia,https://en.wikipedia.org/wiki/Lake_Poop%C3%B3,159
Q329266,Crater Lake,lakes,Point(-122.106666666 42.943611111),http://commons.wikimedia.org/wiki/Special:FilePath/Day%20181%20-%20Crater%20Lake%2C%20Oregon%20%2818695528363%29.jpg,United States,https://en.wikipedia.org/wiki/Crater_Lake,156
Q5511,Lake Tanganyika,lakes,Point(29.5 -6.1),http://commons.wikimedia.org/wiki/Special:FilePath/Lake%20Tanganyika.jpg,Democratic Republic of the Congo,https://en.wikipedia.org/wiki/Lake_Tanganyika,146
Q152044,Lake Vostok,lakes,Point(106.0 -77.5),http://commons.wikimedia.org/wiki/Special:FilePath/Lake%20Vostok%20Sat%20Photo%20color.jpg,Unknown,https://en.wikipedia.org/wiki/Lake_Vostok,144
Q503301,Salton Sea,lakes,Point(-115.8391 33.3377),http://commons.wikimedia.org/wiki/Special:FilePath/Salton%20Sea%20from%20Space.jpg,United States,https://en.wikipedia.org/wiki/Salton_Sea,144
Q201294,Qinghai Lake,lakes,Point(100.0 37.0),http://commons.wikimedia.org/wiki/Special:FilePath/%E9%9D%92%E6%B5%B7%E6%B9%96%E8%88%AA%E6%8B%8D.jpg,People's Republic of China,https://en.wikipedia.org/wiki/Qinghai_Lake,142
Q35883,Aral Sea,lakes,Point(60.0 45.0),http://commons.wikimedia.org/wiki/Special:FilePath/Aral%20Sea%201989-2008.jpg,Uzbekistan,https://en.wikipedia.org/wiki/Aral_Sea,140
Q200239,Lake Biwa,lakes,Point(136.08 35.255),http://commons.wikimedia.org/wiki/Special:FilePath/Top%20view%20of%20Lake%20Biwa.jpg,Japan,https://en.wikipedia.org/wiki/Lake_Biwa,132
Q156258,Lake Ohrid,lakes,Point(20.716666666 41.033333333),http://commons.wikimedia.org/wiki/Special:FilePath/Lake%20Ohrid%2C%20Macedonia-Albania%20viewed%20from%20a%20NASA%20satellite.jpg,Albania,https://en.wikipedia.org/wiki/Lake_Ohrid,124
Q6396,Neusiedl Lake,lakes,Point(16.75 47.833333333),http://commons.wikimedia.org/wiki/Special:FilePath/Neusiedler%20See%20im%20Winter.jpg,Austria,https://en.wikipedia.org/wiki/Lake_Neusiedl,124
Q203137,Lake Inari,lakes,Point(27.6017069 68.9596511),http://commons.wikimedia.org/wiki/Special:FilePath/BoatInari1.jpg,Finland,https://en.wikipedia.org/wiki/Lake_Inari,122
Q203811,Lake Skadar,lakes,Point(19.309 42.1814),http://commons.wikimedia.org/wiki/Special:FilePath/Skadarsko%20Jezero.jpg,Montenegro,https://en.wikipedia.org/wiki/Lake_Skadar,108
Q549267,Laacher See,lakes,Point(7.27 50.4125),http://commons.wikimedia.org/wiki/Special:FilePath/Laacher%20See%20-%20Luftaufnahme.jpg,Germany,https://en.wikipedia.org/wiki/Laacher_See,108
Q1062,Lake Ontario,lakes,Point(-78.106388888 43.728888888),http://commons.wikimedia.org/wiki/Special:FilePath/ISS-36%20Lake%20Ontario%20%28horizontal%29.jpg,Canada,https://en.wikipedia.org/wiki/Lake_Ontario,106
Q5532,Lake Malawi,lakes,Point(34.366666666 -12.183333333),http://commons.wikimedia.org/wiki/Special:FilePath/Cape%20McLear%2C%20Malawi%20%282498445835%29.jpg,Mozambique,https://en.wikipedia.org/wiki/Lake_Malawi,103
Q576704,Lake Annecy,lakes,Point(6.166666666 45.85),http://commons.wikimedia.org/wiki/Special:FilePath/Lac%20d%27Annecy%20from%20Col%20de%20la%20Forclaz.jpg,France,https://en.wikipedia.org/wiki/Lake_Annecy,102
Q5492,Lake Erie,lakes,Point(-80.999722222 42.25),http://commons.wikimedia.org/wiki/Special:FilePath/A1.23188.1851.LakeErie.143.250m.jpg,Canada,https://en.wikipedia.org/wiki/Lake_Erie,101
Q1383,Lake Huron,lakes,Point(-82.756293 44.592584),http://commons.wikimedia.org/wiki/Special:FilePath/Lake%20Huron%20in%20winter.jpg,Canada,https://en.wikipedia.org/wiki/Lake_Huron,100
Q6403,Lake Geneva,lakes,Point(6.55 46.45),http://commons.wikimedia.org/wiki/Special:FilePath/Lake%20Geneva%20aerial.jpg,France,https://en.wikipedia.org/wiki/Lake_Geneva,100
Q211823,Lake Tuz,lakes,Point(33.333333333 38.833333333),http://commons.wikimedia.org/wiki/Special:FilePath/Lake%20Tuz.jpg,Turkey,https://en.wikipedia.org/wiki/Lake_Tuz,98
Q15288,Lake Ladoga,lakes,Point(31.459722222 60.842777777),http://commons.wikimedia.org/wiki/Special:FilePath/Sortavalan%20saaristoa.jpg,Russia,https://en.wikipedia.org/wiki/Lake_Ladoga,98
Q126982,Sea of Galilee,lakes,Point(35.590033 32.818906),http://commons.wikimedia.org/wiki/Special:FilePath/Lake%20Tiberias%20%28Sea%20of%20Galilee%29%2C%20Northern%20Israel.jpg,Israel,https://en.wikipedia.org/wiki/Sea_of_Galilee,97
Q1032254,Pangong Tso,lakes,Point(78.75 33.704722222),http://commons.wikimedia.org/wiki/Special:FilePath/Pangong%20Tso%202.jpg,India,https://en.wikipedia.org/wiki/Pangong_Tso,92
Q694789,Müggelsee,lakes,Point(13.65 52.433333333),http://commons.wikimedia.org/wiki/Special:FilePath/M%C3%BCggelsee%201.JPG,Germany,https://en.wikipedia.org/wiki/M%C3%BCggelsee,92
Q212209,Mjøsa,lakes,Point(11.0 60.666666666),http://commons.wikimedia.org/wiki/Special:FilePath/Mj%C3%B8sa%201.jpg,Norway,https://en.wikipedia.org/wiki/Mj%C3%B8sa,90
Q753898,Argentino Lake,lakes,Point(-72.766666666 -50.233333333),http://commons.wikimedia.org/wiki/Special:FilePath/Glaciar-Perito-Moreno-01.jpg,Argentina,https://en.wikipedia.org/wiki/Argentino_Lake,88
Q6414,Lake Garda,lakes,Point(10.666666666 45.633333333),http://commons.wikimedia.org/wiki/Special:FilePath/Punta%20San%20Vigilio.jpg,Italy,https://en.wikipedia.org/wiki/Lake_Garda,87
Q125888,Lake Albert,lakes,Point(30.916666666 1.683333333),http://commons.wikimedia.org/wiki/Special:FilePath/Lac%20Albert%202.jpg,Uganda,https://en.wikipedia.org/wiki/Lake_Albert_(Africa),86
Q714023,Heaven Lake,lakes,Point(128.057 42.006),http://commons.wikimedia.org/wiki/Special:FilePath/Baitou%20Mountain%20Tianchi.jpg,North Korea,https://en.wikipedia.org/wiki/Heaven_Lake,86
Q15523,Lake Como,lakes,Point(9.266666666 46.0),http://commons.wikimedia.org/wiki/Special:FilePath/Panoramic%20view%20of%20Como%20Lake%20%28Lago%20di%20Como%29%2C%20seen%20from%20the%20mountain%20Monte%20Grona%20-%20Plesio%20%28Como%29%202015-10-25.JPG,Italy,https://en.wikipedia.org/wiki/Lake_Como,85
Q166162,Lake Onega,lakes,Point(35.655555555 61.690555555),http://commons.wikimedia.org/wiki/Special:FilePath/2%20%D0%B8%D1%8E%D0%BB%D1%8F%202011.%20%D0%9E%D1%82%D0%B4%D1%8B%D1%85%20%D0%BD%D0%B0%20%D0%AF%D0%BD%D0%B8%D0%B3%D1%83%D0%B1%D0%B5.%20-%20panoramio%20%282%29.jpg,Russia,https://en.wikipedia.org/wiki/Lake_Onega,84
Q537695,Taal Lake,lakes,Point(121.016944444 13.9825),http://commons.wikimedia.org/wiki/Special:FilePath/Taal%20volcano%20crater%20lake%2C%20Tagaytay%2C%20Philippines.jpg,Philippines,https://en.wikipedia.org/wiki/Taal_Lake,84
Q1190747,Lake Vanda,lakes,Point(161.575530555 -77.529630555),http://commons.wikimedia.org/wiki/Special:FilePath/Lake%20Vanda%202016%2001.jpg,Unknown,https://en.wikipedia.org/wiki/Lake_Vanda,84
Q720015,Karakul,lakes,Point(73.42 39.04),http://commons.wikimedia.org/wiki/Special:FilePath/%D0%92%D0%B5%D1%80%D1%88%D0%B8%D0%BD%D0%B0%20%D0%A3%D1%80%D1%82%D0%B0%D0%B1%D1%83%D0%B7.%20%D0%92%D0%B4%D0%B0%D0%BB%D0%B8%20-%20%D0%9F%D0%B8%D0%BA%20%D0%9B%D0%B5%D0%BD%D0%B8%D0%BD%D0%B0.%20%D0%92%D0%BD%D0%B8%D0%B7%D1%83%20-%20%D0%BE%D0%B7%D0%B5%D1%80%D0%BE%20%D0%9A%D0%B0%D1%80%D0%B0%D0%BA%D1%83%D0%BB%D1%8C.JPG,Tajikistan,https://en.wikipedia.org/wiki/Karakul_(Tajikistan),84
Q498671,Lake Hillier,lakes,Point(123.202777777 -34.095833333),http://commons.wikimedia.org/wiki/Special:FilePath/Lake%20Hillier%202%20Middle%20Island%20Recherche%20Archipelago%20NR%20IV-2011.JPG,Australia,https://en.wikipedia.org/wiki/Lake_Hillier,80
Q831903,Lake Bohinj,lakes,Point(13.858881 46.283377),http://commons.wikimedia.org/wiki/Special:FilePath/Wocheiner%20See.jpg,Slovenia,https://en.wikipedia.org/wiki/Lake_Bohinj,80
Q14379,Lake Maggiore,lakes,Point(8.714722222 46.098055555),http://commons.wikimedia.org/wiki/Special:FilePath/Lago%20Maggiore%20Traghetto.JPG,Switzerland,https://en.wikipedia.org/wiki/Lake_Maggiore,80
Q173596,Vänern,lakes,Point(13.5 58.916666666),http://commons.wikimedia.org/wiki/Special:FilePath/V%C3%A4nern%20by%20Sentinel-2.jpg,Sweden,https://en.wikipedia.org/wiki/V%C3%A4nern,79
Q173862,Lake Nicaragua,lakes,Point(-85.3563 11.5742),http://commons.wikimedia.org/wiki/Special:FilePath/ISS066-E-103300%20-%20View%20of%20Nicaragua.jpg,Nicaragua,https://en.wikipedia.org/wiki/Lake_Nicaragua,78
Q49650,Loch Ness,lakes,Point(-4.45 57.3),http://commons.wikimedia.org/wiki/Special:FilePath/LochNessUrquhart.jpg,United Kingdom,https://en.wikipedia.org/wiki/Loch_Ness,78
Q183360,Lake Toba,lakes,Point(98.8875 2.67),http://commons.wikimedia.org/wiki/Special:FilePath/Toba%20zoom.jpg,Indonesia,https://en.wikipedia.org/wiki/Lake_Toba,77
Q192770,Saimaa,lakes,Point(28.25 61.25),http://commons.wikimedia.org/wiki/Special:FilePath/Luonteri%20Neitvuori.jpg,Finland,https://en.wikipedia.org/wiki/Saimaa,77
Q163246,Morskie Oko,lakes,Point(20.070833333 49.197222222),http://commons.wikimedia.org/wiki/Special:FilePath/Przelecz%20pod%20chlopkiem.jpg,Poland,https://en.wikipedia.org/wiki/Morskie_Oko,76
Q890651,Lake Bogoria,lakes,Point(36.10178 0.25886),http://commons.wikimedia.org/wiki/Special:FilePath/Lake%20bogoria%20view.jpg,Kenya,https://en.wikipedia.org/wiki/Lake_Bogoria,76
Q390370,Windermere,lakes,Point(-2.936111111 54.358333333),http://commons.wikimedia.org/wiki/Special:FilePath/Lake%20windermere%20in%202005.jpg,United Kingdom,https://en.wikipedia.org/wiki/Windermere,74
Q661235,Lagoa dos Patos,lakes,Point(-51.39 -31.15),http://commons.wikimedia.org/wiki/Special:FilePath/Lagoa%20dos%20Patos%20PIA03444%20lrg.jpg,Brazil,https://en.wikipedia.org/wiki/Lagoa_dos_Patos,74
Q116685,Lake Tana,lakes,Point(37.25 12.0),http://commons.wikimedia.org/wiki/Special:FilePath/ET%20Amhara%20asv2018-02%20img040%20Lake%20Tana%20at%20Gorgora.jpg,Ethiopia,https://en.wikipedia.org/wiki/Lake_Tana,73
Q181932,Lake Sevan,lakes,Point(45.349166666 40.310555555),http://commons.wikimedia.org/wiki/Special:FilePath/Sevan%20aerial.jpg,Armenia,https://en.wikipedia.org/wiki/Lake_Sevan,73
Q511933,Jökulsárlón,lakes,Point(-16.229749191 64.075677496),http://commons.wikimedia.org/wiki/Special:FilePath/J%C3%B6kuls%C3%A1rl%C3%B3n%20%283587109332%29.jpg,Iceland,https://en.wikipedia.org/wiki/J%C3%B6kuls%C3%A1rl%C3%B3n,72
Q575679,Lake Alaotra,lakes,Point(48.5 -17.5),http://commons.wikimedia.org/wiki/Special:FilePath/Lake%20Alaotra%20NASA.jpg,Madagascar,https://en.wikipedia.org/wiki/Lake_Alaotra,72
Q125211,Lake Edward,lakes,Point(29.6 -0.333333333),http://commons.wikimedia.org/wiki/Special:FilePath/Lake%20edward%20sentinel-2.jpg,Uganda,https://en.wikipedia.org/wiki/Lake_Edward,71
Q182137,Lake Maracaibo,lakes,Point(-71.556666666 9.815833333),http://commons.wikimedia.org/wiki/Special:FilePath/Maracaibo%20MODIS%202004jun26.jpg,Venezuela,https://en.wikipedia.org/wiki/Lake_Maracaibo,71
Q310547,Lake Alakol,lakes,Point(81.764166666 46.081111111),http://commons.wikimedia.org/wiki/Special:FilePath/%D0%9E%D0%B7%D0%B5%D1%80%D0%BE%20%D0%90%D0%BB%D0%B0%D0%BA%D0%BE%D0%BB%D1%8C%20%D0%B2%D0%BE%D0%B7%D0%BB%D0%B5%20%D0%9A%D0%B0%D0%B1%D0%B0%D0%BD%D0%B1%D0%B0%D0%B9%20%28%D0%96%D0%B0%D1%80%D0%B1%D1%83%D0%BB%D0%B0%D0%BA%29%20%D1%81%D0%B2%D0%B5%D1%80%D1%85%D1%83-1.jpg,Kazakhstan,https://en.wikipedia.org/wiki/Lake_Alakol,70
Q526440,Great Bitter Lake,lakes,Point(32.3825 30.3225),http://commons.wikimedia.org/wiki/Special:FilePath/Great%20Bitter%20Lake%20from%20space%20%28hires%29.JPG,Egypt,https://en.wikipedia.org/wiki/Great_Bitter_Lake,70
Q19253,Lake Peipus,lakes,Point(27.491666666 58.676666666),http://commons.wikimedia.org/wiki/Special:FilePath/Lake%20Peipus%2C%20LandSat-8%2C%202016-10-20.jpg,Estonia,https://en.wikipedia.org/wiki/Lake_Peipus,67
Q1464758,Lake Enriquillo,lakes,Point(-71.615277777 18.485555555),http://commons.wikimedia.org/wiki/Special:FilePath/Lake%20enriquillo-b.jpg,Dominican Republic,https://en.wikipedia.org/wiki/Lake_Enriquillo,66
Q188195,Vättern,lakes,Point(14.6 58.4),http://commons.wikimedia.org/wiki/Special:FilePath/V%C3%A4ttern%20by%20Sentinel-2.jpg,Sweden,https://en.wikipedia.org/wiki/V%C3%A4ttern,65
Q207690,Poyang Lake,lakes,Point(116.383333333 29.066666666),http://commons.wikimedia.org/wiki/Special:FilePath/Satelites%20image%20of%20Lake%20Poyang.png,People's Republic of China,https://en.wikipedia.org/wiki/Poyang_Lake,65
Q504433,Lake Mweru,lakes,Point(28.5 -9.166666666),http://commons.wikimedia.org/wiki/Special:FilePath/Lake%20mweru.jpg,Democratic Republic of the Congo,https://en.wikipedia.org/wiki/Lake_Mweru,64
Q14418,Lake Lugano,lakes,Point(9.0 46.0),http://commons.wikimedia.org/wiki/Special:FilePath/Lake%20Lugano%20Panorama.jpg,Switzerland,https://en.wikipedia.org/wiki/Lake_Lugano,64
Q76122,Salar de Uyuni,lakes,Point(-67.7 -20.33333),http://commons.wikimedia.org/wiki/Special:FilePath/Salar%20de%20Uyuni%20-%20panoramio%20%2810%29.jpg,Bolivia,https://en.wikipedia.org/wiki/Salar_de_Uyuni,63
Q321193,Lake Abijatta,lakes,Point(38.6 7.616666666),http://commons.wikimedia.org/wiki/Special:FilePath/Flamingoes%20on%20Lake%20Abiyatta.jpg,Ethiopia,https://en.wikipedia.org/wiki/Lake_Abijatta,63
Q184492,Mälaren,lakes,Point(17.2 59.5),http://commons.wikimedia.org/wiki/Special:FilePath/M%C3%A4laren%20Slagsta%202009.jpg,Sweden,https://en.wikipedia.org/wiki/M%C3%A4laren,63
Q199938,Tonlé Sap,lakes,Point(104.066666666 12.883333333),http://commons.wikimedia.org/wiki/Special:FilePath/Tonlesap.jpg,Cambodia,https://en.wikipedia.org/wiki/Tonl%C3%A9_Sap,63
Q14407,Lake Zurich,lakes,Point(8.6775 47.2475),http://commons.wikimedia.org/wiki/Special:FilePath/Zuerichsee.jpg,Switzerland,https://en.wikipedia.org/wiki/Lake_Zurich,63
Q233627,Lake Manasarovar,lakes,Point(81.5 30.666666666),http://commons.wikimedia.org/wiki/Special:FilePath/Mansarovar.jpg,People's Republic of China,https://en.wikipedia.org/wiki/Lake_Manasarovar,61
Q179839,Golden Horn,lakes,Point(28.961111111 41.029166666),http://commons.wikimedia.org/wiki/Special:FilePath/Istanbul%20panorama%20%2816293921746%29.jpg,Turkey,https://en.wikipedia.org/wiki/Golden_Horn,60
Q192215,Khövsgöl Lake,lakes,Point(100.5 51.1),http://commons.wikimedia.org/wiki/Special:FilePath/Hovsgol.jpg,Mongolia,https://en.wikipedia.org/wiki/Lake_Kh%C3%B6vsg%C3%B6l,60
Q1324437,Femund,lakes,Point(11.9 62.183333333),http://commons.wikimedia.org/wiki/Special:FilePath/Engerdal%20Femunden.jpg,Norway,https://en.wikipedia.org/wiki/Femunden,60
Q3358037,North Aral Sea,lakes,Point(60.7 46.5),http://commons.wikimedia.org/wiki/Special:FilePath/AralSea%20ComparisonApr2005-06.jpg,Kazakhstan,https://en.wikipedia.org/wiki/North_Aral_Sea,60
Q188487,Lake Trasimeno,lakes,Point(12.1 43.14),http://commons.wikimedia.org/wiki/Special:FilePath/Lago%20Trasimeno%20vito%20con%20il%20drone.jpg,Italy,https://en.wikipedia.org/wiki/Lake_Trasimeno,59
Q204392,Lake Prespa,lakes,Point(21.05 40.9),http://commons.wikimedia.org/wiki/Special:FilePath/Lake%20Prespa%20Albania.jpg,Albania,https://en.wikipedia.org/wiki/Lake_Prespa,59
Q384811,Don Juan Pond,lakes,Point(161.191166666 -77.562277777),http://commons.wikimedia.org/wiki/Special:FilePath/DonJuanSTILL.0660%20web.jpg,New Zealand,https://en.wikipedia.org/wiki/Don_Juan_Pond,58
Q268631,Lake Nokoué,lakes,Point(2.425555555 6.432777777),http://commons.wikimedia.org/wiki/Special:FilePath/Lake%20Nokoue%20NASA.jpg,Benin,https://en.wikipedia.org/wiki/Lake_Nokou%C3%A9,58
Q584201,Lake Amadeus,lakes,Point(130.916666666 -24.75),http://commons.wikimedia.org/wiki/Special:FilePath/Lake%20Amadeus%20ESA345627.jpg,Australia,https://en.wikipedia.org/wiki/Lake_Amadeus,58
Q584255,Chott Melrhir,lakes,Point(6.256666666 34.237777777),http://commons.wikimedia.org/wiki/Special:FilePath/Chott%20Melrhir%20NASA.jpg,Algeria,https://en.wikipedia.org/wiki/Chott_Melrhir,58
Q2005708,O'Higgins/San Martín Lake,lakes,Point(-72.6 -48.833333333),http://commons.wikimedia.org/wiki/Special:FilePath/Lago%20O%27Higgins%203.jpg,Argentina,https://en.wikipedia.org/wiki/O%27Higgins/San_Mart%C3%ADn_Lake,58
Q1142015,Salar de Atacama,lakes,Point(-68.266666666 -23.416666666),http://commons.wikimedia.org/wiki/Special:FilePath/Salar%20de%20Atacama.jpg,Chile,https://en.wikipedia.org/wiki/Salar_de_Atacama,58
Q700635,Weissensee,lakes,Point(13.34049 46.7055),http://commons.wikimedia.org/wiki/Special:FilePath/Weissensee%20K%C3%A4rnten%20Techendorf%202013%2007a.jpg,Austria,https://en.wikipedia.org/wiki/Weissensee_(Carinthia),58
Q182796,Lake Nasser,lakes,Point(31.86 22.5),http://commons.wikimedia.org/wiki/Special:FilePath/Abu%20Simbel%2C%20Nefertari%20Temple%2C%20Lake%20Nasser%2C%20Egypt%2C%20Oct%202004.jpg,Sudan,https://en.wikipedia.org/wiki/Lake_Nasser,57
Q199903,Lake Taupō,lakes,Point(175.916666666 -38.816666666),http://commons.wikimedia.org/wiki/Special:FilePath/Lake%20taupo%20landsat.jpg,New Zealand,https://en.wikipedia.org/wiki/Lake_Taup%C5%8D,57
Q2024048,Lake Tsimanampetsotsa,lakes,Point(43.751111111 -24.109444444),http://commons.wikimedia.org/wiki/Special:FilePath/Lake%20Tsimanampetsotsa%20NASA.jpg,Madagascar,https://en.wikipedia.org/wiki/Lake_Tsimanampetsotsa,57
Q201679,Lake Volta,lakes,Point(0.2 7.4),http://commons.wikimedia.org/wiki/Special:FilePath/Volta%20lake.jpg,Ghana,https://en.wikipedia.org/wiki/Lake_Volta,55
Q4121,IJsselmeer,lakes,Point(5.25 52.816666666),http://commons.wikimedia.org/wiki/Special:FilePath/North%20Holland%2C%20Flevoland%20and%20parts%20of%20Friesland%20by%20Sentinel-2%2C%202018-06-30%20%28small%20version%29.jpg,Netherlands,https://en.wikipedia.org/wiki/IJsselmeer,55
Q207468,Bay of Kotor,lakes,Point(18.67 42.45),http://commons.wikimedia.org/wiki/Special:FilePath/Kotor%20Bay%20of%20Kotor%2007.jpg,Montenegro,https://en.wikipedia.org/wiki/Bay_of_Kotor,54
Q34221,Niagara Falls,waterfalls,Point(-79.071 43.08),http://commons.wikimedia.org/wiki/Special:FilePath/Niagara%20Falls%20USA%20Canada%20from%20Skylon%20Tower%20on%202002-05-28%2C%20full%20size.jpg,United States,https://en.wikipedia.org/wiki/Niagara_Falls,268
Q43278,Victoria Falls,waterfalls,Point(25.858055555 -17.924777777),http://commons.wikimedia.org/wiki/Special:FilePath/Cataratas%20Victoria%2C%20Zambia-Zimbabue%2C%202018-07-27%2C%20DD%2005.jpg,Zimbabwe,https://en.wikipedia.org/wiki/Victoria_Falls,218
Q36332,Iguaçu Falls,waterfalls,Point(-54.436666666 -25.695277777),http://commons.wikimedia.org/wiki/Special:FilePath/00%201854%20Iguaz%C3%BA-Wasserf%C3%A4lle%20-%20S%C3%BCdamerika.jpg,Argentina,https://en.wikipedia.org/wiki/Iguazu_Falls,196
Q80299,Angel Falls,waterfalls,Point(-62.536222222 5.970055555),http://commons.wikimedia.org/wiki/Special:FilePath/SaltoAngel4.jpg,Venezuela,https://en.wikipedia.org/wiki/Angel_Falls,93
Q214924,Rhine Falls,waterfalls,Point(8.615833333 47.677222222),http://commons.wikimedia.org/wiki/Special:FilePath/Chutes%20du%20Rhin%20-%20Octobre%202021.jpg,Switzerland,https://en.wikipedia.org/wiki/Rhine_Falls,48
Q210280,Dettifoss,waterfalls,Point(-16.388169444 65.821919444),http://commons.wikimedia.org/wiki/Special:FilePath/Dettifoss%20Panorama%2003.jpg,Iceland,https://en.wikipedia.org/wiki/Dettifoss,47
Q38519,Gullfoss,waterfalls,Point(-20.119399731 64.327330041),http://commons.wikimedia.org/wiki/Special:FilePath/GullfossOverview.jpg,Iceland,https://en.wikipedia.org/wiki/Gullfoss,46
Q672241,Jog Falls,waterfalls,Point(74.816386111 14.231766666),http://commons.wikimedia.org/wiki/Special:FilePath/Jog%20Falls%20at%20Shimoga.jpg,India,https://en.wikipedia.org/wiki/Jog_Falls,41
Q777882,Seljalandsfoss,waterfalls,Point(-19.988276152 63.615451569),http://commons.wikimedia.org/wiki/Special:FilePath/Seljalandsfoss%20-%20panoramio%20%287%29.jpg,Iceland,https://en.wikipedia.org/wiki/Seljalandsfoss,40
Q223649,Tugela Falls,waterfalls,Point(28.8941 -28.7522),http://commons.wikimedia.org/wiki/Special:FilePath/Tugela%20Falls.jpg,South Africa,https://en.wikipedia.org/wiki/Tugela_Falls,40
Q491677,Yosemite Falls,waterfalls,Point(-119.597297 37.755018),http://commons.wikimedia.org/wiki/Special:FilePath/Yosemite%20falls%20winter%202010.JPG,United States,https://en.wikipedia.org/wiki/Yosemite_Falls,40
Q38161,Khone Phapheng Falls,waterfalls,Point(105.986666666 13.959722222),http://commons.wikimedia.org/wiki/Special:FilePath/Khone%20Phapheng%20Falls%20-%201.jpg,Laos,https://en.wikipedia.org/wiki/Khone_Phapheng_Falls,39
Q38417,Boyoma Falls,waterfalls,Point(25.206388888 0.491111111),http://commons.wikimedia.org/wiki/Special:FilePath/Zaire%20kisangani%20stroom%2011%20copy.jpg,Democratic Republic of the Congo,https://en.wikipedia.org/wiki/Boyoma_Falls,39
Q38120,Kaieteur Falls,waterfalls,Point(-59.482277777 5.178111111),http://commons.wikimedia.org/wiki/Special:FilePath/GuyanaKaieteurFalls2004.jpg,Guyana,https://en.wikipedia.org/wiki/Kaieteur_Falls,38
Q183395,Reichenbach Falls,waterfalls,Point(8.183055555 46.713611111),http://commons.wikimedia.org/wiki/Special:FilePath/Schattenhalb%20Reichenbachfall%207-05-2024%2010-56-28.jpg,Switzerland,https://en.wikipedia.org/wiki/Reichenbach_Falls,37
Q639731,Krimml Waterfalls,waterfalls,Point(12.171388888 47.198055555),http://commons.wikimedia.org/wiki/Special:FilePath/1444%20-%20Nationalpark%20Hohe%20Tauern%20-%20Krimmler%20Wasserf%C3%A4lle.JPG,Austria,https://en.wikipedia.org/wiki/Krimml_Waterfalls,37
Q495475,Murchison Falls,waterfalls,Point(31.683347222 2.277313888),http://commons.wikimedia.org/wiki/Special:FilePath/Murchison%20Falls%20from%20above.jpg,Uganda,https://en.wikipedia.org/wiki/Murchison_Falls,35
Q559340,Livingstone Falls,waterfalls,Point(15.207777777 -4.321944444),http://commons.wikimedia.org/wiki/Special:FilePath/Chutes%20Livingstone.jpg,Republic of the Congo,https://en.wikipedia.org/wiki/Livingstone_Falls,35
Q37580,Kegon Falls,waterfalls,Point(139.502 36.737888888),http://commons.wikimedia.org/wiki/Special:FilePath/Kegon%20Taki.jpg,Japan,https://en.wikipedia.org/wiki/Kegon_Falls,34
Q38432,Huangguoshu Waterfall,waterfalls,Point(105.666 25.992),http://commons.wikimedia.org/wiki/Special:FilePath/HuangguoshuFall.jpg,People's Republic of China,https://en.wikipedia.org/wiki/Huangguoshu_Waterfall,33
Q38212,Ouzoud Falls,waterfalls,Point(-6.718888888 32.015277777),http://commons.wikimedia.org/wiki/Special:FilePath/Cascades%20d%27ouzoud%20maroc%2001.jpg,Morocco,https://en.wikipedia.org/wiki/Ouzoud_Falls,32
Q37401,Jägala Waterfall,waterfalls,Point(25.178637 59.449922),http://commons.wikimedia.org/wiki/Special:FilePath/J%C3%A4gala%20Juga%20%28J%C3%A4galafallet%29.JPG,Estonia,https://en.wikipedia.org/wiki/J%C3%A4gala_Waterfall,32
Q1266055,Blue Nile Falls,waterfalls,Point(37.5878 11.4905),http://commons.wikimedia.org/wiki/Special:FilePath/ET%20Bahir%20Dar%20asv2018-02%20img17%20Tis%20Issat.jpg,Ethiopia,https://en.wikipedia.org/wiki/Blue_Nile_Falls,31
Q38580,Cascata delle Marmore,waterfalls,Point(12.715247611 42.551162),http://commons.wikimedia.org/wiki/Special:FilePath/George%20Augustus%20Wallis%20%281761-1847%29%20-%20The%20Marble%20Falls%2C%20Terni%20-%20PD.29-1997%20-%20Fitzwilliam%20Museum.jpg,Italy,https://en.wikipedia.org/wiki/Cascata_delle_Marmore,31
Q38852,Keila Waterfall,waterfalls,Point(24.294725 59.396002777),http://commons.wikimedia.org/wiki/Special:FilePath/Keila%20juga%20%28suvi%202011%29.jpg,Estonia,https://en.wikipedia.org/wiki/Keila_Falls,31
Q940892,Guaíra Falls,waterfalls,Point(-54.284 -24.073),http://commons.wikimedia.org/wiki/Special:FilePath/Salto%20das%20Sete%20Quedas.jpg,Paraguay,https://en.wikipedia.org/wiki/Gua%C3%ADra_Falls,30
Q2326924,Pitsusköngäs,waterfalls,Point(21.27833 69.20045),http://commons.wikimedia.org/wiki/Special:FilePath/Pihtsusk%C3%B6ng%C3%A4s.JPG,Finland,https://en.wikipedia.org/wiki/Pitsusk%C3%B6ng%C3%A4s,30
Q38339,Seven Sisters waterfall,waterfalls,Point(7.094222222 62.107027777),http://commons.wikimedia.org/wiki/Special:FilePath/Geirangerfjord%20Wasserfaelle%20I.jpg,Norway,https://en.wikipedia.org/wiki/Seven_Sisters_Waterfall,30
Q39544,Augrabies Falls,waterfalls,Point(20.340833333 -28.591388888),http://commons.wikimedia.org/wiki/Special:FilePath/Augrabies%20Falls%2C%20March%202008.jpg,South Africa,https://en.wikipedia.org/wiki/Augrabies_Falls,30
Q187918,Epupa Falls,waterfalls,Point(13.25 -17.0),http://commons.wikimedia.org/wiki/Special:FilePath/Epupa%20Falls%20%28detail%29.jpg,Namibia,https://en.wikipedia.org/wiki/Epupa_Falls,28
Q512389,Gocta Cataracts,waterfalls,Point(-77.887222222 -6.023055555),http://commons.wikimedia.org/wiki/Special:FilePath/Catarata%20de%20Gocta%2C%202023%20%2806%29.jpg,Peru,https://en.wikipedia.org/wiki/Gocta_Cataracts,28
Q983252,Ban Gioc–Detian Falls,waterfalls,Point(106.721944444 22.856388888),http://commons.wikimedia.org/wiki/Special:FilePath/Ban%20Gioc%20-%20Detian%20Falls2.jpg,Vietnam,https://en.wikipedia.org/wiki/Ban_Gioc%E2%80%93Detian_Falls,28
Q940305,Kalandula Falls,waterfalls,Point(16.003333333 -9.075833333),http://commons.wikimedia.org/wiki/Special:FilePath/Kalandula%20Falls%20C.jpg,Angola,https://en.wikipedia.org/wiki/Kalandula_Falls,27
Q798283,Kalambo Falls,waterfalls,Point(31.23955 -8.59642),http://commons.wikimedia.org/wiki/Special:FilePath/Kalambo%20Falls.jpg,Zambia,https://en.wikipedia.org/wiki/Kalambo_Falls,26
Q3361971,Vinnufossen,waterfalls,Point(8.66994 62.66345),http://commons.wikimedia.org/wiki/Special:FilePath/Vinnufossen%2C%20Sunndal%2C%20Norway%20%28front%29.jpg,Norway,https://en.wikipedia.org/wiki/Vinnufossen,26
Q37545,Dudhsagar Falls,waterfalls,Point(74.314161111 15.312769444),http://commons.wikimedia.org/wiki/Special:FilePath/Doodhsagar%20Fall.jpg,India,https://en.wikipedia.org/wiki/Dudhsagar_Falls,26
Q37472,Kravica,waterfalls,Point(17.60833 43.15583),http://commons.wikimedia.org/wiki/Special:FilePath/Waterfalls%20Kravica%205%2C%20Bosnia%20and%20Herzegovina.jpg,Bosnia and Herzegovina,https://en.wikipedia.org/wiki/Kravica_(waterfall),26
Q1101379,Ruacana Falls,waterfalls,Point(14.216944444 -17.393611111),http://commons.wikimedia.org/wiki/Special:FilePath/Ruacana%20Falls%20at%20High%20Water%20from%20close%20distance%20in%2003-2011.%20Author%20Tom%20Jakobi.JPG,Namibia,https://en.wikipedia.org/wiki/Ruacana_Falls,25
Q2584261,Kuang Si Falls,waterfalls,Point(101.991666666 19.749166666),http://commons.wikimedia.org/wiki/Special:FilePath/Kuang%20Si%20Falls%20and%20a%20turquoise%20water%20pool%20in%20Luang%20Prabang%20province%20Laos.jpg,Laos,https://en.wikipedia.org/wiki/Kuang_Si_Falls,25
Q686835,Staubbach Falls,waterfalls,Point(7.905505555 46.58965),http://commons.wikimedia.org/wiki/Special:FilePath/Lauterbrunnen%20Staubbach.jpg,Switzerland,https://en.wikipedia.org/wiki/Staubbach_Falls,25
Q291233,Churchill River,waterfalls,Point(-60.170833333 53.360277777),http://commons.wikimedia.org/wiki/Special:FilePath/Churchill%20river%20newfoundland%20and%20churchill%20falls.PNG,Canada,https://en.wikipedia.org/wiki/Churchill_River_(Atlantic),25
Q37683,Maletsunyane Falls,waterfalls,Point(28.051666666 -29.868611111),http://commons.wikimedia.org/wiki/Special:FilePath/Maletsunyanefalls.JPG,Lesotho,https://en.wikipedia.org/wiki/Maletsunyane_Falls,25
Q38397,Shivanasamudra Falls,waterfalls,Point(77.283333333 12.3),http://commons.wikimedia.org/wiki/Special:FilePath/Shivanasamudra%20Falls%20%28August%202018%29%202.jpg,India,https://en.wikipedia.org/wiki/Shivanasamudra_Falls,25
Q38588,Vøringfossen,waterfalls,Point(7.251138888 60.426888888),http://commons.wikimedia.org/wiki/Special:FilePath/00%20N216%20V%C3%B8ringsfossen%20-%20Norwegen.jpg,Norway,https://en.wikipedia.org/wiki/V%C3%B8ringsfossen,25
Q37426,Valaste Waterfall,waterfalls,Point(27.335277777 59.443888888),http://commons.wikimedia.org/wiki/Special:FilePath/Valaste%20waterfall%2C%20June%202010%2C%202.jpg,Estonia,https://en.wikipedia.org/wiki/Valaste_Falls,25
Q1939427,Venta Rapid,waterfalls,Point(21.978888888 56.968055555),http://commons.wikimedia.org/wiki/Special:FilePath/Ventas%20rapid%20kuldiga%20latvia.jpg,Latvia,https://en.wikipedia.org/wiki/Venta_Rapid,24
Q1365882,Nachi Falls,waterfalls,Point(135.891 33.672),http://commons.wikimedia.org/wiki/Special:FilePath/Kumano%20Kodo%20World%20heritage%20Nachi-no-taki%20%E7%86%8A%E9%87%8E%E5%8F%A4%E9%81%93%20%E9%82%A3%E6%99%BA%E5%A4%A7%E6%BB%9D10.JPG,Japan,https://en.wikipedia.org/wiki/Nachi_Falls,24
Q37319,Multnomah Falls,waterfalls,Point(-122.115361111 45.57595),http://commons.wikimedia.org/wiki/Special:FilePath/Multnomah%20Falls%20on%202%20August%202012.jpg,United States,https://en.wikipedia.org/wiki/Multnomah_Falls,24
Q37403,Njupeskär,waterfalls,Point(12.688333333 61.636111111),http://commons.wikimedia.org/wiki/Special:FilePath/Fulufj%C3%A4llet%2010.JPG,Sweden,https://en.wikipedia.org/wiki/Njupesk%C3%A4r,24
Q38408,Sutherland Falls,waterfalls,Point(167.730277777 -44.800277777),http://commons.wikimedia.org/wiki/Special:FilePath/Sutherland%20Falls.jpg,New Zealand,https://en.wikipedia.org/wiki/Sutherland_Falls,23
Q38323,Yumbilla Falls,waterfalls,Point(-77.9012 -5.9199),http://commons.wikimedia.org/wiki/Special:FilePath/Catarata%20Yumbilla.jpg,Peru,https://en.wikipedia.org/wiki/Yumbilla_Falls,22
Q2666468,Düden Waterfalls,waterfalls,Point(30.7269 36.9638),http://commons.wikimedia.org/wiki/Special:FilePath/Upper%20Duden%20Falls.jpg,Turkey,https://en.wikipedia.org/wiki/D%C3%BCden_Waterfalls,21
Q38445,Smolare Falls,waterfalls,Point(22.899166666 41.365277777),http://commons.wikimedia.org/wiki/Special:FilePath/Smolarski%20vodopad%2018.JPG,North Macedonia,https://en.wikipedia.org/wiki/Smolare_Falls,21
Q3123675,Mutarazi Falls,waterfalls,Point(32.7925 -18.4842),http://commons.wikimedia.org/wiki/Special:FilePath/Mutarazi%20Falls00.jpg,Zimbabwe,https://en.wikipedia.org/wiki/Mutarazi_Falls,20
Q490295,Tequendama Falls,waterfalls,Point(-74.293388888 4.574861111),http://commons.wikimedia.org/wiki/Special:FilePath/Tequendamasaltobta.jpg,Colombia,https://en.wikipedia.org/wiki/Tequendama_Falls,19
Q2990535,Uchan-su,waterfalls,Point(34.092222222 44.4925),http://commons.wikimedia.org/wiki/Special:FilePath/%D0%A3%D1%87%D0%B0%D0%BD-%D0%A1%D1%83.jpg,Ukraine,https://en.wikipedia.org/wiki/Uchan-su_(waterfall),19
Q577886,Agua Azul,waterfalls,Point(-92.11595 17.255702777),http://commons.wikimedia.org/wiki/Special:FilePath/Cascadas%20de%20Agua%20Azul%204.jpg,Mexico,https://en.wikipedia.org/wiki/Agua_Azul,19
Q602973,Hukou Waterfalls,waterfalls,Point(110.443888888 36.147222222),http://commons.wikimedia.org/wiki/Special:FilePath/Hukou%20Waterfall.jpg,People's Republic of China,https://en.wikipedia.org/wiki/Hukou_Waterfalls,19
Q1496402,Gavarnie Falls,waterfalls,Point(-0.004438888 42.693330555),http://commons.wikimedia.org/wiki/Special:FilePath/Gavarnie-Cirque.JPG,France,https://en.wikipedia.org/wiki/Gavarnie_Falls,19
Q38144,Trollhättan Falls,waterfalls,Point(12.278333333 58.281666666),http://commons.wikimedia.org/wiki/Special:FilePath/Trollhattefallen.jpg,Sweden,https://en.wikipedia.org/wiki/Trollh%C3%A4ttan_Falls,19
Q38411,Shiraito Falls,waterfalls,Point(138.588888888 35.3125),http://commons.wikimedia.org/wiki/Special:FilePath/N2%20Shiraito%20Falls%202.jpg,Japan,https://en.wikipedia.org/wiki/Shiraito_Falls,19
Q37389,High Force,waterfalls,Point(-2.1875 54.650277777),http://commons.wikimedia.org/wiki/Special:FilePath/High%20force.jpg,United Kingdom,https://en.wikipedia.org/wiki/High_Force,19
Q2608119,Caracol Falls,waterfalls,Point(-50.854444444 -29.311186111),http://commons.wikimedia.org/wiki/Special:FilePath/Caracol%20falls%20%282%20April%202008%29.jpg,Brazil,https://en.wikipedia.org/wiki/Caracol_Falls,18
Q739181,Athabasca Falls,waterfalls,Point(-117.883611111 52.664166666),http://commons.wikimedia.org/wiki/Special:FilePath/Athabasca%20Falls%20-%20Jasper.jpg,Canada,https://en.wikipedia.org/wiki/Athabasca_Falls,18
Q391146,Laja Falls,waterfalls,Point(-72.383333333 -37.215555555),http://commons.wikimedia.org/wiki/Special:FilePath/Salto%20del%20Laja%202019%20%282%29.jpg,Chile,https://en.wikipedia.org/wiki/Laja_Falls,18
Q1373778,Horseshoe Falls,waterfalls,Point(-79.07562 43.077305),http://commons.wikimedia.org/wiki/Special:FilePath/Niagara%20Falls%206%20db.jpg,Canada,https://en.wikipedia.org/wiki/Horseshoe_Falls,18
Q2994984,Kivach waterfall,waterfalls,Point(33.979722222 62.275277777),http://commons.wikimedia.org/wiki/Special:FilePath/Kivach.jpg,Russia,https://en.wikipedia.org/wiki/Kivach_Falls,18
Q37598,Korab Falls,waterfalls,Point(20.537566666 41.763116666),http://commons.wikimedia.org/wiki/Special:FilePath/Korab%20waterfall1.jpg,North Macedonia,https://en.wikipedia.org/wiki/Korab_Falls,18
Q38369,Shifen waterfall,waterfalls,Point(121.78773889 25.04938889),http://commons.wikimedia.org/wiki/Special:FilePath/ShiFengWaterFall%20002.jpg,Taiwan,https://en.wikipedia.org/wiki/Shifen_Waterfall,18
Q19558,Inga Falls,waterfalls,Point(13.625 -5.5),http://commons.wikimedia.org/wiki/Special:FilePath/Inga03.jpg,Democratic Republic of the Congo,https://en.wikipedia.org/wiki/Inga_Falls,18
Q38593,Baatara gorge waterfall,waterfalls,Point(35.870366666 34.173433333),http://commons.wikimedia.org/wiki/Special:FilePath/Baatara%20gorge.JPG,Lebanon,https://en.wikipedia.org/wiki/Baatara_gorge_waterfall,18
Q552906,Powerscourt Waterfall,waterfalls,Point(-6.211 53.146),http://commons.wikimedia.org/wiki/Special:FilePath/Powerscourt%20Waterfall%2C%202011.jpg,Ireland,https://en.wikipedia.org/wiki/Powerscourt_Waterfall,17
Q1650303,Ngonye Falls,waterfalls,Point(23.57583 -16.65327),http://commons.wikimedia.org/wiki/Special:FilePath/Ngonye%20Falls.jpg,Zambia,https://en.wikipedia.org/wiki/Ngonye_Falls,17
Q959903,Rusumo Falls,waterfalls,Point(30.7925 -2.375277777),http://commons.wikimedia.org/wiki/Special:FilePath/RusumoFalls1.jpg,Rwanda,https://en.wikipedia.org/wiki/Rusumo_Falls,17
Q38413,Shaki Waterfall,waterfalls,Point(45.993888888 39.552222222),http://commons.wikimedia.org/wiki/Special:FilePath/Shaki%20Waterfall%2C%20Armenia%20-%20%D5%87%D5%A1%D6%84%D5%AB%D5%AB%20%D5%BB%D6%80%D5%BE%D5%A5%D5%AA%2C%20%D5%80%D5%A1%D5%B5%D5%A1%D5%BD%D5%BF%D5%A1%D5%B6.jpg,Armenia,https://en.wikipedia.org/wiki/Shaki_Waterfall,17
Q38477,Huka Falls,waterfalls,Point(176.089972 -38.650917),http://commons.wikimedia.org/wiki/Special:FilePath/Huka%20Falls.jpg,New Zealand,https://en.wikipedia.org/wiki/Huka_Falls,17
Q38221,Maria Cristina Falls,waterfalls,Point(124.194444444 8.183333333),http://commons.wikimedia.org/wiki/Special:FilePath/Maria%20Cristina%20Falls%202.jpg,Philippines,https://en.wikipedia.org/wiki/Maria_Cristina_Falls,17
Q1266226,Dunn's River Falls,waterfalls,Point(-77.138055555 18.415833333),http://commons.wikimedia.org/wiki/Special:FilePath/Dunns%20River%20Falls%20climb.JPG,Jamaica,https://en.wikipedia.org/wiki/Dunn%27s_River_Falls,16
Q954384,Karfiguéla waterfalls,waterfalls,Point(-4.821 10.72227778),http://commons.wikimedia.org/wiki/Special:FilePath/Cascades%20de%20karfiguela%20%C3%A0%20Banfora.jpg,Burkina Faso,https://en.wikipedia.org/wiki/Cascades_de_Karfigu%C3%A9la,16
Q37879,Paulo Afonso Falls,waterfalls,Point(-38.195769444 -9.389088888),http://commons.wikimedia.org/wiki/Special:FilePath/Cachoeira%20de%20Paulo%20Afonso%20BA.jpg,Brazil,https://en.wikipedia.org/wiki/Paulo_Afonso_Falls,16
Q38832,Pagsanjan Falls,waterfalls,Point(121.499961111 14.262588888),http://commons.wikimedia.org/wiki/Special:FilePath/Pagsanjan%20Falls.jpg,Philippines,https://en.wikipedia.org/wiki/Pagsanjan_Falls,16
Q37305,Browne Falls,waterfalls,Point(167.0857983 -45.3993512),http://commons.wikimedia.org/wiki/Special:FilePath/Browne%20Falls%20%28Doubtful%20Sound%29.jpg,New Zealand,https://en.wikipedia.org/wiki/Browne_Falls,16
Q650634,Triberg Waterfalls,waterfalls,Point(8.2275 48.126111111),http://commons.wikimedia.org/wiki/Special:FilePath/Triberg3.jpg,Germany,https://en.wikipedia.org/wiki/Triberg_Waterfalls,15
Q3435229,Skakavac Waterfall,waterfalls,Point(18.448841666 43.948622222),http://commons.wikimedia.org/wiki/Special:FilePath/Vodopad%20Skakavac.jpg,Bosnia and Herzegovina,https://en.wikipedia.org/wiki/Skakavac_(Sarajevo),15
Q477594,Lofoi Falls,waterfalls,Point(27.606388888 -10.260277777),http://commons.wikimedia.org/wiki/Special:FilePath/Chutes%20de%20la%20Lofo%C3%AF.jpg,Democratic Republic of the Congo,https://en.wikipedia.org/wiki/Lofoi_Falls,15
Q2097111,Cuquenan Falls,waterfalls,Point(-60.81453 5.19671),http://commons.wikimedia.org/wiki/Special:FilePath/SaltoKukenan.jpg,Venezuela,https://en.wikipedia.org/wiki/Cuquenan_Falls,15
Q980134,Tagbo Falls,waterfalls,Point(0.33311 7.14109),http://commons.wikimedia.org/wiki/Special:FilePath/Tagbo%20Falls%20Ghana.jpg,Ghana,https://en.wikipedia.org/wiki/Tagbo_Falls,15
Q37820,Eas a' Chùal Aluinn,waterfalls,Point(-4.9285 58.204548),http://commons.wikimedia.org/wiki/Special:FilePath/Eas%20a%20Chual%20Aluinn%20from%20Loch%20Beag%20-%20geograph.org.uk%20-%2029980.jpg,United Kingdom,https://en.wikipedia.org/wiki/Eas_a%27_Chual_Aluinn,15
Q40417,Wallaman Falls,waterfalls,Point(145.8017 -18.5922),http://commons.wikimedia.org/wiki/Special:FilePath/Wallaman%20Falls.jpg,Australia,https://en.wikipedia.org/wiki/Wallaman_Falls,15
Q37314,Apsley Falls,waterfalls,Point(151.769558333 -31.050213888),http://commons.wikimedia.org/wiki/Special:FilePath/Apsley%20Falls%202.jpg,Australia,https://en.wikipedia.org/wiki/Apsley_Falls,15
Q155246,Hierve el Agua,waterfalls,Point(-96.276004 16.865519),http://commons.wikimedia.org/wiki/Special:FilePath/Hierve%20el%20agua.JPG,Mexico,https://en.wikipedia.org/wiki/Hierve_el_Agua,14
Q845082,Bøsdalafossur,waterfalls,Point(-7.2396 62.0237),http://commons.wikimedia.org/wiki/Special:FilePath/B%C3%B8sdalafossur%20Wasserfall%20auf%20V%C3%A1gar.jpg,Faroe Islands,https://en.wikipedia.org/wiki/B%C3%B8sdalafossur,14
Q319104,Röthbach Waterfall,waterfalls,Point(13.012 47.503),http://commons.wikimedia.org/wiki/Special:FilePath/R%C3%B6thbachwasserfall%203%20Fassung%202.jpg,Germany,https://en.wikipedia.org/wiki/R%C3%B6thbachfall,14
Q2940841,Glandieu Fall,waterfalls,Point(5.612705 45.666051),http://commons.wikimedia.org/wiki/Special:FilePath/Cascade%20Glandieu.JPG,France,https://en.wikipedia.org/wiki/Glandieu_Fall,14
Q3089832,Hopetoun Falls,waterfalls,Point(143.579722222 -38.657222222),http://commons.wikimedia.org/wiki/Special:FilePath/Hopetoun%20falls.jpg,Australia,https://en.wikipedia.org/wiki/Hopetoun_Falls,14
Q4195389,Gadelsha Falls,waterfalls,Point(58.3722 52.757544444),http://commons.wikimedia.org/wiki/Special:FilePath/Hadelsha%20autumn%20lo.jpg,Russia,https://en.wikipedia.org/wiki/Gadelsha_Falls,14
Q38525,Howick Falls,waterfalls,Point(30.289722222 -29.486666666),http://commons.wikimedia.org/wiki/Special:FilePath/Howick-Falls-November-2009.jpg,South Africa,https://en.wikipedia.org/wiki/Howick_Falls,14
Q606130,Gouina Falls,waterfalls,Point(-11.1025 14.015),http://commons.wikimedia.org/wiki/Special:FilePath/Chutes%20Gouina3.jpg,Mali,https://en.wikipedia.org/wiki/Gouina_Falls,13
Q487912,Ripon Falls,waterfalls,Point(33.193522222 0.433913888),http://commons.wikimedia.org/wiki/Special:FilePath/Ripon%20Falls01.jpg,Uganda,https://en.wikipedia.org/wiki/Ripon_Falls,13
Q2941680,Tres Hermanas Falls,waterfalls,Point(-73.648055555 -11.978055555),http://commons.wikimedia.org/wiki/Special:FilePath/Tres%20Hermanas%20Waterfall.jpg,Peru,https://en.wikipedia.org/wiki/Tres_Hermanas_Falls,13
Q42000,Tahiti,islands,Point(-149.466666666 -17.666666666),http://commons.wikimedia.org/wiki/Special:FilePath/Tahiti%20ISS007%2014626.jpg,France,https://en.wikipedia.org/wiki/Tahiti,246
Q34126,Funafuti,islands,Point(179.117361111 -8.504777777),http://commons.wikimedia.org/wiki/Special:FilePath/Funafuti%20township.jpg,Tuvalu,https://en.wikipedia.org/wiki/Funafuti,244
Q43296,Wake Island,islands,Point(166.633333333 19.3),http://commons.wikimedia.org/wiki/Special:FilePath/Aerial%20view%20of%20Wake%20Island%20in%20July%202014.JPG,United States,https://en.wikipedia.org/wiki/Wake_Island,212
Q193331,Kiritimati,islands,Point(-157.4 1.85),http://commons.wikimedia.org/wiki/Special:FilePath/Kiritimati-EO.jpg,Kiribati,https://en.wikipedia.org/wiki/Kiritimati,204
Q16635,Guam,islands,Point(144.8 13.5),http://commons.wikimedia.org/wiki/Special:FilePath/Guam%20satellite%20photo%20map.jpg,United States,https://en.wikipedia.org/wiki/Guam,193
Q46879,Baker Island,islands,Point(-176.479444 0.194722),http://commons.wikimedia.org/wiki/Special:FilePath/Baker%20Island%20Coastline.jpg,United States,https://en.wikipedia.org/wiki/Baker_Island,180
Q161258,Clipperton Island,islands,Point(-109.217222222 10.293888888),http://commons.wikimedia.org/wiki/Special:FilePath/2022-04-20-00%2000%202022-04-20-23%2059%20Sentinel-2%20L2A%20True%20color.jpg,France,https://en.wikipedia.org/wiki/Clipperton_Island,176
Q23666,Great Britain,islands,Point(-2.416666666 53.833333333),http://commons.wikimedia.org/wiki/Special:FilePath/Satellite%20image%20of%20Great%20Britain%20and%20Northern%20Ireland%20in%20April%202002.jpg,United Kingdom,https://en.wikipedia.org/wiki/Great_Britain,171
Q3757,Java,islands,Point(109.418330555 -7.311666666),http://commons.wikimedia.org/wiki/Special:FilePath/Gunung%20Merapi%202006-05-14%2C%20MODIS.jpg,Indonesia,https://en.wikipedia.org/wiki/Java,169
Q22890,Ireland,islands,Point(-7.921 53.351),http://commons.wikimedia.org/wiki/Special:FilePath/Ireland%20%28MODIS%29.jpg,United Kingdom,https://en.wikipedia.org/wiki/Ireland,169
Q62218,Jarvis Island,islands,Point(-159.99699 -0.37207),http://commons.wikimedia.org/wiki/Special:FilePath/Jarvis%20Island%20Guano%20Tramway.jpg,United States,https://en.wikipedia.org/wiki/Jarvis_Island,166
Q131305,Howland Island,islands,Point(-176.616388888 0.806666666),http://commons.wikimedia.org/wiki/Special:FilePath/Howland%20island%20nasa.jpg,United States,https://en.wikipedia.org/wiki/Howland_Island,164
Q14452,Easter Island,islands,Point(-109.35 -27.12),http://commons.wikimedia.org/wiki/Special:FilePath/Easter%20Island%205.jpg,Chile,https://en.wikipedia.org/wiki/Easter_Island,164
Q35581,Hokkaido,islands,Point(142.792222222 43.460555555),http://commons.wikimedia.org/wiki/Special:FilePath/140829%20Ichiko%20of%20Shiretoko%20Goko%20Lakes%20Hokkaido%20Japan04s3.jpg,Japan,https://en.wikipedia.org/wiki/Hokkaido,164
Q34374,Crete,islands,Point(24.893333333 35.309722222),http://commons.wikimedia.org/wiki/Special:FilePath/Crete%20Nasa.jpg,Greece,https://en.wikipedia.org/wiki/Crete,158
Q3492,Sumatra,islands,Point(101.270830555 -0.298888888),http://commons.wikimedia.org/wiki/Special:FilePath/Map%20of%20Sumatra%20in%20Atlas%20sekolah%20Hindia%20Nederland.jpg,Indonesia,https://en.wikipedia.org/wiki/Sumatra,157
Q13353,Montserrat,islands,Point(-62.2 16.75),http://commons.wikimedia.org/wiki/Special:FilePath/Plymouth%20City%20%26%20Volcano.jpg,United Kingdom,https://en.wikipedia.org/wiki/Montserrat,157
Q7343,Great Barrier Reef,islands,Point(145.8 -16.4),http://commons.wikimedia.org/wiki/Special:FilePath/GreatBarrierReef-EO.JPG,Australia,https://en.wikipedia.org/wiki/Great_Barrier_Reef,154
Q31063,Christmas Island,islands,Point(105.6275 -10.49),http://commons.wikimedia.org/wiki/Special:FilePath/Crab%20migration%20extra%20-%20chris%20bray-1.jpg,Australia,https://en.wikipedia.org/wiki/Christmas_Island,153
Q13989,Honshu,islands,Point(138.0 36.0),http://commons.wikimedia.org/wiki/Special:FilePath/Satellite%20image%20of%20Honshu%20in%20May%202003.png,Japan,https://en.wikipedia.org/wiki/Honshu,146
Q34497,Saint Helena,islands,Point(-5.716666666 -15.95),http://commons.wikimedia.org/wiki/Special:FilePath/Saint%20Helena%20Island.jpg,realm of the United Kingdom,https://en.wikipedia.org/wiki/Saint_Helena,146
Q36117,Borneo,islands,Point(114.0 -1.0),http://commons.wikimedia.org/wiki/Special:FilePath/Gunung%20Kongkemul%20Borneo.png,Brunei,https://en.wikipedia.org/wiki/Borneo,146
Q40285,New Guinea,islands,Point(138.559125 -4.1309),http://commons.wikimedia.org/wiki/Special:FilePath/PapuaNG.png,Papua New Guinea,https://en.wikipedia.org/wiki/New_Guinea,146
Q192493,Robben Island,islands,Point(18.37 -33.805),http://commons.wikimedia.org/wiki/Special:FilePath/Robben%20Island%20-%20Cape%20Town%2C%20South%20Africa%20%283883849594%29.jpg,South Africa,https://en.wikipedia.org/wiki/Robben_Island,142
Q2486,Tarawa,islands,Point(173.0 1.433333333),http://commons.wikimedia.org/wiki/Special:FilePath/Tarawa%2C%20Kiribati%20ESA22224800.jpeg,Kiribati,https://en.wikipedia.org/wiki/Tarawa,138
Q13987,Kyushu,islands,Point(131.0 33.0),http://commons.wikimedia.org/wiki/Special:FilePath/Terra%20Kyushu%2020091028.jpg,Japan,https://en.wikipedia.org/wiki/Kyushu,135
Q186841,Devon Island,islands,Point(-88.0 75.25),http://commons.wikimedia.org/wiki/Special:FilePath/Truelove%20Lowlands%20Devon%20Island.jpg,Canada,https://en.wikipedia.org/wiki/Devon_Island,132
Q40846,Tenerife,islands,Point(-16.605555555 28.268611111),http://commons.wikimedia.org/wiki/Special:FilePath/Tenerife%2C%20Canary%20Islands%20ESA23970088.jpeg,Spain,https://en.wikipedia.org/wiki/Tenerife,131
Q201398,Halmahera Island,islands,Point(127.841111111 0.698055555),http://commons.wikimedia.org/wiki/Special:FilePath/Halmahera%20Island%2C%20North%20Maluku%2C%20Indonesia%204.jpg,Indonesia,https://en.wikipedia.org/wiki/Halmahera,130
Q13991,Shikoku,islands,Point(133.5 33.75),http://commons.wikimedia.org/wiki/Special:FilePath/Satellite%20image%20of%20Shikoku%20in%20April%202018.png,Japan,https://en.wikipedia.org/wiki/Shikoku,129
Q152225,Bikini Atoll,islands,Point(165.4 11.6),http://commons.wikimedia.org/wiki/Special:FilePath/Bikini%20Atoll%202001-01-14%2C%20Landsat%207%20ETM%2B%2C%20bands%203-2-1-8.png,Marshall Islands,https://en.wikipedia.org/wiki/Bikini_Atoll,126
Q3812,Sulawesi,islands,Point(121.0 -2.0),http://commons.wikimedia.org/wiki/Special:FilePath/Sulawesi%20topography%20plain.png,Indonesia,https://en.wikipedia.org/wiki/Sulawesi,126
Q8828,Mallorca,islands,Point(2.983333333 39.616666666),http://commons.wikimedia.org/wiki/Special:FilePath/Imagen%20satelital%20de%20Mallorca%20%28Islas%20Baleares%2C%20Espa%C3%B1a%29.jpg,Spain,https://en.wikipedia.org/wiki/Mallorca,122
Q25277,Hispaniola,islands,Point(-71.0 19.0),http://commons.wikimedia.org/wiki/Special:FilePath/ISS-20%20Caribbean%20island%20of%20Hispaniola%20from%20the%20ISS.jpg,Haiti,https://en.wikipedia.org/wiki/Hispaniola,122
Q274569,Upolu,islands,Point(-171.75 -13.916666666),http://commons.wikimedia.org/wiki/Special:FilePath/Samoa%20upolu.jpg,Samoa,https://en.wikipedia.org/wiki/Upolu,120
Q125384,Luzon,islands,Point(121.0 16.0),http://commons.wikimedia.org/wiki/Special:FilePath/Northern%20Philippines%20%28Luzon%29.jpg,Philippines,https://en.wikipedia.org/wiki/Luzon,119
Q25396,Bonaire,islands,Point(-68.2581 12.1796),http://commons.wikimedia.org/wiki/Special:FilePath/Crystal%20Clear%20waters%20of%20Bonaire%20%2813256547653%29.jpg,Netherlands,https://en.wikipedia.org/wiki/Bonaire,119
Q7792,Sakhalin,islands,Point(143.0 50.5),http://commons.wikimedia.org/wiki/Special:FilePath/Sea%20of%20Okhotsk%20map%20ZI-2b.PNG,Russia,https://en.wikipedia.org/wiki/Sakhalin,116
Q43048,Rhodes,islands,Point(27.92 36.17),http://commons.wikimedia.org/wiki/Special:FilePath/RhodosStadtzentrum5.JPG,Greece,https://en.wikipedia.org/wiki/Rhodes,116
Q193089,Europa Island,islands,Point(40.363333333 -22.368333333),http://commons.wikimedia.org/wiki/Special:FilePath/Vue%20aerienne%20europa.jpg,Madagascar,https://en.wikipedia.org/wiki/Europa_Island,114
Q337519,Savai'i,islands,Point(-172.416666666 -13.583333333),http://commons.wikimedia.org/wiki/Special:FilePath/Savai%27i%20OnEarth%20WMS.png,Samoa,https://en.wikipedia.org/wiki/Savai%CA%BBi,112
Q14056,Jan Mayen,islands,Point(-8.5336 70.983),http://commons.wikimedia.org/wiki/Special:FilePath/Beerenberg%20JanMayen.JPG,Norway,https://en.wikipedia.org/wiki/Jan_Mayen,112
Q124873,Mindanao,islands,Point(125.0 7.5),http://commons.wikimedia.org/wiki/Special:FilePath/Mindanao%20Sentinel-2%20MSI%202019%20cloudless%20composite.jpg,Philippines,https://en.wikipedia.org/wiki/Mindanao,108
Q620452,Tongatapu,islands,Point(-175.153055555 -21.211388888),http://commons.wikimedia.org/wiki/Special:FilePath/TONGATABU%20%26%20EUA%20ISLANDS.JPG,Tonga,https://en.wikipedia.org/wiki/Tongatapu,108
Q471793,Rarotonga,islands,Point(-159.783333333 -21.233333333),http://commons.wikimedia.org/wiki/Special:FilePath/Rarotonga%20Island.jpg,Cook Islands,https://en.wikipedia.org/wiki/Rarotonga,106
Q327733,Vanua Levu,islands,Point(179.183333333 -16.583333333),http://commons.wikimedia.org/wiki/Special:FilePath/Fiji%20June%202001.jpg,Fiji,https://en.wikipedia.org/wiki/Vanua_Levu,104
Q459848,Kosrae,islands,Point(162.983 5.317),http://commons.wikimedia.org/wiki/Special:FilePath/KosraeAirport.jpg,Federated States of Micronesia,https://en.wikipedia.org/wiki/Kosrae,104
Q52631,Ibiza,islands,Point(1.43 38.98),http://commons.wikimedia.org/wiki/Special:FilePath/Ibiza%20rock%20volcano%20%28747230830%29.jpg,Spain,https://en.wikipedia.org/wiki/Ibiza,104
Q1027830,Gotland,islands,Point(18.55 57.5),http://commons.wikimedia.org/wiki/Special:FilePath/Helgumannen%20%282%29%20hq.JPG,Sweden,https://en.wikipedia.org/wiki/Gotland,103
Q25528,Saba,islands,Point(-63.2375 17.6325),http://commons.wikimedia.org/wiki/Special:FilePath/Windwardside.jpg,Netherlands,https://en.wikipedia.org/wiki/Saba_(island),103
Q83067,Timor,islands,Point(125.083333333 -9.083333333),http://commons.wikimedia.org/wiki/Special:FilePath/Timor%20island2.jpg,Timor-Leste,https://en.wikipedia.org/wiki/Timor,102
Q241074,Rocas Atoll,islands,Point(-33.801944444 -3.866388888),http://commons.wikimedia.org/wiki/Special:FilePath/Atol%20das%20Rocas%20ISS007.jpg,Brazil,https://en.wikipedia.org/wiki/Rocas_Atoll,102
Q379759,Henderson Island,islands,Point(-128.325 -24.375),http://commons.wikimedia.org/wiki/Special:FilePath/Henderson.JPG,United Kingdom,https://en.wikipedia.org/wiki/Henderson_Island_(Pitcairn_Islands),102
Q4648,Bali Island,islands,Point(115.071941666 -8.356388888),http://commons.wikimedia.org/wiki/Special:FilePath/Pura%20Taman%20Ayun%20terletak%20di%20Mengwi%2C%20Bali.jpg,Indonesia,https://en.wikipedia.org/wiki/Bali_(island),102
Q26180,Sint Eustatius,islands,Point(-62.966666666 17.483333333),http://commons.wikimedia.org/wiki/Special:FilePath/Lower%20Town%20Sint%20Eustatius.jpg,Netherlands,https://en.wikipedia.org/wiki/Sint_Eustatius,102
Q23408,Bouvet Island,islands,Point(3.36 -54.42),http://commons.wikimedia.org/wiki/Special:FilePath/Bouvet%20island%200.jpg,Norway,https://en.wikipedia.org/wiki/Bouvet_Island,102
Q48335,Newfoundland,islands,Point(-56.1249997 48.5416666),http://commons.wikimedia.org/wiki/Special:FilePath/Nature%27s%20Autumn%20Palette%20on%20Newfoundland%27s%20Humber%20River%20in%202007.jpg,Canada,https://en.wikipedia.org/wiki/Newfoundland_(island),102
Q121378,Corfu,islands,Point(19.87 39.6),http://commons.wikimedia.org/wiki/Special:FilePath/The%20Old%20Fortress%20and%20the%20Old%20Town%20of%20Corfu%20-%20September%202017.jpg,Greece,https://en.wikipedia.org/wiki/Corfu,100
Q285468,Hashima Island,islands,Point(129.738333333 32.627777777),http://commons.wikimedia.org/wiki/Special:FilePath/Nagasaki%20Hashima%2001-1.png,Japan,https://en.wikipedia.org/wiki/Hashima_Island,100
Q118863,North Island,islands,Point(176.0 -39.0),http://commons.wikimedia.org/wiki/Special:FilePath/Sailing%20school%20-%20Lake%20Taupo.jpg,New Zealand,https://en.wikipedia.org/wiki/North_Island,99
Q1128488,Swains Island,islands,Point(-171.077777777 -11.055555555),http://commons.wikimedia.org/wiki/Special:FilePath/Swains%20Island%202.jpg,Tokelau,https://en.wikipedia.org/wiki/Swains_Island,99
Q9679,Q9679,islands,Point(-1.3 50.7),http://commons.wikimedia.org/wiki/Special:FilePath/IsleOfWightFromTheISS.jpg,United Kingdom,https://en.wikipedia.org/wiki/Isle_of_Wight,99
Q46197,Ascension Island,islands,Point(-14.35 -7.95),http://commons.wikimedia.org/wiki/Special:FilePath/Ascension%20Island%20Comfortless%20Cove.jpg,realm of the United Kingdom,https://en.wikipedia.org/wiki/Ascension_Island,99
Q271901,Banaba Island,islands,Point(169.536944444 -0.859444444),http://commons.wikimedia.org/wiki/Special:FilePath/19%20Map%20of%20Banaba%2C%20Kiribati.jpg,Kiribati,https://en.wikipedia.org/wiki/Banaba,98
Q120755,South Island,islands,Point(170.4 -43.6),http://commons.wikimedia.org/wiki/Special:FilePath/Lake%20Matheson%202007-12-06.JPG,New Zealand,https://en.wikipedia.org/wiki/South_Island,98
Q25596,Saint Martin,islands,Point(-63.05 18.06),http://commons.wikimedia.org/wiki/Special:FilePath/Saint%20Martin.png,Sint Maarten,https://en.wikipedia.org/wiki/Saint_Martin_(island),97
Q45328,Elba,islands,Point(10.275 42.78),http://commons.wikimedia.org/wiki/Special:FilePath/Aerial%20view%20of%20Elba%202.jpg,Italy,https://en.wikipedia.org/wiki/Elba,97
Q213188,Kunta Kinteh Island,islands,Point(-16.36144 13.31753),http://commons.wikimedia.org/wiki/Special:FilePath/River%20gambia%20galleryfull.jpg,The Gambia,https://en.wikipedia.org/wiki/Kunta_Kinteh_Island,96
Q234208,Tromelin Island,islands,Point(54.524722222 -15.892222222),http://commons.wikimedia.org/wiki/Special:FilePath/Tromelin%20aerial%20photograph.JPG,France,https://en.wikipedia.org/wiki/Tromelin_Island,96
Q25535,Zealand,islands,Point(11.89 55.57),http://commons.wikimedia.org/wiki/Special:FilePath/Seeland.jpg,Denmark,https://en.wikipedia.org/wiki/Zealand,95
Q22502,Taiwan Island,islands,Point(121.0 23.766666666),http://commons.wikimedia.org/wiki/Special:FilePath/Taiwan%20NASA%20Terra%20MODIS%2023791.jpg,Taiwan,https://en.wikipedia.org/wiki/Taiwan_(island),95
Q673400,Moorea,islands,Point(-149.816666666 -17.516666666),http://commons.wikimedia.org/wiki/Special:FilePath/Moorea%20vue%20par%20Sentinel%202%20%28cropped%29.jpg,France,https://en.wikipedia.org/wiki/Mo%CA%BCorea,94
Q769680,Bornholm,islands,Point(14.916666666 55.125),http://commons.wikimedia.org/wiki/Special:FilePath/Wybrze%C5%BCe%20Bornholmu%20Cropped.jpg,Denmark,https://en.wikipedia.org/wiki/Bornholm,94
Q28361,Belize Barrier Reef,islands,Point(-88.052777777 17.2625),http://commons.wikimedia.org/wiki/Special:FilePath/Belize%20Barrier%20Reef%20from%20space.png,Belize,https://en.wikipedia.org/wiki/Belize_Barrier_Reef,94
Q81178,Baffin Island,islands,Point(-73.0 69.0),http://commons.wikimedia.org/wiki/Special:FilePath/Wfm%20baffin%20island.jpg,Canada,https://en.wikipedia.org/wiki/Baffin_Island,93
Q128087,Lesbos,islands,Point(26.28 39.21),http://commons.wikimedia.org/wiki/Special:FilePath/Lesvos.jpg,Greece,https://en.wikipedia.org/wiki/Lesbos,93
Q309172,Kwajalein Atoll,islands,Point(167.733333333 8.716666666),http://commons.wikimedia.org/wiki/Special:FilePath/Kwajalein%20Atoll%202003-02-07%20-%20Landsat%207%20-%2030m.png,Marshall Islands,https://en.wikipedia.org/wiki/Kwajalein_Atoll,92
Q173292,Capri,islands,Point(14.233333333 40.55),http://commons.wikimedia.org/wiki/Special:FilePath/Capri%20-%20veduta%201.JPG,Italy,https://en.wikipedia.org/wiki/Capri,91
Q82859,Socotra,islands,Point(53.92 12.51),http://commons.wikimedia.org/wiki/Special:FilePath/Socotra%20satview.jpg,Yemen,https://en.wikipedia.org/wiki/Socotra,90
Q642787,Atafu,islands,Point(-172.497 -8.558),http://commons.wikimedia.org/wiki/Special:FilePath/Atafu.jpg,Tokelau,https://en.wikipedia.org/wiki/Atafu,90
Q178925,Gran Canaria,islands,Point(-15.5925 27.958611111),http://commons.wikimedia.org/wiki/Special:FilePath/Gran%20Canaria%20wildfire%20%2848590670831%29.jpg,Spain,https://en.wikipedia.org/wiki/Gran_Canaria,89
Q129296,Santorini,islands,Point(25.4325 36.415),http://commons.wikimedia.org/wiki/Special:FilePath/Santor%C3%ADni%20aerial.jpg,Greece,https://en.wikipedia.org/wiki/Santorini,88
Q52636,Menorca,islands,Point(4.083333333 39.966666666),http://commons.wikimedia.org/wiki/Special:FilePath/Menorca%2C%20Spain%20-%204%20May%202023%20%2852948884259%29.jpg,Spain,https://en.wikipedia.org/wiki/Menorca,88
Q318446,Moruroa,islands,Point(-138.91667 -21.83333),http://commons.wikimedia.org/wiki/Special:FilePath/Moruroa%20atoll.JPG,France,https://en.wikipedia.org/wiki/Moruroa,86
Q3237,Rügen,islands,Point(13.4 54.45),http://commons.wikimedia.org/wiki/Special:FilePath/Satellite%20Image%20of%20Ruegen.jpg,Germany,https://en.wikipedia.org/wiki/R%C3%BCgen,86
Q146841,Ellesmere Island,islands,Point(-76.5 79.5),http://commons.wikimedia.org/wiki/Special:FilePath/Osborn%20Range%20%2805-08-97%29.jpg,Canada,https://en.wikipedia.org/wiki/Ellesmere_Island,85
Q170479,Vancouver Island,islands,Point(-125.7 49.633333),http://commons.wikimedia.org/wiki/Special:FilePath/VancouverIsland.A2003154.1930.250m.cropped.jpg,Canada,https://en.wikipedia.org/wiki/Vancouver_Island,85
Q245062,Philae,islands,Point(32.88891 24.02174),http://commons.wikimedia.org/wiki/Special:FilePath/Philae%20%281906%29%20-%20TIMEA.jpg,Egypt,https://en.wikipedia.org/wiki/Philae_Island,84
Q131148,Stromboli,islands,Point(15.2233 38.804),http://commons.wikimedia.org/wiki/Special:FilePath/Aerial%20image%20of%20Stromboli%20%28view%20from%20the%20northeast%29.jpg,Italy,https://en.wikipedia.org/wiki/Stromboli,84
Q128323,Trinidad,islands,Point(-61.248611111 10.460555555),http://commons.wikimedia.org/wiki/Special:FilePath/Quinam%20bay%2C%20Columbus%20Channel%2C%20South%20Coast%2C%20Trinidad%20%26%20Tobago.jpg,Trinidad and Tobago,https://en.wikipedia.org/wiki/Trinidad,83
Q282059,Bananal Island,islands,Point(-50.235555555 -11.356111111),http://commons.wikimedia.org/wiki/Special:FilePath/Ilha%20cantao.jpg,Brazil,https://en.wikipedia.org/wiki/Bananal_Island,82
Q951302,Saaremaa,islands,Point(22.5 58.416666666),http://commons.wikimedia.org/wiki/Special:FilePath/Castlekuressaare.JPG,Estonia,https://en.wikipedia.org/wiki/Saaremaa,82
Q475219,Niutao,islands,Point(177.341388888 -6.108333333),http://commons.wikimedia.org/wiki/Special:FilePath/Niutao.jpg,Tuvalu,https://en.wikipedia.org/wiki/Niutao,80
Q59771,New Britain,islands,Point(150.6 -5.75),http://commons.wikimedia.org/wiki/Special:FilePath/Newbritain%20lrg.jpg,Papua New Guinea,https://en.wikipedia.org/wiki/New_Britain,80
Q170488,Gozo,islands,Point(14.258888888 36.045),http://commons.wikimedia.org/wiki/Special:FilePath/Gozo%20from%20space%20via%20laser%20ESA378503%20%28cropped%29.jpg,Malta,https://en.wikipedia.org/wiki/Gozo,79
Q319836,Pohnpei,islands,Point(158.225 6.9),http://commons.wikimedia.org/wiki/Special:FilePath/Pohnpei%20International%20Airport.jpg,Federated States of Micronesia,https://en.wikipedia.org/wiki/Pohnpei,78
Q378281,Tanna,islands,Point(169.333333333 -19.5),http://commons.wikimedia.org/wiki/Special:FilePath/Mt%20Yasur%2C%20active%20volcano%20%28420607153%29.jpg,Vanuatu,https://en.wikipedia.org/wiki/Tanna_(island),78
Q1009384,Weno,islands,Point(151.85 7.45),http://commons.wikimedia.org/wiki/Special:FilePath/Weno%20Chuuk%20Mountain.jpg,Federated States of Micronesia,https://en.wikipedia.org/wiki/Weno,78
Q26503,Funen,islands,Point(10.355833 55.350278),http://commons.wikimedia.org/wiki/Special:FilePath/Funen%2C%20Denmark%20by%20Sentinel-2.jpg,Denmark,https://en.wikipedia.org/wiki/Funen,78
Q29151,Jeju Island,islands,Point(126.528056 33.365556),http://commons.wikimedia.org/wiki/Special:FilePath/Gotjawal%20Forest%20on%20Jeju%20Island-01.jpg,South Korea,https://en.wikipedia.org/wiki/Jeju_Island,78
Q146530,Hiiumaa,islands,Point(22.644444444 58.884166666),http://commons.wikimedia.org/wiki/Special:FilePath/Havenvanhiiuma.JPG,Estonia,https://en.wikipedia.org/wiki/Hiiumaa,77
Q238752,Barbuda,islands,Point(-61.81 17.64),http://commons.wikimedia.org/wiki/Special:FilePath/Barbuda%20ISS008-E-7945.jpg,Antigua and Barbuda,https://en.wikipedia.org/wiki/Barbuda,77
Q3405693,Sark,islands,Point(-2.360833333 49.433055555),http://commons.wikimedia.org/wiki/Special:FilePath/Sark-aerial.jpg,Guernsey,https://en.wikipedia.org/wiki/Sark,76
Q239276,Öland,islands,Point(16.666666666 56.733333333),http://commons.wikimedia.org/wiki/Special:FilePath/Resmo%2CKvarnar%20vid%20Gynge%20h%C3%B6g%2001.jpg,Sweden,https://en.wikipedia.org/wiki/%C3%96land,75
Q107338,Lampedusa,islands,Point(12.58 35.515),http://commons.wikimedia.org/wiki/Special:FilePath/Lampedusa%20Nordk%C3%BCste.jpg,Italy,https://en.wikipedia.org/wiki/Lampedusa,75
Q21162,Spitsbergen,islands,Point(16.0 78.75),http://commons.wikimedia.org/wiki/Special:FilePath/DeGeerdalen.JPG,Norway,https://en.wikipedia.org/wiki/Spitsbergen,75
Q106594,Wrangel Island,islands,Point(-179.4 71.233333333),http://commons.wikimedia.org/wiki/Special:FilePath/Wrangel%20Island.jpg,Russia,https://en.wikipedia.org/wiki/Wrangel_Island,74
Q104784,Lord Howe Island,islands,Point(159.083333333 -31.55),http://commons.wikimedia.org/wiki/Special:FilePath/LordHoweIslandFromKimsLookout.jpg,Australia,https://en.wikipedia.org/wiki/Lord_Howe_Island,74
Q128654,Nukulaelae,islands,Point(179.852222222 -9.381111111),http://commons.wikimedia.org/wiki/Special:FilePath/Nukulaelae.jpg,Tuvalu,https://en.wikipedia.org/wiki/Nukulaelae,74
Q852433,East Rennell,islands,Point(160.333327777 -11.683327777),http://commons.wikimedia.org/wiki/Special:FilePath/Dugout%20canoe%20Rennell.jpg,Solomon Islands,https://en.wikipedia.org/wiki/East_Rennell,74
Q459948,Ambrym,islands,Point(168.116666666 -16.25),http://commons.wikimedia.org/wiki/Special:FilePath/Marum%20sept%202009.jpg,Vanuatu,https://en.wikipedia.org/wiki/Ambrym,74
Q547997,Nui,islands,Point(177.15 -7.216666666),http://commons.wikimedia.org/wiki/Special:FilePath/Nui%20atoll.jpg,Tuvalu,https://en.wikipedia.org/wiki/Nui_(atoll),74
Q632489,Niulakita,islands,Point(179.5 -10.75),http://commons.wikimedia.org/wiki/Special:FilePath/Niulakita.png,Tuvalu,https://en.wikipedia.org/wiki/Niulakita,74
Q649190,Enewetak Atoll,islands,Point(162.333333333 11.5),http://commons.wikimedia.org/wiki/Special:FilePath/Enewetak%20Atoll%20-%202014-02-10%20-%20Landsat%208%20-%2015m.png,Marshall Islands,https://en.wikipedia.org/wiki/Enewetak_Atoll,74
Q146695,Phú Quốc,islands,Point(103.957222222 10.228888888),http://commons.wikimedia.org/wiki/Special:FilePath/Bai-sao-phu-quoc-tuonglamphotos.jpg,Vietnam,https://en.wikipedia.org/wiki/Ph%C3%BA_Qu%E1%BB%91c,72
Q613386,Beru,islands,Point(175.9775 -1.293611111),http://commons.wikimedia.org/wiki/Special:FilePath/Beru%20Kiribati.jpg,Kiribati,https://en.wikipedia.org/wiki/Beru_(atoll),72
Q650847,Fakaofo,islands,Point(-171.219 -9.38),http://commons.wikimedia.org/wiki/Special:FilePath/Fakaofo%20Satellite%20NASA.jpg,New Zealand,https://en.wikipedia.org/wiki/Fakaofo,72
Q32083,Akdamar Island,islands,Point(43.035555555 38.341666666),http://commons.wikimedia.org/wiki/Special:FilePath/Akhtamar%20Island%20on%20Lake%20Van%20with%20the%20Armenian%20Cathedral%20of%20the%20Holy%20Cross.jpg,Turkey,https://en.wikipedia.org/wiki/Akdamar_Island,72
Q193264,Marajó,islands,Point(-49.581667 -0.978611),http://commons.wikimedia.org/wiki/Special:FilePath/Maraj%C3%B3%20Island%2C%20Brazil%20%2848569220542%29.jpg,Brazil,https://en.wikipedia.org/wiki/Maraj%C3%B3,70
Q316390,Antigua,islands,Point(-61.8 17.085),http://commons.wikimedia.org/wiki/Special:FilePath/Antiguashoreline.jpg,Antigua and Barbuda,https://en.wikipedia.org/wiki/Antigua,70
Q583,Mont Blanc,glaciers,Point(6.865 45.832777777),http://commons.wikimedia.org/wiki/Special:FilePath/Absolute%20MtBlanc%2001.jpg,France,https://en.wikipedia.org/wiki/Mont_Blanc,127
Q7799533,Thwaites Glacier,glaciers,Point(-106.75 -75.5),http://commons.wikimedia.org/wiki/Special:FilePath/Thwaites%20Glacier.jpg,Unknown,https://en.wikipedia.org/wiki/Thwaites_Glacier,108
Q39651,Eyjafjallajökull,glaciers,Point(-19.6 63.633333333),http://commons.wikimedia.org/wiki/Special:FilePath/%C3%9E%C3%B3rsm%C3%B6rk%20Eyjafjallaj%C3%B6kull%201%20Iceland.JPG,Iceland,https://en.wikipedia.org/wiki/Eyjafjallaj%C3%B6kull,75
Q571430,Antarctic ice sheet,glaciers,Point(0.0 -90.0),http://commons.wikimedia.org/wiki/Special:FilePath/Antarctic-interglacial%20hg.png,Unknown,https://en.wikipedia.org/wiki/Antarctic_ice_sheet,68
Q659044,Rhone Glacier,glaciers,Point(8.38605 46.60454),http://commons.wikimedia.org/wiki/Special:FilePath/Glacier%20du%20Rh%C3%B4ne%202009.JPG,Switzerland,https://en.wikipedia.org/wiki/Rh%C3%B4ne_Glacier,68
Q179734,Vatnajökull,glaciers,Point(-16.8 64.4),http://commons.wikimedia.org/wiki/Special:FilePath/Island%20Vatnaj%C3%B6kull%2002.JPG,Iceland,https://en.wikipedia.org/wiki/Vatnaj%C3%B6kull,61
Q200255,Ross Ice Shelf,glaciers,Point(-175.0 -81.5),http://commons.wikimedia.org/wiki/Special:FilePath/Ross%20Schelfeis.jpg,Unknown,https://en.wikipedia.org/wiki/Ross_Ice_Shelf,59
Q1112319,Columbia Icefield,glaciers,Point(-117.313888888 52.157222222),http://commons.wikimedia.org/wiki/Special:FilePath/Columbia%20icefield%20view.jpg,Canada,https://en.wikipedia.org/wiki/Columbia_Icefield,54
Q204658,Aletsch Glacier,glaciers,Point(8.077222 46.442222),http://commons.wikimedia.org/wiki/Special:FilePath/Glacier%20d%27Aletsch%20-%202021.jpg,Switzerland,https://en.wikipedia.org/wiki/Aletsch_Glacier,53
Q333946,Siachen Glacier,glaciers,Point(77.20139 35.19861),http://commons.wikimedia.org/wiki/Special:FilePath/Siachen%20glacier%203.jpg,India,https://en.wikipedia.org/wiki/Siachen_Glacier,48
Q1315012,Snæfellsjökull,glaciers,Point(-23.77622792 64.807120486),http://commons.wikimedia.org/wiki/Special:FilePath/Sn%C3%A6fellsj%C3%B6kull%20in%20the%20Morning%20%287622876302%29%20%28cropped%29.jpg,Iceland,https://en.wikipedia.org/wiki/Sn%C3%A6fellsj%C3%B6kull,46
Q367943,Perito Moreno Glacier,glaciers,Point(-73.05 -50.483333333),http://commons.wikimedia.org/wiki/Special:FilePath/Perito%20Moreno%20Glacier%202023.jpg,Argentina,https://en.wikipedia.org/wiki/Perito_Moreno_Glacier,42
Q1389467,Fimbul Ice Shelf,glaciers,Point(-0.166667 -70.5),http://commons.wikimedia.org/wiki/Special:FilePath/Fimbul%20ice%20shelf%20mooring%20Norwegian%20Expedition.JPG,Unknown,https://en.wikipedia.org/wiki/Fimbul_Ice_Shelf,40
Q654352,Jostedal Glacier,glaciers,Point(6.924166666 61.710555555),http://commons.wikimedia.org/wiki/Special:FilePath/P1000290Jostedalsbreen.JPG,Norway,https://en.wikipedia.org/wiki/Jostedal_Glacier,39
Q214818,Mýrdalsjökull,glaciers,Point(-19.1 63.666666666),http://commons.wikimedia.org/wiki/Special:FilePath/Myrdalsj%C3%B6kull%2001.jpg,Iceland,https://en.wikipedia.org/wiki/M%C3%BDrdalsj%C3%B6kull,38
Q648551,Nevado del Huila,glaciers,Point(-76.033333333 2.933333333),http://commons.wikimedia.org/wiki/Special:FilePath/Nevado%20del%20Huila%20%285321495400%29.jpg,Colombia,https://en.wikipedia.org/wiki/Nevado_del_Huila,38
Q1542432,Greenland ice sheet,glaciers,Point(-41.2 76.7),http://commons.wikimedia.org/wiki/Special:FilePath/Greenland%20ice%20sheet%20USGS.jpg,Greenland,https://en.wikipedia.org/wiki/Greenland_ice_sheet,37
Q26728,Sierra Nevada de Santa Marta,glaciers,Point(-73.72 10.866666666),http://commons.wikimedia.org/wiki/Special:FilePath/Sierra%20Nevada%20de%20Santa%20Marta%20desde%20el%20espacio.jpg,Colombia,https://en.wikipedia.org/wiki/Sierra_Nevada_de_Santa_Marta,37
Q691557,Gangotri Glacier,glaciers,Point(78.983333333 30.983333333),http://commons.wikimedia.org/wiki/Special:FilePath/Gaumukh%20Gangotri%20glacier.jpg,India,https://en.wikipedia.org/wiki/Gangotri_Glacier,36
Q631789,Vandzhyakh Glacier,glaciers,Point(72.283 38.767),http://commons.wikimedia.org/wiki/Special:FilePath/Gms%20gorbunova.jpeg,Tajikistan,https://en.wikipedia.org/wiki/Vanch-Yakh_Glacier,36
Q932333,Quelccaya Ice Cap,glaciers,Point(-70.8175 -13.925),http://commons.wikimedia.org/wiki/Special:FilePath/Quelccaya%20Glacier.jpg,Peru,https://en.wikipedia.org/wiki/Quelccaya_Ice_Cap,33
Q1471716,Khumbu Glacier,glaciers,Point(86.82472222 27.95888889),http://commons.wikimedia.org/wiki/Special:FilePath/Khumbu%20Glacier%2C%20Khumbu%20Icefall%2C%20Nepal%2C%20Asia.jpg,Nepal,https://en.wikipedia.org/wiki/Khumbu_Glacier,32
Q1026461,Calderone glacier,glaciers,Point(13.56671 42.471054),http://commons.wikimedia.org/wiki/Special:FilePath/GhiacciaioDelCalderone.jpg,Italy,https://en.wikipedia.org/wiki/Calderone_glacier,32
Q617835,Malaspina Glacier,glaciers,Point(-140.533 59.9192),http://commons.wikimedia.org/wiki/Special:FilePath/Malaspina%20Glacier%20from%20space.jpg,United States,https://en.wikipedia.org/wiki/Malaspina_Glacier,32
Q805806,Baltoro Glacier,glaciers,Point(76.380833333 35.736388888),http://commons.wikimedia.org/wiki/Special:FilePath/Baltoro%20glacier%20from%20air.jpg,Pakistan,https://en.wikipedia.org/wiki/Baltoro_Glacier,31
Q688624,Morteratsch Glacier,glaciers,Point(9.931666666 46.409444444),http://commons.wikimedia.org/wiki/Special:FilePath/Morteratschgletscher%202007.jpg,Switzerland,https://en.wikipedia.org/wiki/Morteratsch_Glacier,30
Q684169,Pasterze Glacier,glaciers,Point(12.723333 47.085556),http://commons.wikimedia.org/wiki/Special:FilePath/Pasterze%20im%20Sommer%202005.jpg,Austria,https://en.wikipedia.org/wiki/Pasterze_Glacier,29
Q144327,Nevado del Tolima,glaciers,Point(-75.333333333 4.666666666),http://commons.wikimedia.org/wiki/Special:FilePath/Nevado%20del%20tolima.jpg,Colombia,https://en.wikipedia.org/wiki/Nevado_del_Tolima,29
Q673150,Franz Josef Glacier,glaciers,Point(170.2 -43.475),http://commons.wikimedia.org/wiki/Special:FilePath/Franz%20Josef%20glacier.JPG,New Zealand,https://en.wikipedia.org/wiki/Franz_Josef_Glacier,28
Q583591,Mer de Glace,glaciers,Point(6.937222222 45.916111111),http://commons.wikimedia.org/wiki/Special:FilePath/Mer%20de%20Glace%20Glacier%20in%20France%20-%202009-08-06.jpg,France,https://en.wikipedia.org/wiki/Mer_de_Glace,26
Q351,Yellowstone National Park,national_parks,Point(-110.5 44.6),http://commons.wikimedia.org/wiki/Special:FilePath/Grand%20Prismatic%20Spring%202013.jpg,United States,https://en.wikipedia.org/wiki/Yellowstone_National_Park,230
Q180402,Yosemite National Park,national_parks,Point(-119.5375 37.7425),http://commons.wikimedia.org/wiki/Special:FilePath/Half%20Dome%20with%20Eastern%20Yosemite%20Valley%20%2850MP%29.jpg,United States,https://en.wikipedia.org/wiki/Yosemite_National_Park,174
Q274131,Everglades National Park,national_parks,Point(-80.6875 25.3125),http://commons.wikimedia.org/wiki/Special:FilePath/Sunset%20over%20the%20River%20of%20Grass%2C%20NPSphoto%2C%20G.Gardner%20%289255157507%29.jpg,United States,https://en.wikipedia.org/wiki/Everglades_National_Park,140
Q41858,Banff National Park,national_parks,Point(-115.55 51.166666666),http://commons.wikimedia.org/wiki/Special:FilePath/Moraine%20Lake%2017092005.jpg,Canada,https://en.wikipedia.org/wiki/Banff_National_Park,138
Q23513,Phong Nha–Ke Bang National Park,national_parks,Point(106.15 17.533333333),http://commons.wikimedia.org/wiki/Special:FilePath/Phongnhatourism.jpg,Vietnam,https://en.wikipedia.org/wiki/Phong_Nha%E2%80%93K%E1%BA%BB_B%C3%A0ng_National_Park,125
Q220289,Grand Canyon National Park,national_parks,Point(-112.122 36.0553),http://commons.wikimedia.org/wiki/Special:FilePath/10%20Grand%20Canyon%20Navajo%20Point%20viewpoint%20terrace%2C%20Grand%20Canyon%20National%20Park%2C%20USA%20-%20American%20nature.jpg,United States,https://en.wikipedia.org/wiki/Grand_Canyon_National_Park,124
Q215992,Los Glaciares National Park,national_parks,Point(-73.0 -50.0),http://commons.wikimedia.org/wiki/Special:FilePath/Perito%20moreno%20argentini%C3%AB.JPEG,Argentina,https://en.wikipedia.org/wiki/Los_Glaciares_National_Park,122
Q715124,Teide National Park,national_parks,Point(-16.64266919 28.276455062),http://commons.wikimedia.org/wiki/Special:FilePath/Roque%20Cinchado%20und%20Teide%20%28Zuschnitt%29.jpg,Spain,https://en.wikipedia.org/wiki/Teide_National_Park,122
Q219562,Bryce Canyon National Park,national_parks,Point(-112.17 37.64),http://commons.wikimedia.org/wiki/Special:FilePath/USA%2010654%20Bryce%20Canyon%20Luca%20Galuzzi%202007.jpg,United States,https://en.wikipedia.org/wiki/Bryce_Canyon_National_Park,120
Q237128,Mesa Verde National Park,national_parks,Point(-108.494444 37.260375),http://commons.wikimedia.org/wiki/Special:FilePath/Mesa%20Verde.jpg,United States,https://en.wikipedia.org/wiki/Mesa_Verde_National_Park,120
Q679891,Niokolo-Koba National Park,national_parks,Point(-12.722222222 13.074166666),http://commons.wikimedia.org/wiki/Special:FilePath/River%20gambia%20Niokolokoba%20National%20Park.gif,Senegal,https://en.wikipedia.org/wiki/Niokolo-Koba_National_Park,118
Q80344,Mount Olympus,national_parks,Point(22.35 40.083333333),http://commons.wikimedia.org/wiki/Special:FilePath/Mt%20Olympus%20aerial%202.jpg,Greece,https://en.wikipedia.org/wiki/Mount_Olympus,108
Q391338,Wood Buffalo National Park,national_parks,Point(-112.983 59.3833),http://commons.wikimedia.org/wiki/Special:FilePath/Wood-Buffalo-NP%20Waldbison%2098-07-02.jpg,Canada,https://en.wikipedia.org/wiki/Wood_Buffalo_National_Park,106
Q464942,Garajonay National Park,national_parks,Point(-17.23722222 28.12625),http://commons.wikimedia.org/wiki/Special:FilePath/Roque%20Agando%2C%20Parque%20nacional%20de%20Garajonay%2C%20La%20Gomera%2C%20Espa%C3%B1a%2C%202012-12-14%2C%20DD%2001.jpg,Spain,https://en.wikipedia.org/wiki/Garajonay_National_Park,104
Q503429,Jasper National Park,national_parks,Point(-117.9 52.8),http://commons.wikimedia.org/wiki/Special:FilePath/Herbert%20Lake%20beim%20Icefields%20Parkway.jpg,Canada,https://en.wikipedia.org/wiki/Jasper_National_Park,102
Q463141,Doñana National Park,national_parks,Point(-6.44 37.02),http://commons.wikimedia.org/wiki/Special:FilePath/Vista%20de%20las%20marismas%20del%20Parque%20Do%C3%B1ana.jpg,Spain,https://en.wikipedia.org/wiki/Do%C3%B1ana_National_Park,102
Q679568,Purnululu National Park,national_parks,Point(128.546055 -17.448789),http://commons.wikimedia.org/wiki/Special:FilePath/Purnululu%20National%20Park%20DSC03767.jpg,Australia,https://en.wikipedia.org/wiki/Purnululu_National_Park,96
Q391391,Nahanni National Park Reserve,national_parks,Point(-125.852 61.5971),http://commons.wikimedia.org/wiki/Special:FilePath/Nahanni%20-%20VirginiaFalls.jpg,Canada,https://en.wikipedia.org/wiki/Nahanni_National_Park_Reserve,94
Q257598,Gros Morne National Park,national_parks,Point(-57.738055555 49.689444444),http://commons.wikimedia.org/wiki/Special:FilePath/Western%20Brook%20Pond%20Newfoundland%20Canada%20DSC%206405.jpg,Canada,https://en.wikipedia.org/wiki/Gros_Morne_National_Park,92
Q738582,Kluane National Park and Reserve,national_parks,Point(-137.829166666 60.453611111),http://commons.wikimedia.org/wiki/Special:FilePath/DSC%203227-Pano-1.jpg,Canada,https://en.wikipedia.org/wiki/Kluane_National_Park_and_Reserve,80
Q223589,Virunga National Park,national_parks,Point(29.5 -0.5),http://commons.wikimedia.org/wiki/Special:FilePath/Virunga%2001.jpg,Democratic Republic of the Congo,https://en.wikipedia.org/wiki/Virunga_National_Park,76
Q192764,Kaziranga National Park,national_parks,Point(93.35 26.666666666),http://commons.wikimedia.org/wiki/Special:FilePath/Indian%20Rhinoceros%20Rhinoceros%20unicornis%20by%20Dr.%20Raju%20Kasambe%20%285%29.JPG,India,https://en.wikipedia.org/wiki/Kaziranga_National_Park,73
Q741610,Ordesa y Monte Perdido National Park,national_parks,Point(0.055555555 42.671666666),http://commons.wikimedia.org/wiki/Special:FilePath/Valley%20of%20Ordesa%2C%20Ordesa%20y%20Monte%20Perdido%20National%20Park%2C%20Spain.jpg,Spain,https://en.wikipedia.org/wiki/Ordesa_y_Monte_Perdido_National_Park,72
Q743754,Gauja National Park,national_parks,Point(25.41666667 57.41666667),http://commons.wikimedia.org/wiki/Special:FilePath/Ergeljuklintis424aug037qg.jpg,Latvia,https://en.wikipedia.org/wiki/Gauja_National_Park,70
Q189849,Plitvice Lakes National Park,national_parks,Point(15.616035 44.880445),http://commons.wikimedia.org/wiki/Special:FilePath/Plitvice%20Lakes%20National%20Park%20%282%29.jpg,Croatia,https://en.wikipedia.org/wiki/Plitvice_Lakes_National_Park,70
Q1135796,Naracoorte Caves National Park,national_parks,Point(140.796666666 -37.036111111),http://commons.wikimedia.org/wiki/Special:FilePath/Naracoorte%20Caves%20National%20Park%201.jpg,Australia,https://en.wikipedia.org/wiki/Naracoorte_Caves_National_Park,70
Q738435,Pyrénées National Park,national_parks,Point(-0.175833333 42.8275),http://commons.wikimedia.org/wiki/Special:FilePath/.00%202122%20Cirque%20de%20Gavarnie%20-%20Pyren%C3%A4en.jpg,France,https://en.wikipedia.org/wiki/Pyr%C3%A9n%C3%A9es_National_Park,68
Q827817,Nahuel Huapi National Park,national_parks,Point(-71.5 -41.0),http://commons.wikimedia.org/wiki/Special:FilePath/Lago%20Nahuel%20Huapi%2C%20Argentina%2C%202005.jpeg,Argentina,https://en.wikipedia.org/wiki/Nahuel_Huapi_National_Park,68
Q828291,Los Alerces National Park,national_parks,Point(-71.89888889 -42.8075),http://commons.wikimedia.org/wiki/Special:FilePath/Cerro%20y%20glaciar%20Torrecillas%20-%20Lago%20Men%C3%A9ndez%20-%20Parque%20Nacional%20Los%20Alerces%20-%20Chubut%20-%20Argentina%20-%20panoramio.jpg,Argentina,https://en.wikipedia.org/wiki/Los_Alerces_National_Park,68
Q550389,Réunion National Park,national_parks,Point(55.5 -21.15),http://commons.wikimedia.org/wiki/Special:FilePath/Voile%20de%20la%20Mari%C3%A9e%20Salazie%201.JPG,France,https://en.wikipedia.org/wiki/R%C3%A9union_National_Park,66
Q1643261,Slītere National Park,national_parks,Point(22.29444444 57.62416667),http://commons.wikimedia.org/wiki/Special:FilePath/P%C4%93terezera%20dabas%20taka.jpg,Latvia,https://en.wikipedia.org/wiki/Sl%C4%ABtere_National_Park,66
Q189657,Kakadu National Park,national_parks,Point(132.519512 -13.005471),http://commons.wikimedia.org/wiki/Special:FilePath/MotorCarFallsKakadu.jpg,Australia,https://en.wikipedia.org/wiki/Kakadu_National_Park,65
Q4520,Komodo National Park,national_parks,Point(119.576569 -8.651625),http://commons.wikimedia.org/wiki/Special:FilePath/Komodo%20dragon%20at%20Komodo%20National%20Park.jpg,Indonesia,https://en.wikipedia.org/wiki/Komodo_National_Park,65
Q113523,Royal National Park,national_parks,Point(151.0511111 -34.131666666),http://commons.wikimedia.org/wiki/Special:FilePath/WattamollaLiss.jpg,Australia,https://en.wikipedia.org/wiki/Royal_National_Park,64
Q174250,Vanoise National Park,national_parks,Point(6.83333 45.3333),http://commons.wikimedia.org/wiki/Special:FilePath/Vanoise%20National%20Park.JPG,France,https://en.wikipedia.org/wiki/Vanoise_National_Park,64
Q24451,Kruger National Park,national_parks,Point(31.485278 -24.011389),http://commons.wikimedia.org/wiki/Special:FilePath/Rhino%2C%20Kruger%20National%20Park%20%287826798766%29.jpg,South Africa,https://en.wikipedia.org/wiki/Kruger_National_Park,64
Q1368807,Cévennes National Park,national_parks,Point(3.4 44.2),http://commons.wikimedia.org/wiki/Special:FilePath/Cevennes%20Florac%20Mimente%20depuis%20Causse%20Mejean.jpg,France,https://en.wikipedia.org/wiki/C%C3%A9vennes_National_Park,64
Q1480521,Timanfaya National Park,national_parks,Point(-13.779722222 29.011388888),http://commons.wikimedia.org/wiki/Special:FilePath/Lanzarote%20Timanfaya.jpg,Spain,https://en.wikipedia.org/wiki/Timanfaya_National_Park,64
Q476446,Écrins National Park,national_parks,Point(6.263611111 44.855833333),http://commons.wikimedia.org/wiki/Special:FilePath/Villar-d%27Ar%C3%AAne%20%28Rif%20de%20la%20Planche%201975%20m.%29.JPG,France,https://en.wikipedia.org/wiki/%C3%89crins_National_Park,62
Q107370,Thingvellir National Park,national_parks,Point(-21.125 64.258055555),http://commons.wikimedia.org/wiki/Special:FilePath/Thingvellir.jpg,Iceland,https://en.wikipedia.org/wiki/%C3%9Eingvellir,62
Q828709,Tierra del Fuego National Park,national_parks,Point(-68.5 -54.666944444),http://commons.wikimedia.org/wiki/Special:FilePath/PN%20Tierra%20del%20Fuego%20%28View%20Costera%29.jpg,Argentina,https://en.wikipedia.org/wiki/Tierra_del_Fuego_National_Park,62
Q48567,Picos de Europa National Park,national_parks,Point(-4.84 43.21),http://commons.wikimedia.org/wiki/Special:FilePath/Senderismo%20-%20sobre%20pistas%20de%20monta%C3%B1a%20y%20sue%C3%B1os%20-%20Picos%20de%20Europa.jpg,Spain,https://en.wikipedia.org/wiki/Picos_de_Europa_National_Park,62
Q913099,Herodium,national_parks,Point(35.24139 31.66583),http://commons.wikimedia.org/wiki/Special:FilePath/Herodium%20from%20above%202.jpg,West Bank,https://en.wikipedia.org/wiki/Herodium,62
Q309276,Northeast Greenland National Park,national_parks,Point(-31.0 77.0),http://commons.wikimedia.org/wiki/Special:FilePath/Franz%20Josef%20Fjord%2C%20glacier.jpg,Greenland,https://en.wikipedia.org/wiki/Northeast_Greenland_National_Park,61
Q4516,Lorentz National Park,national_parks,Point(137.97268 -4.62973),http://commons.wikimedia.org/wiki/Special:FilePath/Taman%20Nasional%20Lorentz.jpg,Indonesia,https://en.wikipedia.org/wiki/Lorentz_National_Park,60
Q1466687,Gezer,national_parks,Point(34.919644 31.859872),http://commons.wikimedia.org/wiki/Special:FilePath/Gezer0809.jpg,Israel,https://en.wikipedia.org/wiki/Gezer,60
Q1535042,Mercantour National Park,national_parks,Point(7.08333333 44.16666667),http://commons.wikimedia.org/wiki/Special:FilePath/Mont%20Pelat%20%2B%20Lake%20Allos%20tour%2019.jpg,France,https://en.wikipedia.org/wiki/Mercantour_National_Park,60
Q308893,Garamba National Park,national_parks,Point(29.48093 4.19559),http://commons.wikimedia.org/wiki/Special:FilePath/Elephants%20in%20garamba%20national%20park.jpg,Democratic Republic of the Congo,https://en.wikipedia.org/wiki/Garamba_National_Park,59
Q501344,Comoé National Park,national_parks,Point(-3.7725 9.163611111),http://commons.wikimedia.org/wiki/Special:FilePath/NationalparkComoe4.jpg,Ivory Coast,https://en.wikipedia.org/wiki/Como%C3%A9_National_Park,59
Q1075023,Chitwan National Park,national_parks,Point(84.333333 27.5),http://commons.wikimedia.org/wiki/Special:FilePath/Chitwan%20swamp.jpg,Nepal,https://en.wikipedia.org/wiki/Chitwan_National_Park,59
Q2211959,Sagarmatha National Park,national_parks,Point(86.693033 27.891069),http://commons.wikimedia.org/wiki/Special:FilePath/Everest%2C%20Nuptse%2C%20Khumbu%20Glacier%2C%20Nepal%2C%20Himalayas.jpg,Nepal,https://en.wikipedia.org/wiki/Sagarmatha_National_Park,59
Q328488,Salonga National Park,national_parks,Point(21.49723 -1.76516),http://commons.wikimedia.org/wiki/Special:FilePath/La%20rivi%C3%A8re%20Lulilaka%2C%20parc%20national%20de%20Salonga%2C%202005.jpg,Democratic Republic of the Congo,https://en.wikipedia.org/wiki/Salonga_National_Park,58
Q1755161,Kosciuszko National Park,national_parks,Point(148.3344444 -35.998333333),http://commons.wikimedia.org/wiki/Special:FilePath/Seaman%27s%20Hut%20Sunrise%2C%20Kosciuszko%20National%20Park.jpg,Australia,https://en.wikipedia.org/wiki/Kosciuszko_National_Park,58
Q532440,Sundarbans National Park,national_parks,Point(88.75 21.75),http://commons.wikimedia.org/wiki/Special:FilePath/Sundarban%20Tiger.jpg,India,https://en.wikipedia.org/wiki/Sundarbans_National_Park,57
Q4111,Jiuzhaigou Valley,national_parks,Point(103.9 33.2),http://commons.wikimedia.org/wiki/Special:FilePath/1%20nuorilang%20jiuzhaigou%202023.jpg,People's Republic of China,https://en.wikipedia.org/wiki/Jiuzhaigou,56
Q834893,Kinabalu Park,national_parks,Point(116.65 6.15),http://commons.wikimedia.org/wiki/Special:FilePath/Kinabalu%20Sabah%20Borneo%20Kampong%20Kundasang%202.jpg,Malaysia,https://en.wikipedia.org/wiki/Kinabalu_Park,56
Q235878,Kevladev National Park,national_parks,Point(77.516667 27.166667),http://commons.wikimedia.org/wiki/Special:FilePath/Keoladeo%20Ghana%20National%20Park%2C%20Bharatpur%2C%20Rajasthan%2C%20India.jpg,India,https://en.wikipedia.org/wiki/Keoladeo_National_Park,56
Q1395739,Ķemeri National Park,national_parks,Point(23.5125 56.9517),http://commons.wikimedia.org/wiki/Special:FilePath/Liela%20Kemeru%20taka%205jul03.JPG,Latvia,https://en.wikipedia.org/wiki/%C4%B6emeri_National_Park,56
Q504315,Simien Mountains National Park,national_parks,Point(38.066666666 13.183333333),http://commons.wikimedia.org/wiki/Special:FilePath/Semien%20Mountains%2002.jpg,Ethiopia,https://en.wikipedia.org/wiki/Simien_Mountains_National_Park,55
Q503835,Manovo-Gounda St. Floris National Park,national_parks,Point(21.5 8.5),http://commons.wikimedia.org/wiki/Special:FilePath/Manovo.jpg,Central African Republic,https://en.wikipedia.org/wiki/Manovo-Gounda_St._Floris_National_Park,55
Q457324,Kahuzi-Biéga National Park,national_parks,Point(28.758666666 -2.314805555),http://commons.wikimedia.org/wiki/Special:FilePath/KahuziBiegaSign.jpg,Democratic Republic of the Congo,https://en.wikipedia.org/wiki/Kahuzi-Bi%C3%A9ga_National_Park,55
Q1244337,Canaima National Park,national_parks,Point(-61.7953505 5.3193393),http://commons.wikimedia.org/wiki/Special:FilePath/Canaima%2034.JPG,Venezuela,https://en.wikipedia.org/wiki/Canaima_National_Park,55
Q726863,W National Park,national_parks,Point(2.5 12.0),http://commons.wikimedia.org/wiki/Special:FilePath/Elephants%20bath%20park%20w%20wide%202006.jpg,Niger,https://en.wikipedia.org/wiki/W_National_Park,54
Q702566,Saxon Switzerland National Park,national_parks,Point(14.2784 50.9142),http://commons.wikimedia.org/wiki/Special:FilePath/Basteibr%C3%BCcke%20morgens%20%28Zuschnitt%29.jpg,Germany,https://en.wikipedia.org/wiki/Saxon_Switzerland_National_Park,54
Q61757,Hortobágy National Park,national_parks,Point(21.15678 47.59458),http://commons.wikimedia.org/wiki/Special:FilePath/Hortobagy-ziehbrunnen.jpg,Hungary,https://en.wikipedia.org/wiki/Hortob%C3%A1gy_National_Park,54
Q390208,Saloum Delta National Park,national_parks,Point(-16.683333333 13.683333333),http://commons.wikimedia.org/wiki/Special:FilePath/Saloum.gif,Senegal,https://en.wikipedia.org/wiki/Saloum_Delta_National_Park,52
Q506511,Manas National Park,national_parks,Point(90.933333333 26.716666666),http://commons.wikimedia.org/wiki/Special:FilePath/Capped%20langur%20in%20manas.jpg,India,https://en.wikipedia.org/wiki/Manas_National_Park,51
Q328577,Taï National Park,national_parks,Point(-7.12 5.75),http://commons.wikimedia.org/wiki/Special:FilePath/Ta%C3%AF%20National%20Park%20%2824148248710%29.jpg,Ivory Coast,https://en.wikipedia.org/wiki/Ta%C3%AF_National_Park,51
Q332381,Jaú National Park,national_parks,Point(-62.617222222 -2.170277777),http://commons.wikimedia.org/wiki/Special:FilePath/Jau%20National%20Park.jpg,Brazil,https://en.wikipedia.org/wiki/Ja%C3%BA_National_Park,51
Q223399,Qumran,national_parks,Point(35.459944301 31.741900825),http://commons.wikimedia.org/wiki/Special:FilePath/Kumeran4.jpg,Palestine,https://en.wikipedia.org/wiki/Qumran,51
Q4522,Ujung Kulon National Park,national_parks,Point(105.333333333 -6.75),http://commons.wikimedia.org/wiki/Special:FilePath/Ujung%20Kulon%20National%20Park%2C%202014.jpg,Indonesia,https://en.wikipedia.org/wiki/Ujung_Kulon_National_Park,51
Q739391,Shiretoko National Park,national_parks,Point(145.235556 44.161944),http://commons.wikimedia.org/wiki/Special:FilePath/140829%20Track%20Near%20Furepe%20Falls%20Shiretoko%20Hokkaido%20Japan00s3.jpg,Japan,https://en.wikipedia.org/wiki/Shiretoko_National_Park,50
Q651314,Pirin National Park,national_parks,Point(23.487777777 41.672222222),http://commons.wikimedia.org/wiki/Special:FilePath/Bansko%20ski%202025%2028.jpg,Bulgaria,https://en.wikipedia.org/wiki/Pirin_National_Park,50
Q885558,Blue Mountains National Park,national_parks,Point(150.4177778 -33.615),http://commons.wikimedia.org/wiki/Special:FilePath/Rainforest%2CbluemountainsNSW.jpg,Australia,https://en.wikipedia.org/wiki/Blue_Mountains_National_Park,50
Q901646,Torres del Paine National Park,national_parks,Point(-72.96638889 -50.98305556),http://commons.wikimedia.org/wiki/Special:FilePath/Torres%20del%20Paine%2C%20Laguna%20Azul%2009.jpg,Chile,https://en.wikipedia.org/wiki/Torres_del_Paine_National_Park,50
Q922898,Kiskunság National Park,national_parks,Point(19.22 46.74),http://commons.wikimedia.org/wiki/Special:FilePath/Tiszaalp%C3%A1r%20045.jpg,Hungary,https://en.wikipedia.org/wiki/Kiskuns%C3%A1g_National_Park,50
Q474205,Iguazú National Park,national_parks,Point(-54.133333 -25.518056),http://commons.wikimedia.org/wiki/Special:FilePath/43%20-%20Iguazu%20-%20D%C3%A9cembre%202007.jpg,Argentina,https://en.wikipedia.org/wiki/Iguaz%C3%BA_National_Park,49
Q539518,Banc d'Arguin National Park,national_parks,Point(-16.108889 20.234722),http://commons.wikimedia.org/wiki/Special:FilePath/PNBA%2043.JPG,Mauritania,https://en.wikipedia.org/wiki/Banc_d%27Arguin_National_Park,49
Q647777,Lençóis Maranhenses National Park,national_parks,Point(-43.133333333 -2.483333333),http://commons.wikimedia.org/wiki/Special:FilePath/Len%C3%A7%C3%B3is%20Maranhenses%202018.jpg,Brazil,https://en.wikipedia.org/wiki/Len%C3%A7%C3%B3is_Maranhenses_National_Park,48
Q605897,Valley of Flowers National Park,national_parks,Point(79.6175 30.73),http://commons.wikimedia.org/wiki/Special:FilePath/%22Flowers%20Blossom%20at%20Valley%20of%20Flowers%20Chamoli%2C%20India%22%2058.jpg,India,https://en.wikipedia.org/wiki/Valley_of_Flowers_National_Park,48
Q675633,Etosha National Park,national_parks,Point(16.263889 -18.785278),http://commons.wikimedia.org/wiki/Special:FilePath/Zebras%20Etosha%20Namibia%281%29.jpg,Namibia,https://en.wikipedia.org/wiki/Etosha_National_Park,48
Q824602,Puerto Princesa Subterranean River National Park,national_parks,Point(118.916666666 10.166666666),http://commons.wikimedia.org/wiki/Special:FilePath/Puerto%20Princesa%20Underground%20River.jpg,Philippines,https://en.wikipedia.org/wiki/Puerto_Princesa_Subterranean_River_National_Park,48
Q829305,Sierra de las Quijadas National Park,national_parks,Point(-67.06416667 -32.55083333),http://commons.wikimedia.org/wiki/Special:FilePath/Sierra%20de%20las%20Quijadas%2C%20San%20Luis.jpg,Argentina,https://en.wikipedia.org/wiki/Sierra_de_las_Quijadas_National_Park,48
Q61535,Gunung Mulu National Park,national_parks,Point(114.8125 4.0425),http://commons.wikimedia.org/wiki/Special:FilePath/Mulu.JPG,Malaysia,https://en.wikipedia.org/wiki/Gunung_Mulu_National_Park,48
Q1353292,Vatnajökull National Park,national_parks,Point(-17.0 64.5),http://commons.wikimedia.org/wiki/Special:FilePath/Skaftafellsj%C3%B6kull%202010.jpg,Iceland,https://en.wikipedia.org/wiki/Vatnaj%C3%B6kull_National_Park,48
Q267394,Serra da Capivara National Park,national_parks,Point(-42.55 -8.6667),http://commons.wikimedia.org/wiki/Special:FilePath/20030924PPedraFurada9.jpg,Brazil,https://en.wikipedia.org/wiki/Serra_da_Capivara_National_Park,47
Q756790,Kilimanjaro National Park,national_parks,Point(37.366666666 -3.066666666),http://commons.wikimedia.org/wiki/Special:FilePath/Entrance%20to%20Kilimanjaro%20National%20Park.JPG,Tanzania,https://en.wikipedia.org/wiki/Kilimanjaro_National_Park,47
Q379080,Fort Jesus Museum,national_parks,Point(39.682055555 -4.071166666),http://commons.wikimedia.org/wiki/Special:FilePath/Fort%20Jesus%2C%20Mombasa1.jpg,Kenya,https://en.wikipedia.org/wiki/Fort_Jesus,47
Q202845,Tongariro National Park,national_parks,Point(175.583333 -39.2),http://commons.wikimedia.org/wiki/Special:FilePath/Tongariro%20Mahuia%20River%20n.jpg,New Zealand,https://en.wikipedia.org/wiki/Tongariro_National_Park,47
Q500397,Bwindi Impenetrable National Park,national_parks,Point(29.71666667 -1.05),http://commons.wikimedia.org/wiki/Special:FilePath/Bwindi.JPG,Uganda,https://en.wikipedia.org/wiki/Bwindi_Impenetrable_National_Park,46
Q839603,Sangay National Park,national_parks,Point(-78.333333333 -1.833333333),http://commons.wikimedia.org/wiki/Special:FilePath/Ecuador%20SanguayNationalPark.JPG,Ecuador,https://en.wikipedia.org/wiki/Sangay_National_Park,46
Q337028,Gir Forest,national_parks,Point(70.79667 21.13556),http://commons.wikimedia.org/wiki/Special:FilePath/Gir%20lion-Gir%20forest%2Cjunagadh%2Cgujarat%2Cindia.jpeg,India,https://en.wikipedia.org/wiki/Gir_National_Park,45
Q741636,Coiba,national_parks,Point(-81.79 7.48),http://commons.wikimedia.org/wiki/Special:FilePath/Coiba.JPG,Panama,https://en.wikipedia.org/wiki/Coiba,44
Q390264,Manu National Park,national_parks,Point(-71.66 -12.14),http://commons.wikimedia.org/wiki/Special:FilePath/Manu%20riverbank.jpg,Peru,https://en.wikipedia.org/wiki/Manu_National_Park,44
Q838928,Rwenzori Mountains National Park,national_parks,Point(29.95 0.4),http://commons.wikimedia.org/wiki/Special:FilePath/Ruwenpflanzen.jpg,Uganda,https://en.wikipedia.org/wiki/Rwenzori_Mountains_National_Park,44
Q1163005,Triglav National Park,national_parks,Point(13.8497 46.3831),http://commons.wikimedia.org/wiki/Special:FilePath/2021%20%E2%80%94%20Drittte%20Juli-Reise%20Mateus2019%20%E2%80%94%20Batch%20%2873%29.jpg,Slovenia,https://en.wikipedia.org/wiki/Triglav_National_Park,44
Q733676,Djoudj National Bird Sanctuary,national_parks,Point(-16.2 16.45),http://commons.wikimedia.org/wiki/Special:FilePath/CormoransDjoudj.JPG,Senegal,https://en.wikipedia.org/wiki/Djoudj_National_Bird_Sanctuary,43
Q750251,Chapada dos Veadeiros National Park,national_parks,Point(-47.666666666 -14.083333333),http://commons.wikimedia.org/wiki/Special:FilePath/Vale%20do%20Rio%20Preto%2C%20Parna%20Chapada%20dos%20Veadeiros.jpg,Brazil,https://en.wikipedia.org/wiki/Chapada_dos_Veadeiros_National_Park,43
Q650710,Noel Kempff Mercado National Park,national_parks,Point(-60.84667 -14.23028),http://commons.wikimedia.org/wiki/Special:FilePath/Cataratas%20Arcoiris%20Bolivia.png,Bolivia,https://en.wikipedia.org/wiki/Noel_Kempff_Mercado_National_Park,43
Q386420,Khao Yai National Park,national_parks,Point(101.44 14.35),http://commons.wikimedia.org/wiki/Special:FilePath/KHAOYAI.JPG,Thailand,https://en.wikipedia.org/wiki/Khao_Yai_National_Park,43
Q305169,Los Katíos National Park,national_parks,Point(-77.15 7.8),http://commons.wikimedia.org/wiki/Special:FilePath/Giant%20anteater%20%284531346746%29.jpg,Colombia,https://en.wikipedia.org/wiki/Los_Kat%C3%ADos_National_Park,42
Q739993,Nairobi National Park,national_parks,Point(36.858888888 -1.373333333),http://commons.wikimedia.org/wiki/Special:FilePath/A%20lone%20giraffe%20in%20Nairobi%20National%20Park.jpg,Kenya,https://en.wikipedia.org/wiki/Nairobi_National_Park,42
Q740138,Tel Hazor,national_parks,Point(35.569166666 33.018333333),http://commons.wikimedia.org/wiki/Special:FilePath/Tel%20hatzor.JPG,Israel,https://en.wikipedia.org/wiki/Tel_Hazor,42
Q742315,Iguaçu National Park,national_parks,Point(-53.8 -25.5),http://commons.wikimedia.org/wiki/Special:FilePath/Garganta%20del%20Diablo%20or%20Devil%20Throat%20Iguazu%20Falls%20Argentina%20Luca%20Galuzzi%202005.JPG,Brazil,https://en.wikipedia.org/wiki/Igua%C3%A7u_National_Park,42
Q693254,Mana Pools,national_parks,Point(29.333333 -15.75),http://commons.wikimedia.org/wiki/Special:FilePath/ZmbziRvr.jpg,Zimbabwe,https://en.wikipedia.org/wiki/Mana_Pools_National_Park,42
Q458423,Amboseli National Park,national_parks,Point(37.25 -2.65),http://commons.wikimedia.org/wiki/Special:FilePath/Elephants%20Kili%202.jpg,Kenya,https://en.wikipedia.org/wiki/Amboseli_National_Park,42
Q613251,Band-e Amir National Park,national_parks,Point(67.230833333 34.839722222),http://commons.wikimedia.org/wiki/Special:FilePath/Lake%20Band-e-Amir.jpg,Afghanistan,https://en.wikipedia.org/wiki/Band-e_Amir_National_Park,42
Q828155,Krka National Park,national_parks,Point(15.976111111 43.858888888),http://commons.wikimedia.org/wiki/Special:FilePath/7%20NP%20Krka.jpg,Croatia,https://en.wikipedia.org/wiki/Krka_National_Park,42
Q48153,Alexander von Humboldt National Park,national_parks,Point(-74.857897 20.496745),http://commons.wikimedia.org/wiki/Special:FilePath/Alejandro%20de%20Humboldt%20National%20Park.jpg,Cuba,https://en.wikipedia.org/wiki/Alejandro_de_Humboldt_National_Park,42
Q1518527,Kavir National Park,national_parks,Point(52.4333 34.6347),http://commons.wikimedia.org/wiki/Special:FilePath/KavirNP%20Iran%20L7%20aug00sep01.jpg,Iran,https://en.wikipedia.org/wiki/Kavir_National_Park,42
Q752218,Emas National Park,national_parks,Point(-52.91667 -18.08333),http://commons.wikimedia.org/wiki/Special:FilePath/Cerrado%20-%20Campo%20Sujo.JPG,Brazil,https://en.wikipedia.org/wiki/Emas_National_Park,41
Q1080683,Tatra National Park,national_parks,Point(19.91944444 49.18027778),http://commons.wikimedia.org/wiki/Special:FilePath/Tatra%20mountains%20western%20side%202.jpg,Slovakia,"https://en.wikipedia.org/wiki/Tatra_National_Park,_Slovakia",41
Q1639468,Mount Kenya National Park,national_parks,Point(37.336666666 -0.123888888),http://commons.wikimedia.org/wiki/Special:FilePath/Mount%20Kenya%20and%20the%20Gregory%20Glacier.jpg,Kenya,https://en.wikipedia.org/wiki/Mount_Kenya_National_Park,41
Q83397,Swiss National Park,national_parks,Point(10.095 46.7),http://commons.wikimedia.org/wiki/Special:FilePath/Swiss%20National%20Park%20045.JPG,Switzerland,https://en.wikipedia.org/wiki/Swiss_National_Park,40
Q847690,Gran Paradiso National Park,national_parks,Point(7.31 45.502777777),http://commons.wikimedia.org/wiki/Special:FilePath/Nivoletto.jpg,Italy,https://en.wikipedia.org/wiki/Gran_Paradiso_National_Park,40
Q917369,Huascarán National Park,national_parks,Point(-77.4 -9.4),http://commons.wikimedia.org/wiki/Special:FilePath/Llanganuco%20ancash.jpg,Peru,https://en.wikipedia.org/wiki/Huascar%C3%A1n_National_Park,40
Q6870388,Białowieża National Park,national_parks,Point(23.866666666 52.766666666),http://commons.wikimedia.org/wiki/Special:FilePath/Bialowieza%20National%20Park%20in%20Poland0029.JPG,Poland,https://en.wikipedia.org/wiki/Bia%C5%82owie%C5%BCa_National_Park,40
Q13220079,Ichkeul National Park,national_parks,Point(9.655444 37.123444),http://commons.wikimedia.org/wiki/Special:FilePath/%28%D9%84%D8%AD%D8%B8%D8%A9%20%D8%BA%D8%B1%D9%88%D8%A8%20%D8%A7%D9%84%D8%B4%D9%85%D8%B3%20%D9%80%20%D9%85%D8%AD%D9%85%D9%8A%D8%A9%20%D8%A5%D8%B4%D9%83%D9%84%20%28%D8%AA%D9%88%D9%86%D8%B3.jpg,Tunisia,https://en.wikipedia.org/wiki/Ichkeul_National_Park,40
Q19909159,Shantar Islands National Park,national_parks,Point(137.5 55.0),http://commons.wikimedia.org/wiki/Special:FilePath/Bowhead%20whales%20swimming%20in%20Lingolm%20strait%20by%20Vladislav%20Raevskii.JPG,Russia,https://en.wikipedia.org/wiki/Shantar_Islands_National_Park,40
Q48608,Darién National Park,national_parks,Point(-77.54722222 7.73611111),http://commons.wikimedia.org/wiki/Special:FilePath/Pteroglossus-torquatus-001.jpg,Panama,https://en.wikipedia.org/wiki/Dari%C3%A9n_National_Park,40
Q702489,Berchtesgaden National Park,national_parks,Point(12.96 47.57),http://commons.wikimedia.org/wiki/Special:FilePath/20170821%20Rote%20Juragesteine%20im%20grauen%20Dachsteinkalk%2C%20Stuhlgraben%2C%20Steinernes%20Meer%20%2800842%29.jpg,Germany,https://en.wikipedia.org/wiki/Berchtesgaden_National_Park,39
Q859389,Chobe National Park,national_parks,Point(24.4 -18.65),http://commons.wikimedia.org/wiki/Special:FilePath/Gnus%20zebras%20chobe%20national%20park.jpg,Botswana,https://en.wikipedia.org/wiki/Chobe_National_Park,39
Q877719,Fiordland National Park,national_parks,Point(167.347 -45.386),http://commons.wikimedia.org/wiki/Special:FilePath/On%20Lake%20Te%20Anau.jpg,New Zealand,https://en.wikipedia.org/wiki/Fiordland_National_Park,39
Q1077596,Lake Malawi National Park,national_parks,Point(34.883333333 -14.033333333),http://commons.wikimedia.org/wiki/Special:FilePath/Lake%20Malawi%20%282489696873%29.jpg,Malawi,https://en.wikipedia.org/wiki/Lake_Malawi_National_Park,39
Q856665,Gombe National Park,national_parks,Point(29.633333333 -4.666666666),http://commons.wikimedia.org/wiki/Special:FilePath/Gombe%20Stream%20NP%20Mutter%20und%20Kind.jpg,Tanzania,https://en.wikipedia.org/wiki/Gombe_National_Park,38
Q909755,Desembarco del Granma National Park,national_parks,Point(-77.633333 19.883333),http://commons.wikimedia.org/wiki/Special:FilePath/Cascada%20en%20El%20Nicho.jpg,Cuba,https://en.wikipedia.org/wiki/Desembarco_del_Granma_National_Park,38
Q3076575,Pamir National Park,national_parks,Point(72.119751 38.741231),http://commons.wikimedia.org/wiki/Special:FilePath/Pamir%20Mountains%2C%20Tajikistan%2C%2006-04-2008.jpg,Tajikistan,https://en.wikipedia.org/wiki/Tajik_National_Park,38
Q13469680,Belavezhskaya Pushcha National Park,national_parks,Point(23.82 52.44),http://commons.wikimedia.org/wiki/Special:FilePath/%D0%A2%D1%80%D0%BE%D0%BF%D0%B8%D0%BD%D0%BA%D0%B0%20%D0%B2%20%D0%91%D0%B5%D0%BB%D0%BE%D0%B2%D0%B5%D0%B6%D1%81%D0%BA%D0%BE%D0%B9%20%D0%BF%D1%83%D1%89%D0%B5.jpg,Belarus,https://en.wikipedia.org/wiki/Belovezhskaya_Pushcha_National_Park,38
Q1474363,Pendjari National Park,national_parks,Point(1.518055555 11.25),http://commons.wikimedia.org/wiki/Special:FilePath/Parc%20national%20de%20la%20Pendjari.JPG,Benin,https://en.wikipedia.org/wiki/Pendjari_National_Park,38
Q1763364,Rapa Nui National Park,national_parks,Point(-109.348579 -27.072877),http://commons.wikimedia.org/wiki/Special:FilePath/Osterinsel%20Krater-Rano%20Kao.jpg,Chile,https://en.wikipedia.org/wiki/Rapa_Nui_National_Park,38
Q79753,Saklıkent Canyon,national_parks,Point(29.4034195 36.4687843),http://commons.wikimedia.org/wiki/Special:FilePath/Sakl%C4%B1kent%20Kanyonu%20%282%29.jpg,Turkey,https://en.wikipedia.org/wiki/Sakl%C4%B1kent_National_Park,36
Q629436,Morne Trois Pitons National Park,national_parks,Point(-61.283333 15.266667),http://commons.wikimedia.org/wiki/Special:FilePath/Valley%20of%20desolation.jpg,Dominica,https://en.wikipedia.org/wiki/Morne_Trois_Pitons_National_Park,36
Q753924,Pacaya,national_parks,Point(-90.601111111 14.380833333),http://commons.wikimedia.org/wiki/Special:FilePath/Pacaya%20erupting%20in%201976.jpg,Guatemala,https://en.wikipedia.org/wiki/Pacaya,36
Q3895620,Zhangjiajie National Forest Park,national_parks,Point(110.416 29.3274),http://commons.wikimedia.org/wiki/Special:FilePath/Yangjiajie.jpg,People's Republic of China,https://en.wikipedia.org/wiki/Zhangjiajie_National_Forest_Park,36
Q941412,Río Abiseo National Park,national_parks,Point(-77.25 -7.75),http://commons.wikimedia.org/wiki/Special:FilePath/Quebrada%20Churo-%20Parque%20Nacional%20del%20Rio%20Abiseo.jpg,Peru,https://en.wikipedia.org/wiki/Rio_Abiseo_National_Park,36
Q1011544,Ein Gedi,national_parks,Point(35.394444444 31.466666666),http://commons.wikimedia.org/wiki/Special:FilePath/En%20Gedi%20Waterfall.jpg,Israel,https://en.wikipedia.org/wiki/Ein_Gedi_Nature_Reserve,36
Q953092,Abisko National Park,national_parks,Point(18.680730666 68.324299485),http://commons.wikimedia.org/wiki/Special:FilePath/Abiskoj%C3%A5kka.jpg,Sweden,https://en.wikipedia.org/wiki/Abisko_National_Park,36
Q1335616,Gunung Leuser National Park,national_parks,Point(97.42 3.3),http://commons.wikimedia.org/wiki/Special:FilePath/Bukit%20Indonesia%20Entrance.JPG,Indonesia,https://en.wikipedia.org/wiki/Gunung_Leuser_National_Park,36
Q1572525,Słowiński National Park,national_parks,Point(17.3069 54.703202777),http://commons.wikimedia.org/wiki/Special:FilePath/S%C5%82owi%C5%84ski%20Park%20Narodowy%201.jpg,Poland,https://en.wikipedia.org/wiki/Slovincian_National_Park,36
Q1950336,Aoraki / Mount Cook National Park,national_parks,Point(170.1 -43.7333),http://commons.wikimedia.org/wiki/Special:FilePath/Aoraki%20Mount%20Cook.JPG,New Zealand,https://en.wikipedia.org/wiki/Aoraki_/_Mount_Cook_National_Park,36
Q620593,Göreme National Park,national_parks,Point(34.863055555 38.652777777),http://commons.wikimedia.org/wiki/Special:FilePath/Goreme%20valley.jpg,Turkey,https://en.wikipedia.org/wiki/G%C3%B6reme_Historical_National_Park,35
Q200521,Brimstone Hill Fortress National Park,national_parks,Point(-62.83575 17.34744),http://commons.wikimedia.org/wiki/Special:FilePath/Karibik%2C%20St.%20Kitts%20-%20Brimstone%20Hill%20Fortress%20National%20Park%20-%20UNESCO%20World%20Heritage%20Site%20-%20panoramio%20%281%29.jpg,Saint Kitts and Nevis,https://en.wikipedia.org/wiki/Brimstone_Hill_Fortress_National_Park,35
Q791635,Awash National Park,national_parks,Point(40.0 9.083333333),http://commons.wikimedia.org/wiki/Special:FilePath/Parc%20national%20d%27Awash-Ethiopie-Chutes%20d%27eau%20%282%29.jpg,Ethiopia,https://en.wikipedia.org/wiki/Awash_National_Park,35
Q2603196,Chiribiquete National Park,national_parks,Point(-72.8054 0.700607),http://commons.wikimedia.org/wiki/Special:FilePath/Chiribiquete%20view.jpg,Colombia,https://en.wikipedia.org/wiki/Chiribiquete_National_Park,35
Q1262800,Sutjeska National Park,national_parks,Point(18.684 43.337),http://commons.wikimedia.org/wiki/Special:FilePath/Perucica.jpg,Bosnia and Herzegovina,https://en.wikipedia.org/wiki/Sutjeska_National_Park,35
Q1507799,Slovak Paradise National Park,national_parks,Point(20.4 48.90833333),http://commons.wikimedia.org/wiki/Special:FilePath/Slovensky%20raj-Stratenska%20pila.jpg,Slovakia,https://en.wikipedia.org/wiki/Slovak_Paradise_National_Park,35
Q1819232,Kaeng Krachan National Park,national_parks,Point(99.453333333 12.798888888),http://commons.wikimedia.org/wiki/Special:FilePath/Kaeng%20Krachan.jpg,Thailand,https://en.wikipedia.org/wiki/Kaeng_Krachan_National_Park,35
Q318357,Abel Tasman National Park,national_parks,Point(172.9715 -40.900027777),http://commons.wikimedia.org/wiki/Special:FilePath/View%20south%20over%20Anatakapau%20Bay%20and%20Mutton%20Cove.jpg,New Zealand,https://en.wikipedia.org/wiki/Abel_Tasman_National_Park,34
Q748637,Rila National Park,national_parks,Point(23.5833 42.1833),http://commons.wikimedia.org/wiki/Special:FilePath/CentrlRilaReservation.jpg,Bulgaria,https://en.wikipedia.org/wiki/Rila_National_Park,34
Q804881,Bale Mountains National Park,national_parks,Point(39.6667 6.66667),http://commons.wikimedia.org/wiki/Special:FilePath/Bale%20mountains.jpg,Ethiopia,https://en.wikipedia.org/wiki/Bale_Mountains_National_Park,34
